ShipmentID,ShipDate,Route,Carrier,WeightKg,Cost,TransitDays,OnTime,CostPerKg,Month,OnTimeFlag
704178,2024-01-01,EU Direct (Dublin-Cherbourg),Celtic Sealink,981.0,610.68,2,Y,0.623,2024-01,1
702505,2024-01-01,UK Landbridge (Dublin-Holyhead),Celtic Sealink,1110.0,430.98,2,Y,0.388,2024-01,1
701880,2024-01-01,UK Landbridge (Dublin-Holyhead),Nordic Freight Lines,2217.0,786.05,1,Y,0.355,2024-01,1
704851,2024-01-01,EU Direct (Rosslare-Dunkirk),Nordic Freight Lines,1859.0,992.7,2,Y,0.534,2024-01,1
703405,2024-01-01,EU Direct (Dublin-Cherbourg),Atlantic Cargo Ferries,2583.0,1745.1,2,Y,0.676,2024-01,1
700248,2024-01-01,UK Landbridge (Dublin-Holyhead),Celtic Sealink,235.0,94.22,2,Y,0.401,2024-01,1
703942,2024-01-01,EU Direct (Dublin-Cherbourg),Celtic Sealink,50.0,28.21,2,Y,0.564,2024-01,1
703354,2024-01-01,EU Direct (Dublin-Cherbourg),Atlantic Cargo Ferries,3379.0,2251.34,1,Y,0.666,2024-01,1
701298,2024-01-01,UK Landbridge (Dublin-Holyhead),Celtic Sealink,1874.0,804.05,1,Y,0.429,2024-01,1
703905,2024-01-02,EU Direct (Dublin-Cherbourg),Atlantic Cargo Ferries,2115.0,1442.11,3,Y,0.682,2024-01,1
701526,2024-01-02,UK Landbridge (Dublin-Holyhead),Nordic Freight Lines,1996.0,723.94,2,N,0.363,2024-01,0
704406,2024-01-02,EU Direct (Dublin-Cherbourg),Celtic Sealink,908.0,510.49,2,Y,0.562,2024-01,1
705631,2024-01-02,EU Direct (Rosslare-Dunkirk),Atlantic Cargo Ferries,1979.0,1208.65,2,Y,0.611,2024-01,1
702170,2024-01-02,UK Landbridge (Dublin-Holyhead),Celtic Sealink,1908.0,832.26,2,Y,0.436,2024-01,1
700936,2024-01-02,UK Landbridge (Dublin-Holyhead),Celtic Sealink,2685.0,1114.81,1,Y,0.415,2024-01,1
703243,2024-01-03,EU Direct (Dublin-Cherbourg),Atlantic Cargo Ferries,775.0,540.25,2,Y,0.697,2024-01,1
700131,2024-01-03,UK Landbridge (Dublin-Holyhead),Nordic Freight Lines,2757.0,999.76,1,Y,0.363,2024-01,1
704207,2024-01-03,EU Direct (Dublin-Cherbourg),Atlantic Cargo Ferries,1638.0,1053.16,2,Y,0.643,2024-01,1
700750,2024-01-03,UK Landbridge (Dublin-Holyhead),Celtic Sealink,3227.0,1334.56,1,Y,0.414,2024-01,1
704124,2024-01-04,EU Direct (Dublin-Cherbourg),Celtic Sealink,1714.0,1015.33,1,Y,0.592,2024-01,1
700085,2024-01-04,UK Landbridge (Dublin-Holyhead),Nordic Freight Lines,2387.0,969.04,1,N,0.406,2024-01,0
705040,2024-01-04,EU Direct (Rosslare-Dunkirk),Atlantic Cargo Ferries,2318.0,1480.8,2,Y,0.639,2024-01,1
700350,2024-01-04,UK Landbridge (Dublin-Holyhead),Celtic Sealink,2579.0,1019.45,1,Y,0.395,2024-01,1
703681,2024-01-04,EU Direct (Dublin-Cherbourg),Celtic Sealink,2375.0,1475.52,2,Y,0.621,2024-01,1
700813,2024-01-04,UK Landbridge (Dublin-Holyhead),Nordic Freight Lines,2050.0,791.46,1,Y,0.386,2024-01,1
701210,2024-01-04,UK Landbridge (Dublin-Holyhead),Nordic Freight Lines,1852.0,725.73,1,Y,0.392,2024-01,1
700588,2024-01-04,UK Landbridge (Dublin-Holyhead),Celtic Sealink,1915.0,759.1,1,Y,0.396,2024-01,1
702636,2024-01-04,UK Landbridge (Dublin-Holyhead),Nordic Freight Lines,1223.0,484.92,1,Y,0.397,2024-01,1
703082,2024-01-04,EU Direct (Dublin-Cherbourg),Celtic Sealink,2973.0,1814.08,2,Y,0.61,2024-01,1
700371,2024-01-04,UK Landbridge (Dublin-Holyhead),Nordic Freight Lines,2406.0,941.81,1,Y,0.391,2024-01,1
702268,2024-01-04,UK Landbridge (Dublin-Holyhead),Celtic Sealink,1442.0,557.86,1,N,0.387,2024-01,0
702904,2024-01-04,EU Direct (Dublin-Cherbourg),Atlantic Cargo Ferries,2224.0,1373.38,3,Y,0.618,2024-01,1
705560,2024-01-05,EU Direct (Rosslare-Dunkirk),Nordic Freight Lines,1330.0,715.33,2,Y,0.538,2024-01,1
703604,2024-01-05,EU Direct (Dublin-Cherbourg),Celtic Sealink,50.0,30.21,2,Y,0.604,2024-01,1
701272,2024-01-05,UK Landbridge (Dublin-Holyhead),Nordic Freight Lines,2073.0,773.25,2,Y,0.373,2024-01,1
702320,2024-01-05,UK Landbridge (Dublin-Holyhead),Celtic Sealink,3357.0,1300.05,1,Y,0.387,2024-01,1
701943,2024-01-05,UK Landbridge (Dublin-Holyhead),Celtic Sealink,1777.0,774.51,1,Y,0.436,2024-01,1
702754,2024-01-05,UK Landbridge (Dublin-Holyhead),Nordic Freight Lines,3816.0,1346.68,1,Y,0.353,2024-01,1
702399,2024-01-06,UK Landbridge (Dublin-Holyhead),Celtic Sealink,1154.0,507.91,2,Y,0.44,2024-01,1
702516,2024-01-06,UK Landbridge (Dublin-Holyhead),Nordic Freight Lines,1967.0,738.58,1,Y,0.375,2024-01,1
704911,2024-01-06,EU Direct (Rosslare-Dunkirk),Atlantic Cargo Ferries,2999.0,1892.15,2,Y,0.631,2024-01,1
703426,2024-01-06,EU Direct (Dublin-Cherbourg),Celtic Sealink,1758.0,1039.17,2,Y,0.591,2024-01,1
701095,2024-01-06,UK Landbridge (Dublin-Holyhead),Celtic Sealink,2734.0,1217.89,2,Y,0.445,2024-01,1
705539,2024-01-07,EU Direct (Rosslare-Dunkirk),Nordic Freight Lines,1337.0,647.31,1,Y,0.484,2024-01,1
704084,2024-01-07,EU Direct (Dublin-Cherbourg),Atlantic Cargo Ferries,962.0,649.21,2,Y,0.675,2024-01,1
701414,2024-01-07,UK Landbridge (Dublin-Holyhead),Nordic Freight Lines,2773.0,1061.39,1,Y,0.383,2024-01,1
704617,2024-01-07,EU Direct (Dublin-Cherbourg),Celtic Sealink,2009.0,1138.66,2,N,0.567,2024-01,0
701694,2024-01-07,UK Landbridge (Dublin-Holyhead),Nordic Freight Lines,3249.0,1315.43,1,Y,0.405,2024-01,1
703533,2024-01-07,EU Direct (Dublin-Cherbourg),Celtic Sealink,1501.0,842.5,2,Y,0.561,2024-01,1
704368,2024-01-07,EU Direct (Dublin-Cherbourg),Atlantic Cargo Ferries,2769.0,1894.52,2,Y,0.684,2024-01,1
704795,2024-01-08,EU Direct (Rosslare-Dunkirk),Atlantic Cargo Ferries,1883.0,1111.96,3,Y,0.591,2024-01,1
705079,2024-01-08,EU Direct (Rosslare-Dunkirk),Nordic Freight Lines,2407.0,1210.67,2,Y,0.503,2024-01,1
700972,2024-01-08,UK Landbridge (Dublin-Holyhead),Celtic Sealink,2609.0,1019.92,1,Y,0.391,2024-01,1
703906,2024-01-08,EU Direct (Dublin-Cherbourg),Atlantic Cargo Ferries,2659.0,1816.64,2,Y,0.683,2024-01,1
703680,2024-01-08,EU Direct (Dublin-Cherbourg),Celtic Sealink,2855.0,1602.62,1,Y,0.561,2024-01,1
701000,2024-01-08,UK Landbridge (Dublin-Holyhead),Nordic Freight Lines,2270.0,847.02,1,Y,0.373,2024-01,1
701256,2024-01-08,UK Landbridge (Dublin-Holyhead),Nordic Freight Lines,3099.0,1201.46,1,Y,0.388,2024-01,1
701442,2024-01-09,UK Landbridge (Dublin-Holyhead),Nordic Freight Lines,2390.0,890.37,1,Y,0.373,2024-01,1
702056,2024-01-09,UK Landbridge (Dublin-Holyhead),Celtic Sealink,1736.0,694.94,1,Y,0.4,2024-01,1
705166,2024-01-09,EU Direct (Rosslare-Dunkirk),Atlantic Cargo Ferries,3940.0,2602.62,2,Y,0.661,2024-01,1
702138,2024-01-09,UK Landbridge (Dublin-Holyhead),Nordic Freight Lines,2676.0,993.32,1,N,0.371,2024-01,0
702342,2024-01-09,UK Landbridge (Dublin-Holyhead),Nordic Freight Lines,1051.0,426.38,1,Y,0.406,2024-01,1
700071,2024-01-10,UK Landbridge (Dublin-Holyhead),Celtic Sealink,1676.0,717.81,1,Y,0.428,2024-01,1
701370,2024-01-10,UK Landbridge (Dublin-Holyhead),Nordic Freight Lines,2887.0,1043.86,1,Y,0.362,2024-01,1
701553,2024-01-10,UK Landbridge (Dublin-Holyhead),Celtic Sealink,3010.0,1271.76,1,Y,0.423,2024-01,1
700219,2024-01-10,UK Landbridge (Dublin-Holyhead),Nordic Freight Lines,955.0,341.93,1,Y,0.358,2024-01,1
700804,2024-01-10,UK Landbridge (Dublin-Holyhead),Celtic Sealink,2545.0,1115.29,1,Y,0.438,2024-01,1
700076,2024-01-10,UK Landbridge (Dublin-Holyhead),Nordic Freight Lines,2353.0,922.64,1,Y,0.392,2024-01,1
701670,2024-01-10,UK Landbridge (Dublin-Holyhead),Celtic Sealink,296.0,127.38,1,Y,0.43,2024-01,1
704707,2024-01-10,EU Direct (Rosslare-Dunkirk),Nordic Freight Lines,587.0,300.09,3,Y,0.511,2024-01,1
705549,2024-01-10,EU Direct (Rosslare-Dunkirk),Nordic Freight Lines,970.0,500.75,2,Y,0.516,2024-01,1
704209,2024-01-11,EU Direct (Dublin-Cherbourg),Atlantic Cargo Ferries,3550.0,2304.33,2,Y,0.649,2024-01,1
705143,2024-01-11,EU Direct (Rosslare-Dunkirk),Atlantic Cargo Ferries,50.0,31.13,2,Y,0.623,2024-01,1
703723,2024-01-11,EU Direct (Dublin-Cherbourg),Celtic Sealink,949.0,562.96,2,Y,0.593,2024-01,1
700032,2024-01-12,UK Landbridge (Dublin-Holyhead),Celtic Sealink,1835.0,713.5,1,Y,0.389,2024-01,1
705117,2024-01-12,EU Direct (Rosslare-Dunkirk),Atlantic Cargo Ferries,390.0,260.78,2,Y,0.669,2024-01,1
705940,2024-01-12,EU Direct (Rosslare-Dunkirk),Atlantic Cargo Ferries,1237.0,837.24,3,Y,0.677,2024-01,1
705637,2024-01-12,EU Direct (Rosslare-Dunkirk),Atlantic Cargo Ferries,1790.0,1123.82,2,Y,0.628,2024-01,1
701121,2024-01-12,UK Landbridge (Dublin-Holyhead),Celtic Sealink,719.0,320.62,1,N,0.446,2024-01,0
702251,2024-01-12,UK Landbridge (Dublin-Holyhead),Nordic Freight Lines,2667.0,1035.05,1,Y,0.388,2024-01,1
702027,2024-01-12,UK Landbridge (Dublin-Holyhead),Celtic Sealink,778.0,329.84,1,Y,0.424,2024-01,1
705202,2024-01-13,EU Direct (Rosslare-Dunkirk),Nordic Freight Lines,1760.0,922.63,3,Y,0.524,2024-01,1
705105,2024-01-13,EU Direct (Rosslare-Dunkirk),Nordic Freight Lines,1678.0,844.93,2,Y,0.504,2024-01,1
703863,2024-01-13,EU Direct (Dublin-Cherbourg),Celtic Sealink,3187.0,1852.48,2,Y,0.581,2024-01,1
703204,2024-01-13,EU Direct (Dublin-Cherbourg),Celtic Sealink,1292.0,695.29,2,Y,0.538,2024-01,1
702571,2024-01-13,UK Landbridge (Dublin-Holyhead),Nordic Freight Lines,2229.0,902.15,1,Y,0.405,2024-01,1
704541,2024-01-13,EU Direct (Dublin-Cherbourg),Atlantic Cargo Ferries,1865.0,1295.3,2,Y,0.695,2024-01,1
700099,2024-01-13,UK Landbridge (Dublin-Holyhead),Nordic Freight Lines,2730.0,1039.28,1,Y,0.381,2024-01,1
702398,2024-01-13,UK Landbridge (Dublin-Holyhead),Celtic Sealink,3253.0,1391.92,1,Y,0.428,2024-01,1
705496,2024-01-14,EU Direct (Rosslare-Dunkirk),Nordic Freight Lines,1494.0,735.81,2,Y,0.493,2024-01,1
702054,2024-01-14,UK Landbridge (Dublin-Holyhead),Celtic Sealink,1303.0,555.59,1,Y,0.426,2024-01,1
702913,2024-01-14,EU Direct (Dublin-Cherbourg),Celtic Sealink,1142.0,704.23,1,Y,0.617,2024-01,1
702634,2024-01-14,UK Landbridge (Dublin-Holyhead),Nordic Freight Lines,3409.0,1323.68,1,Y,0.388,2024-01,1
702120,2024-01-14,UK Landbridge (Dublin-Holyhead),Celtic Sealink,1259.0,566.05,1,Y,0.45,2024-01,1
700628,2024-01-14,UK Landbridge (Dublin-Holyhead),Nordic Freight Lines,2313.0,923.2,1,Y,0.399,2024-01,1
700978,2024-01-14,UK Landbridge (Dublin-Holyhead),Nordic Freight Lines,2097.0,860.11,1,Y,0.41,2024-01,1
703573,2024-01-15,EU Direct (Dublin-Cherbourg),Celtic Sealink,1575.0,883.26,2,Y,0.561,2024-01,1
704005,2024-01-15,EU Direct (Dublin-Cherbourg),Atlantic Cargo Ferries,2320.0,1477.15,2,Y,0.637,2024-01,1
704762,2024-01-15,EU Direct (Rosslare-Dunkirk),Nordic Freight Lines,1228.0,597.0,1,Y,0.486,2024-01,1
705872,2024-01-15,EU Direct (Rosslare-Dunkirk),Atlantic Cargo Ferries,1688.0,1092.65,2,Y,0.647,2024-01,1
705147,2024-01-15,EU Direct (Rosslare-Dunkirk),Nordic Freight Lines,2171.0,1149.43,2,Y,0.529,2024-01,1
705272,2024-01-15,EU Direct (Rosslare-Dunkirk),Nordic Freight Lines,1539.0,780.71,2,Y,0.507,2024-01,1
705100,2024-01-15,EU Direct (Rosslare-Dunkirk),Nordic Freight Lines,788.0,371.56,1,N,0.472,2024-01,0
700169,2024-01-15,UK Landbridge (Dublin-Holyhead),Celtic Sealink,437.0,192.08,1,Y,0.44,2024-01,1
702181,2024-01-16,UK Landbridge (Dublin-Holyhead),Nordic Freight Lines,2744.0,1059.43,2,Y,0.386,2024-01,1
700793,2024-01-16,UK Landbridge (Dublin-Holyhead),Celtic Sealink,1508.0,658.25,1,Y,0.437,2024-01,1
705051,2024-01-16,EU Direct (Rosslare-Dunkirk),Nordic Freight Lines,3215.0,1625.72,2,Y,0.506,2024-01,1
704516,2024-01-16,EU Direct (Dublin-Cherbourg),Celtic Sealink,2056.0,1151.19,2,Y,0.56,2024-01,1
704544,2024-01-16,EU Direct (Dublin-Cherbourg),Celtic Sealink,1887.0,1163.25,2,Y,0.616,2024-01,1
704044,2024-01-16,EU Direct (Dublin-Cherbourg),Celtic Sealink,185.0,114.32,2,Y,0.618,2024-01,1
705091,2024-01-16,EU Direct (Rosslare-Dunkirk),Nordic Freight Lines,892.0,460.47,2,Y,0.516,2024-01,1
700249,2024-01-16,UK Landbridge (Dublin-Holyhead),Nordic Freight Lines,2338.0,828.93,1,Y,0.355,2024-01,1
702034,2024-01-16,UK Landbridge (Dublin-Holyhead),Celtic Sealink,1499.0,631.8,1,Y,0.421,2024-01,1
705497,2024-01-16,EU Direct (Rosslare-Dunkirk),Nordic Freight Lines,711.0,341.52,2,Y,0.48,2024-01,1
703822,2024-01-16,EU Direct (Dublin-Cherbourg),Atlantic Cargo Ferries,2864.0,2031.8,2,Y,0.709,2024-01,1
704438,2024-01-17,EU Direct (Dublin-Cherbourg),Celtic Sealink,988.0,562.17,2,Y,0.569,2024-01,1
704230,2024-01-17,EU Direct (Dublin-Cherbourg),Atlantic Cargo Ferries,1791.0,1246.13,2,Y,0.696,2024-01,1
703284,2024-01-17,EU Direct (Dublin-Cherbourg),Celtic Sealink,300.0,167.6,2,Y,0.559,2024-01,1
701484,2024-01-17,UK Landbridge (Dublin-Holyhead),Celtic Sealink,2860.0,1268.18,2,Y,0.443,2024-01,1
704690,2024-01-17,EU Direct (Rosslare-Dunkirk),Atlantic Cargo Ferries,1355.0,829.05,2,N,0.612,2024-01,0
704975,2024-01-17,EU Direct (Rosslare-Dunkirk),Atlantic Cargo Ferries,269.0,159.18,2,N,0.592,2024-01,0
703435,2024-01-17,EU Direct (Dublin-Cherbourg),Celtic Sealink,1451.0,864.18,2,N,0.596,2024-01,0
702811,2024-01-17,UK Landbridge (Dublin-Holyhead),Celtic Sealink,1899.0,824.21,1,Y,0.434,2024-01,1
703440,2024-01-17,EU Direct (Dublin-Cherbourg),Atlantic Cargo Ferries,1839.0,1183.09,3,Y,0.643,2024-01,1
703417,2024-01-17,EU Direct (Dublin-Cherbourg),Celtic Sealink,2600.0,1525.77,2,Y,0.587,2024-01,1
703268,2024-01-17,EU Direct (Dublin-Cherbourg),Atlantic Cargo Ferries,2346.0,1619.18,2,Y,0.69,2024-01,1
703100,2024-01-17,EU Direct (Dublin-Cherbourg),Celtic Sealink,1040.0,561.92,2,Y,0.54,2024-01,1
702253,2024-01-17,UK Landbridge (Dublin-Holyhead),Celtic Sealink,1170.0,491.51,1,Y,0.42,2024-01,1
702079,2024-01-18,UK Landbridge (Dublin-Holyhead),Nordic Freight Lines,865.0,342.9,1,N,0.396,2024-01,0
705736,2024-01-18,EU Direct (Rosslare-Dunkirk),Atlantic Cargo Ferries,779.0,501.5,2,Y,0.644,2024-01,1
701285,2024-01-18,UK Landbridge (Dublin-Holyhead),Nordic Freight Lines,2066.0,847.41,1,Y,0.41,2024-01,1
703337,2024-01-18,EU Direct (Dublin-Cherbourg),Atlantic Cargo Ferries,1520.0,1076.58,3,Y,0.708,2024-01,1
705593,2024-01-18,EU Direct (Rosslare-Dunkirk),Nordic Freight Lines,2614.0,1254.51,2,N,0.48,2024-01,0
705621,2024-01-18,EU Direct (Rosslare-Dunkirk),Atlantic Cargo Ferries,1210.0,699.37,2,N,0.578,2024-01,0
704133,2024-01-18,EU Direct (Dublin-Cherbourg),Atlantic Cargo Ferries,1301.0,833.11,2,Y,0.64,2024-01,1
704845,2024-01-18,EU Direct (Rosslare-Dunkirk),Atlantic Cargo Ferries,1827.0,1116.27,2,Y,0.611,2024-01,1
703548,2024-01-18,EU Direct (Dublin-Cherbourg),Atlantic Cargo Ferries,1544.0,943.91,2,Y,0.611,2024-01,1
700904,2024-01-18,UK Landbridge (Dublin-Holyhead),Nordic Freight Lines,1621.0,634.88,1,Y,0.392,2024-01,1
705730,2024-01-18,EU Direct (Rosslare-Dunkirk),Nordic Freight Lines,1618.0,864.1,1,Y,0.534,2024-01,1
700926,2024-01-18,UK Landbridge (Dublin-Holyhead),Nordic Freight Lines,1986.0,739.95,1,Y,0.373,2024-01,1
701485,2024-01-18,UK Landbridge (Dublin-Holyhead),Celtic Sealink,280.0,108.75,2,Y,0.388,2024-01,1
701372,2024-01-18,UK Landbridge (Dublin-Holyhead),Celtic Sealink,3060.0,1312.34,1,Y,0.429,2024-01,1
702383,2024-01-19,UK Landbridge (Dublin-Holyhead),Nordic Freight Lines,3498.0,1425.33,1,Y,0.407,2024-01,1
703198,2024-01-19,EU Direct (Dublin-Cherbourg),Atlantic Cargo Ferries,1044.0,666.22,3,Y,0.638,2024-01,1
701436,2024-01-19,UK Landbridge (Dublin-Holyhead),Celtic Sealink,790.0,331.16,1,Y,0.419,2024-01,1
701960,2024-01-19,UK Landbridge (Dublin-Holyhead),Nordic Freight Lines,3576.0,1340.83,1,Y,0.375,2024-01,1
703344,2024-01-19,EU Direct (Dublin-Cherbourg),Atlantic Cargo Ferries,1945.0,1350.13,2,Y,0.694,2024-01,1
701481,2024-01-19,UK Landbridge (Dublin-Holyhead),Nordic Freight Lines,568.0,202.69,2,Y,0.357,2024-01,1
702211,2024-01-19,UK Landbridge (Dublin-Holyhead),Nordic Freight Lines,1947.0,800.15,2,Y,0.411,2024-01,1
701892,2024-01-19,UK Landbridge (Dublin-Holyhead),Nordic Freight Lines,2166.0,878.98,2,Y,0.406,2024-01,1
703300,2024-01-19,EU Direct (Dublin-Cherbourg),Atlantic Cargo Ferries,2302.0,1412.85,2,Y,0.614,2024-01,1
704274,2024-01-20,EU Direct (Dublin-Cherbourg),Celtic Sealink,2551.0,1531.64,2,Y,0.6,2024-01,1
702294,2024-01-20,UK Landbridge (Dublin-Holyhead),Celtic Sealink,2243.0,970.74,1,Y,0.433,2024-01,1
705688,2024-01-20,EU Direct (Rosslare-Dunkirk),Nordic Freight Lines,2164.0,1017.03,3,Y,0.47,2024-01,1
701991,2024-01-20,UK Landbridge (Dublin-Holyhead),Celtic Sealink,2871.0,1238.87,1,Y,0.432,2024-01,1
701353,2024-01-20,UK Landbridge (Dublin-Holyhead),Nordic Freight Lines,1531.0,579.38,1,Y,0.378,2024-01,1
700849,2024-01-20,UK Landbridge (Dublin-Holyhead),Celtic Sealink,2082.0,911.21,1,Y,0.438,2024-01,1
700096,2024-01-20,UK Landbridge (Dublin-Holyhead),Nordic Freight Lines,2029.0,827.19,1,Y,0.408,2024-01,1
701219,2024-01-20,UK Landbridge (Dublin-Holyhead),Nordic Freight Lines,1331.0,527.67,1,N,0.396,2024-01,0
703149,2024-01-20,EU Direct (Dublin-Cherbourg),Atlantic Cargo Ferries,1942.0,1260.31,2,Y,0.649,2024-01,1
702538,2024-01-20,UK Landbridge (Dublin-Holyhead),Nordic Freight Lines,1643.0,657.77,1,Y,0.4,2024-01,1
701217,2024-01-20,UK Landbridge (Dublin-Holyhead),Nordic Freight Lines,2190.0,796.35,1,Y,0.364,2024-01,1
701245,2024-01-20,UK Landbridge (Dublin-Holyhead),Celtic Sealink,50.0,22.61,1,Y,0.452,2024-01,1
700806,2024-01-20,UK Landbridge (Dublin-Holyhead),Celtic Sealink,1627.0,680.23,1,Y,0.418,2024-01,1
701166,2024-01-20,UK Landbridge (Dublin-Holyhead),Celtic Sealink,1900.0,850.81,1,Y,0.448,2024-01,1
703684,2024-01-21,EU Direct (Dublin-Cherbourg),Celtic Sealink,1055.0,608.29,2,Y,0.577,2024-01,1
704058,2024-01-21,EU Direct (Dublin-Cherbourg),Celtic Sealink,2205.0,1328.29,3,Y,0.602,2024-01,1
701646,2024-01-21,UK Landbridge (Dublin-Holyhead),Nordic Freight Lines,3395.0,1220.69,1,Y,0.36,2024-01,1
703072,2024-01-21,EU Direct (Dublin-Cherbourg),Celtic Sealink,2580.0,1419.38,2,Y,0.55,2024-01,1
704930,2024-01-21,EU Direct (Rosslare-Dunkirk),Atlantic Cargo Ferries,1012.0,585.86,2,Y,0.579,2024-01,1
704189,2024-01-21,EU Direct (Dublin-Cherbourg),Celtic Sealink,1829.0,1031.39,3,Y,0.564,2024-01,1
705636,2024-01-21,EU Direct (Rosslare-Dunkirk),Atlantic Cargo Ferries,3595.0,2287.97,1,Y,0.636,2024-01,1
705671,2024-01-21,EU Direct (Rosslare-Dunkirk),Nordic Freight Lines,1618.0,829.18,2,Y,0.512,2024-01,1
703116,2024-01-21,EU Direct (Dublin-Cherbourg),Celtic Sealink,1169.0,686.06,2,Y,0.587,2024-01,1
702441,2024-01-21,UK Landbridge (Dublin-Holyhead),Nordic Freight Lines,1387.0,566.92,1,Y,0.409,2024-01,1
700206,2024-01-22,UK Landbridge (Dublin-Holyhead),Celtic Sealink,2702.0,1194.52,1,Y,0.442,2024-01,1
700308,2024-01-22,UK Landbridge (Dublin-Holyhead),Nordic Freight Lines,2845.0,1096.7,1,Y,0.385,2024-01,1
705405,2024-01-22,EU Direct (Rosslare-Dunkirk),Nordic Freight Lines,2206.0,1046.96,2,Y,0.475,2024-01,1
700444,2024-01-22,UK Landbridge (Dublin-Holyhead),Nordic Freight Lines,830.0,314.89,1,Y,0.379,2024-01,1
705612,2024-01-22,EU Direct (Rosslare-Dunkirk),Nordic Freight Lines,2772.0,1400.85,2,Y,0.505,2024-01,1
704646,2024-01-22,EU Direct (Rosslare-Dunkirk),Atlantic Cargo Ferries,1525.0,893.07,2,Y,0.586,2024-01,1
705330,2024-01-22,EU Direct (Rosslare-Dunkirk),Atlantic Cargo Ferries,3096.0,1874.51,2,Y,0.605,2024-01,1
700184,2024-01-22,UK Landbridge (Dublin-Holyhead),Celtic Sealink,2379.0,1039.81,1,Y,0.437,2024-01,1
704317,2024-01-23,EU Direct (Dublin-Cherbourg),Celtic Sealink,488.0,290.22,2,Y,0.595,2024-01,1
701981,2024-01-23,UK Landbridge (Dublin-Holyhead),Nordic Freight Lines,724.0,278.64,1,Y,0.385,2024-01,1
704295,2024-01-23,EU Direct (Dublin-Cherbourg),Atlantic Cargo Ferries,1607.0,1069.25,1,Y,0.665,2024-01,1
705032,2024-01-23,EU Direct (Rosslare-Dunkirk),Nordic Freight Lines,99.0,49.92,2,Y,0.504,2024-01,1
702885,2024-01-23,EU Direct (Dublin-Cherbourg),Atlantic Cargo Ferries,1552.0,1097.82,2,Y,0.707,2024-01,1
704321,2024-01-23,EU Direct (Dublin-Cherbourg),Atlantic Cargo Ferries,1985.0,1389.87,2,Y,0.7,2024-01,1
701385,2024-01-23,UK Landbridge (Dublin-Holyhead),Nordic Freight Lines,1957.0,769.27,2,Y,0.393,2024-01,1
700289,2024-01-23,UK Landbridge (Dublin-Holyhead),Nordic Freight Lines,2127.0,814.09,2,Y,0.383,2024-01,1
701555,2024-01-24,UK Landbridge (Dublin-Holyhead),Celtic Sealink,1554.0,650.09,1,Y,0.418,2024-01,1
702768,2024-01-24,UK Landbridge (Dublin-Holyhead),Celtic Sealink,2906.0,1151.95,2,Y,0.396,2024-01,1
705489,2024-01-24,EU Direct (Rosslare-Dunkirk),Nordic Freight Lines,1067.0,562.35,3,Y,0.527,2024-01,1
700435,2024-01-24,UK Landbridge (Dublin-Holyhead),Celtic Sealink,2097.0,929.25,1,N,0.443,2024-01,0
702963,2024-01-24,EU Direct (Dublin-Cherbourg),Atlantic Cargo Ferries,1523.0,1067.84,2,Y,0.701,2024-01,1
702809,2024-01-24,UK Landbridge (Dublin-Holyhead),Celtic Sealink,2142.0,942.77,1,Y,0.44,2024-01,1
701735,2024-01-24,UK Landbridge (Dublin-Holyhead),Celtic Sealink,2499.0,1081.59,2,Y,0.433,2024-01,1
701872,2024-01-25,UK Landbridge (Dublin-Holyhead),Nordic Freight Lines,1514.0,542.98,1,Y,0.359,2024-01,1
704360,2024-01-25,EU Direct (Dublin-Cherbourg),Celtic Sealink,2606.0,1519.71,2,Y,0.583,2024-01,1
700385,2024-01-25,UK Landbridge (Dublin-Holyhead),Celtic Sealink,1003.0,443.79,1,Y,0.442,2024-01,1
703411,2024-01-25,EU Direct (Dublin-Cherbourg),Atlantic Cargo Ferries,2817.0,1852.51,2,N,0.658,2024-01,0
700740,2024-01-25,UK Landbridge (Dublin-Holyhead),Nordic Freight Lines,50.0,18.52,2,N,0.37,2024-01,0
701040,2024-01-25,UK Landbridge (Dublin-Holyhead),Nordic Freight Lines,3122.0,1272.29,1,Y,0.408,2024-01,1
703290,2024-01-25,EU Direct (Dublin-Cherbourg),Celtic Sealink,846.0,484.4,2,Y,0.573,2024-01,1
700525,2024-01-26,UK Landbridge (Dublin-Holyhead),Nordic Freight Lines,4398.0,1572.11,1,Y,0.357,2024-01,1
701725,2024-01-26,UK Landbridge (Dublin-Holyhead),Nordic Freight Lines,2663.0,953.9,1,Y,0.358,2024-01,1
702747,2024-01-26,UK Landbridge (Dublin-Holyhead),Nordic Freight Lines,1602.0,630.28,1,Y,0.393,2024-01,1
702523,2024-01-26,UK Landbridge (Dublin-Holyhead),Celtic Sealink,2087.0,850.8,2,Y,0.408,2024-01,1
703731,2024-01-26,EU Direct (Dublin-Cherbourg),Atlantic Cargo Ferries,3067.0,2047.64,2,Y,0.668,2024-01,1
704733,2024-01-26,EU Direct (Rosslare-Dunkirk),Atlantic Cargo Ferries,2802.0,1876.75,2,Y,0.67,2024-01,1
705970,2024-01-26,EU Direct (Rosslare-Dunkirk),Nordic Freight Lines,2634.0,1298.3,2,Y,0.493,2024-01,1
701769,2024-01-26,UK Landbridge (Dublin-Holyhead),Celtic Sealink,1397.0,622.14,1,Y,0.445,2024-01,1
700683,2024-01-26,UK Landbridge (Dublin-Holyhead),Celtic Sealink,2022.0,881.92,1,Y,0.436,2024-01,1
703472,2024-01-27,EU Direct (Dublin-Cherbourg),Atlantic Cargo Ferries,2452.0,1742.6,2,Y,0.711,2024-01,1
701162,2024-01-27,UK Landbridge (Dublin-Holyhead),Nordic Freight Lines,2392.0,942.75,1,Y,0.394,2024-01,1
701912,2024-01-27,UK Landbridge (Dublin-Holyhead),Celtic Sealink,2720.0,1199.44,1,Y,0.441,2024-01,1
703020,2024-01-27,EU Direct (Dublin-Cherbourg),Atlantic Cargo Ferries,1172.0,735.06,2,Y,0.627,2024-01,1
700951,2024-01-27,UK Landbridge (Dublin-Holyhead),Nordic Freight Lines,779.0,274.0,1,Y,0.352,2024-01,1
702593,2024-01-28,UK Landbridge (Dublin-Holyhead),Celtic Sealink,50.0,19.87,1,N,0.397,2024-01,0
702673,2024-01-28,UK Landbridge (Dublin-Holyhead),Nordic Freight Lines,1351.0,531.17,1,Y,0.393,2024-01,1
705495,2024-01-28,EU Direct (Rosslare-Dunkirk),Atlantic Cargo Ferries,50.0,32.87,1,Y,0.657,2024-01,1
700269,2024-01-28,UK Landbridge (Dublin-Holyhead),Celtic Sealink,1617.0,634.0,1,Y,0.392,2024-01,1
700064,2024-01-28,UK Landbridge (Dublin-Holyhead),Nordic Freight Lines,2472.0,875.68,1,Y,0.354,2024-01,1
702292,2024-01-28,UK Landbridge (Dublin-Holyhead),Nordic Freight Lines,1965.0,784.53,1,N,0.399,2024-01,0
702715,2024-01-28,UK Landbridge (Dublin-Holyhead),Celtic Sealink,2300.0,978.88,1,Y,0.426,2024-01,1
703455,2024-01-28,EU Direct (Dublin-Cherbourg),Atlantic Cargo Ferries,2008.0,1333.11,2,N,0.664,2024-01,0
700870,2024-01-28,UK Landbridge (Dublin-Holyhead),Nordic Freight Lines,1111.0,407.9,1,N,0.367,2024-01,0
700491,2024-01-29,UK Landbridge (Dublin-Holyhead),Celtic Sealink,1272.0,544.68,1,Y,0.428,2024-01,1
703462,2024-01-29,EU Direct (Dublin-Cherbourg),Celtic Sealink,1562.0,923.95,2,Y,0.592,2024-01,1
704486,2024-01-29,EU Direct (Dublin-Cherbourg),Celtic Sealink,2975.0,1802.03,2,Y,0.606,2024-01,1
701639,2024-01-29,UK Landbridge (Dublin-Holyhead),Nordic Freight Lines,3200.0,1290.47,1,Y,0.403,2024-01,1
700414,2024-01-29,UK Landbridge (Dublin-Holyhead),Nordic Freight Lines,1125.0,440.27,1,Y,0.391,2024-01,1
704465,2024-01-29,EU Direct (Dublin-Cherbourg),Celtic Sealink,2176.0,1290.14,1,Y,0.593,2024-01,1
704297,2024-01-29,EU Direct (Dublin-Cherbourg),Celtic Sealink,1696.0,972.02,3,Y,0.573,2024-01,1
704273,2024-01-29,EU Direct (Dublin-Cherbourg),Celtic Sealink,1710.0,991.67,3,Y,0.58,2024-01,1
705197,2024-01-29,EU Direct (Rosslare-Dunkirk),Nordic Freight Lines,2228.0,1151.83,2,Y,0.517,2024-01,1
703112,2024-01-30,EU Direct (Dublin-Cherbourg),Celtic Sealink,478.0,257.9,2,Y,0.54,2024-01,1
701535,2024-01-30,UK Landbridge (Dublin-Holyhead),Celtic Sealink,2561.0,1028.91,2,Y,0.402,2024-01,1
704917,2024-01-30,EU Direct (Rosslare-Dunkirk),Atlantic Cargo Ferries,844.0,564.59,2,Y,0.669,2024-01,1
700940,2024-01-30,UK Landbridge (Dublin-Holyhead),Nordic Freight Lines,488.0,190.41,1,Y,0.39,2024-01,1
702412,2024-01-30,UK Landbridge (Dublin-Holyhead),Nordic Freight Lines,1670.0,593.04,1,Y,0.355,2024-01,1
705295,2024-01-30,EU Direct (Rosslare-Dunkirk),Nordic Freight Lines,1277.0,633.47,2,Y,0.496,2024-01,1
704744,2024-01-30,EU Direct (Rosslare-Dunkirk),Nordic Freight Lines,2209.0,1095.56,2,Y,0.496,2024-01,1
705082,2024-01-30,EU Direct (Rosslare-Dunkirk),Atlantic Cargo Ferries,2549.0,1627.52,1,Y,0.638,2024-01,1
703225,2024-01-30,EU Direct (Dublin-Cherbourg),Atlantic Cargo Ferries,3174.0,2070.72,2,Y,0.652,2024-01,1
704923,2024-01-30,EU Direct (Rosslare-Dunkirk),Atlantic Cargo Ferries,1201.0,768.95,2,Y,0.64,2024-01,1
703682,2024-01-30,EU Direct (Dublin-Cherbourg),Atlantic Cargo Ferries,2304.0,1526.22,1,Y,0.662,2024-01,1
702723,2024-01-30,UK Landbridge (Dublin-Holyhead),Celtic Sealink,1818.0,796.79,2,N,0.438,2024-01,0
700516,2024-01-30,UK Landbridge (Dublin-Holyhead),Nordic Freight Lines,1505.0,614.62,1,Y,0.408,2024-01,1
702414,2024-01-30,UK Landbridge (Dublin-Holyhead),Nordic Freight Lines,735.0,263.55,1,Y,0.359,2024-01,1
705536,2024-01-30,EU Direct (Rosslare-Dunkirk),Nordic Freight Lines,2340.0,1086.41,1,Y,0.464,2024-01,1
700328,2024-01-30,UK Landbridge (Dublin-Holyhead),Celtic Sealink,1869.0,740.39,2,Y,0.396,2024-01,1
703479,2024-01-31,EU Direct (Dublin-Cherbourg),Atlantic Cargo Ferries,2476.0,1759.52,2,N,0.711,2024-01,0
701501,2024-01-31,UK Landbridge (Dublin-Holyhead),Celtic Sealink,154.0,66.1,1,Y,0.429,2024-01,1
700983,2024-01-31,UK Landbridge (Dublin-Holyhead),Nordic Freight Lines,2535.0,990.27,1,Y,0.391,2024-01,1
703868,2024-01-31,EU Direct (Dublin-Cherbourg),Atlantic Cargo Ferries,3010.0,2045.29,2,Y,0.679,2024-01,1
700646,2024-01-31,UK Landbridge (Dublin-Holyhead),Nordic Freight Lines,2275.0,912.03,1,Y,0.401,2024-01,1
704149,2024-01-31,EU Direct (Dublin-Cherbourg),Atlantic Cargo Ferries,3061.0,1890.67,2,Y,0.618,2024-01,1
703959,2024-01-31,EU Direct (Dublin-Cherbourg),Celtic Sealink,1479.0,833.68,2,Y,0.564,2024-01,1
703810,2024-01-31,EU Direct (Dublin-Cherbourg),Atlantic Cargo Ferries,2729.0,1793.26,2,Y,0.657,2024-01,1
701250,2024-01-31,UK Landbridge (Dublin-Holyhead),Celtic Sealink,1929.0,791.83,1,Y,0.41,2024-01,1
705227,2024-01-31,EU Direct (Rosslare-Dunkirk),Atlantic Cargo Ferries,979.0,580.25,2,Y,0.593,2024-01,1
701470,2024-02-01,UK Landbridge (Dublin-Holyhead),Celtic Sealink,2266.0,1007.81,1,Y,0.445,2024-02,1
703299,2024-02-01,EU Direct (Dublin-Cherbourg),Atlantic Cargo Ferries,1932.0,1360.85,2,Y,0.704,2024-02,1
701083,2024-02-01,UK Landbridge (Dublin-Holyhead),Celtic Sealink,1603.0,713.5,1,Y,0.445,2024-02,1
700195,2024-02-01,UK Landbridge (Dublin-Holyhead),Nordic Freight Lines,2528.0,1028.32,1,Y,0.407,2024-02,1
700539,2024-02-01,UK Landbridge (Dublin-Holyhead),Nordic Freight Lines,1788.0,717.13,1,Y,0.401,2024-02,1
705190,2024-02-01,EU Direct (Rosslare-Dunkirk),Atlantic Cargo Ferries,2149.0,1397.04,3,Y,0.65,2024-02,1
705064,2024-02-02,EU Direct (Rosslare-Dunkirk),Nordic Freight Lines,2011.0,1019.09,2,Y,0.507,2024-02,1
700627,2024-02-02,UK Landbridge (Dublin-Holyhead),Celtic Sealink,50.0,21.87,1,Y,0.437,2024-02,1
700247,2024-02-02,UK Landbridge (Dublin-Holyhead),Celtic Sealink,2386.0,970.18,1,N,0.407,2024-02,0
701278,2024-02-02,UK Landbridge (Dublin-Holyhead),Celtic Sealink,1618.0,696.07,1,Y,0.43,2024-02,1
700112,2024-02-02,UK Landbridge (Dublin-Holyhead),Nordic Freight Lines,508.0,207.51,1,N,0.408,2024-02,0
705456,2024-02-02,EU Direct (Rosslare-Dunkirk),Atlantic Cargo Ferries,2160.0,1409.88,2,Y,0.653,2024-02,1
702493,2024-02-02,UK Landbridge (Dublin-Holyhead),Nordic Freight Lines,1600.0,589.25,1,Y,0.368,2024-02,1
705896,2024-02-02,EU Direct (Rosslare-Dunkirk),Nordic Freight Lines,2315.0,1139.22,2,Y,0.492,2024-02,1
704691,2024-02-02,EU Direct (Rosslare-Dunkirk),Atlantic Cargo Ferries,732.0,434.66,2,Y,0.594,2024-02,1
700375,2024-02-03,UK Landbridge (Dublin-Holyhead),Nordic Freight Lines,50.0,19.63,1,Y,0.393,2024-02,1
703553,2024-02-03,EU Direct (Dublin-Cherbourg),Atlantic Cargo Ferries,1143.0,803.01,2,Y,0.703,2024-02,1
703938,2024-02-03,EU Direct (Dublin-Cherbourg),Celtic Sealink,1877.0,1133.5,3,Y,0.604,2024-02,1
704318,2024-02-03,EU Direct (Dublin-Cherbourg),Atlantic Cargo Ferries,2533.0,1623.89,1,Y,0.641,2024-02,1
701540,2024-02-03,UK Landbridge (Dublin-Holyhead),Nordic Freight Lines,1930.0,782.05,1,Y,0.405,2024-02,1
700781,2024-02-03,UK Landbridge (Dublin-Holyhead),Nordic Freight Lines,1438.0,535.99,1,Y,0.373,2024-02,1
702389,2024-02-03,UK Landbridge (Dublin-Holyhead),Celtic Sealink,1798.0,777.86,1,Y,0.433,2024-02,1
704052,2024-02-03,EU Direct (Dublin-Cherbourg),Celtic Sealink,3377.0,1893.77,2,Y,0.561,2024-02,1
705329,2024-02-04,EU Direct (Rosslare-Dunkirk),Nordic Freight Lines,2515.0,1190.83,2,Y,0.473,2024-02,1
702121,2024-02-04,UK Landbridge (Dublin-Holyhead),Nordic Freight Lines,2461.0,1001.23,1,Y,0.407,2024-02,1
703251,2024-02-04,EU Direct (Dublin-Cherbourg),Atlantic Cargo Ferries,3709.0,2551.01,2,N,0.688,2024-02,0
701310,2024-02-04,UK Landbridge (Dublin-Holyhead),Nordic Freight Lines,2288.0,918.8,1,Y,0.402,2024-02,1
701449,2024-02-04,UK Landbridge (Dublin-Holyhead),Nordic Freight Lines,1507.0,546.06,1,Y,0.362,2024-02,1
703394,2024-02-04,EU Direct (Dublin-Cherbourg),Celtic Sealink,2506.0,1363.13,2,Y,0.544,2024-02,1
704012,2024-02-05,EU Direct (Dublin-Cherbourg),Celtic Sealink,1047.0,562.28,2,Y,0.537,2024-02,1
701923,2024-02-05,UK Landbridge (Dublin-Holyhead),Nordic Freight Lines,2120.0,874.59,1,Y,0.413,2024-02,1
702274,2024-02-05,UK Landbridge (Dublin-Holyhead),Nordic Freight Lines,1830.0,726.87,1,Y,0.397,2024-02,1
702002,2024-02-05,UK Landbridge (Dublin-Holyhead),Celtic Sealink,582.0,226.58,1,Y,0.389,2024-02,1
700141,2024-02-05,UK Landbridge (Dublin-Holyhead),Celtic Sealink,1190.0,537.87,1,Y,0.452,2024-02,1
705899,2024-02-05,EU Direct (Rosslare-Dunkirk),Nordic Freight Lines,1561.0,824.41,2,Y,0.528,2024-02,1
700875,2024-02-05,UK Landbridge (Dublin-Holyhead),Celtic Sealink,949.0,383.41,1,Y,0.404,2024-02,1
703136,2024-02-05,EU Direct (Dublin-Cherbourg),Celtic Sealink,1830.0,1044.82,2,Y,0.571,2024-02,1
700342,2024-02-06,UK Landbridge (Dublin-Holyhead),Celtic Sealink,2668.0,1076.84,1,Y,0.404,2024-02,1
704913,2024-02-06,EU Direct (Rosslare-Dunkirk),Nordic Freight Lines,583.0,295.38,2,Y,0.507,2024-02,1
701622,2024-02-06,UK Landbridge (Dublin-Holyhead),Celtic Sealink,1249.0,538.15,1,Y,0.431,2024-02,1
704170,2024-02-06,EU Direct (Dublin-Cherbourg),Atlantic Cargo Ferries,2032.0,1276.79,2,Y,0.628,2024-02,1
705614,2024-02-06,EU Direct (Rosslare-Dunkirk),Atlantic Cargo Ferries,1009.0,618.73,2,Y,0.613,2024-02,1
701263,2024-02-06,UK Landbridge (Dublin-Holyhead),Celtic Sealink,2656.0,1082.15,1,Y,0.407,2024-02,1
704626,2024-02-06,EU Direct (Rosslare-Dunkirk),Nordic Freight Lines,1314.0,683.2,2,Y,0.52,2024-02,1
705980,2024-02-07,EU Direct (Rosslare-Dunkirk),Nordic Freight Lines,2839.0,1496.54,3,Y,0.527,2024-02,1
703148,2024-02-07,EU Direct (Dublin-Cherbourg),Celtic Sealink,1073.0,596.16,2,Y,0.556,2024-02,1
705468,2024-02-07,EU Direct (Rosslare-Dunkirk),Nordic Freight Lines,2199.0,1145.48,1,Y,0.521,2024-02,1
701050,2024-02-08,UK Landbridge (Dublin-Holyhead),Celtic Sealink,853.0,356.81,2,Y,0.418,2024-02,1
700396,2024-02-08,UK Landbridge (Dublin-Holyhead),Celtic Sealink,3340.0,1481.04,1,Y,0.443,2024-02,1
703489,2024-02-08,EU Direct (Dublin-Cherbourg),Atlantic Cargo Ferries,50.0,32.2,2,Y,0.644,2024-02,1
704580,2024-02-08,EU Direct (Dublin-Cherbourg),Atlantic Cargo Ferries,781.0,494.63,2,Y,0.633,2024-02,1
701212,2024-02-08,UK Landbridge (Dublin-Holyhead),Celtic Sealink,1627.0,649.82,1,Y,0.399,2024-02,1
700037,2024-02-08,UK Landbridge (Dublin-Holyhead),Celtic Sealink,740.0,324.14,1,Y,0.438,2024-02,1
703471,2024-02-09,EU Direct (Dublin-Cherbourg),Celtic Sealink,1576.0,921.68,3,Y,0.585,2024-02,1
702728,2024-02-09,UK Landbridge (Dublin-Holyhead),Nordic Freight Lines,805.0,319.05,1,Y,0.396,2024-02,1
700160,2024-02-09,UK Landbridge (Dublin-Holyhead),Nordic Freight Lines,2253.0,829.8,1,Y,0.368,2024-02,1
703275,2024-02-09,EU Direct (Dublin-Cherbourg),Celtic Sealink,2297.0,1346.8,2,Y,0.586,2024-02,1
701966,2024-02-09,UK Landbridge (Dublin-Holyhead),Celtic Sealink,261.0,102.91,1,Y,0.394,2024-02,1
702124,2024-02-09,UK Landbridge (Dublin-Holyhead),Nordic Freight Lines,1112.0,400.09,1,Y,0.36,2024-02,1
705528,2024-02-09,EU Direct (Rosslare-Dunkirk),Atlantic Cargo Ferries,1245.0,758.75,2,Y,0.609,2024-02,1
703332,2024-02-09,EU Direct (Dublin-Cherbourg),Celtic Sealink,858.0,518.63,2,Y,0.604,2024-02,1
700653,2024-02-09,UK Landbridge (Dublin-Holyhead),Celtic Sealink,1057.0,466.24,1,N,0.441,2024-02,0
701858,2024-02-09,UK Landbridge (Dublin-Holyhead),Celtic Sealink,785.0,333.5,1,Y,0.425,2024-02,1
703913,2024-02-09,EU Direct (Dublin-Cherbourg),Atlantic Cargo Ferries,2049.0,1462.91,2,Y,0.714,2024-02,1
700864,2024-02-09,UK Landbridge (Dublin-Holyhead),Celtic Sealink,3224.0,1375.48,1,N,0.427,2024-02,0
703730,2024-02-10,EU Direct (Dublin-Cherbourg),Atlantic Cargo Ferries,1816.0,1143.35,3,Y,0.63,2024-02,1
702749,2024-02-10,UK Landbridge (Dublin-Holyhead),Nordic Freight Lines,2145.0,781.14,1,Y,0.364,2024-02,1
705757,2024-02-10,EU Direct (Rosslare-Dunkirk),Atlantic Cargo Ferries,880.0,591.7,1,Y,0.672,2024-02,1
705917,2024-02-10,EU Direct (Rosslare-Dunkirk),Nordic Freight Lines,2366.0,1160.57,2,Y,0.491,2024-02,1
703327,2024-02-10,EU Direct (Dublin-Cherbourg),Celtic Sealink,50.0,30.89,2,Y,0.618,2024-02,1
703755,2024-02-10,EU Direct (Dublin-Cherbourg),Atlantic Cargo Ferries,2533.0,1775.65,2,Y,0.701,2024-02,1
702289,2024-02-10,UK Landbridge (Dublin-Holyhead),Celtic Sealink,1762.0,784.13,1,Y,0.445,2024-02,1
704920,2024-02-10,EU Direct (Rosslare-Dunkirk),Nordic Freight Lines,2759.0,1433.36,3,Y,0.52,2024-02,1
701413,2024-02-10,UK Landbridge (Dublin-Holyhead),Nordic Freight Lines,50.0,19.4,1,Y,0.388,2024-02,1
701348,2024-02-10,UK Landbridge (Dublin-Holyhead),Nordic Freight Lines,1047.0,378.31,1,Y,0.361,2024-02,1
701997,2024-02-10,UK Landbridge (Dublin-Holyhead),Nordic Freight Lines,4258.0,1581.32,1,Y,0.371,2024-02,1
705701,2024-02-10,EU Direct (Rosslare-Dunkirk),Atlantic Cargo Ferries,1613.0,1015.55,2,N,0.63,2024-02,0
705840,2024-02-10,EU Direct (Rosslare-Dunkirk),Nordic Freight Lines,2638.0,1343.93,2,Y,0.509,2024-02,1
702126,2024-02-10,UK Landbridge (Dublin-Holyhead),Nordic Freight Lines,1440.0,576.03,2,Y,0.4,2024-02,1
705780,2024-02-10,EU Direct (Rosslare-Dunkirk),Atlantic Cargo Ferries,2368.0,1556.25,2,Y,0.657,2024-02,1
701783,2024-02-11,UK Landbridge (Dublin-Holyhead),Nordic Freight Lines,1695.0,610.28,1,Y,0.36,2024-02,1
704499,2024-02-11,EU Direct (Dublin-Cherbourg),Celtic Sealink,2139.0,1291.32,2,N,0.604,2024-02,0
701070,2024-02-11,UK Landbridge (Dublin-Holyhead),Celtic Sealink,1210.0,527.55,1,Y,0.436,2024-02,1
701480,2024-02-11,UK Landbridge (Dublin-Holyhead),Celtic Sealink,1858.0,750.14,1,Y,0.404,2024-02,1
702680,2024-02-12,UK Landbridge (Dublin-Holyhead),Celtic Sealink,1719.0,747.39,1,N,0.435,2024-02,0
705576,2024-02-12,EU Direct (Rosslare-Dunkirk),Nordic Freight Lines,3124.0,1540.34,2,Y,0.493,2024-02,1
702302,2024-02-12,UK Landbridge (Dublin-Holyhead),Celtic Sealink,1702.0,669.86,1,Y,0.394,2024-02,1
703935,2024-02-12,EU Direct (Dublin-Cherbourg),Celtic Sealink,1192.0,660.66,2,Y,0.554,2024-02,1
704731,2024-02-12,EU Direct (Rosslare-Dunkirk),Atlantic Cargo Ferries,842.0,548.22,1,Y,0.651,2024-02,1
703709,2024-02-12,EU Direct (Dublin-Cherbourg),Celtic Sealink,2378.0,1369.49,2,Y,0.576,2024-02,1
703488,2024-02-13,EU Direct (Dublin-Cherbourg),Atlantic Cargo Ferries,2621.0,1637.44,2,N,0.625,2024-02,0
704587,2024-02-13,EU Direct (Dublin-Cherbourg),Atlantic Cargo Ferries,1713.0,1160.82,2,Y,0.678,2024-02,1
703166,2024-02-13,EU Direct (Dublin-Cherbourg),Celtic Sealink,602.0,374.36,2,N,0.622,2024-02,0
702459,2024-02-13,UK Landbridge (Dublin-Holyhead),Celtic Sealink,1276.0,566.86,1,Y,0.444,2024-02,1
705173,2024-02-13,EU Direct (Rosslare-Dunkirk),Atlantic Cargo Ferries,1316.0,882.64,2,Y,0.671,2024-02,1
704685,2024-02-13,EU Direct (Rosslare-Dunkirk),Nordic Freight Lines,2992.0,1542.08,2,Y,0.515,2024-02,1
703732,2024-02-13,EU Direct (Dublin-Cherbourg),Atlantic Cargo Ferries,1942.0,1188.39,2,Y,0.612,2024-02,1
704596,2024-02-14,EU Direct (Dublin-Cherbourg),Atlantic Cargo Ferries,1167.0,773.32,1,Y,0.663,2024-02,1
701680,2024-02-14,UK Landbridge (Dublin-Holyhead),Nordic Freight Lines,3083.0,1187.44,1,Y,0.385,2024-02,1
705127,2024-02-14,EU Direct (Rosslare-Dunkirk),Atlantic Cargo Ferries,559.0,360.84,3,Y,0.646,2024-02,1
701211,2024-02-14,UK Landbridge (Dublin-Holyhead),Nordic Freight Lines,2205.0,818.1,1,Y,0.371,2024-02,1
705409,2024-02-14,EU Direct (Rosslare-Dunkirk),Nordic Freight Lines,3376.0,1702.59,2,Y,0.504,2024-02,1
703625,2024-02-14,EU Direct (Dublin-Cherbourg),Celtic Sealink,746.0,456.43,1,Y,0.612,2024-02,1
700397,2024-02-14,UK Landbridge (Dublin-Holyhead),Celtic Sealink,956.0,417.67,1,Y,0.437,2024-02,1
701437,2024-02-14,UK Landbridge (Dublin-Holyhead),Nordic Freight Lines,1488.0,550.78,1,Y,0.37,2024-02,1
701854,2024-02-14,UK Landbridge (Dublin-Holyhead),Celtic Sealink,1394.0,585.99,1,Y,0.42,2024-02,1
704578,2024-02-15,EU Direct (Dublin-Cherbourg),Atlantic Cargo Ferries,2466.0,1664.6,3,Y,0.675,2024-02,1
700273,2024-02-15,UK Landbridge (Dublin-Holyhead),Celtic Sealink,1969.0,828.54,1,Y,0.421,2024-02,1
700378,2024-02-15,UK Landbridge (Dublin-Holyhead),Nordic Freight Lines,995.0,378.57,1,Y,0.38,2024-02,1
701986,2024-02-15,UK Landbridge (Dublin-Holyhead),Celtic Sealink,2644.0,1171.78,2,Y,0.443,2024-02,1
705660,2024-02-15,EU Direct (Rosslare-Dunkirk),Atlantic Cargo Ferries,1309.0,783.73,2,Y,0.599,2024-02,1
701092,2024-02-15,UK Landbridge (Dublin-Holyhead),Celtic Sealink,1953.0,768.41,1,Y,0.393,2024-02,1
703164,2024-02-15,EU Direct (Dublin-Cherbourg),Atlantic Cargo Ferries,1590.0,968.2,2,Y,0.609,2024-02,1
703713,2024-02-15,EU Direct (Dublin-Cherbourg),Celtic Sealink,1168.0,647.62,2,Y,0.554,2024-02,1
702116,2024-02-15,UK Landbridge (Dublin-Holyhead),Nordic Freight Lines,1215.0,498.26,1,Y,0.41,2024-02,1
701007,2024-02-16,UK Landbridge (Dublin-Holyhead),Nordic Freight Lines,2317.0,935.86,1,Y,0.404,2024-02,1
705142,2024-02-16,EU Direct (Rosslare-Dunkirk),Atlantic Cargo Ferries,1097.0,699.44,2,Y,0.638,2024-02,1
701631,2024-02-16,UK Landbridge (Dublin-Holyhead),Nordic Freight Lines,590.0,238.23,1,Y,0.404,2024-02,1
702931,2024-02-16,EU Direct (Dublin-Cherbourg),Atlantic Cargo Ferries,812.0,565.43,2,Y,0.696,2024-02,1
700066,2024-02-16,UK Landbridge (Dublin-Holyhead),Celtic Sealink,50.0,21.75,1,Y,0.435,2024-02,1
700992,2024-02-16,UK Landbridge (Dublin-Holyhead),Celtic Sealink,2453.0,1037.68,1,Y,0.423,2024-02,1
701609,2024-02-16,UK Landbridge (Dublin-Holyhead),Celtic Sealink,1504.0,676.5,1,Y,0.45,2024-02,1
702431,2024-02-16,UK Landbridge (Dublin-Holyhead),Celtic Sealink,3934.0,1523.95,1,Y,0.387,2024-02,1
703980,2024-02-16,EU Direct (Dublin-Cherbourg),Atlantic Cargo Ferries,894.0,570.57,2,Y,0.638,2024-02,1
705809,2024-02-17,EU Direct (Rosslare-Dunkirk),Atlantic Cargo Ferries,685.0,417.84,1,N,0.61,2024-02,0
702377,2024-02-17,UK Landbridge (Dublin-Holyhead),Celtic Sealink,2922.0,1166.3,1,Y,0.399,2024-02,1
700575,2024-02-17,UK Landbridge (Dublin-Holyhead),Celtic Sealink,1006.0,452.82,1,Y,0.45,2024-02,1
704551,2024-02-17,EU Direct (Dublin-Cherbourg),Atlantic Cargo Ferries,1899.0,1155.41,3,Y,0.608,2024-02,1
702450,2024-02-17,UK Landbridge (Dublin-Holyhead),Nordic Freight Lines,397.0,160.5,1,Y,0.404,2024-02,1
702542,2024-02-17,UK Landbridge (Dublin-Holyhead),Nordic Freight Lines,1032.0,369.16,1,Y,0.358,2024-02,1
701276,2024-02-18,UK Landbridge (Dublin-Holyhead),Nordic Freight Lines,1679.0,657.18,1,Y,0.391,2024-02,1
704954,2024-02-18,EU Direct (Rosslare-Dunkirk),Atlantic Cargo Ferries,2166.0,1250.13,2,Y,0.577,2024-02,1
702798,2024-02-18,UK Landbridge (Dublin-Holyhead),Celtic Sealink,2895.0,1154.66,1,Y,0.399,2024-02,1
705713,2024-02-18,EU Direct (Rosslare-Dunkirk),Nordic Freight Lines,2250.0,1155.44,2,N,0.514,2024-02,0
705954,2024-02-18,EU Direct (Rosslare-Dunkirk),Atlantic Cargo Ferries,941.0,615.7,2,Y,0.654,2024-02,1
702541,2024-02-18,UK Landbridge (Dublin-Holyhead),Celtic Sealink,849.0,381.7,1,Y,0.45,2024-02,1
705482,2024-02-18,EU Direct (Rosslare-Dunkirk),Nordic Freight Lines,2596.0,1229.62,2,Y,0.474,2024-02,1
705259,2024-02-18,EU Direct (Rosslare-Dunkirk),Atlantic Cargo Ferries,574.0,362.07,2,Y,0.631,2024-02,1
704589,2024-02-19,EU Direct (Dublin-Cherbourg),Atlantic Cargo Ferries,1168.0,741.91,2,Y,0.635,2024-02,1
704872,2024-02-19,EU Direct (Rosslare-Dunkirk),Atlantic Cargo Ferries,1618.0,943.38,2,Y,0.583,2024-02,1
704748,2024-02-19,EU Direct (Rosslare-Dunkirk),Atlantic Cargo Ferries,1757.0,1129.45,2,Y,0.643,2024-02,1
702780,2024-02-19,UK Landbridge (Dublin-Holyhead),Nordic Freight Lines,2191.0,879.28,1,Y,0.401,2024-02,1
702832,2024-02-19,UK Landbridge (Dublin-Holyhead),Celtic Sealink,879.0,341.21,1,Y,0.388,2024-02,1
702203,2024-02-19,UK Landbridge (Dublin-Holyhead),Celtic Sealink,919.0,381.63,1,Y,0.415,2024-02,1
705522,2024-02-19,EU Direct (Rosslare-Dunkirk),Nordic Freight Lines,1129.0,546.75,2,Y,0.484,2024-02,1
704229,2024-02-19,EU Direct (Dublin-Cherbourg),Atlantic Cargo Ferries,2497.0,1622.97,2,Y,0.65,2024-02,1
701091,2024-02-19,UK Landbridge (Dublin-Holyhead),Celtic Sealink,1455.0,620.7,1,Y,0.427,2024-02,1
705402,2024-02-19,EU Direct (Rosslare-Dunkirk),Atlantic Cargo Ferries,1402.0,862.31,2,Y,0.615,2024-02,1
701132,2024-02-20,UK Landbridge (Dublin-Holyhead),Celtic Sealink,2205.0,856.79,1,Y,0.389,2024-02,1
704218,2024-02-20,EU Direct (Dublin-Cherbourg),Celtic Sealink,683.0,396.15,2,Y,0.58,2024-02,1
702448,2024-02-20,UK Landbridge (Dublin-Holyhead),Nordic Freight Lines,1283.0,488.42,1,Y,0.381,2024-02,1
705816,2024-02-20,EU Direct (Rosslare-Dunkirk),Nordic Freight Lines,1616.0,834.79,3,N,0.517,2024-02,0
703642,2024-02-20,EU Direct (Dublin-Cherbourg),Atlantic Cargo Ferries,873.0,623.4,2,Y,0.714,2024-02,1
703121,2024-02-21,EU Direct (Dublin-Cherbourg),Celtic Sealink,2580.0,1474.05,2,Y,0.571,2024-02,1
700067,2024-02-21,UK Landbridge (Dublin-Holyhead),Celtic Sealink,1095.0,438.09,1,Y,0.4,2024-02,1
701408,2024-02-21,UK Landbridge (Dublin-Holyhead),Celtic Sealink,3072.0,1219.77,1,Y,0.397,2024-02,1
701691,2024-02-21,UK Landbridge (Dublin-Holyhead),Nordic Freight Lines,1588.0,600.59,1,N,0.378,2024-02,0
700065,2024-02-21,UK Landbridge (Dublin-Holyhead),Nordic Freight Lines,544.0,201.9,1,Y,0.371,2024-02,1
705523,2024-02-21,EU Direct (Rosslare-Dunkirk),Nordic Freight Lines,590.0,307.86,2,Y,0.522,2024-02,1
705533,2024-02-21,EU Direct (Rosslare-Dunkirk),Atlantic Cargo Ferries,2973.0,1801.27,2,Y,0.606,2024-02,1
702564,2024-02-21,UK Landbridge (Dublin-Holyhead),Nordic Freight Lines,1813.0,711.06,1,Y,0.392,2024-02,1
700519,2024-02-21,UK Landbridge (Dublin-Holyhead),Nordic Freight Lines,2092.0,814.07,2,Y,0.389,2024-02,1
704616,2024-02-22,EU Direct (Dublin-Cherbourg),Atlantic Cargo Ferries,1709.0,1134.06,2,Y,0.664,2024-02,1
705517,2024-02-22,EU Direct (Rosslare-Dunkirk),Atlantic Cargo Ferries,1563.0,1056.25,2,N,0.676,2024-02,0
705186,2024-02-22,EU Direct (Rosslare-Dunkirk),Atlantic Cargo Ferries,3121.0,2074.06,2,Y,0.665,2024-02,1
703467,2024-02-22,EU Direct (Dublin-Cherbourg),Atlantic Cargo Ferries,1543.0,1043.22,3,N,0.676,2024-02,0
703120,2024-02-22,EU Direct (Dublin-Cherbourg),Celtic Sealink,2187.0,1196.82,2,Y,0.547,2024-02,1
705622,2024-02-22,EU Direct (Rosslare-Dunkirk),Atlantic Cargo Ferries,3458.0,2030.33,2,Y,0.587,2024-02,1
704518,2024-02-22,EU Direct (Dublin-Cherbourg),Atlantic Cargo Ferries,2212.0,1385.27,3,Y,0.626,2024-02,1
704248,2024-02-22,EU Direct (Dublin-Cherbourg),Celtic Sealink,2877.0,1604.79,2,Y,0.558,2024-02,1
702611,2024-02-22,UK Landbridge (Dublin-Holyhead),Nordic Freight Lines,2216.0,900.8,1,Y,0.406,2024-02,1
701080,2024-02-22,UK Landbridge (Dublin-Holyhead),Nordic Freight Lines,630.0,227.53,1,Y,0.361,2024-02,1
705031,2024-02-22,EU Direct (Rosslare-Dunkirk),Atlantic Cargo Ferries,982.0,637.6,2,Y,0.649,2024-02,1
703183,2024-02-23,EU Direct (Dublin-Cherbourg),Celtic Sealink,1869.0,1093.98,2,Y,0.585,2024-02,1
700190,2024-02-23,UK Landbridge (Dublin-Holyhead),Nordic Freight Lines,2115.0,871.74,1,Y,0.412,2024-02,1
701610,2024-02-23,UK Landbridge (Dublin-Holyhead),Celtic Sealink,2691.0,1134.43,1,Y,0.422,2024-02,1
703281,2024-02-23,EU Direct (Dublin-Cherbourg),Celtic Sealink,1860.0,1121.1,1,Y,0.603,2024-02,1
702559,2024-02-23,UK Landbridge (Dublin-Holyhead),Nordic Freight Lines,2862.0,1020.43,1,Y,0.357,2024-02,1
700281,2024-02-23,UK Landbridge (Dublin-Holyhead),Nordic Freight Lines,2528.0,1021.83,1,Y,0.404,2024-02,1
704264,2024-02-23,EU Direct (Dublin-Cherbourg),Celtic Sealink,1433.0,797.34,2,Y,0.556,2024-02,1
700255,2024-02-23,UK Landbridge (Dublin-Holyhead),Celtic Sealink,919.0,359.12,1,Y,0.391,2024-02,1
702064,2024-02-23,UK Landbridge (Dublin-Holyhead),Celtic Sealink,2735.0,1091.1,2,Y,0.399,2024-02,1
700007,2024-02-23,UK Landbridge (Dublin-Holyhead),Celtic Sealink,50.0,20.66,1,Y,0.413,2024-02,1
700492,2024-02-23,UK Landbridge (Dublin-Holyhead),Nordic Freight Lines,1457.0,571.69,1,Y,0.392,2024-02,1
704714,2024-02-23,EU Direct (Rosslare-Dunkirk),Nordic Freight Lines,2342.0,1241.08,2,Y,0.53,2024-02,1
701234,2024-02-23,UK Landbridge (Dublin-Holyhead),Nordic Freight Lines,3456.0,1255.09,1,Y,0.363,2024-02,1
701713,2024-02-23,UK Landbridge (Dublin-Holyhead),Nordic Freight Lines,3134.0,1252.92,1,Y,0.4,2024-02,1
702366,2024-02-23,UK Landbridge (Dublin-Holyhead),Celtic Sealink,2555.0,1124.76,1,Y,0.44,2024-02,1
705464,2024-02-24,EU Direct (Rosslare-Dunkirk),Nordic Freight Lines,1526.0,755.33,2,Y,0.495,2024-02,1
701583,2024-02-24,UK Landbridge (Dublin-Holyhead),Celtic Sealink,1777.0,753.39,1,Y,0.424,2024-02,1
705527,2024-02-24,EU Direct (Rosslare-Dunkirk),Nordic Freight Lines,2453.0,1189.43,2,Y,0.485,2024-02,1
702504,2024-02-24,UK Landbridge (Dublin-Holyhead),Nordic Freight Lines,1298.0,476.45,1,N,0.367,2024-02,0
701615,2024-02-24,UK Landbridge (Dublin-Holyhead),Nordic Freight Lines,1983.0,803.42,1,Y,0.405,2024-02,1
705943,2024-02-24,EU Direct (Rosslare-Dunkirk),Atlantic Cargo Ferries,2297.0,1413.8,1,Y,0.615,2024-02,1
705321,2024-02-24,EU Direct (Rosslare-Dunkirk),Nordic Freight Lines,1450.0,712.75,2,Y,0.492,2024-02,1
703158,2024-02-24,EU Direct (Dublin-Cherbourg),Atlantic Cargo Ferries,2135.0,1323.32,3,Y,0.62,2024-02,1
703976,2024-02-24,EU Direct (Dublin-Cherbourg),Atlantic Cargo Ferries,1082.0,746.08,2,Y,0.69,2024-02,1
700345,2024-02-25,UK Landbridge (Dublin-Holyhead),Celtic Sealink,721.0,292.5,1,Y,0.406,2024-02,1
703075,2024-02-25,EU Direct (Dublin-Cherbourg),Celtic Sealink,1106.0,641.23,2,Y,0.58,2024-02,1
703500,2024-02-25,EU Direct (Dublin-Cherbourg),Celtic Sealink,3533.0,2094.3,2,Y,0.593,2024-02,1
704305,2024-02-25,EU Direct (Dublin-Cherbourg),Atlantic Cargo Ferries,2963.0,2051.82,2,Y,0.692,2024-02,1
704346,2024-02-25,EU Direct (Dublin-Cherbourg),Atlantic Cargo Ferries,2925.0,1984.17,2,Y,0.678,2024-02,1
704299,2024-02-25,EU Direct (Dublin-Cherbourg),Celtic Sealink,1831.0,1142.55,1,Y,0.624,2024-02,1
704146,2024-02-25,EU Direct (Dublin-Cherbourg),Atlantic Cargo Ferries,1115.0,700.88,3,Y,0.629,2024-02,1
700239,2024-02-25,UK Landbridge (Dublin-Holyhead),Nordic Freight Lines,395.0,154.64,1,Y,0.391,2024-02,1
705849,2024-02-26,EU Direct (Rosslare-Dunkirk),Atlantic Cargo Ferries,1615.0,1000.56,2,Y,0.62,2024-02,1
700945,2024-02-26,UK Landbridge (Dublin-Holyhead),Celtic Sealink,3151.0,1375.71,1,Y,0.437,2024-02,1
701271,2024-02-26,UK Landbridge (Dublin-Holyhead),Nordic Freight Lines,1124.0,462.54,1,Y,0.412,2024-02,1
701877,2024-02-26,UK Landbridge (Dublin-Holyhead),Nordic Freight Lines,2177.0,852.27,1,Y,0.391,2024-02,1
705304,2024-02-26,EU Direct (Rosslare-Dunkirk),Atlantic Cargo Ferries,236.0,139.49,3,Y,0.591,2024-02,1
702537,2024-02-26,UK Landbridge (Dublin-Holyhead),Celtic Sealink,2358.0,945.95,1,Y,0.401,2024-02,1
704232,2024-02-27,EU Direct (Dublin-Cherbourg),Atlantic Cargo Ferries,2762.0,1775.72,2,Y,0.643,2024-02,1
701259,2024-02-27,UK Landbridge (Dublin-Holyhead),Nordic Freight Lines,1005.0,400.83,1,Y,0.399,2024-02,1
700423,2024-02-27,UK Landbridge (Dublin-Holyhead),Nordic Freight Lines,2091.0,829.8,1,Y,0.397,2024-02,1
702218,2024-02-27,UK Landbridge (Dublin-Holyhead),Nordic Freight Lines,838.0,328.88,1,Y,0.392,2024-02,1
702892,2024-02-27,EU Direct (Dublin-Cherbourg),Atlantic Cargo Ferries,2801.0,1917.37,2,Y,0.685,2024-02,1
704927,2024-02-27,EU Direct (Rosslare-Dunkirk),Nordic Freight Lines,3324.0,1788.2,1,Y,0.538,2024-02,1
705390,2024-02-27,EU Direct (Rosslare-Dunkirk),Nordic Freight Lines,1392.0,736.46,2,Y,0.529,2024-02,1
705241,2024-02-27,EU Direct (Rosslare-Dunkirk),Atlantic Cargo Ferries,1156.0,755.05,2,Y,0.653,2024-02,1
703272,2024-02-28,EU Direct (Dublin-Cherbourg),Celtic Sealink,1763.0,1055.93,3,Y,0.599,2024-02,1
703127,2024-02-28,EU Direct (Dublin-Cherbourg),Celtic Sealink,1502.0,873.55,3,Y,0.582,2024-02,1
701700,2024-02-28,UK Landbridge (Dublin-Holyhead),Celtic Sealink,2593.0,1156.69,1,Y,0.446,2024-02,1
702966,2024-02-28,EU Direct (Dublin-Cherbourg),Celtic Sealink,2000.0,1217.04,2,Y,0.609,2024-02,1
702872,2024-02-28,UK Landbridge (Dublin-Holyhead),Celtic Sealink,1386.0,549.26,1,Y,0.396,2024-02,1
705759,2024-02-28,EU Direct (Rosslare-Dunkirk),Atlantic Cargo Ferries,3704.0,2354.26,2,Y,0.636,2024-02,1
705920,2024-02-28,EU Direct (Rosslare-Dunkirk),Atlantic Cargo Ferries,2129.0,1432.66,2,N,0.673,2024-02,0
701188,2024-02-28,UK Landbridge (Dublin-Holyhead),Celtic Sealink,525.0,203.16,1,Y,0.387,2024-02,1
705172,2024-02-28,EU Direct (Rosslare-Dunkirk),Atlantic Cargo Ferries,2213.0,1338.25,2,Y,0.605,2024-02,1
702889,2024-02-28,EU Direct (Dublin-Cherbourg),Celtic Sealink,1054.0,613.88,2,Y,0.582,2024-02,1
702230,2024-02-28,UK Landbridge (Dublin-Holyhead),Celtic Sealink,1634.0,643.15,1,Y,0.394,2024-02,1
705113,2024-02-28,EU Direct (Rosslare-Dunkirk),Nordic Freight Lines,2102.0,1055.92,2,Y,0.502,2024-02,1
701953,2024-02-28,UK Landbridge (Dublin-Holyhead),Nordic Freight Lines,2149.0,780.26,1,Y,0.363,2024-02,1
704676,2024-02-28,EU Direct (Rosslare-Dunkirk),Nordic Freight Lines,1395.0,732.79,2,Y,0.525,2024-02,1
704991,2024-02-28,EU Direct (Rosslare-Dunkirk),Atlantic Cargo Ferries,1546.0,901.34,2,Y,0.583,2024-02,1
700092,2024-02-29,UK Landbridge (Dublin-Holyhead),Nordic Freight Lines,1436.0,505.89,1,Y,0.352,2024-02,1
701136,2024-02-29,UK Landbridge (Dublin-Holyhead),Nordic Freight Lines,2060.0,779.26,2,Y,0.378,2024-02,1
703241,2024-02-29,EU Direct (Dublin-Cherbourg),Celtic Sealink,2080.0,1151.32,2,Y,0.554,2024-02,1
704697,2024-02-29,EU Direct (Rosslare-Dunkirk),Atlantic Cargo Ferries,920.0,540.42,2,Y,0.587,2024-02,1
702612,2024-02-29,UK Landbridge (Dublin-Holyhead),Celtic Sealink,2719.0,1137.19,1,Y,0.418,2024-02,1
703985,2024-02-29,EU Direct (Dublin-Cherbourg),Celtic Sealink,878.0,489.72,2,Y,0.558,2024-02,1
701306,2024-02-29,UK Landbridge (Dublin-Holyhead),Celtic Sealink,1634.0,698.73,1,Y,0.428,2024-02,1
701795,2024-03-01,UK Landbridge (Dublin-Holyhead),Nordic Freight Lines,1709.0,632.13,1,N,0.37,2024-03,0
700825,2024-03-01,UK Landbridge (Dublin-Holyhead),Celtic Sealink,1802.0,700.85,1,Y,0.389,2024-03,1
700858,2024-03-01,UK Landbridge (Dublin-Holyhead),Celtic Sealink,3252.0,1309.08,1,Y,0.403,2024-03,1
702447,2024-03-01,UK Landbridge (Dublin-Holyhead),Celtic Sealink,1295.0,583.66,1,Y,0.451,2024-03,1
704996,2024-03-01,EU Direct (Rosslare-Dunkirk),Atlantic Cargo Ferries,475.0,288.53,2,N,0.607,2024-03,0
701150,2024-03-01,UK Landbridge (Dublin-Holyhead),Celtic Sealink,2422.0,964.31,1,Y,0.398,2024-03,1
700859,2024-03-01,UK Landbridge (Dublin-Holyhead),Celtic Sealink,3046.0,1302.98,1,Y,0.428,2024-03,1
705141,2024-03-01,EU Direct (Rosslare-Dunkirk),Atlantic Cargo Ferries,2550.0,1577.13,2,Y,0.618,2024-03,1
702960,2024-03-01,EU Direct (Dublin-Cherbourg),Celtic Sealink,1090.0,592.94,2,Y,0.544,2024-03,1
703239,2024-03-02,EU Direct (Dublin-Cherbourg),Atlantic Cargo Ferries,1334.0,895.43,2,Y,0.671,2024-03,1
701619,2024-03-02,UK Landbridge (Dublin-Holyhead),Nordic Freight Lines,418.0,161.93,1,Y,0.387,2024-03,1
701407,2024-03-02,UK Landbridge (Dublin-Holyhead),Celtic Sealink,2752.0,1120.41,1,N,0.407,2024-03,0
705782,2024-03-02,EU Direct (Rosslare-Dunkirk),Nordic Freight Lines,378.0,201.02,2,Y,0.532,2024-03,1
704035,2024-03-02,EU Direct (Dublin-Cherbourg),Celtic Sealink,2660.0,1461.94,2,Y,0.55,2024-03,1
705502,2024-03-02,EU Direct (Rosslare-Dunkirk),Atlantic Cargo Ferries,2563.0,1590.11,2,Y,0.62,2024-03,1
700295,2024-03-02,UK Landbridge (Dublin-Holyhead),Nordic Freight Lines,1507.0,549.75,1,Y,0.365,2024-03,1
700154,2024-03-02,UK Landbridge (Dublin-Holyhead),Nordic Freight Lines,50.0,18.45,1,Y,0.369,2024-03,1
705169,2024-03-03,EU Direct (Rosslare-Dunkirk),Nordic Freight Lines,1482.0,783.9,2,Y,0.529,2024-03,1
701611,2024-03-03,UK Landbridge (Dublin-Holyhead),Celtic Sealink,1543.0,682.06,1,Y,0.442,2024-03,1
702806,2024-03-03,UK Landbridge (Dublin-Holyhead),Nordic Freight Lines,2211.0,825.59,2,Y,0.373,2024-03,1
702164,2024-03-03,UK Landbridge (Dublin-Holyhead),Celtic Sealink,609.0,258.71,1,Y,0.425,2024-03,1
704532,2024-03-04,EU Direct (Dublin-Cherbourg),Celtic Sealink,950.0,556.1,2,Y,0.585,2024-03,1
704934,2024-03-04,EU Direct (Rosslare-Dunkirk),Nordic Freight Lines,932.0,455.79,2,Y,0.489,2024-03,1
703944,2024-03-04,EU Direct (Dublin-Cherbourg),Atlantic Cargo Ferries,1089.0,672.93,2,N,0.618,2024-03,0
703877,2024-03-04,EU Direct (Dublin-Cherbourg),Celtic Sealink,2691.0,1561.24,2,Y,0.58,2024-03,1
704262,2024-03-04,EU Direct (Dublin-Cherbourg),Celtic Sealink,2624.0,1533.35,2,Y,0.584,2024-03,1
702139,2024-03-04,UK Landbridge (Dublin-Holyhead),Celtic Sealink,1034.0,455.66,1,Y,0.441,2024-03,1
703170,2024-03-04,EU Direct (Dublin-Cherbourg),Atlantic Cargo Ferries,1628.0,1084.08,2,Y,0.666,2024-03,1
703477,2024-03-04,EU Direct (Dublin-Cherbourg),Celtic Sealink,1316.0,820.84,2,Y,0.624,2024-03,1
702962,2024-03-04,EU Direct (Dublin-Cherbourg),Celtic Sealink,2354.0,1428.82,2,Y,0.607,2024-03,1
703925,2024-03-04,EU Direct (Dublin-Cherbourg),Celtic Sealink,2407.0,1378.28,3,Y,0.573,2024-03,1
701902,2024-03-04,UK Landbridge (Dublin-Holyhead),Celtic Sealink,2148.0,847.54,1,Y,0.395,2024-03,1
705025,2024-03-04,EU Direct (Rosslare-Dunkirk),Nordic Freight Lines,1434.0,714.81,1,Y,0.498,2024-03,1
700088,2024-03-04,UK Landbridge (Dublin-Holyhead),Celtic Sealink,1803.0,754.97,1,Y,0.419,2024-03,1
700666,2024-03-04,UK Landbridge (Dublin-Holyhead),Nordic Freight Lines,2113.0,791.24,1,Y,0.374,2024-03,1
704176,2024-03-04,EU Direct (Dublin-Cherbourg),Celtic Sealink,552.0,296.03,3,Y,0.536,2024-03,1
703173,2024-03-04,EU Direct (Dublin-Cherbourg),Celtic Sealink,2443.0,1342.35,3,Y,0.549,2024-03,1
700417,2024-03-04,UK Landbridge (Dublin-Holyhead),Nordic Freight Lines,50.0,19.74,1,Y,0.395,2024-03,1
703814,2024-03-05,EU Direct (Dublin-Cherbourg),Atlantic Cargo Ferries,1564.0,1061.73,2,Y,0.679,2024-03,1
703733,2024-03-05,EU Direct (Dublin-Cherbourg),Celtic Sealink,1860.0,1096.4,2,Y,0.589,2024-03,1
702277,2024-03-05,UK Landbridge (Dublin-Holyhead),Nordic Freight Lines,971.0,369.22,1,Y,0.38,2024-03,1
704615,2024-03-05,EU Direct (Dublin-Cherbourg),Atlantic Cargo Ferries,2187.0,1426.22,2,Y,0.652,2024-03,1
700165,2024-03-05,UK Landbridge (Dublin-Holyhead),Celtic Sealink,3457.0,1541.52,1,Y,0.446,2024-03,1
701845,2024-03-05,UK Landbridge (Dublin-Holyhead),Nordic Freight Lines,1741.0,639.44,1,Y,0.367,2024-03,1
705318,2024-03-05,EU Direct (Rosslare-Dunkirk),Atlantic Cargo Ferries,829.0,536.33,2,Y,0.647,2024-03,1
702767,2024-03-05,UK Landbridge (Dublin-Holyhead),Nordic Freight Lines,1839.0,708.43,1,Y,0.385,2024-03,1
701847,2024-03-05,UK Landbridge (Dublin-Holyhead),Celtic Sealink,736.0,311.88,1,Y,0.424,2024-03,1
701435,2024-03-05,UK Landbridge (Dublin-Holyhead),Celtic Sealink,820.0,368.49,1,Y,0.449,2024-03,1
703662,2024-03-05,EU Direct (Dublin-Cherbourg),Celtic Sealink,1762.0,1097.54,1,Y,0.623,2024-03,1
700518,2024-03-05,UK Landbridge (Dublin-Holyhead),Celtic Sealink,452.0,175.38,1,Y,0.388,2024-03,1
704491,2024-03-06,EU Direct (Dublin-Cherbourg),Atlantic Cargo Ferries,963.0,624.76,2,Y,0.649,2024-03,1
705680,2024-03-06,EU Direct (Rosslare-Dunkirk),Atlantic Cargo Ferries,2906.0,1726.45,2,Y,0.594,2024-03,1
705189,2024-03-06,EU Direct (Rosslare-Dunkirk),Nordic Freight Lines,1048.0,503.79,2,Y,0.481,2024-03,1
705504,2024-03-06,EU Direct (Rosslare-Dunkirk),Nordic Freight Lines,1241.0,606.87,3,Y,0.489,2024-03,1
700705,2024-03-06,UK Landbridge (Dublin-Holyhead),Celtic Sealink,1547.0,632.24,1,Y,0.409,2024-03,1
705685,2024-03-06,EU Direct (Rosslare-Dunkirk),Atlantic Cargo Ferries,1734.0,1084.8,2,N,0.626,2024-03,0
705807,2024-03-06,EU Direct (Rosslare-Dunkirk),Nordic Freight Lines,3360.0,1623.99,2,Y,0.483,2024-03,1
704388,2024-03-06,EU Direct (Dublin-Cherbourg),Celtic Sealink,106.0,61.66,2,Y,0.582,2024-03,1
704398,2024-03-06,EU Direct (Dublin-Cherbourg),Celtic Sealink,789.0,465.74,1,Y,0.59,2024-03,1
705129,2024-03-06,EU Direct (Rosslare-Dunkirk),Atlantic Cargo Ferries,1795.0,1135.75,2,Y,0.633,2024-03,1
703606,2024-03-07,EU Direct (Dublin-Cherbourg),Atlantic Cargo Ferries,2656.0,1658.61,2,Y,0.624,2024-03,1
700883,2024-03-07,UK Landbridge (Dublin-Holyhead),Nordic Freight Lines,1581.0,579.59,1,Y,0.367,2024-03,1
703519,2024-03-07,EU Direct (Dublin-Cherbourg),Celtic Sealink,1941.0,1056.76,3,Y,0.544,2024-03,1
701549,2024-03-07,UK Landbridge (Dublin-Holyhead),Nordic Freight Lines,2954.0,1192.66,1,Y,0.404,2024-03,1
703106,2024-03-08,EU Direct (Dublin-Cherbourg),Atlantic Cargo Ferries,3163.0,2184.36,2,Y,0.691,2024-03,1
705563,2024-03-08,EU Direct (Rosslare-Dunkirk),Atlantic Cargo Ferries,1215.0,786.54,2,Y,0.647,2024-03,1
705045,2024-03-08,EU Direct (Rosslare-Dunkirk),Nordic Freight Lines,1685.0,845.78,3,Y,0.502,2024-03,1
705104,2024-03-08,EU Direct (Rosslare-Dunkirk),Nordic Freight Lines,2708.0,1407.66,2,Y,0.52,2024-03,1
704153,2024-03-08,EU Direct (Dublin-Cherbourg),Atlantic Cargo Ferries,2687.0,1917.42,2,Y,0.714,2024-03,1
701532,2024-03-08,UK Landbridge (Dublin-Holyhead),Celtic Sealink,1197.0,475.12,2,Y,0.397,2024-03,1
704144,2024-03-09,EU Direct (Dublin-Cherbourg),Atlantic Cargo Ferries,1059.0,671.81,2,Y,0.634,2024-03,1
703692,2024-03-09,EU Direct (Dublin-Cherbourg),Atlantic Cargo Ferries,2507.0,1651.85,2,N,0.659,2024-03,0
700361,2024-03-09,UK Landbridge (Dublin-Holyhead),Celtic Sealink,1186.0,474.34,1,Y,0.4,2024-03,1
701573,2024-03-09,UK Landbridge (Dublin-Holyhead),Nordic Freight Lines,2601.0,1036.95,1,Y,0.399,2024-03,1
701244,2024-03-09,UK Landbridge (Dublin-Holyhead),Nordic Freight Lines,681.0,264.19,2,Y,0.388,2024-03,1
703856,2024-03-10,EU Direct (Dublin-Cherbourg),Atlantic Cargo Ferries,1507.0,1057.07,2,Y,0.701,2024-03,1
703624,2024-03-10,EU Direct (Dublin-Cherbourg),Atlantic Cargo Ferries,3063.0,2078.64,2,Y,0.679,2024-03,1
702771,2024-03-10,UK Landbridge (Dublin-Holyhead),Celtic Sealink,2026.0,896.86,1,Y,0.443,2024-03,1
701434,2024-03-10,UK Landbridge (Dublin-Holyhead),Celtic Sealink,3151.0,1384.71,1,Y,0.439,2024-03,1
704183,2024-03-10,EU Direct (Dublin-Cherbourg),Celtic Sealink,301.0,168.82,2,N,0.561,2024-03,0
703830,2024-03-10,EU Direct (Dublin-Cherbourg),Celtic Sealink,2865.0,1534.88,2,Y,0.536,2024-03,1
700016,2024-03-11,UK Landbridge (Dublin-Holyhead),Celtic Sealink,2521.0,1084.83,1,Y,0.43,2024-03,1
702604,2024-03-11,UK Landbridge (Dublin-Holyhead),Nordic Freight Lines,50.0,18.75,1,Y,0.375,2024-03,1
704428,2024-03-11,EU Direct (Dublin-Cherbourg),Celtic Sealink,1971.0,1147.79,2,Y,0.582,2024-03,1
702647,2024-03-11,UK Landbridge (Dublin-Holyhead),Nordic Freight Lines,1279.0,523.98,1,Y,0.41,2024-03,1
700017,2024-03-11,UK Landbridge (Dublin-Holyhead),Celtic Sealink,1682.0,656.76,1,Y,0.39,2024-03,1
701508,2024-03-11,UK Landbridge (Dublin-Holyhead),Nordic Freight Lines,1003.0,374.71,1,Y,0.374,2024-03,1
704046,2024-03-11,EU Direct (Dublin-Cherbourg),Celtic Sealink,2414.0,1475.49,2,Y,0.611,2024-03,1
705556,2024-03-11,EU Direct (Rosslare-Dunkirk),Atlantic Cargo Ferries,2359.0,1559.46,2,Y,0.661,2024-03,1
702201,2024-03-11,UK Landbridge (Dublin-Holyhead),Nordic Freight Lines,1289.0,463.14,2,Y,0.359,2024-03,1
700744,2024-03-11,UK Landbridge (Dublin-Holyhead),Nordic Freight Lines,735.0,291.37,1,Y,0.396,2024-03,1
700469,2024-03-11,UK Landbridge (Dublin-Holyhead),Nordic Freight Lines,965.0,362.41,1,Y,0.376,2024-03,1
703530,2024-03-12,EU Direct (Dublin-Cherbourg),Celtic Sealink,729.0,397.2,2,Y,0.545,2024-03,1
701729,2024-03-12,UK Landbridge (Dublin-Holyhead),Celtic Sealink,1642.0,708.09,1,Y,0.431,2024-03,1
701198,2024-03-12,UK Landbridge (Dublin-Holyhead),Nordic Freight Lines,3988.0,1604.24,1,Y,0.402,2024-03,1
705805,2024-03-12,EU Direct (Rosslare-Dunkirk),Atlantic Cargo Ferries,2189.0,1481.7,3,Y,0.677,2024-03,1
704350,2024-03-12,EU Direct (Dublin-Cherbourg),Atlantic Cargo Ferries,2309.0,1584.52,2,Y,0.686,2024-03,1
702388,2024-03-12,UK Landbridge (Dublin-Holyhead),Celtic Sealink,1746.0,689.05,1,Y,0.395,2024-03,1
700477,2024-03-12,UK Landbridge (Dublin-Holyhead),Celtic Sealink,1439.0,615.25,1,Y,0.428,2024-03,1
700051,2024-03-13,UK Landbridge (Dublin-Holyhead),Celtic Sealink,1602.0,701.05,1,Y,0.438,2024-03,1
701288,2024-03-13,UK Landbridge (Dublin-Holyhead),Celtic Sealink,1211.0,500.4,1,Y,0.413,2024-03,1
705941,2024-03-13,EU Direct (Rosslare-Dunkirk),Nordic Freight Lines,1306.0,646.12,2,Y,0.495,2024-03,1
702553,2024-03-13,UK Landbridge (Dublin-Holyhead),Nordic Freight Lines,2302.0,934.23,1,Y,0.406,2024-03,1
704512,2024-03-13,EU Direct (Dublin-Cherbourg),Atlantic Cargo Ferries,1277.0,804.68,2,Y,0.63,2024-03,1
705837,2024-03-13,EU Direct (Rosslare-Dunkirk),Nordic Freight Lines,1907.0,878.75,2,Y,0.461,2024-03,1
701307,2024-03-14,UK Landbridge (Dublin-Holyhead),Nordic Freight Lines,1845.0,747.35,1,N,0.405,2024-03,0
702045,2024-03-14,UK Landbridge (Dublin-Holyhead),Celtic Sealink,1292.0,520.36,1,Y,0.403,2024-03,1
700199,2024-03-14,UK Landbridge (Dublin-Holyhead),Celtic Sealink,1157.0,510.83,1,Y,0.442,2024-03,1
704547,2024-03-14,EU Direct (Dublin-Cherbourg),Atlantic Cargo Ferries,1816.0,1194.29,2,N,0.658,2024-03,0
700528,2024-03-14,UK Landbridge (Dublin-Holyhead),Celtic Sealink,3424.0,1373.57,2,Y,0.401,2024-03,1
701482,2024-03-14,UK Landbridge (Dublin-Holyhead),Nordic Freight Lines,2135.0,755.35,2,Y,0.354,2024-03,1
702677,2024-03-15,UK Landbridge (Dublin-Holyhead),Nordic Freight Lines,1584.0,633.41,1,Y,0.4,2024-03,1
702497,2024-03-15,UK Landbridge (Dublin-Holyhead),Nordic Freight Lines,491.0,189.33,1,Y,0.386,2024-03,1
703522,2024-03-15,EU Direct (Dublin-Cherbourg),Celtic Sealink,812.0,443.8,2,Y,0.547,2024-03,1
702786,2024-03-15,UK Landbridge (Dublin-Holyhead),Celtic Sealink,1550.0,609.66,1,Y,0.393,2024-03,1
702778,2024-03-15,UK Landbridge (Dublin-Holyhead),Celtic Sealink,1539.0,650.53,1,N,0.423,2024-03,0
700924,2024-03-15,UK Landbridge (Dublin-Holyhead),Celtic Sealink,1021.0,450.39,1,Y,0.441,2024-03,1
703056,2024-03-15,EU Direct (Dublin-Cherbourg),Celtic Sealink,2235.0,1389.24,2,Y,0.622,2024-03,1
703520,2024-03-15,EU Direct (Dublin-Cherbourg),Celtic Sealink,1340.0,832.06,2,Y,0.621,2024-03,1
700784,2024-03-15,UK Landbridge (Dublin-Holyhead),Nordic Freight Lines,2162.0,771.96,1,Y,0.357,2024-03,1
700925,2024-03-15,UK Landbridge (Dublin-Holyhead),Celtic Sealink,1677.0,694.83,1,Y,0.414,2024-03,1
701115,2024-03-15,UK Landbridge (Dublin-Holyhead),Nordic Freight Lines,1994.0,790.51,1,Y,0.396,2024-03,1
702149,2024-03-16,UK Landbridge (Dublin-Holyhead),Celtic Sealink,2647.0,1149.42,1,N,0.434,2024-03,0
702499,2024-03-16,UK Landbridge (Dublin-Holyhead),Celtic Sealink,1073.0,477.31,1,Y,0.445,2024-03,1
702487,2024-03-16,UK Landbridge (Dublin-Holyhead),Celtic Sealink,2531.0,1009.54,1,Y,0.399,2024-03,1
701771,2024-03-16,UK Landbridge (Dublin-Holyhead),Nordic Freight Lines,2634.0,976.32,1,Y,0.371,2024-03,1
705733,2024-03-16,EU Direct (Rosslare-Dunkirk),Nordic Freight Lines,1346.0,700.14,2,Y,0.52,2024-03,1
700680,2024-03-16,UK Landbridge (Dublin-Holyhead),Celtic Sealink,2129.0,936.22,1,Y,0.44,2024-03,1
702194,2024-03-16,UK Landbridge (Dublin-Holyhead),Nordic Freight Lines,2955.0,1173.34,1,Y,0.397,2024-03,1
701085,2024-03-17,UK Landbridge (Dublin-Holyhead),Nordic Freight Lines,4027.0,1652.43,1,N,0.41,2024-03,0
700314,2024-03-17,UK Landbridge (Dublin-Holyhead),Celtic Sealink,2660.0,1087.86,1,Y,0.409,2024-03,1
705488,2024-03-17,EU Direct (Rosslare-Dunkirk),Atlantic Cargo Ferries,3536.0,2241.03,2,Y,0.634,2024-03,1
702182,2024-03-17,UK Landbridge (Dublin-Holyhead),Nordic Freight Lines,2356.0,927.57,1,Y,0.394,2024-03,1
702951,2024-03-17,EU Direct (Dublin-Cherbourg),Atlantic Cargo Ferries,2156.0,1436.05,2,Y,0.666,2024-03,1
701337,2024-03-18,UK Landbridge (Dublin-Holyhead),Nordic Freight Lines,1348.0,523.38,1,Y,0.388,2024-03,1
702734,2024-03-18,UK Landbridge (Dublin-Holyhead),Celtic Sealink,50.0,21.55,1,N,0.431,2024-03,0
701551,2024-03-18,UK Landbridge (Dublin-Holyhead),Celtic Sealink,2310.0,956.05,1,Y,0.414,2024-03,1
705731,2024-03-18,EU Direct (Rosslare-Dunkirk),Atlantic Cargo Ferries,3015.0,1751.79,2,Y,0.581,2024-03,1
700708,2024-03-18,UK Landbridge (Dublin-Holyhead),Nordic Freight Lines,1932.0,740.14,1,Y,0.383,2024-03,1
701717,2024-03-18,UK Landbridge (Dublin-Holyhead),Celtic Sealink,2061.0,895.41,1,Y,0.434,2024-03,1
700380,2024-03-18,UK Landbridge (Dublin-Holyhead),Nordic Freight Lines,2523.0,918.6,1,Y,0.364,2024-03,1
705403,2024-03-18,EU Direct (Rosslare-Dunkirk),Atlantic Cargo Ferries,1557.0,1054.29,1,Y,0.677,2024-03,1
701015,2024-03-18,UK Landbridge (Dublin-Holyhead),Celtic Sealink,2673.0,1063.6,1,Y,0.398,2024-03,1
702003,2024-03-18,UK Landbridge (Dublin-Holyhead),Nordic Freight Lines,2506.0,1007.82,1,Y,0.402,2024-03,1
700315,2024-03-18,UK Landbridge (Dublin-Holyhead),Nordic Freight Lines,1369.0,553.91,1,Y,0.405,2024-03,1
703291,2024-03-18,EU Direct (Dublin-Cherbourg),Atlantic Cargo Ferries,1965.0,1272.88,2,Y,0.648,2024-03,1
701202,2024-03-18,UK Landbridge (Dublin-Holyhead),Nordic Freight Lines,2209.0,864.92,1,Y,0.392,2024-03,1
703826,2024-03-18,EU Direct (Dublin-Cherbourg),Atlantic Cargo Ferries,1383.0,896.66,1,N,0.648,2024-03,0
703101,2024-03-18,EU Direct (Dublin-Cherbourg),Atlantic Cargo Ferries,1300.0,867.92,2,Y,0.668,2024-03,1
702959,2024-03-19,EU Direct (Dublin-Cherbourg),Atlantic Cargo Ferries,2118.0,1299.9,2,Y,0.614,2024-03,1
700694,2024-03-19,UK Landbridge (Dublin-Holyhead),Celtic Sealink,1179.0,531.87,1,N,0.451,2024-03,0
702372,2024-03-19,UK Landbridge (Dublin-Holyhead),Celtic Sealink,1423.0,622.33,1,Y,0.437,2024-03,1
704914,2024-03-19,EU Direct (Rosslare-Dunkirk),Nordic Freight Lines,1127.0,530.26,2,N,0.471,2024-03,0
705053,2024-03-19,EU Direct (Rosslare-Dunkirk),Nordic Freight Lines,50.0,24.84,3,Y,0.497,2024-03,1
703295,2024-03-19,EU Direct (Dublin-Cherbourg),Atlantic Cargo Ferries,2901.0,1828.84,2,Y,0.63,2024-03,1
704454,2024-03-19,EU Direct (Dublin-Cherbourg),Atlantic Cargo Ferries,1643.0,1029.65,2,Y,0.627,2024-03,1
700714,2024-03-19,UK Landbridge (Dublin-Holyhead),Celtic Sealink,1234.0,542.05,1,Y,0.439,2024-03,1
700555,2024-03-19,UK Landbridge (Dublin-Holyhead),Celtic Sealink,1409.0,571.12,1,Y,0.405,2024-03,1
705266,2024-03-19,EU Direct (Rosslare-Dunkirk),Atlantic Cargo Ferries,1313.0,817.86,2,Y,0.623,2024-03,1
703879,2024-03-19,EU Direct (Dublin-Cherbourg),Atlantic Cargo Ferries,1047.0,637.54,2,Y,0.609,2024-03,1
703833,2024-03-20,EU Direct (Dublin-Cherbourg),Atlantic Cargo Ferries,3388.0,2123.56,2,Y,0.627,2024-03,1
700587,2024-03-20,UK Landbridge (Dublin-Holyhead),Nordic Freight Lines,1872.0,672.15,1,N,0.359,2024-03,0
703388,2024-03-20,EU Direct (Dublin-Cherbourg),Celtic Sealink,50.0,29.69,2,Y,0.594,2024-03,1
702240,2024-03-20,UK Landbridge (Dublin-Holyhead),Celtic Sealink,112.0,46.05,1,Y,0.411,2024-03,1
701099,2024-03-20,UK Landbridge (Dublin-Holyhead),Celtic Sealink,2645.0,1197.13,1,N,0.453,2024-03,0
702192,2024-03-20,UK Landbridge (Dublin-Holyhead),Nordic Freight Lines,467.0,166.7,1,Y,0.357,2024-03,1
705854,2024-03-20,EU Direct (Rosslare-Dunkirk),Nordic Freight Lines,1719.0,865.85,2,Y,0.504,2024-03,1
702108,2024-03-20,UK Landbridge (Dublin-Holyhead),Nordic Freight Lines,3100.0,1211.61,1,Y,0.391,2024-03,1
704564,2024-03-21,EU Direct (Dublin-Cherbourg),Celtic Sealink,1213.0,664.98,1,Y,0.548,2024-03,1
700282,2024-03-21,UK Landbridge (Dublin-Holyhead),Nordic Freight Lines,2491.0,980.34,1,Y,0.394,2024-03,1
705928,2024-03-21,EU Direct (Rosslare-Dunkirk),Nordic Freight Lines,1548.0,812.6,2,Y,0.525,2024-03,1
703274,2024-03-22,EU Direct (Dublin-Cherbourg),Atlantic Cargo Ferries,1799.0,1184.83,2,Y,0.659,2024-03,1
704256,2024-03-22,EU Direct (Dublin-Cherbourg),Atlantic Cargo Ferries,50.0,32.65,2,Y,0.653,2024-03,1
701247,2024-03-22,UK Landbridge (Dublin-Holyhead),Celtic Sealink,2537.0,983.59,1,Y,0.388,2024-03,1
701035,2024-03-22,UK Landbridge (Dublin-Holyhead),Nordic Freight Lines,1244.0,440.4,2,Y,0.354,2024-03,1
701626,2024-03-22,UK Landbridge (Dublin-Holyhead),Nordic Freight Lines,2584.0,1036.05,1,Y,0.401,2024-03,1
704552,2024-03-22,EU Direct (Dublin-Cherbourg),Celtic Sealink,1532.0,934.9,2,Y,0.61,2024-03,1
704188,2024-03-22,EU Direct (Dublin-Cherbourg),Celtic Sealink,3023.0,1849.45,2,Y,0.612,2024-03,1
703146,2024-03-22,EU Direct (Dublin-Cherbourg),Celtic Sealink,2168.0,1323.65,2,Y,0.611,2024-03,1
704588,2024-03-22,EU Direct (Dublin-Cherbourg),Atlantic Cargo Ferries,2695.0,1761.63,2,Y,0.654,2024-03,1
701817,2024-03-22,UK Landbridge (Dublin-Holyhead),Nordic Freight Lines,2632.0,1042.08,1,Y,0.396,2024-03,1
704761,2024-03-23,EU Direct (Rosslare-Dunkirk),Atlantic Cargo Ferries,3149.0,2076.45,3,N,0.659,2024-03,0
700589,2024-03-23,UK Landbridge (Dublin-Holyhead),Nordic Freight Lines,1582.0,643.31,1,N,0.407,2024-03,0
702024,2024-03-23,UK Landbridge (Dublin-Holyhead),Celtic Sealink,2028.0,799.41,1,Y,0.394,2024-03,1
701603,2024-03-23,UK Landbridge (Dublin-Holyhead),Celtic Sealink,2753.0,1082.1,1,Y,0.393,2024-03,1
705300,2024-03-23,EU Direct (Rosslare-Dunkirk),Nordic Freight Lines,2440.0,1281.6,2,Y,0.525,2024-03,1
700389,2024-03-23,UK Landbridge (Dublin-Holyhead),Nordic Freight Lines,956.0,390.55,1,Y,0.409,2024-03,1
703288,2024-03-23,EU Direct (Dublin-Cherbourg),Celtic Sealink,2158.0,1268.72,2,N,0.588,2024-03,0
705609,2024-03-23,EU Direct (Rosslare-Dunkirk),Nordic Freight Lines,50.0,26.29,2,Y,0.526,2024-03,1
701047,2024-03-23,UK Landbridge (Dublin-Holyhead),Celtic Sealink,2496.0,964.9,1,Y,0.387,2024-03,1
702588,2024-03-23,UK Landbridge (Dublin-Holyhead),Nordic Freight Lines,1598.0,637.04,1,Y,0.399,2024-03,1
703539,2024-03-23,EU Direct (Dublin-Cherbourg),Atlantic Cargo Ferries,2244.0,1386.16,1,Y,0.618,2024-03,1
704593,2024-03-23,EU Direct (Dublin-Cherbourg),Celtic Sealink,1377.0,782.22,2,Y,0.568,2024-03,1
704504,2024-03-24,EU Direct (Dublin-Cherbourg),Atlantic Cargo Ferries,1454.0,901.18,1,Y,0.62,2024-03,1
705577,2024-03-24,EU Direct (Rosslare-Dunkirk),Atlantic Cargo Ferries,1489.0,875.99,2,Y,0.588,2024-03,1
704484,2024-03-24,EU Direct (Dublin-Cherbourg),Celtic Sealink,1277.0,767.73,2,Y,0.601,2024-03,1
702695,2024-03-24,UK Landbridge (Dublin-Holyhead),Nordic Freight Lines,466.0,175.36,1,Y,0.376,2024-03,1
700990,2024-03-24,UK Landbridge (Dublin-Holyhead),Nordic Freight Lines,1945.0,700.47,1,Y,0.36,2024-03,1
705068,2024-03-24,EU Direct (Rosslare-Dunkirk),Nordic Freight Lines,2197.0,1012.21,3,Y,0.461,2024-03,1
702057,2024-03-25,UK Landbridge (Dublin-Holyhead),Celtic Sealink,1856.0,814.13,1,Y,0.439,2024-03,1
700467,2024-03-25,UK Landbridge (Dublin-Holyhead),Celtic Sealink,1226.0,519.97,1,Y,0.424,2024-03,1
703278,2024-03-25,EU Direct (Dublin-Cherbourg),Atlantic Cargo Ferries,2779.0,1791.26,2,Y,0.645,2024-03,1
700422,2024-03-25,UK Landbridge (Dublin-Holyhead),Nordic Freight Lines,1986.0,813.46,1,Y,0.41,2024-03,1
705007,2024-03-25,EU Direct (Rosslare-Dunkirk),Atlantic Cargo Ferries,1721.0,1132.72,2,Y,0.658,2024-03,1
700671,2024-03-25,UK Landbridge (Dublin-Holyhead),Celtic Sealink,1425.0,588.44,1,Y,0.413,2024-03,1
704832,2024-03-25,EU Direct (Rosslare-Dunkirk),Nordic Freight Lines,3106.0,1536.31,2,Y,0.495,2024-03,1
703846,2024-03-25,EU Direct (Dublin-Cherbourg),Celtic Sealink,1031.0,642.13,3,Y,0.623,2024-03,1
703923,2024-03-25,EU Direct (Dublin-Cherbourg),Atlantic Cargo Ferries,767.0,498.41,2,Y,0.65,2024-03,1
703831,2024-03-25,EU Direct (Dublin-Cherbourg),Celtic Sealink,50.0,29.03,2,Y,0.581,2024-03,1
700225,2024-03-26,UK Landbridge (Dublin-Holyhead),Celtic Sealink,402.0,165.54,1,Y,0.412,2024-03,1
702065,2024-03-26,UK Landbridge (Dublin-Holyhead),Celtic Sealink,914.0,412.23,1,N,0.451,2024-03,0
700711,2024-03-26,UK Landbridge (Dublin-Holyhead),Celtic Sealink,2374.0,960.04,1,Y,0.404,2024-03,1
700427,2024-03-26,UK Landbridge (Dublin-Holyhead),Nordic Freight Lines,807.0,324.81,1,Y,0.402,2024-03,1
701958,2024-03-26,UK Landbridge (Dublin-Holyhead),Nordic Freight Lines,2614.0,1072.8,1,Y,0.41,2024-03,1
703465,2024-03-26,EU Direct (Dublin-Cherbourg),Atlantic Cargo Ferries,898.0,637.26,2,Y,0.71,2024-03,1
704074,2024-03-27,EU Direct (Dublin-Cherbourg),Celtic Sealink,1052.0,625.62,2,N,0.595,2024-03,0
701720,2024-03-27,UK Landbridge (Dublin-Holyhead),Celtic Sealink,1780.0,700.42,1,Y,0.393,2024-03,1
700747,2024-03-27,UK Landbridge (Dublin-Holyhead),Celtic Sealink,2141.0,957.77,1,Y,0.447,2024-03,1
700055,2024-03-27,UK Landbridge (Dublin-Holyhead),Nordic Freight Lines,2249.0,909.18,1,Y,0.404,2024-03,1
703951,2024-03-27,EU Direct (Dublin-Cherbourg),Celtic Sealink,3016.0,1774.79,3,Y,0.588,2024-03,1
704099,2024-03-27,EU Direct (Dublin-Cherbourg),Atlantic Cargo Ferries,1461.0,935.82,3,Y,0.641,2024-03,1
701600,2024-03-28,UK Landbridge (Dublin-Holyhead),Celtic Sealink,1178.0,527.89,1,Y,0.448,2024-03,1
704529,2024-03-28,EU Direct (Dublin-Cherbourg),Celtic Sealink,1568.0,903.48,3,Y,0.576,2024-03,1
701158,2024-03-28,UK Landbridge (Dublin-Holyhead),Nordic Freight Lines,1422.0,552.21,1,Y,0.388,2024-03,1
700676,2024-03-28,UK Landbridge (Dublin-Holyhead),Celtic Sealink,2065.0,840.08,1,Y,0.407,2024-03,1
702761,2024-03-28,UK Landbridge (Dublin-Holyhead),Nordic Freight Lines,2638.0,955.63,1,Y,0.362,2024-03,1
705242,2024-03-28,EU Direct (Rosslare-Dunkirk),Nordic Freight Lines,1067.0,547.34,2,Y,0.513,2024-03,1
700751,2024-03-28,UK Landbridge (Dublin-Holyhead),Nordic Freight Lines,753.0,286.99,1,Y,0.381,2024-03,1
704259,2024-03-28,EU Direct (Dublin-Cherbourg),Celtic Sealink,2351.0,1335.12,3,Y,0.568,2024-03,1
705617,2024-03-28,EU Direct (Rosslare-Dunkirk),Atlantic Cargo Ferries,1739.0,1034.23,2,Y,0.595,2024-03,1
705988,2024-03-28,EU Direct (Rosslare-Dunkirk),Nordic Freight Lines,1464.0,756.65,2,N,0.517,2024-03,0
701946,2024-03-28,UK Landbridge (Dublin-Holyhead),Nordic Freight Lines,1228.0,504.79,1,Y,0.411,2024-03,1
701076,2024-03-28,UK Landbridge (Dublin-Holyhead),Nordic Freight Lines,2094.0,827.13,1,Y,0.395,2024-03,1
704708,2024-03-29,EU Direct (Rosslare-Dunkirk),Atlantic Cargo Ferries,2643.0,1654.67,2,Y,0.626,2024-03,1
703621,2024-03-29,EU Direct (Dublin-Cherbourg),Celtic Sealink,1483.0,819.83,1,Y,0.553,2024-03,1
704290,2024-03-29,EU Direct (Dublin-Cherbourg),Atlantic Cargo Ferries,927.0,649.06,2,Y,0.7,2024-03,1
704105,2024-03-29,EU Direct (Dublin-Cherbourg),Atlantic Cargo Ferries,1756.0,1130.45,2,Y,0.644,2024-03,1
705628,2024-03-29,EU Direct (Rosslare-Dunkirk),Nordic Freight Lines,1741.0,938.75,2,N,0.539,2024-03,0
705771,2024-03-29,EU Direct (Rosslare-Dunkirk),Nordic Freight Lines,1706.0,796.46,3,Y,0.467,2024-03,1
704372,2024-03-29,EU Direct (Dublin-Cherbourg),Celtic Sealink,2288.0,1385.88,2,Y,0.606,2024-03,1
701843,2024-03-29,UK Landbridge (Dublin-Holyhead),Celtic Sealink,1653.0,708.74,1,Y,0.429,2024-03,1
705712,2024-03-30,EU Direct (Rosslare-Dunkirk),Atlantic Cargo Ferries,600.0,357.34,2,Y,0.596,2024-03,1
703735,2024-03-30,EU Direct (Dublin-Cherbourg),Celtic Sealink,2172.0,1183.91,2,Y,0.545,2024-03,1
700036,2024-03-30,UK Landbridge (Dublin-Holyhead),Nordic Freight Lines,2906.0,1162.35,1,Y,0.4,2024-03,1
702565,2024-03-30,UK Landbridge (Dublin-Holyhead),Nordic Freight Lines,2447.0,871.86,1,Y,0.356,2024-03,1
705751,2024-03-30,EU Direct (Rosslare-Dunkirk),Atlantic Cargo Ferries,3262.0,2111.3,2,Y,0.647,2024-03,1
704069,2024-03-30,EU Direct (Dublin-Cherbourg),Celtic Sealink,1306.0,715.26,2,Y,0.548,2024-03,1
702550,2024-03-30,UK Landbridge (Dublin-Holyhead),Celtic Sealink,1038.0,410.66,1,Y,0.396,2024-03,1
703059,2024-03-31,EU Direct (Dublin-Cherbourg),Atlantic Cargo Ferries,1189.0,796.53,1,Y,0.67,2024-03,1
700049,2024-03-31,UK Landbridge (Dublin-Holyhead),Celtic Sealink,1776.0,785.56,1,Y,0.442,2024-03,1
701967,2024-03-31,UK Landbridge (Dublin-Holyhead),Celtic Sealink,3457.0,1437.32,1,Y,0.416,2024-03,1
702163,2024-03-31,UK Landbridge (Dublin-Holyhead),Celtic Sealink,604.0,273.42,1,Y,0.453,2024-03,1
702899,2024-03-31,EU Direct (Dublin-Cherbourg),Atlantic Cargo Ferries,1005.0,648.95,2,Y,0.646,2024-03,1
701352,2024-03-31,UK Landbridge (Dublin-Holyhead),Celtic Sealink,1941.0,861.3,1,Y,0.444,2024-03,1
703384,2024-03-31,EU Direct (Dublin-Cherbourg),Celtic Sealink,924.0,521.83,2,Y,0.565,2024-03,1
701224,2024-03-31,UK Landbridge (Dublin-Holyhead),Nordic Freight Lines,896.0,333.16,1,Y,0.372,2024-03,1
704045,2024-03-31,EU Direct (Dublin-Cherbourg),Atlantic Cargo Ferries,1777.0,1083.55,3,Y,0.61,2024-03,1
705046,2024-03-31,EU Direct (Rosslare-Dunkirk),Atlantic Cargo Ferries,3244.0,2092.04,2,Y,0.645,2024-03,1
702130,2024-04-01,UK Landbridge (Dublin-Holyhead),Celtic Sealink,2567.0,1029.9,1,Y,0.401,2024-04,1
705057,2024-04-01,EU Direct (Rosslare-Dunkirk),Nordic Freight Lines,1614.0,787.55,2,Y,0.488,2024-04,1
702479,2024-04-01,UK Landbridge (Dublin-Holyhead),Nordic Freight Lines,50.0,19.51,1,Y,0.39,2024-04,1
701170,2024-04-01,UK Landbridge (Dublin-Holyhead),Nordic Freight Lines,1332.0,500.34,1,Y,0.376,2024-04,1
705513,2024-04-01,EU Direct (Rosslare-Dunkirk),Nordic Freight Lines,1629.0,753.51,2,Y,0.463,2024-04,1
703540,2024-04-01,EU Direct (Dublin-Cherbourg),Celtic Sealink,1651.0,937.75,2,Y,0.568,2024-04,1
703179,2024-04-01,EU Direct (Dublin-Cherbourg),Celtic Sealink,1714.0,963.81,2,Y,0.562,2024-04,1
700981,2024-04-01,UK Landbridge (Dublin-Holyhead),Celtic Sealink,1113.0,475.13,1,Y,0.427,2024-04,1
700991,2024-04-02,UK Landbridge (Dublin-Holyhead),Nordic Freight Lines,2008.0,734.94,1,Y,0.366,2024-04,1
700551,2024-04-02,UK Landbridge (Dublin-Holyhead),Celtic Sealink,2329.0,1044.94,1,Y,0.449,2024-04,1
701106,2024-04-02,UK Landbridge (Dublin-Holyhead),Celtic Sealink,3128.0,1319.54,1,Y,0.422,2024-04,1
702973,2024-04-02,EU Direct (Dublin-Cherbourg),Atlantic Cargo Ferries,876.0,549.43,1,Y,0.627,2024-04,1
701901,2024-04-02,UK Landbridge (Dublin-Holyhead),Celtic Sealink,2881.0,1304.88,1,Y,0.453,2024-04,1
703840,2024-04-02,EU Direct (Dublin-Cherbourg),Atlantic Cargo Ferries,1461.0,940.25,2,N,0.644,2024-04,0
700109,2024-04-03,UK Landbridge (Dublin-Holyhead),Nordic Freight Lines,2569.0,976.06,1,Y,0.38,2024-04,1
702993,2024-04-03,EU Direct (Dublin-Cherbourg),Celtic Sealink,861.0,484.27,2,Y,0.562,2024-04,1
702873,2024-04-03,UK Landbridge (Dublin-Holyhead),Celtic Sealink,3158.0,1397.24,1,Y,0.442,2024-04,1
703521,2024-04-03,EU Direct (Dublin-Cherbourg),Atlantic Cargo Ferries,2689.0,1796.36,2,Y,0.668,2024-04,1
702920,2024-04-03,EU Direct (Dublin-Cherbourg),Atlantic Cargo Ferries,837.0,557.17,1,Y,0.666,2024-04,1
702826,2024-04-04,UK Landbridge (Dublin-Holyhead),Celtic Sealink,1024.0,419.78,1,Y,0.41,2024-04,1
705997,2024-04-04,EU Direct (Rosslare-Dunkirk),Atlantic Cargo Ferries,2627.0,1771.47,2,Y,0.674,2024-04,1
700259,2024-04-04,UK Landbridge (Dublin-Holyhead),Nordic Freight Lines,2357.0,839.83,1,Y,0.356,2024-04,1
703774,2024-04-04,EU Direct (Dublin-Cherbourg),Atlantic Cargo Ferries,1205.0,760.36,2,Y,0.631,2024-04,1
705592,2024-04-04,EU Direct (Rosslare-Dunkirk),Nordic Freight Lines,2713.0,1454.69,1,N,0.536,2024-04,0
700367,2024-04-04,UK Landbridge (Dublin-Holyhead),Nordic Freight Lines,2418.0,977.63,1,N,0.404,2024-04,0
703788,2024-04-05,EU Direct (Dublin-Cherbourg),Atlantic Cargo Ferries,1290.0,866.98,2,Y,0.672,2024-04,1
701232,2024-04-05,UK Landbridge (Dublin-Holyhead),Celtic Sealink,196.0,84.77,1,Y,0.432,2024-04,1
702379,2024-04-05,UK Landbridge (Dublin-Holyhead),Nordic Freight Lines,1403.0,575.17,1,Y,0.41,2024-04,1
700572,2024-04-05,UK Landbridge (Dublin-Holyhead),Nordic Freight Lines,2501.0,937.53,1,Y,0.375,2024-04,1
700369,2024-04-05,UK Landbridge (Dublin-Holyhead),Nordic Freight Lines,2313.0,862.53,1,Y,0.373,2024-04,1
705290,2024-04-05,EU Direct (Rosslare-Dunkirk),Atlantic Cargo Ferries,1326.0,849.69,2,Y,0.641,2024-04,1
702250,2024-04-05,UK Landbridge (Dublin-Holyhead),Celtic Sealink,1558.0,672.33,1,Y,0.432,2024-04,1
701618,2024-04-05,UK Landbridge (Dublin-Holyhead),Nordic Freight Lines,693.0,267.28,1,Y,0.386,2024-04,1
702234,2024-04-05,UK Landbridge (Dublin-Holyhead),Celtic Sealink,1904.0,834.2,1,Y,0.438,2024-04,1
705696,2024-04-06,EU Direct (Rosslare-Dunkirk),Nordic Freight Lines,1511.0,734.97,2,Y,0.486,2024-04,1
705484,2024-04-06,EU Direct (Rosslare-Dunkirk),Atlantic Cargo Ferries,875.0,541.74,2,Y,0.619,2024-04,1
702613,2024-04-06,UK Landbridge (Dublin-Holyhead),Nordic Freight Lines,1015.0,395.09,1,Y,0.389,2024-04,1
705877,2024-04-06,EU Direct (Rosslare-Dunkirk),Nordic Freight Lines,1513.0,738.18,3,Y,0.488,2024-04,1
703459,2024-04-06,EU Direct (Dublin-Cherbourg),Celtic Sealink,1333.0,756.76,2,Y,0.568,2024-04,1
701122,2024-04-06,UK Landbridge (Dublin-Holyhead),Celtic Sealink,1526.0,688.26,1,Y,0.451,2024-04,1
705783,2024-04-06,EU Direct (Rosslare-Dunkirk),Nordic Freight Lines,3214.0,1510.49,3,Y,0.47,2024-04,1
702225,2024-04-06,UK Landbridge (Dublin-Holyhead),Celtic Sealink,50.0,21.74,1,Y,0.435,2024-04,1
704701,2024-04-06,EU Direct (Rosslare-Dunkirk),Atlantic Cargo Ferries,2500.0,1612.26,3,N,0.645,2024-04,0
701756,2024-04-06,UK Landbridge (Dublin-Holyhead),Nordic Freight Lines,3279.0,1280.34,1,Y,0.39,2024-04,1
701665,2024-04-06,UK Landbridge (Dublin-Holyhead),Nordic Freight Lines,1171.0,481.1,1,Y,0.411,2024-04,1
702507,2024-04-06,UK Landbridge (Dublin-Holyhead),Nordic Freight Lines,2626.0,1029.18,1,Y,0.392,2024-04,1
705470,2024-04-06,EU Direct (Rosslare-Dunkirk),Atlantic Cargo Ferries,1747.0,1092.83,2,Y,0.626,2024-04,1
703057,2024-04-06,EU Direct (Dublin-Cherbourg),Celtic Sealink,2556.0,1545.41,2,Y,0.605,2024-04,1
700002,2024-04-06,UK Landbridge (Dublin-Holyhead),Celtic Sealink,1330.0,562.06,1,Y,0.423,2024-04,1
703147,2024-04-07,EU Direct (Dublin-Cherbourg),Celtic Sealink,1895.0,1125.0,2,Y,0.594,2024-04,1
705109,2024-04-07,EU Direct (Rosslare-Dunkirk),Atlantic Cargo Ferries,1952.0,1159.05,2,Y,0.594,2024-04,1
702326,2024-04-07,UK Landbridge (Dublin-Holyhead),Nordic Freight Lines,1226.0,505.43,1,Y,0.412,2024-04,1
705457,2024-04-07,EU Direct (Rosslare-Dunkirk),Nordic Freight Lines,1758.0,845.52,2,Y,0.481,2024-04,1
702712,2024-04-07,UK Landbridge (Dublin-Holyhead),Celtic Sealink,965.0,381.56,1,Y,0.395,2024-04,1
700640,2024-04-07,UK Landbridge (Dublin-Holyhead),Nordic Freight Lines,1168.0,471.77,1,Y,0.404,2024-04,1
704039,2024-04-07,EU Direct (Dublin-Cherbourg),Celtic Sealink,245.0,149.63,2,Y,0.611,2024-04,1
703197,2024-04-07,EU Direct (Dublin-Cherbourg),Atlantic Cargo Ferries,671.0,468.41,2,Y,0.698,2024-04,1
700307,2024-04-07,UK Landbridge (Dublin-Holyhead),Celtic Sealink,1258.0,550.48,1,Y,0.438,2024-04,1
700614,2024-04-07,UK Landbridge (Dublin-Holyhead),Celtic Sealink,381.0,157.91,1,Y,0.414,2024-04,1
705336,2024-04-07,EU Direct (Rosslare-Dunkirk),Atlantic Cargo Ferries,2150.0,1264.43,2,Y,0.588,2024-04,1
702300,2024-04-07,UK Landbridge (Dublin-Holyhead),Nordic Freight Lines,707.0,262.68,1,Y,0.372,2024-04,1
705274,2024-04-07,EU Direct (Rosslare-Dunkirk),Nordic Freight Lines,2422.0,1288.32,2,Y,0.532,2024-04,1
702296,2024-04-07,UK Landbridge (Dublin-Holyhead),Nordic Freight Lines,1429.0,556.8,1,Y,0.39,2024-04,1
703571,2024-04-08,EU Direct (Dublin-Cherbourg),Atlantic Cargo Ferries,1648.0,1006.12,1,Y,0.611,2024-04,1
700208,2024-04-08,UK Landbridge (Dublin-Holyhead),Nordic Freight Lines,1781.0,644.41,1,Y,0.362,2024-04,1
700647,2024-04-08,UK Landbridge (Dublin-Holyhead),Celtic Sealink,3922.0,1585.03,1,Y,0.404,2024-04,1
700050,2024-04-08,UK Landbridge (Dublin-Holyhead),Celtic Sealink,2214.0,991.08,2,N,0.448,2024-04,0
704240,2024-04-08,EU Direct (Dublin-Cherbourg),Atlantic Cargo Ferries,1402.0,936.44,2,Y,0.668,2024-04,1
705324,2024-04-08,EU Direct (Rosslare-Dunkirk),Nordic Freight Lines,541.0,263.34,2,N,0.487,2024-04,0
705037,2024-04-08,EU Direct (Rosslare-Dunkirk),Nordic Freight Lines,2333.0,1189.92,2,Y,0.51,2024-04,1
703212,2024-04-08,EU Direct (Dublin-Cherbourg),Celtic Sealink,1483.0,842.03,2,Y,0.568,2024-04,1
702785,2024-04-08,UK Landbridge (Dublin-Holyhead),Celtic Sealink,1570.0,707.72,1,Y,0.451,2024-04,1
702076,2024-04-09,UK Landbridge (Dublin-Holyhead),Nordic Freight Lines,2141.0,845.75,1,Y,0.395,2024-04,1
701325,2024-04-09,UK Landbridge (Dublin-Holyhead),Celtic Sealink,50.0,22.52,1,Y,0.45,2024-04,1
700053,2024-04-09,UK Landbridge (Dublin-Holyhead),Celtic Sealink,1331.0,560.39,1,Y,0.421,2024-04,1
703058,2024-04-09,EU Direct (Dublin-Cherbourg),Atlantic Cargo Ferries,210.0,135.46,1,Y,0.645,2024-04,1
702863,2024-04-09,UK Landbridge (Dublin-Holyhead),Celtic Sealink,1359.0,566.79,1,N,0.417,2024-04,0
703165,2024-04-09,EU Direct (Dublin-Cherbourg),Celtic Sealink,1477.0,831.77,2,Y,0.563,2024-04,1
701479,2024-04-09,UK Landbridge (Dublin-Holyhead),Celtic Sealink,3207.0,1393.35,1,Y,0.434,2024-04,1
700689,2024-04-09,UK Landbridge (Dublin-Holyhead),Nordic Freight Lines,821.0,326.86,1,Y,0.398,2024-04,1
704072,2024-04-09,EU Direct (Dublin-Cherbourg),Atlantic Cargo Ferries,297.0,211.07,2,Y,0.711,2024-04,1
705924,2024-04-10,EU Direct (Rosslare-Dunkirk),Atlantic Cargo Ferries,2092.0,1370.73,2,Y,0.655,2024-04,1
704928,2024-04-10,EU Direct (Rosslare-Dunkirk),Nordic Freight Lines,2628.0,1230.14,2,Y,0.468,2024-04,1
700882,2024-04-10,UK Landbridge (Dublin-Holyhead),Nordic Freight Lines,828.0,293.99,1,N,0.355,2024-04,0
702084,2024-04-10,UK Landbridge (Dublin-Holyhead),Nordic Freight Lines,656.0,246.95,1,Y,0.376,2024-04,1
700349,2024-04-10,UK Landbridge (Dublin-Holyhead),Nordic Freight Lines,575.0,217.81,1,Y,0.379,2024-04,1
704558,2024-04-10,EU Direct (Dublin-Cherbourg),Atlantic Cargo Ferries,701.0,433.14,2,Y,0.618,2024-04,1
704253,2024-04-10,EU Direct (Dublin-Cherbourg),Celtic Sealink,1952.0,1114.85,3,Y,0.571,2024-04,1
704357,2024-04-11,EU Direct (Dublin-Cherbourg),Atlantic Cargo Ferries,3066.0,2023.05,3,Y,0.66,2024-04,1
702165,2024-04-11,UK Landbridge (Dublin-Holyhead),Nordic Freight Lines,2079.0,747.39,1,Y,0.359,2024-04,1
704824,2024-04-11,EU Direct (Rosslare-Dunkirk),Nordic Freight Lines,2303.0,1244.13,2,Y,0.54,2024-04,1
701003,2024-04-11,UK Landbridge (Dublin-Holyhead),Nordic Freight Lines,1964.0,771.06,1,Y,0.393,2024-04,1
705299,2024-04-11,EU Direct (Rosslare-Dunkirk),Atlantic Cargo Ferries,2607.0,1762.24,2,Y,0.676,2024-04,1
704774,2024-04-11,EU Direct (Rosslare-Dunkirk),Nordic Freight Lines,2777.0,1495.91,1,Y,0.539,2024-04,1
701737,2024-04-11,UK Landbridge (Dublin-Holyhead),Celtic Sealink,2445.0,1081.89,1,Y,0.442,2024-04,1
703262,2024-04-11,EU Direct (Dublin-Cherbourg),Celtic Sealink,652.0,392.07,2,Y,0.601,2024-04,1
704717,2024-04-11,EU Direct (Rosslare-Dunkirk),Nordic Freight Lines,790.0,383.31,3,Y,0.485,2024-04,1
701788,2024-04-11,UK Landbridge (Dublin-Holyhead),Nordic Freight Lines,2121.0,818.2,1,Y,0.386,2024-04,1
703739,2024-04-12,EU Direct (Dublin-Cherbourg),Celtic Sealink,2761.0,1614.52,2,Y,0.585,2024-04,1
705410,2024-04-12,EU Direct (Rosslare-Dunkirk),Nordic Freight Lines,1245.0,594.35,3,Y,0.477,2024-04,1
704162,2024-04-12,EU Direct (Dublin-Cherbourg),Celtic Sealink,2269.0,1229.07,2,Y,0.542,2024-04,1
703572,2024-04-12,EU Direct (Dublin-Cherbourg),Atlantic Cargo Ferries,3177.0,1945.27,1,Y,0.612,2024-04,1
704437,2024-04-12,EU Direct (Dublin-Cherbourg),Atlantic Cargo Ferries,2070.0,1378.22,2,Y,0.666,2024-04,1
704705,2024-04-13,EU Direct (Rosslare-Dunkirk),Atlantic Cargo Ferries,1091.0,710.55,2,Y,0.651,2024-04,1
704627,2024-04-13,EU Direct (Rosslare-Dunkirk),Atlantic Cargo Ferries,1606.0,962.24,2,Y,0.599,2024-04,1
704101,2024-04-13,EU Direct (Dublin-Cherbourg),Atlantic Cargo Ferries,473.0,316.65,2,Y,0.669,2024-04,1
705206,2024-04-13,EU Direct (Rosslare-Dunkirk),Atlantic Cargo Ferries,2101.0,1295.04,3,Y,0.616,2024-04,1
704620,2024-04-13,EU Direct (Rosslare-Dunkirk),Nordic Freight Lines,1115.0,524.73,2,Y,0.471,2024-04,1
702104,2024-04-13,UK Landbridge (Dublin-Holyhead),Nordic Freight Lines,2018.0,813.89,1,N,0.403,2024-04,0
703393,2024-04-13,EU Direct (Dublin-Cherbourg),Atlantic Cargo Ferries,410.0,286.29,2,Y,0.698,2024-04,1
704338,2024-04-13,EU Direct (Dublin-Cherbourg),Atlantic Cargo Ferries,940.0,574.36,2,N,0.611,2024-04,0
705740,2024-04-13,EU Direct (Rosslare-Dunkirk),Atlantic Cargo Ferries,2223.0,1381.58,2,Y,0.621,2024-04,1
705838,2024-04-14,EU Direct (Rosslare-Dunkirk),Nordic Freight Lines,2233.0,1029.66,2,Y,0.461,2024-04,1
704571,2024-04-14,EU Direct (Dublin-Cherbourg),Celtic Sealink,1912.0,1105.79,2,Y,0.578,2024-04,1
705139,2024-04-14,EU Direct (Rosslare-Dunkirk),Atlantic Cargo Ferries,1329.0,892.5,1,Y,0.672,2024-04,1
704781,2024-04-14,EU Direct (Rosslare-Dunkirk),Atlantic Cargo Ferries,2574.0,1730.99,3,Y,0.672,2024-04,1
704217,2024-04-14,EU Direct (Dublin-Cherbourg),Atlantic Cargo Ferries,2388.0,1585.38,1,Y,0.664,2024-04,1
702491,2024-04-14,UK Landbridge (Dublin-Holyhead),Celtic Sealink,2106.0,924.37,1,Y,0.439,2024-04,1
703464,2024-04-14,EU Direct (Dublin-Cherbourg),Celtic Sealink,1332.0,786.48,2,Y,0.59,2024-04,1
703107,2024-04-14,EU Direct (Dublin-Cherbourg),Atlantic Cargo Ferries,829.0,527.9,2,Y,0.637,2024-04,1
705417,2024-04-15,EU Direct (Rosslare-Dunkirk),Nordic Freight Lines,1589.0,804.9,2,Y,0.507,2024-04,1
701797,2024-04-15,UK Landbridge (Dublin-Holyhead),Celtic Sealink,1809.0,794.34,1,Y,0.439,2024-04,1
705714,2024-04-15,EU Direct (Rosslare-Dunkirk),Atlantic Cargo Ferries,577.0,367.38,2,N,0.637,2024-04,0
705674,2024-04-15,EU Direct (Rosslare-Dunkirk),Atlantic Cargo Ferries,701.0,428.75,1,Y,0.612,2024-04,1
705014,2024-04-15,EU Direct (Rosslare-Dunkirk),Atlantic Cargo Ferries,2542.0,1556.02,2,Y,0.612,2024-04,1
704096,2024-04-15,EU Direct (Dublin-Cherbourg),Celtic Sealink,1549.0,952.89,2,N,0.615,2024-04,0
705613,2024-04-16,EU Direct (Rosslare-Dunkirk),Atlantic Cargo Ferries,2289.0,1425.28,2,Y,0.623,2024-04,1
701766,2024-04-16,UK Landbridge (Dublin-Holyhead),Celtic Sealink,2449.0,1092.96,1,Y,0.446,2024-04,1
702529,2024-04-16,UK Landbridge (Dublin-Holyhead),Celtic Sealink,2020.0,873.05,1,Y,0.432,2024-04,1
705881,2024-04-16,EU Direct (Rosslare-Dunkirk),Atlantic Cargo Ferries,2445.0,1488.58,2,Y,0.609,2024-04,1
704642,2024-04-16,EU Direct (Rosslare-Dunkirk),Nordic Freight Lines,2499.0,1160.46,1,Y,0.464,2024-04,1
702660,2024-04-16,UK Landbridge (Dublin-Holyhead),Nordic Freight Lines,819.0,322.24,1,Y,0.393,2024-04,1
701029,2024-04-17,UK Landbridge (Dublin-Holyhead),Nordic Freight Lines,1038.0,381.5,1,Y,0.368,2024-04,1
704534,2024-04-17,EU Direct (Dublin-Cherbourg),Celtic Sealink,527.0,308.24,2,Y,0.585,2024-04,1
700460,2024-04-17,UK Landbridge (Dublin-Holyhead),Nordic Freight Lines,1900.0,687.3,1,Y,0.362,2024-04,1
705994,2024-04-17,EU Direct (Rosslare-Dunkirk),Nordic Freight Lines,2678.0,1406.03,2,N,0.525,2024-04,0
700881,2024-04-18,UK Landbridge (Dublin-Holyhead),Nordic Freight Lines,1160.0,451.88,1,Y,0.39,2024-04,1
704546,2024-04-18,EU Direct (Dublin-Cherbourg),Celtic Sealink,1650.0,1009.55,2,Y,0.612,2024-04,1
705352,2024-04-18,EU Direct (Rosslare-Dunkirk),Nordic Freight Lines,1115.0,550.37,2,Y,0.494,2024-04,1
702288,2024-04-18,UK Landbridge (Dublin-Holyhead),Nordic Freight Lines,3018.0,1137.72,1,Y,0.377,2024-04,1
705414,2024-04-18,EU Direct (Rosslare-Dunkirk),Atlantic Cargo Ferries,2234.0,1509.88,2,Y,0.676,2024-04,1
705587,2024-04-18,EU Direct (Rosslare-Dunkirk),Atlantic Cargo Ferries,2616.0,1706.32,2,Y,0.652,2024-04,1
703480,2024-04-18,EU Direct (Dublin-Cherbourg),Atlantic Cargo Ferries,1571.0,1052.02,2,Y,0.67,2024-04,1
705525,2024-04-18,EU Direct (Rosslare-Dunkirk),Nordic Freight Lines,1277.0,675.28,2,Y,0.529,2024-04,1
702544,2024-04-18,UK Landbridge (Dublin-Holyhead),Celtic Sealink,1587.0,639.02,1,Y,0.403,2024-04,1
704245,2024-04-19,EU Direct (Dublin-Cherbourg),Atlantic Cargo Ferries,1240.0,798.39,2,Y,0.644,2024-04,1
705724,2024-04-19,EU Direct (Rosslare-Dunkirk),Atlantic Cargo Ferries,4134.0,2708.71,2,N,0.655,2024-04,0
701776,2024-04-19,UK Landbridge (Dublin-Holyhead),Celtic Sealink,2869.0,1121.17,1,Y,0.391,2024-04,1
705428,2024-04-19,EU Direct (Rosslare-Dunkirk),Nordic Freight Lines,2264.0,1177.95,2,Y,0.52,2024-04,1
702672,2024-04-20,UK Landbridge (Dublin-Holyhead),Celtic Sealink,2783.0,1174.81,2,Y,0.422,2024-04,1
701840,2024-04-20,UK Landbridge (Dublin-Holyhead),Celtic Sealink,1793.0,755.1,1,Y,0.421,2024-04,1
702746,2024-04-20,UK Landbridge (Dublin-Holyhead),Nordic Freight Lines,1364.0,493.13,1,Y,0.362,2024-04,1
704700,2024-04-20,EU Direct (Rosslare-Dunkirk),Atlantic Cargo Ferries,1522.0,910.28,2,Y,0.598,2024-04,1
705211,2024-04-21,EU Direct (Rosslare-Dunkirk),Nordic Freight Lines,1225.0,571.0,3,Y,0.466,2024-04,1
702670,2024-04-21,UK Landbridge (Dublin-Holyhead),Nordic Freight Lines,2266.0,889.06,1,Y,0.392,2024-04,1
701126,2024-04-21,UK Landbridge (Dublin-Holyhead),Celtic Sealink,2413.0,1030.6,1,N,0.427,2024-04,0
701209,2024-04-22,UK Landbridge (Dublin-Holyhead),Celtic Sealink,936.0,380.57,1,Y,0.407,2024-04,1
704772,2024-04-22,EU Direct (Rosslare-Dunkirk),Atlantic Cargo Ferries,417.0,280.5,1,Y,0.673,2024-04,1
700465,2024-04-22,UK Landbridge (Dublin-Holyhead),Celtic Sealink,2772.0,1107.6,1,Y,0.4,2024-04,1
701577,2024-04-22,UK Landbridge (Dublin-Holyhead),Celtic Sealink,2066.0,913.32,1,Y,0.442,2024-04,1
701637,2024-04-22,UK Landbridge (Dublin-Holyhead),Celtic Sealink,1398.0,570.2,1,Y,0.408,2024-04,1
704091,2024-04-22,EU Direct (Dublin-Cherbourg),Atlantic Cargo Ferries,1827.0,1211.8,2,Y,0.663,2024-04,1
700866,2024-04-22,UK Landbridge (Dublin-Holyhead),Celtic Sealink,1828.0,824.49,1,Y,0.451,2024-04,1
704470,2024-04-22,EU Direct (Dublin-Cherbourg),Celtic Sealink,1970.0,1141.13,2,Y,0.579,2024-04,1
702484,2024-04-22,UK Landbridge (Dublin-Holyhead),Nordic Freight Lines,629.0,232.79,1,Y,0.37,2024-04,1
704187,2024-04-23,EU Direct (Dublin-Cherbourg),Atlantic Cargo Ferries,1870.0,1248.86,2,Y,0.668,2024-04,1
700697,2024-04-23,UK Landbridge (Dublin-Holyhead),Celtic Sealink,1749.0,786.75,1,Y,0.45,2024-04,1
702437,2024-04-23,UK Landbridge (Dublin-Holyhead),Nordic Freight Lines,1158.0,417.01,1,Y,0.36,2024-04,1
700962,2024-04-23,UK Landbridge (Dublin-Holyhead),Celtic Sealink,1841.0,829.69,2,Y,0.451,2024-04,1
703009,2024-04-23,EU Direct (Dublin-Cherbourg),Celtic Sealink,1166.0,715.34,2,Y,0.613,2024-04,1
704128,2024-04-23,EU Direct (Dublin-Cherbourg),Celtic Sealink,766.0,411.03,2,Y,0.537,2024-04,1
702762,2024-04-23,UK Landbridge (Dublin-Holyhead),Celtic Sealink,3471.0,1479.45,1,Y,0.426,2024-04,1
701077,2024-04-23,UK Landbridge (Dublin-Holyhead),Nordic Freight Lines,1412.0,500.76,1,Y,0.355,2024-04,1
700894,2024-04-23,UK Landbridge (Dublin-Holyhead),Celtic Sealink,3114.0,1303.37,1,Y,0.419,2024-04,1
700592,2024-04-24,UK Landbridge (Dublin-Holyhead),Celtic Sealink,1474.0,591.11,1,Y,0.401,2024-04,1
702169,2024-04-24,UK Landbridge (Dublin-Holyhead),Celtic Sealink,436.0,176.47,1,Y,0.405,2024-04,1
700133,2024-04-24,UK Landbridge (Dublin-Holyhead),Celtic Sealink,1287.0,535.39,1,Y,0.416,2024-04,1
705796,2024-04-24,EU Direct (Rosslare-Dunkirk),Nordic Freight Lines,3311.0,1758.48,2,Y,0.531,2024-04,1
704473,2024-04-24,EU Direct (Dublin-Cherbourg),Atlantic Cargo Ferries,257.0,158.82,2,Y,0.618,2024-04,1
703801,2024-04-24,EU Direct (Dublin-Cherbourg),Atlantic Cargo Ferries,196.0,125.93,2,N,0.643,2024-04,0
702015,2024-04-24,UK Landbridge (Dublin-Holyhead),Nordic Freight Lines,1761.0,698.06,1,N,0.396,2024-04,0
701302,2024-04-24,UK Landbridge (Dublin-Holyhead),Celtic Sealink,1508.0,680.97,1,Y,0.452,2024-04,1
701871,2024-04-24,UK Landbridge (Dublin-Holyhead),Celtic Sealink,903.0,406.63,1,Y,0.45,2024-04,1
701249,2024-04-25,UK Landbridge (Dublin-Holyhead),Nordic Freight Lines,3400.0,1277.25,1,Y,0.376,2024-04,1
700334,2024-04-25,UK Landbridge (Dublin-Holyhead),Nordic Freight Lines,1373.0,517.63,1,Y,0.377,2024-04,1
702340,2024-04-25,UK Landbridge (Dublin-Holyhead),Nordic Freight Lines,1654.0,663.27,1,N,0.401,2024-04,0
705081,2024-04-25,EU Direct (Rosslare-Dunkirk),Nordic Freight Lines,2552.0,1229.21,1,Y,0.482,2024-04,1
702143,2024-04-25,UK Landbridge (Dublin-Holyhead),Celtic Sealink,2363.0,976.69,1,Y,0.413,2024-04,1
701355,2024-04-25,UK Landbridge (Dublin-Holyhead),Nordic Freight Lines,880.0,351.94,1,Y,0.4,2024-04,1
703766,2024-04-25,EU Direct (Dublin-Cherbourg),Celtic Sealink,1739.0,1006.99,2,Y,0.579,2024-04,1
700388,2024-04-25,UK Landbridge (Dublin-Holyhead),Nordic Freight Lines,1729.0,701.36,1,Y,0.406,2024-04,1
704664,2024-04-25,EU Direct (Rosslare-Dunkirk),Nordic Freight Lines,3017.0,1396.0,2,Y,0.463,2024-04,1
702281,2024-04-25,UK Landbridge (Dublin-Holyhead),Nordic Freight Lines,2477.0,921.6,1,Y,0.372,2024-04,1
702049,2024-04-25,UK Landbridge (Dublin-Holyhead),Nordic Freight Lines,2319.0,947.31,1,Y,0.408,2024-04,1
702610,2024-04-25,UK Landbridge (Dublin-Holyhead),Nordic Freight Lines,1347.0,541.05,1,Y,0.402,2024-04,1
701201,2024-04-26,UK Landbridge (Dublin-Holyhead),Celtic Sealink,1813.0,731.68,1,Y,0.404,2024-04,1
701676,2024-04-26,UK Landbridge (Dublin-Holyhead),Nordic Freight Lines,2608.0,1001.01,2,Y,0.384,2024-04,1
702733,2024-04-26,UK Landbridge (Dublin-Holyhead),Nordic Freight Lines,2436.0,971.88,1,Y,0.399,2024-04,1
705473,2024-04-26,EU Direct (Rosslare-Dunkirk),Nordic Freight Lines,2880.0,1341.94,2,Y,0.466,2024-04,1
704704,2024-04-26,EU Direct (Rosslare-Dunkirk),Nordic Freight Lines,4424.0,2047.43,2,Y,0.463,2024-04,1
702286,2024-04-26,UK Landbridge (Dublin-Holyhead),Nordic Freight Lines,787.0,313.64,1,Y,0.399,2024-04,1
704432,2024-04-26,EU Direct (Dublin-Cherbourg),Atlantic Cargo Ferries,2244.0,1395.0,2,Y,0.622,2024-04,1
703866,2024-04-26,EU Direct (Dublin-Cherbourg),Atlantic Cargo Ferries,2834.0,1779.98,2,Y,0.628,2024-04,1
704332,2024-04-26,EU Direct (Dublin-Cherbourg),Celtic Sealink,1081.0,625.63,2,Y,0.579,2024-04,1
700995,2024-04-26,UK Landbridge (Dublin-Holyhead),Nordic Freight Lines,2725.0,1113.31,1,Y,0.409,2024-04,1
704349,2024-04-26,EU Direct (Dublin-Cherbourg),Atlantic Cargo Ferries,2245.0,1528.47,2,N,0.681,2024-04,0
700554,2024-04-27,UK Landbridge (Dublin-Holyhead),Celtic Sealink,1673.0,652.87,1,Y,0.39,2024-04,1
700191,2024-04-27,UK Landbridge (Dublin-Holyhead),Celtic Sealink,2118.0,959.83,1,Y,0.453,2024-04,1
700136,2024-04-27,UK Landbridge (Dublin-Holyhead),Celtic Sealink,2775.0,1173.56,1,Y,0.423,2024-04,1
705595,2024-04-27,EU Direct (Rosslare-Dunkirk),Nordic Freight Lines,1327.0,638.15,2,Y,0.481,2024-04,1
704515,2024-04-27,EU Direct (Dublin-Cherbourg),Celtic Sealink,1789.0,956.6,2,Y,0.535,2024-04,1
700338,2024-04-27,UK Landbridge (Dublin-Holyhead),Celtic Sealink,1856.0,758.09,1,Y,0.408,2024-04,1
701123,2024-04-27,UK Landbridge (Dublin-Holyhead),Celtic Sealink,1605.0,684.92,2,Y,0.427,2024-04,1
700226,2024-04-28,UK Landbridge (Dublin-Holyhead),Celtic Sealink,2613.0,1155.69,1,Y,0.442,2024-04,1
705367,2024-04-28,EU Direct (Rosslare-Dunkirk),Atlantic Cargo Ferries,2131.0,1265.36,1,Y,0.594,2024-04,1
703593,2024-04-28,EU Direct (Dublin-Cherbourg),Celtic Sealink,1058.0,613.44,1,Y,0.58,2024-04,1
705346,2024-04-28,EU Direct (Rosslare-Dunkirk),Nordic Freight Lines,1720.0,871.47,2,Y,0.507,2024-04,1
701321,2024-04-28,UK Landbridge (Dublin-Holyhead),Celtic Sealink,1161.0,520.62,1,N,0.448,2024-04,0
705407,2024-04-28,EU Direct (Rosslare-Dunkirk),Atlantic Cargo Ferries,2051.0,1185.18,1,Y,0.578,2024-04,1
703303,2024-04-28,EU Direct (Dublin-Cherbourg),Celtic Sealink,1153.0,682.57,2,Y,0.592,2024-04,1
701153,2024-04-29,UK Landbridge (Dublin-Holyhead),Nordic Freight Lines,2161.0,772.36,1,Y,0.357,2024-04,1
703361,2024-04-29,EU Direct (Dublin-Cherbourg),Atlantic Cargo Ferries,633.0,420.79,3,Y,0.665,2024-04,1
700837,2024-04-29,UK Landbridge (Dublin-Holyhead),Celtic Sealink,958.0,383.65,1,Y,0.4,2024-04,1
705865,2024-04-29,EU Direct (Rosslare-Dunkirk),Nordic Freight Lines,3090.0,1444.83,2,Y,0.468,2024-04,1
702936,2024-04-29,EU Direct (Dublin-Cherbourg),Celtic Sealink,722.0,417.75,2,Y,0.579,2024-04,1
700664,2024-04-29,UK Landbridge (Dublin-Holyhead),Celtic Sealink,2192.0,975.29,1,Y,0.445,2024-04,1
702819,2024-04-29,UK Landbridge (Dublin-Holyhead),Celtic Sealink,690.0,275.42,1,Y,0.399,2024-04,1
704455,2024-04-29,EU Direct (Dublin-Cherbourg),Celtic Sealink,3406.0,1842.06,2,Y,0.541,2024-04,1
703422,2024-04-30,EU Direct (Dublin-Cherbourg),Celtic Sealink,3789.0,2037.59,2,Y,0.538,2024-04,1
701260,2024-04-30,UK Landbridge (Dublin-Holyhead),Celtic Sealink,1831.0,718.33,1,Y,0.392,2024-04,1
700961,2024-04-30,UK Landbridge (Dublin-Holyhead),Nordic Freight Lines,2818.0,1138.67,1,Y,0.404,2024-04,1
701246,2024-04-30,UK Landbridge (Dublin-Holyhead),Nordic Freight Lines,2483.0,974.14,1,Y,0.392,2024-04,1
703010,2024-04-30,EU Direct (Dublin-Cherbourg),Atlantic Cargo Ferries,2121.0,1467.8,2,Y,0.692,2024-04,1
702231,2024-04-30,UK Landbridge (Dublin-Holyhead),Nordic Freight Lines,3144.0,1237.07,1,Y,0.393,2024-04,1
701910,2024-04-30,UK Landbridge (Dublin-Holyhead),Nordic Freight Lines,1434.0,538.28,1,Y,0.375,2024-04,1
705537,2024-05-01,EU Direct (Rosslare-Dunkirk),Nordic Freight Lines,1415.0,657.83,2,Y,0.465,2024-05,1
702956,2024-05-01,EU Direct (Dublin-Cherbourg),Atlantic Cargo Ferries,2522.0,1681.09,2,Y,0.667,2024-05,1
705195,2024-05-01,EU Direct (Rosslare-Dunkirk),Nordic Freight Lines,1524.0,777.48,2,Y,0.51,2024-05,1
705275,2024-05-01,EU Direct (Rosslare-Dunkirk),Atlantic Cargo Ferries,2473.0,1513.52,2,Y,0.612,2024-05,1
705975,2024-05-01,EU Direct (Rosslare-Dunkirk),Nordic Freight Lines,1300.0,630.45,2,Y,0.485,2024-05,1
705406,2024-05-01,EU Direct (Rosslare-Dunkirk),Atlantic Cargo Ferries,2075.0,1257.08,2,Y,0.606,2024-05,1
704129,2024-05-01,EU Direct (Dublin-Cherbourg),Celtic Sealink,50.0,30.62,2,Y,0.612,2024-05,1
705848,2024-05-01,EU Direct (Rosslare-Dunkirk),Nordic Freight Lines,3041.0,1607.19,2,Y,0.529,2024-05,1
703601,2024-05-01,EU Direct (Dublin-Cherbourg),Atlantic Cargo Ferries,1677.0,1161.36,2,N,0.693,2024-05,0
702467,2024-05-02,UK Landbridge (Dublin-Holyhead),Celtic Sealink,725.0,312.52,1,Y,0.431,2024-05,1
701592,2024-05-02,UK Landbridge (Dublin-Holyhead),Nordic Freight Lines,1873.0,757.93,1,Y,0.405,2024-05,1
700073,2024-05-02,UK Landbridge (Dublin-Holyhead),Celtic Sealink,219.0,96.95,1,Y,0.443,2024-05,1
701861,2024-05-02,UK Landbridge (Dublin-Holyhead),Celtic Sealink,1074.0,478.27,1,Y,0.445,2024-05,1
703073,2024-05-02,EU Direct (Dublin-Cherbourg),Atlantic Cargo Ferries,2597.0,1822.63,2,Y,0.702,2024-05,1
700209,2024-05-02,UK Landbridge (Dublin-Holyhead),Nordic Freight Lines,1322.0,494.83,1,Y,0.374,2024-05,1
705110,2024-05-02,EU Direct (Rosslare-Dunkirk),Nordic Freight Lines,1580.0,755.26,2,Y,0.478,2024-05,1
701182,2024-05-02,UK Landbridge (Dublin-Holyhead),Nordic Freight Lines,1851.0,672.55,1,Y,0.363,2024-05,1
704361,2024-05-02,EU Direct (Dublin-Cherbourg),Atlantic Cargo Ferries,2571.0,1716.12,3,Y,0.667,2024-05,1
703526,2024-05-03,EU Direct (Dublin-Cherbourg),Atlantic Cargo Ferries,2504.0,1664.7,2,Y,0.665,2024-05,1
700596,2024-05-03,UK Landbridge (Dublin-Holyhead),Celtic Sealink,804.0,333.81,1,Y,0.415,2024-05,1
702627,2024-05-03,UK Landbridge (Dublin-Holyhead),Nordic Freight Lines,3091.0,1230.08,1,Y,0.398,2024-05,1
701364,2024-05-03,UK Landbridge (Dublin-Holyhead),Nordic Freight Lines,3901.0,1375.74,2,N,0.353,2024-05,0
703545,2024-05-03,EU Direct (Dublin-Cherbourg),Celtic Sealink,487.0,263.49,2,Y,0.541,2024-05,1
700235,2024-05-03,UK Landbridge (Dublin-Holyhead),Nordic Freight Lines,2103.0,761.12,1,N,0.362,2024-05,0
700659,2024-05-03,UK Landbridge (Dublin-Holyhead),Nordic Freight Lines,2722.0,1054.66,1,N,0.387,2024-05,0
704393,2024-05-03,EU Direct (Dublin-Cherbourg),Atlantic Cargo Ferries,2850.0,1892.58,2,Y,0.664,2024-05,1
705687,2024-05-03,EU Direct (Rosslare-Dunkirk),Atlantic Cargo Ferries,1752.0,1181.99,2,N,0.675,2024-05,0
705029,2024-05-04,EU Direct (Rosslare-Dunkirk),Atlantic Cargo Ferries,614.0,373.62,2,Y,0.609,2024-05,1
705862,2024-05-04,EU Direct (Rosslare-Dunkirk),Nordic Freight Lines,3534.0,1658.82,2,N,0.469,2024-05,0
701411,2024-05-04,UK Landbridge (Dublin-Holyhead),Celtic Sealink,3448.0,1471.63,1,Y,0.427,2024-05,1
704955,2024-05-04,EU Direct (Rosslare-Dunkirk),Nordic Freight Lines,2656.0,1261.5,1,Y,0.475,2024-05,1
700752,2024-05-04,UK Landbridge (Dublin-Holyhead),Celtic Sealink,1278.0,541.93,1,Y,0.424,2024-05,1
703142,2024-05-04,EU Direct (Dublin-Cherbourg),Atlantic Cargo Ferries,2122.0,1389.48,2,Y,0.655,2024-05,1
703315,2024-05-05,EU Direct (Dublin-Cherbourg),Atlantic Cargo Ferries,2322.0,1564.15,2,Y,0.674,2024-05,1
700848,2024-05-05,UK Landbridge (Dublin-Holyhead),Nordic Freight Lines,1323.0,530.99,1,Y,0.401,2024-05,1
705695,2024-05-05,EU Direct (Rosslare-Dunkirk),Atlantic Cargo Ferries,2910.0,1964.49,2,Y,0.675,2024-05,1
701547,2024-05-05,UK Landbridge (Dublin-Holyhead),Nordic Freight Lines,1578.0,589.84,1,Y,0.374,2024-05,1
700433,2024-05-05,UK Landbridge (Dublin-Holyhead),Celtic Sealink,966.0,382.69,1,Y,0.396,2024-05,1
701332,2024-05-05,UK Landbridge (Dublin-Holyhead),Nordic Freight Lines,779.0,291.07,1,N,0.374,2024-05,0
704139,2024-05-06,EU Direct (Dublin-Cherbourg),Celtic Sealink,2867.0,1603.69,3,Y,0.559,2024-05,1
703240,2024-05-06,EU Direct (Dublin-Cherbourg),Celtic Sealink,1707.0,987.7,2,Y,0.579,2024-05,1
705396,2024-05-06,EU Direct (Rosslare-Dunkirk),Atlantic Cargo Ferries,2095.0,1314.42,3,Y,0.627,2024-05,1
703585,2024-05-06,EU Direct (Dublin-Cherbourg),Celtic Sealink,1041.0,620.61,2,Y,0.596,2024-05,1
704150,2024-05-06,EU Direct (Dublin-Cherbourg),Atlantic Cargo Ferries,1707.0,1118.68,2,Y,0.655,2024-05,1
703161,2024-05-06,EU Direct (Dublin-Cherbourg),Celtic Sealink,2181.0,1312.19,2,Y,0.602,2024-05,1
705219,2024-05-06,EU Direct (Rosslare-Dunkirk),Atlantic Cargo Ferries,1214.0,748.96,2,Y,0.617,2024-05,1
705022,2024-05-06,EU Direct (Rosslare-Dunkirk),Nordic Freight Lines,4100.0,1906.63,2,Y,0.465,2024-05,1
701290,2024-05-06,UK Landbridge (Dublin-Holyhead),Nordic Freight Lines,2117.0,775.2,1,Y,0.366,2024-05,1
703816,2024-05-06,EU Direct (Dublin-Cherbourg),Atlantic Cargo Ferries,53.0,33.46,2,Y,0.631,2024-05,1
702042,2024-05-06,UK Landbridge (Dublin-Holyhead),Nordic Freight Lines,2200.0,888.13,1,Y,0.404,2024-05,1
702622,2024-05-06,UK Landbridge (Dublin-Holyhead),Nordic Freight Lines,468.0,176.04,1,Y,0.376,2024-05,1
705824,2024-05-06,EU Direct (Rosslare-Dunkirk),Nordic Freight Lines,1316.0,633.21,2,Y,0.481,2024-05,1
704946,2024-05-06,EU Direct (Rosslare-Dunkirk),Atlantic Cargo Ferries,1691.0,1129.09,3,Y,0.668,2024-05,1
704919,2024-05-07,EU Direct (Rosslare-Dunkirk),Atlantic Cargo Ferries,877.0,531.83,2,Y,0.606,2024-05,1
703398,2024-05-07,EU Direct (Dublin-Cherbourg),Celtic Sealink,1154.0,634.48,2,N,0.55,2024-05,0
703885,2024-05-07,EU Direct (Dublin-Cherbourg),Atlantic Cargo Ferries,2813.0,1887.62,3,N,0.671,2024-05,0
703872,2024-05-07,EU Direct (Dublin-Cherbourg),Atlantic Cargo Ferries,460.0,301.35,3,Y,0.655,2024-05,1
705601,2024-05-07,EU Direct (Rosslare-Dunkirk),Atlantic Cargo Ferries,2272.0,1410.13,3,Y,0.621,2024-05,1
704967,2024-05-07,EU Direct (Rosslare-Dunkirk),Atlantic Cargo Ferries,1987.0,1271.15,2,Y,0.64,2024-05,1
702701,2024-05-07,UK Landbridge (Dublin-Holyhead),Nordic Freight Lines,1050.0,407.42,1,Y,0.388,2024-05,1
701632,2024-05-08,UK Landbridge (Dublin-Holyhead),Celtic Sealink,2068.0,881.27,1,Y,0.426,2024-05,1
702926,2024-05-08,EU Direct (Dublin-Cherbourg),Atlantic Cargo Ferries,1488.0,948.35,2,Y,0.637,2024-05,1
703328,2024-05-08,EU Direct (Dublin-Cherbourg),Celtic Sealink,3635.0,1947.69,2,Y,0.536,2024-05,1
701925,2024-05-08,UK Landbridge (Dublin-Holyhead),Celtic Sealink,770.0,326.37,1,Y,0.424,2024-05,1
703787,2024-05-08,EU Direct (Dublin-Cherbourg),Atlantic Cargo Ferries,1459.0,1002.72,1,Y,0.687,2024-05,1
703823,2024-05-08,EU Direct (Dublin-Cherbourg),Atlantic Cargo Ferries,1594.0,1086.61,2,Y,0.682,2024-05,1
703369,2024-05-08,EU Direct (Dublin-Cherbourg),Celtic Sealink,1817.0,991.82,2,Y,0.546,2024-05,1
703077,2024-05-08,EU Direct (Dublin-Cherbourg),Atlantic Cargo Ferries,732.0,486.07,2,N,0.664,2024-05,0
701564,2024-05-08,UK Landbridge (Dublin-Holyhead),Nordic Freight Lines,2136.0,832.84,1,Y,0.39,2024-05,1
703757,2024-05-08,EU Direct (Dublin-Cherbourg),Atlantic Cargo Ferries,2091.0,1483.09,2,Y,0.709,2024-05,1
705516,2024-05-09,EU Direct (Rosslare-Dunkirk),Atlantic Cargo Ferries,1683.0,1111.07,2,Y,0.66,2024-05,1
702314,2024-05-09,UK Landbridge (Dublin-Holyhead),Celtic Sealink,2397.0,983.01,1,Y,0.41,2024-05,1
704420,2024-05-09,EU Direct (Dublin-Cherbourg),Celtic Sealink,703.0,406.3,2,Y,0.578,2024-05,1
703655,2024-05-09,EU Direct (Dublin-Cherbourg),Celtic Sealink,737.0,417.18,1,Y,0.566,2024-05,1
705278,2024-05-09,EU Direct (Rosslare-Dunkirk),Nordic Freight Lines,50.0,26.55,2,Y,0.531,2024-05,1
703450,2024-05-09,EU Direct (Dublin-Cherbourg),Atlantic Cargo Ferries,50.0,34.48,2,Y,0.69,2024-05,1
701874,2024-05-09,UK Landbridge (Dublin-Holyhead),Nordic Freight Lines,2912.0,1040.31,1,Y,0.357,2024-05,1
705673,2024-05-09,EU Direct (Rosslare-Dunkirk),Nordic Freight Lines,1322.0,640.62,2,Y,0.485,2024-05,1
701498,2024-05-09,UK Landbridge (Dublin-Holyhead),Nordic Freight Lines,2139.0,830.29,1,Y,0.388,2024-05,1
701133,2024-05-09,UK Landbridge (Dublin-Holyhead),Celtic Sealink,2026.0,835.67,1,Y,0.412,2024-05,1
702303,2024-05-10,UK Landbridge (Dublin-Holyhead),Celtic Sealink,1327.0,546.19,1,Y,0.412,2024-05,1
702216,2024-05-10,UK Landbridge (Dublin-Holyhead),Celtic Sealink,1679.0,662.55,1,Y,0.395,2024-05,1
703908,2024-05-10,EU Direct (Dublin-Cherbourg),Celtic Sealink,3065.0,1918.68,2,Y,0.626,2024-05,1
704352,2024-05-10,EU Direct (Dublin-Cherbourg),Atlantic Cargo Ferries,2851.0,2028.28,2,Y,0.711,2024-05,1
705883,2024-05-10,EU Direct (Rosslare-Dunkirk),Atlantic Cargo Ferries,1081.0,652.16,2,Y,0.603,2024-05,1
705066,2024-05-10,EU Direct (Rosslare-Dunkirk),Nordic Freight Lines,3284.0,1566.71,2,Y,0.477,2024-05,1
701985,2024-05-10,UK Landbridge (Dublin-Holyhead),Nordic Freight Lines,653.0,267.9,1,Y,0.41,2024-05,1
701820,2024-05-10,UK Landbridge (Dublin-Holyhead),Nordic Freight Lines,1254.0,512.05,1,Y,0.408,2024-05,1
705487,2024-05-10,EU Direct (Rosslare-Dunkirk),Nordic Freight Lines,2600.0,1373.97,1,Y,0.528,2024-05,1
703437,2024-05-10,EU Direct (Dublin-Cherbourg),Atlantic Cargo Ferries,1177.0,813.38,1,Y,0.691,2024-05,1
705934,2024-05-10,EU Direct (Rosslare-Dunkirk),Nordic Freight Lines,1315.0,700.02,2,Y,0.532,2024-05,1
704679,2024-05-10,EU Direct (Rosslare-Dunkirk),Nordic Freight Lines,1013.0,517.45,3,Y,0.511,2024-05,1
705866,2024-05-10,EU Direct (Rosslare-Dunkirk),Nordic Freight Lines,2667.0,1441.36,2,Y,0.54,2024-05,1
705439,2024-05-11,EU Direct (Rosslare-Dunkirk),Atlantic Cargo Ferries,791.0,513.29,2,Y,0.649,2024-05,1
700069,2024-05-11,UK Landbridge (Dublin-Holyhead),Nordic Freight Lines,1832.0,744.18,1,Y,0.406,2024-05,1
701086,2024-05-11,UK Landbridge (Dublin-Holyhead),Nordic Freight Lines,2008.0,816.9,1,Y,0.407,2024-05,1
702828,2024-05-11,UK Landbridge (Dublin-Holyhead),Celtic Sealink,1489.0,674.14,1,Y,0.453,2024-05,1
703413,2024-05-11,EU Direct (Dublin-Cherbourg),Atlantic Cargo Ferries,1962.0,1252.39,2,Y,0.638,2024-05,1
702481,2024-05-11,UK Landbridge (Dublin-Holyhead),Celtic Sealink,961.0,397.02,1,Y,0.413,2024-05,1
701730,2024-05-12,UK Landbridge (Dublin-Holyhead),Nordic Freight Lines,3397.0,1373.17,1,N,0.404,2024-05,0
704735,2024-05-12,EU Direct (Rosslare-Dunkirk),Nordic Freight Lines,1258.0,668.19,2,Y,0.531,2024-05,1
705889,2024-05-12,EU Direct (Rosslare-Dunkirk),Atlantic Cargo Ferries,1187.0,772.86,2,Y,0.651,2024-05,1
702944,2024-05-12,EU Direct (Dublin-Cherbourg),Celtic Sealink,1795.0,995.88,2,Y,0.555,2024-05,1
703529,2024-05-12,EU Direct (Dublin-Cherbourg),Atlantic Cargo Ferries,1840.0,1264.24,2,Y,0.687,2024-05,1
704519,2024-05-12,EU Direct (Dublin-Cherbourg),Atlantic Cargo Ferries,1771.0,1149.79,2,Y,0.649,2024-05,1
700211,2024-05-12,UK Landbridge (Dublin-Holyhead),Celtic Sealink,1240.0,504.84,1,Y,0.407,2024-05,1
703423,2024-05-12,EU Direct (Dublin-Cherbourg),Atlantic Cargo Ferries,713.0,452.86,2,Y,0.635,2024-05,1
700393,2024-05-12,UK Landbridge (Dublin-Holyhead),Celtic Sealink,2319.0,1009.96,1,Y,0.436,2024-05,1
705998,2024-05-12,EU Direct (Rosslare-Dunkirk),Atlantic Cargo Ferries,2153.0,1309.74,2,Y,0.608,2024-05,1
701728,2024-05-12,UK Landbridge (Dublin-Holyhead),Celtic Sealink,2533.0,984.22,1,Y,0.389,2024-05,1
703365,2024-05-13,EU Direct (Dublin-Cherbourg),Celtic Sealink,1748.0,1090.2,1,Y,0.624,2024-05,1
705590,2024-05-13,EU Direct (Rosslare-Dunkirk),Atlantic Cargo Ferries,50.0,30.24,3,Y,0.605,2024-05,1
705615,2024-05-13,EU Direct (Rosslare-Dunkirk),Atlantic Cargo Ferries,3184.0,2149.4,2,Y,0.675,2024-05,1
702127,2024-05-13,UK Landbridge (Dublin-Holyhead),Nordic Freight Lines,1462.0,540.38,1,Y,0.37,2024-05,1
702808,2024-05-13,UK Landbridge (Dublin-Holyhead),Nordic Freight Lines,1148.0,447.59,1,Y,0.39,2024-05,1
704821,2024-05-14,EU Direct (Rosslare-Dunkirk),Atlantic Cargo Ferries,2966.0,1788.68,2,Y,0.603,2024-05,1
702207,2024-05-14,UK Landbridge (Dublin-Holyhead),Nordic Freight Lines,2028.0,736.26,1,Y,0.363,2024-05,1
703220,2024-05-14,EU Direct (Dublin-Cherbourg),Celtic Sealink,1235.0,692.0,2,Y,0.56,2024-05,1
701164,2024-05-14,UK Landbridge (Dublin-Holyhead),Nordic Freight Lines,1072.0,432.04,1,Y,0.403,2024-05,1
703023,2024-05-14,EU Direct (Dublin-Cherbourg),Atlantic Cargo Ferries,1649.0,1137.28,2,Y,0.69,2024-05,1
701065,2024-05-14,UK Landbridge (Dublin-Holyhead),Nordic Freight Lines,1815.0,654.08,1,Y,0.36,2024-05,1
701058,2024-05-14,UK Landbridge (Dublin-Holyhead),Nordic Freight Lines,1266.0,482.76,1,Y,0.381,2024-05,1
700690,2024-05-14,UK Landbridge (Dublin-Holyhead),Nordic Freight Lines,2803.0,1112.68,1,Y,0.397,2024-05,1
704171,2024-05-14,EU Direct (Dublin-Cherbourg),Celtic Sealink,3913.0,2298.21,2,Y,0.587,2024-05,1
705369,2024-05-14,EU Direct (Rosslare-Dunkirk),Atlantic Cargo Ferries,1847.0,1183.67,2,Y,0.641,2024-05,1
702856,2024-05-15,UK Landbridge (Dublin-Holyhead),Celtic Sealink,2666.0,1132.17,1,Y,0.425,2024-05,1
705088,2024-05-15,EU Direct (Rosslare-Dunkirk),Atlantic Cargo Ferries,1655.0,993.14,2,Y,0.6,2024-05,1
700567,2024-05-15,UK Landbridge (Dublin-Holyhead),Nordic Freight Lines,2451.0,977.64,1,Y,0.399,2024-05,1
703044,2024-05-15,EU Direct (Dublin-Cherbourg),Celtic Sealink,1147.0,694.8,2,Y,0.606,2024-05,1
704392,2024-05-15,EU Direct (Dublin-Cherbourg),Celtic Sealink,2532.0,1392.89,2,Y,0.55,2024-05,1
700672,2024-05-15,UK Landbridge (Dublin-Holyhead),Celtic Sealink,3110.0,1279.84,1,Y,0.412,2024-05,1
701767,2024-05-16,UK Landbridge (Dublin-Holyhead),Nordic Freight Lines,1688.0,652.51,1,Y,0.387,2024-05,1
700878,2024-05-16,UK Landbridge (Dublin-Holyhead),Nordic Freight Lines,1669.0,643.8,1,Y,0.386,2024-05,1
703084,2024-05-16,EU Direct (Dublin-Cherbourg),Atlantic Cargo Ferries,3668.0,2607.72,2,Y,0.711,2024-05,1
700785,2024-05-16,UK Landbridge (Dublin-Holyhead),Nordic Freight Lines,1134.0,399.83,1,Y,0.353,2024-05,1
704557,2024-05-16,EU Direct (Dublin-Cherbourg),Atlantic Cargo Ferries,50.0,31.75,1,Y,0.635,2024-05,1
704065,2024-05-16,EU Direct (Dublin-Cherbourg),Celtic Sealink,1991.0,1076.26,2,Y,0.541,2024-05,1
705657,2024-05-16,EU Direct (Rosslare-Dunkirk),Nordic Freight Lines,2483.0,1285.86,1,Y,0.518,2024-05,1
701604,2024-05-16,UK Landbridge (Dublin-Holyhead),Celtic Sealink,2803.0,1110.71,1,Y,0.396,2024-05,1
704169,2024-05-17,EU Direct (Dublin-Cherbourg),Celtic Sealink,1995.0,1162.3,2,Y,0.583,2024-05,1
703000,2024-05-17,EU Direct (Dublin-Cherbourg),Atlantic Cargo Ferries,519.0,333.54,2,Y,0.643,2024-05,1
700410,2024-05-17,UK Landbridge (Dublin-Holyhead),Nordic Freight Lines,1221.0,501.35,1,Y,0.411,2024-05,1
703206,2024-05-17,EU Direct (Dublin-Cherbourg),Atlantic Cargo Ferries,1235.0,814.33,2,Y,0.659,2024-05,1
700733,2024-05-17,UK Landbridge (Dublin-Holyhead),Celtic Sealink,1677.0,674.55,1,Y,0.402,2024-05,1
702787,2024-05-18,UK Landbridge (Dublin-Holyhead),Celtic Sealink,715.0,300.71,1,Y,0.421,2024-05,1
705015,2024-05-18,EU Direct (Rosslare-Dunkirk),Atlantic Cargo Ferries,2139.0,1407.4,2,Y,0.658,2024-05,1
704894,2024-05-18,EU Direct (Rosslare-Dunkirk),Atlantic Cargo Ferries,657.0,429.71,2,Y,0.654,2024-05,1
701344,2024-05-18,UK Landbridge (Dublin-Holyhead),Nordic Freight Lines,3386.0,1300.9,1,Y,0.384,2024-05,1
705096,2024-05-18,EU Direct (Rosslare-Dunkirk),Nordic Freight Lines,1797.0,939.2,2,Y,0.523,2024-05,1
704103,2024-05-18,EU Direct (Dublin-Cherbourg),Celtic Sealink,1216.0,740.11,2,Y,0.609,2024-05,1
705789,2024-05-18,EU Direct (Rosslare-Dunkirk),Atlantic Cargo Ferries,1882.0,1086.6,2,Y,0.577,2024-05,1
700943,2024-05-18,UK Landbridge (Dublin-Holyhead),Nordic Freight Lines,4202.0,1541.21,1,Y,0.367,2024-05,1
703306,2024-05-18,EU Direct (Dublin-Cherbourg),Celtic Sealink,2949.0,1644.38,2,Y,0.558,2024-05,1
704758,2024-05-18,EU Direct (Rosslare-Dunkirk),Nordic Freight Lines,955.0,445.64,2,Y,0.467,2024-05,1
701692,2024-05-18,UK Landbridge (Dublin-Holyhead),Nordic Freight Lines,494.0,188.64,1,Y,0.382,2024-05,1
700709,2024-05-19,UK Landbridge (Dublin-Holyhead),Nordic Freight Lines,799.0,324.13,1,Y,0.406,2024-05,1
705194,2024-05-19,EU Direct (Rosslare-Dunkirk),Atlantic Cargo Ferries,1923.0,1158.84,2,N,0.603,2024-05,0
703979,2024-05-19,EU Direct (Dublin-Cherbourg),Celtic Sealink,1343.0,770.72,2,Y,0.574,2024-05,1
705175,2024-05-19,EU Direct (Rosslare-Dunkirk),Nordic Freight Lines,2795.0,1381.87,2,Y,0.494,2024-05,1
700020,2024-05-19,UK Landbridge (Dublin-Holyhead),Nordic Freight Lines,2156.0,830.1,1,Y,0.385,2024-05,1
703978,2024-05-19,EU Direct (Dublin-Cherbourg),Atlantic Cargo Ferries,819.0,509.3,2,Y,0.622,2024-05,1
704478,2024-05-19,EU Direct (Dublin-Cherbourg),Atlantic Cargo Ferries,2981.0,1916.55,2,Y,0.643,2024-05,1
702392,2024-05-19,UK Landbridge (Dublin-Holyhead),Celtic Sealink,304.0,118.8,1,Y,0.391,2024-05,1
702976,2024-05-19,EU Direct (Dublin-Cherbourg),Atlantic Cargo Ferries,721.0,458.05,2,Y,0.635,2024-05,1
705149,2024-05-19,EU Direct (Rosslare-Dunkirk),Atlantic Cargo Ferries,2293.0,1432.9,2,Y,0.625,2024-05,1
705004,2024-05-19,EU Direct (Rosslare-Dunkirk),Atlantic Cargo Ferries,781.0,497.86,2,Y,0.637,2024-05,1
704386,2024-05-19,EU Direct (Dublin-Cherbourg),Atlantic Cargo Ferries,1613.0,1138.91,2,Y,0.706,2024-05,1
700635,2024-05-20,UK Landbridge (Dublin-Holyhead),Celtic Sealink,3012.0,1342.15,1,Y,0.446,2024-05,1
701656,2024-05-20,UK Landbridge (Dublin-Holyhead),Nordic Freight Lines,3299.0,1183.07,1,Y,0.359,2024-05,1
702424,2024-05-20,UK Landbridge (Dublin-Holyhead),Nordic Freight Lines,3558.0,1342.99,1,Y,0.377,2024-05,1
702726,2024-05-20,UK Landbridge (Dublin-Holyhead),Celtic Sealink,1838.0,776.69,1,Y,0.423,2024-05,1
700434,2024-05-20,UK Landbridge (Dublin-Holyhead),Celtic Sealink,2084.0,815.54,1,Y,0.391,2024-05,1
702586,2024-05-20,UK Landbridge (Dublin-Holyhead),Nordic Freight Lines,931.0,355.51,1,Y,0.382,2024-05,1
704322,2024-05-20,EU Direct (Dublin-Cherbourg),Celtic Sealink,3479.0,1923.08,2,Y,0.553,2024-05,1
701336,2024-05-20,UK Landbridge (Dublin-Holyhead),Nordic Freight Lines,2002.0,823.24,1,N,0.411,2024-05,0
701365,2024-05-20,UK Landbridge (Dublin-Holyhead),Nordic Freight Lines,2068.0,741.91,1,Y,0.359,2024-05,1
703193,2024-05-21,EU Direct (Dublin-Cherbourg),Atlantic Cargo Ferries,676.0,462.1,2,Y,0.684,2024-05,1
703835,2024-05-21,EU Direct (Dublin-Cherbourg),Atlantic Cargo Ferries,890.0,585.23,2,Y,0.658,2024-05,1
700018,2024-05-21,UK Landbridge (Dublin-Holyhead),Nordic Freight Lines,3755.0,1471.2,1,Y,0.392,2024-05,1
702906,2024-05-21,EU Direct (Dublin-Cherbourg),Celtic Sealink,2152.0,1215.87,1,Y,0.565,2024-05,1
702581,2024-05-21,UK Landbridge (Dublin-Holyhead),Nordic Freight Lines,1624.0,615.37,1,Y,0.379,2024-05,1
705803,2024-05-21,EU Direct (Rosslare-Dunkirk),Nordic Freight Lines,2639.0,1310.49,2,Y,0.497,2024-05,1
702919,2024-05-21,EU Direct (Dublin-Cherbourg),Celtic Sealink,909.0,542.07,3,Y,0.596,2024-05,1
704095,2024-05-22,EU Direct (Dublin-Cherbourg),Atlantic Cargo Ferries,2452.0,1636.8,2,N,0.668,2024-05,0
701147,2024-05-22,UK Landbridge (Dublin-Holyhead),Celtic Sealink,2084.0,937.2,1,Y,0.45,2024-05,1
705287,2024-05-22,EU Direct (Rosslare-Dunkirk),Atlantic Cargo Ferries,3642.0,2261.13,3,Y,0.621,2024-05,1
705059,2024-05-22,EU Direct (Rosslare-Dunkirk),Atlantic Cargo Ferries,1877.0,1127.93,2,Y,0.601,2024-05,1
703252,2024-05-22,EU Direct (Dublin-Cherbourg),Celtic Sealink,3277.0,1856.61,2,Y,0.567,2024-05,1
705811,2024-05-22,EU Direct (Rosslare-Dunkirk),Nordic Freight Lines,2664.0,1307.11,2,Y,0.491,2024-05,1
700722,2024-05-22,UK Landbridge (Dublin-Holyhead),Nordic Freight Lines,1663.0,611.74,1,Y,0.368,2024-05,1
700244,2024-05-22,UK Landbridge (Dublin-Holyhead),Nordic Freight Lines,1437.0,548.07,1,Y,0.381,2024-05,1
702153,2024-05-22,UK Landbridge (Dublin-Holyhead),Celtic Sealink,964.0,399.09,1,Y,0.414,2024-05,1
701156,2024-05-22,UK Landbridge (Dublin-Holyhead),Celtic Sealink,2923.0,1252.02,1,Y,0.428,2024-05,1
703999,2024-05-23,EU Direct (Dublin-Cherbourg),Atlantic Cargo Ferries,2653.0,1881.13,1,Y,0.709,2024-05,1
705878,2024-05-23,EU Direct (Rosslare-Dunkirk),Atlantic Cargo Ferries,3528.0,2117.02,2,Y,0.6,2024-05,1
704969,2024-05-23,EU Direct (Rosslare-Dunkirk),Atlantic Cargo Ferries,50.0,33.57,2,Y,0.671,2024-05,1
705017,2024-05-23,EU Direct (Rosslare-Dunkirk),Nordic Freight Lines,1466.0,700.01,2,Y,0.477,2024-05,1
705972,2024-05-23,EU Direct (Rosslare-Dunkirk),Atlantic Cargo Ferries,627.0,378.48,2,Y,0.604,2024-05,1
701760,2024-05-23,UK Landbridge (Dublin-Holyhead),Celtic Sealink,2349.0,1046.62,1,Y,0.446,2024-05,1
703622,2024-05-23,EU Direct (Dublin-Cherbourg),Celtic Sealink,2601.0,1527.9,1,Y,0.587,2024-05,1
704511,2024-05-24,EU Direct (Dublin-Cherbourg),Atlantic Cargo Ferries,2609.0,1838.89,2,Y,0.705,2024-05,1
704862,2024-05-24,EU Direct (Rosslare-Dunkirk),Atlantic Cargo Ferries,1864.0,1242.48,3,Y,0.667,2024-05,1
701754,2024-05-24,UK Landbridge (Dublin-Holyhead),Nordic Freight Lines,201.0,77.42,1,Y,0.385,2024-05,1
702261,2024-05-24,UK Landbridge (Dublin-Holyhead),Celtic Sealink,1271.0,512.29,1,Y,0.403,2024-05,1
700122,2024-05-24,UK Landbridge (Dublin-Holyhead),Nordic Freight Lines,1059.0,375.34,1,Y,0.354,2024-05,1
702922,2024-05-24,EU Direct (Dublin-Cherbourg),Celtic Sealink,2595.0,1555.66,2,Y,0.599,2024-05,1
702337,2024-05-25,UK Landbridge (Dublin-Holyhead),Celtic Sealink,1023.0,446.56,1,Y,0.437,2024-05,1
701093,2024-05-25,UK Landbridge (Dublin-Holyhead),Celtic Sealink,2653.0,1055.02,1,Y,0.398,2024-05,1
703689,2024-05-25,EU Direct (Dublin-Cherbourg),Atlantic Cargo Ferries,373.0,258.54,2,Y,0.693,2024-05,1
704527,2024-05-25,EU Direct (Dublin-Cherbourg),Celtic Sealink,1460.0,815.16,2,Y,0.558,2024-05,1
704840,2024-05-25,EU Direct (Rosslare-Dunkirk),Nordic Freight Lines,1345.0,725.84,2,Y,0.54,2024-05,1
702468,2024-05-25,UK Landbridge (Dublin-Holyhead),Nordic Freight Lines,3223.0,1239.99,1,Y,0.385,2024-05,1
705311,2024-05-25,EU Direct (Rosslare-Dunkirk),Nordic Freight Lines,1258.0,666.93,2,Y,0.53,2024-05,1
700867,2024-05-25,UK Landbridge (Dublin-Holyhead),Nordic Freight Lines,1853.0,663.68,1,Y,0.358,2024-05,1
702862,2024-05-25,UK Landbridge (Dublin-Holyhead),Nordic Freight Lines,2644.0,1007.99,1,Y,0.381,2024-05,1
701096,2024-05-26,UK Landbridge (Dublin-Holyhead),Nordic Freight Lines,3437.0,1314.78,1,Y,0.383,2024-05,1
700509,2024-05-26,UK Landbridge (Dublin-Holyhead),Nordic Freight Lines,2969.0,1128.55,1,Y,0.38,2024-05,1
701237,2024-05-26,UK Landbridge (Dublin-Holyhead),Celtic Sealink,2253.0,984.15,1,Y,0.437,2024-05,1
703416,2024-05-26,EU Direct (Dublin-Cherbourg),Atlantic Cargo Ferries,990.0,682.31,1,Y,0.689,2024-05,1
705571,2024-05-26,EU Direct (Rosslare-Dunkirk),Atlantic Cargo Ferries,1789.0,1134.71,2,Y,0.634,2024-05,1
701949,2024-05-26,UK Landbridge (Dublin-Holyhead),Nordic Freight Lines,1996.0,821.14,1,Y,0.411,2024-05,1
704201,2024-05-26,EU Direct (Dublin-Cherbourg),Celtic Sealink,2791.0,1720.79,2,Y,0.617,2024-05,1
702204,2024-05-26,UK Landbridge (Dublin-Holyhead),Nordic Freight Lines,1428.0,532.37,1,Y,0.373,2024-05,1
704574,2024-05-26,EU Direct (Dublin-Cherbourg),Atlantic Cargo Ferries,1639.0,1020.95,2,Y,0.623,2024-05,1
701125,2024-05-26,UK Landbridge (Dublin-Holyhead),Celtic Sealink,1833.0,776.47,1,N,0.424,2024-05,0
700077,2024-05-26,UK Landbridge (Dublin-Holyhead),Nordic Freight Lines,2057.0,764.43,2,N,0.372,2024-05,0
704251,2024-05-26,EU Direct (Dublin-Cherbourg),Atlantic Cargo Ferries,2018.0,1242.68,2,Y,0.616,2024-05,1
703644,2024-05-26,EU Direct (Dublin-Cherbourg),Atlantic Cargo Ferries,3067.0,1996.43,2,Y,0.651,2024-05,1
705054,2024-05-27,EU Direct (Rosslare-Dunkirk),Nordic Freight Lines,50.0,24.18,2,Y,0.484,2024-05,1
703779,2024-05-27,EU Direct (Dublin-Cherbourg),Atlantic Cargo Ferries,2803.0,1917.53,2,Y,0.684,2024-05,1
705038,2024-05-27,EU Direct (Rosslare-Dunkirk),Nordic Freight Lines,1378.0,659.9,2,Y,0.479,2024-05,1
703821,2024-05-27,EU Direct (Dublin-Cherbourg),Celtic Sealink,1370.0,819.27,2,Y,0.598,2024-05,1
701027,2024-05-27,UK Landbridge (Dublin-Holyhead),Celtic Sealink,2312.0,983.49,1,Y,0.425,2024-05,1
701375,2024-05-28,UK Landbridge (Dublin-Holyhead),Nordic Freight Lines,910.0,366.49,1,Y,0.403,2024-05,1
704135,2024-05-28,EU Direct (Dublin-Cherbourg),Atlantic Cargo Ferries,1413.0,971.68,3,Y,0.688,2024-05,1
703482,2024-05-28,EU Direct (Dublin-Cherbourg),Celtic Sealink,897.0,527.13,3,Y,0.588,2024-05,1
705498,2024-05-28,EU Direct (Rosslare-Dunkirk),Atlantic Cargo Ferries,1741.0,1126.66,2,Y,0.647,2024-05,1
701223,2024-05-29,UK Landbridge (Dublin-Holyhead),Celtic Sealink,2892.0,1165.37,1,Y,0.403,2024-05,1
702625,2024-05-29,UK Landbridge (Dublin-Holyhead),Celtic Sealink,767.0,332.23,1,Y,0.433,2024-05,1
701569,2024-05-29,UK Landbridge (Dublin-Holyhead),Nordic Freight Lines,2314.0,931.12,1,N,0.402,2024-05,0
702341,2024-05-29,UK Landbridge (Dublin-Holyhead),Nordic Freight Lines,1662.0,624.67,1,Y,0.376,2024-05,1
701333,2024-05-29,UK Landbridge (Dublin-Holyhead),Nordic Freight Lines,1690.0,636.6,1,Y,0.377,2024-05,1
700893,2024-05-29,UK Landbridge (Dublin-Holyhead),Celtic Sealink,1748.0,749.98,1,Y,0.429,2024-05,1
701390,2024-05-29,UK Landbridge (Dublin-Holyhead),Celtic Sealink,4593.0,1807.36,1,Y,0.394,2024-05,1
703038,2024-05-29,EU Direct (Dublin-Cherbourg),Celtic Sealink,50.0,28.01,3,Y,0.56,2024-05,1
702858,2024-05-29,UK Landbridge (Dublin-Holyhead),Celtic Sealink,895.0,372.44,2,Y,0.416,2024-05,1
700838,2024-05-29,UK Landbridge (Dublin-Holyhead),Nordic Freight Lines,1360.0,510.09,1,N,0.375,2024-05,0
705765,2024-05-30,EU Direct (Rosslare-Dunkirk),Nordic Freight Lines,186.0,93.06,2,Y,0.5,2024-05,1
703792,2024-05-30,EU Direct (Dublin-Cherbourg),Celtic Sealink,995.0,593.87,2,Y,0.597,2024-05,1
703874,2024-05-30,EU Direct (Dublin-Cherbourg),Atlantic Cargo Ferries,1346.0,942.46,2,Y,0.7,2024-05,1
701381,2024-05-30,UK Landbridge (Dublin-Holyhead),Celtic Sealink,932.0,410.37,1,Y,0.44,2024-05,1
700549,2024-05-31,UK Landbridge (Dublin-Holyhead),Nordic Freight Lines,50.0,17.77,1,Y,0.355,2024-05,1
704462,2024-05-31,EU Direct (Dublin-Cherbourg),Atlantic Cargo Ferries,2024.0,1336.92,2,Y,0.661,2024-05,1
705725,2024-05-31,EU Direct (Rosslare-Dunkirk),Nordic Freight Lines,2544.0,1313.91,1,Y,0.516,2024-05,1
703903,2024-05-31,EU Direct (Dublin-Cherbourg),Atlantic Cargo Ferries,1748.0,1211.4,2,Y,0.693,2024-05,1
702365,2024-05-31,UK Landbridge (Dublin-Holyhead),Celtic Sealink,705.0,286.17,1,Y,0.406,2024-05,1
703150,2024-05-31,EU Direct (Dublin-Cherbourg),Celtic Sealink,1186.0,689.82,2,Y,0.582,2024-05,1
701702,2024-05-31,UK Landbridge (Dublin-Holyhead),Celtic Sealink,228.0,94.69,1,Y,0.415,2024-05,1
700927,2024-05-31,UK Landbridge (Dublin-Holyhead),Celtic Sealink,363.0,164.64,1,Y,0.454,2024-05,1
703518,2024-05-31,EU Direct (Dublin-Cherbourg),Atlantic Cargo Ferries,1951.0,1240.56,2,N,0.636,2024-05,0
703721,2024-06-01,EU Direct (Dublin-Cherbourg),Atlantic Cargo Ferries,2906.0,1931.64,2,N,0.665,2024-06,0
704054,2024-06-01,EU Direct (Dublin-Cherbourg),Celtic Sealink,890.0,555.36,2,Y,0.624,2024-06,1
701734,2024-06-01,UK Landbridge (Dublin-Holyhead),Celtic Sealink,2873.0,1229.42,1,Y,0.428,2024-06,1
701112,2024-06-01,UK Landbridge (Dublin-Holyhead),Nordic Freight Lines,2116.0,758.79,1,Y,0.359,2024-06,1
704633,2024-06-01,EU Direct (Rosslare-Dunkirk),Atlantic Cargo Ferries,2050.0,1301.77,2,Y,0.635,2024-06,1
704342,2024-06-01,EU Direct (Dublin-Cherbourg),Celtic Sealink,2819.0,1557.45,2,Y,0.552,2024-06,1
705155,2024-06-02,EU Direct (Rosslare-Dunkirk),Nordic Freight Lines,3627.0,1928.63,3,Y,0.532,2024-06,1
705251,2024-06-02,EU Direct (Rosslare-Dunkirk),Nordic Freight Lines,1050.0,507.84,2,Y,0.484,2024-06,1
703055,2024-06-02,EU Direct (Dublin-Cherbourg),Atlantic Cargo Ferries,1832.0,1177.19,2,Y,0.643,2024-06,1
702915,2024-06-02,EU Direct (Dublin-Cherbourg),Celtic Sealink,1716.0,916.31,2,N,0.534,2024-06,0
705602,2024-06-02,EU Direct (Rosslare-Dunkirk),Atlantic Cargo Ferries,2021.0,1239.71,2,Y,0.613,2024-06,1
705207,2024-06-02,EU Direct (Rosslare-Dunkirk),Nordic Freight Lines,294.0,139.77,2,N,0.475,2024-06,0
705135,2024-06-02,EU Direct (Rosslare-Dunkirk),Nordic Freight Lines,1994.0,925.21,2,Y,0.464,2024-06,1
705444,2024-06-02,EU Direct (Rosslare-Dunkirk),Nordic Freight Lines,622.0,307.88,2,N,0.495,2024-06,0
703446,2024-06-03,EU Direct (Dublin-Cherbourg),Celtic Sealink,596.0,363.83,2,Y,0.61,2024-06,1
702972,2024-06-03,EU Direct (Dublin-Cherbourg),Celtic Sealink,468.0,257.04,2,Y,0.549,2024-06,1
700958,2024-06-03,UK Landbridge (Dublin-Holyhead),Nordic Freight Lines,505.0,183.05,1,Y,0.362,2024-06,1
704943,2024-06-03,EU Direct (Rosslare-Dunkirk),Nordic Freight Lines,1404.0,656.25,2,Y,0.467,2024-06,1
704315,2024-06-03,EU Direct (Dublin-Cherbourg),Celtic Sealink,1807.0,987.18,2,Y,0.546,2024-06,1
702843,2024-06-03,UK Landbridge (Dublin-Holyhead),Nordic Freight Lines,2184.0,830.86,2,Y,0.38,2024-06,1
701200,2024-06-04,UK Landbridge (Dublin-Holyhead),Nordic Freight Lines,761.0,294.15,1,Y,0.387,2024-06,1
702013,2024-06-04,UK Landbridge (Dublin-Holyhead),Nordic Freight Lines,1581.0,641.62,1,N,0.406,2024-06,0
705269,2024-06-04,EU Direct (Rosslare-Dunkirk),Nordic Freight Lines,1835.0,951.74,2,Y,0.519,2024-06,1
703956,2024-06-04,EU Direct (Dublin-Cherbourg),Atlantic Cargo Ferries,2196.0,1513.34,2,N,0.689,2024-06,0
702166,2024-06-04,UK Landbridge (Dublin-Holyhead),Nordic Freight Lines,1675.0,634.14,1,Y,0.379,2024-06,1
704881,2024-06-04,EU Direct (Rosslare-Dunkirk),Nordic Freight Lines,1996.0,935.07,2,Y,0.468,2024-06,1
703961,2024-06-04,EU Direct (Dublin-Cherbourg),Celtic Sealink,2030.0,1159.8,3,Y,0.571,2024-06,1
701071,2024-06-04,UK Landbridge (Dublin-Holyhead),Celtic Sealink,1153.0,459.22,1,Y,0.398,2024-06,1
705772,2024-06-04,EU Direct (Rosslare-Dunkirk),Nordic Freight Lines,1192.0,551.17,3,Y,0.462,2024-06,1
705918,2024-06-05,EU Direct (Rosslare-Dunkirk),Nordic Freight Lines,2299.0,1140.73,2,Y,0.496,2024-06,1
705151,2024-06-05,EU Direct (Rosslare-Dunkirk),Nordic Freight Lines,1089.0,559.08,3,N,0.513,2024-06,0
701908,2024-06-05,UK Landbridge (Dublin-Holyhead),Nordic Freight Lines,1249.0,454.5,1,Y,0.364,2024-06,1
704599,2024-06-05,EU Direct (Dublin-Cherbourg),Celtic Sealink,1104.0,678.78,2,Y,0.615,2024-06,1
700860,2024-06-05,UK Landbridge (Dublin-Holyhead),Nordic Freight Lines,2416.0,849.67,1,Y,0.352,2024-06,1
705875,2024-06-06,EU Direct (Rosslare-Dunkirk),Atlantic Cargo Ferries,3323.0,2244.08,2,Y,0.675,2024-06,1
702312,2024-06-06,UK Landbridge (Dublin-Holyhead),Nordic Freight Lines,860.0,317.53,2,Y,0.369,2024-06,1
704897,2024-06-06,EU Direct (Rosslare-Dunkirk),Nordic Freight Lines,1654.0,864.52,2,Y,0.523,2024-06,1
704591,2024-06-06,EU Direct (Dublin-Cherbourg),Celtic Sealink,3429.0,2053.88,2,Y,0.599,2024-06,1
700684,2024-06-06,UK Landbridge (Dublin-Holyhead),Celtic Sealink,1793.0,723.55,1,N,0.404,2024-06,0
703430,2024-06-06,EU Direct (Dublin-Cherbourg),Atlantic Cargo Ferries,719.0,468.87,1,Y,0.652,2024-06,1
700922,2024-06-06,UK Landbridge (Dublin-Holyhead),Nordic Freight Lines,2640.0,993.41,2,Y,0.376,2024-06,1
704443,2024-06-06,EU Direct (Dublin-Cherbourg),Atlantic Cargo Ferries,1621.0,1085.41,2,N,0.67,2024-06,0
703067,2024-06-06,EU Direct (Dublin-Cherbourg),Celtic Sealink,1090.0,657.08,2,Y,0.603,2024-06,1
704839,2024-06-06,EU Direct (Rosslare-Dunkirk),Atlantic Cargo Ferries,1504.0,911.13,2,Y,0.606,2024-06,1
700437,2024-06-06,UK Landbridge (Dublin-Holyhead),Nordic Freight Lines,1295.0,482.57,1,Y,0.373,2024-06,1
700942,2024-06-06,UK Landbridge (Dublin-Holyhead),Nordic Freight Lines,1829.0,659.94,1,Y,0.361,2024-06,1
703353,2024-06-07,EU Direct (Dublin-Cherbourg),Celtic Sealink,1759.0,947.21,3,Y,0.538,2024-06,1
704494,2024-06-07,EU Direct (Dublin-Cherbourg),Atlantic Cargo Ferries,2304.0,1543.06,3,Y,0.67,2024-06,1
704674,2024-06-07,EU Direct (Rosslare-Dunkirk),Atlantic Cargo Ferries,1456.0,862.55,2,Y,0.592,2024-06,1
700677,2024-06-07,UK Landbridge (Dublin-Holyhead),Celtic Sealink,2249.0,875.23,1,Y,0.389,2024-06,1
701770,2024-06-07,UK Landbridge (Dublin-Holyhead),Celtic Sealink,1869.0,804.23,1,Y,0.43,2024-06,1
703318,2024-06-07,EU Direct (Dublin-Cherbourg),Celtic Sealink,1287.0,767.16,3,Y,0.596,2024-06,1
700595,2024-06-07,UK Landbridge (Dublin-Holyhead),Celtic Sealink,2671.0,1203.57,1,Y,0.451,2024-06,1
704423,2024-06-07,EU Direct (Dublin-Cherbourg),Celtic Sealink,2405.0,1346.28,2,Y,0.56,2024-06,1
701137,2024-06-07,UK Landbridge (Dublin-Holyhead),Nordic Freight Lines,3202.0,1292.72,1,Y,0.404,2024-06,1
702128,2024-06-08,UK Landbridge (Dublin-Holyhead),Nordic Freight Lines,747.0,271.18,1,Y,0.363,2024-06,1
704293,2024-06-08,EU Direct (Dublin-Cherbourg),Celtic Sealink,1923.0,1155.28,1,Y,0.601,2024-06,1
704539,2024-06-08,EU Direct (Dublin-Cherbourg),Atlantic Cargo Ferries,1568.0,1085.55,1,Y,0.692,2024-06,1
705817,2024-06-08,EU Direct (Rosslare-Dunkirk),Atlantic Cargo Ferries,1848.0,1163.47,2,Y,0.63,2024-06,1
703356,2024-06-08,EU Direct (Dublin-Cherbourg),Atlantic Cargo Ferries,734.0,485.62,1,Y,0.662,2024-06,1
701962,2024-06-08,UK Landbridge (Dublin-Holyhead),Celtic Sealink,2679.0,1112.99,1,Y,0.415,2024-06,1
705655,2024-06-08,EU Direct (Rosslare-Dunkirk),Atlantic Cargo Ferries,1891.0,1185.52,2,Y,0.627,2024-06,1
703502,2024-06-08,EU Direct (Dublin-Cherbourg),Atlantic Cargo Ferries,2361.0,1518.17,2,N,0.643,2024-06,0
700472,2024-06-08,UK Landbridge (Dublin-Holyhead),Nordic Freight Lines,55.0,20.67,1,Y,0.376,2024-06,1
700946,2024-06-08,UK Landbridge (Dublin-Holyhead),Nordic Freight Lines,1309.0,518.8,1,Y,0.396,2024-06,1
701900,2024-06-09,UK Landbridge (Dublin-Holyhead),Nordic Freight Lines,3541.0,1247.66,1,Y,0.352,2024-06,1
702532,2024-06-09,UK Landbridge (Dublin-Holyhead),Nordic Freight Lines,2889.0,1109.98,2,Y,0.384,2024-06,1
700637,2024-06-09,UK Landbridge (Dublin-Holyhead),Celtic Sealink,858.0,366.05,1,Y,0.427,2024-06,1
702167,2024-06-09,UK Landbridge (Dublin-Holyhead),Celtic Sealink,2898.0,1168.04,1,Y,0.403,2024-06,1
702011,2024-06-09,UK Landbridge (Dublin-Holyhead),Celtic Sealink,645.0,250.14,1,Y,0.388,2024-06,1
703881,2024-06-09,EU Direct (Dublin-Cherbourg),Celtic Sealink,2498.0,1461.81,1,Y,0.585,2024-06,1
702367,2024-06-09,UK Landbridge (Dublin-Holyhead),Nordic Freight Lines,1625.0,657.22,2,Y,0.404,2024-06,1
702180,2024-06-09,UK Landbridge (Dublin-Holyhead),Celtic Sealink,50.0,20.45,1,Y,0.409,2024-06,1
703758,2024-06-10,EU Direct (Dublin-Cherbourg),Atlantic Cargo Ferries,2772.0,1951.8,2,Y,0.704,2024-06,1
704167,2024-06-10,EU Direct (Dublin-Cherbourg),Atlantic Cargo Ferries,946.0,636.57,3,Y,0.673,2024-06,1
703387,2024-06-10,EU Direct (Dublin-Cherbourg),Atlantic Cargo Ferries,1860.0,1183.02,2,Y,0.636,2024-06,1
700764,2024-06-10,UK Landbridge (Dublin-Holyhead),Celtic Sealink,1772.0,690.44,1,Y,0.39,2024-06,1
705723,2024-06-10,EU Direct (Rosslare-Dunkirk),Nordic Freight Lines,1717.0,811.44,2,Y,0.473,2024-06,1
705833,2024-06-10,EU Direct (Rosslare-Dunkirk),Atlantic Cargo Ferries,2076.0,1300.07,2,Y,0.626,2024-06,1
701607,2024-06-10,UK Landbridge (Dublin-Holyhead),Nordic Freight Lines,2872.0,1018.69,1,Y,0.355,2024-06,1
704471,2024-06-10,EU Direct (Dublin-Cherbourg),Celtic Sealink,1415.0,869.57,3,Y,0.615,2024-06,1
700097,2024-06-10,UK Landbridge (Dublin-Holyhead),Nordic Freight Lines,3991.0,1480.48,1,Y,0.371,2024-06,1
704837,2024-06-10,EU Direct (Rosslare-Dunkirk),Atlantic Cargo Ferries,2378.0,1511.65,2,N,0.636,2024-06,0
704611,2024-06-10,EU Direct (Dublin-Cherbourg),Atlantic Cargo Ferries,3158.0,2250.54,2,N,0.713,2024-06,0
700726,2024-06-11,UK Landbridge (Dublin-Holyhead),Nordic Freight Lines,874.0,355.5,1,Y,0.407,2024-06,1
704952,2024-06-11,EU Direct (Rosslare-Dunkirk),Nordic Freight Lines,2586.0,1353.53,2,Y,0.523,2024-06,1
705962,2024-06-11,EU Direct (Rosslare-Dunkirk),Atlantic Cargo Ferries,1966.0,1302.42,2,Y,0.662,2024-06,1
700113,2024-06-11,UK Landbridge (Dublin-Holyhead),Celtic Sealink,2115.0,837.56,1,Y,0.396,2024-06,1
701591,2024-06-11,UK Landbridge (Dublin-Holyhead),Celtic Sealink,1018.0,397.92,1,Y,0.391,2024-06,1
704810,2024-06-11,EU Direct (Rosslare-Dunkirk),Atlantic Cargo Ferries,2249.0,1342.66,2,N,0.597,2024-06,0
702530,2024-06-11,UK Landbridge (Dublin-Holyhead),Nordic Freight Lines,2115.0,819.4,1,Y,0.387,2024-06,1
702152,2024-06-11,UK Landbridge (Dublin-Holyhead),Nordic Freight Lines,2273.0,823.96,2,Y,0.362,2024-06,1
705562,2024-06-11,EU Direct (Rosslare-Dunkirk),Atlantic Cargo Ferries,1781.0,1201.64,3,Y,0.675,2024-06,1
703418,2024-06-11,EU Direct (Dublin-Cherbourg),Atlantic Cargo Ferries,92.0,56.15,2,Y,0.61,2024-06,1
702744,2024-06-11,UK Landbridge (Dublin-Holyhead),Nordic Freight Lines,2538.0,1012.28,1,Y,0.399,2024-06,1
702299,2024-06-11,UK Landbridge (Dublin-Holyhead),Nordic Freight Lines,2758.0,974.95,1,Y,0.353,2024-06,1
702996,2024-06-11,EU Direct (Dublin-Cherbourg),Celtic Sealink,2335.0,1409.18,2,Y,0.604,2024-06,1
705721,2024-06-11,EU Direct (Rosslare-Dunkirk),Atlantic Cargo Ferries,3357.0,2177.14,2,Y,0.649,2024-06,1
701697,2024-06-12,UK Landbridge (Dublin-Holyhead),Nordic Freight Lines,2594.0,937.99,1,Y,0.362,2024-06,1
703171,2024-06-12,EU Direct (Dublin-Cherbourg),Atlantic Cargo Ferries,2326.0,1456.39,2,Y,0.626,2024-06,1
701358,2024-06-12,UK Landbridge (Dublin-Holyhead),Nordic Freight Lines,1851.0,686.29,1,Y,0.371,2024-06,1
703025,2024-06-12,EU Direct (Dublin-Cherbourg),Atlantic Cargo Ferries,1099.0,691.54,2,Y,0.629,2024-06,1
702210,2024-06-12,UK Landbridge (Dublin-Holyhead),Celtic Sealink,1275.0,553.75,1,Y,0.434,2024-06,1
702567,2024-06-12,UK Landbridge (Dublin-Holyhead),Celtic Sealink,3567.0,1573.13,1,Y,0.441,2024-06,1
700831,2024-06-12,UK Landbridge (Dublin-Holyhead),Nordic Freight Lines,1461.0,565.83,1,Y,0.387,2024-06,1
702275,2024-06-12,UK Landbridge (Dublin-Holyhead),Nordic Freight Lines,2215.0,899.29,1,Y,0.406,2024-06,1
703478,2024-06-12,EU Direct (Dublin-Cherbourg),Atlantic Cargo Ferries,1196.0,841.42,2,Y,0.704,2024-06,1
701652,2024-06-12,UK Landbridge (Dublin-Holyhead),Celtic Sealink,2406.0,1050.32,1,Y,0.437,2024-06,1
700620,2024-06-12,UK Landbridge (Dublin-Holyhead),Nordic Freight Lines,1536.0,626.24,1,Y,0.408,2024-06,1
705196,2024-06-13,EU Direct (Rosslare-Dunkirk),Atlantic Cargo Ferries,657.0,395.93,1,Y,0.603,2024-06,1
700332,2024-06-13,UK Landbridge (Dublin-Holyhead),Celtic Sealink,750.0,308.55,1,Y,0.411,2024-06,1
701320,2024-06-13,UK Landbridge (Dublin-Holyhead),Celtic Sealink,2618.0,1181.39,1,Y,0.451,2024-06,1
701849,2024-06-13,UK Landbridge (Dublin-Holyhead),Nordic Freight Lines,1372.0,493.01,1,Y,0.359,2024-06,1
702245,2024-06-13,UK Landbridge (Dublin-Holyhead),Celtic Sealink,1165.0,493.58,1,Y,0.424,2024-06,1
701514,2024-06-13,UK Landbridge (Dublin-Holyhead),Nordic Freight Lines,1344.0,507.23,1,Y,0.377,2024-06,1
701152,2024-06-13,UK Landbridge (Dublin-Holyhead),Nordic Freight Lines,2695.0,1052.57,1,Y,0.391,2024-06,1
703528,2024-06-13,EU Direct (Dublin-Cherbourg),Celtic Sealink,1162.0,647.17,3,Y,0.557,2024-06,1
704777,2024-06-14,EU Direct (Rosslare-Dunkirk),Atlantic Cargo Ferries,2374.0,1477.46,2,Y,0.622,2024-06,1
705510,2024-06-14,EU Direct (Rosslare-Dunkirk),Atlantic Cargo Ferries,1492.0,952.76,3,N,0.639,2024-06,0
702391,2024-06-14,UK Landbridge (Dublin-Holyhead),Celtic Sealink,1707.0,747.27,1,Y,0.438,2024-06,1
704863,2024-06-14,EU Direct (Rosslare-Dunkirk),Nordic Freight Lines,1483.0,683.33,3,Y,0.461,2024-06,1
700262,2024-06-15,UK Landbridge (Dublin-Holyhead),Nordic Freight Lines,2674.0,1074.75,1,N,0.402,2024-06,0
702589,2024-06-15,UK Landbridge (Dublin-Holyhead),Celtic Sealink,2822.0,1253.55,1,Y,0.444,2024-06,1
700166,2024-06-15,UK Landbridge (Dublin-Holyhead),Celtic Sealink,1129.0,472.81,1,Y,0.419,2024-06,1
703609,2024-06-15,EU Direct (Dublin-Cherbourg),Atlantic Cargo Ferries,3724.0,2590.07,2,N,0.696,2024-06,0
702955,2024-06-15,EU Direct (Dublin-Cherbourg),Celtic Sealink,1751.0,1069.77,2,Y,0.611,2024-06,1
703775,2024-06-15,EU Direct (Dublin-Cherbourg),Celtic Sealink,737.0,417.8,2,Y,0.567,2024-06,1
701705,2024-06-15,UK Landbridge (Dublin-Holyhead),Celtic Sealink,2293.0,932.34,1,Y,0.407,2024-06,1
701197,2024-06-15,UK Landbridge (Dublin-Holyhead),Nordic Freight Lines,2878.0,1183.21,1,Y,0.411,2024-06,1
705288,2024-06-15,EU Direct (Rosslare-Dunkirk),Atlantic Cargo Ferries,1948.0,1155.23,1,Y,0.593,2024-06,1
703026,2024-06-15,EU Direct (Dublin-Cherbourg),Atlantic Cargo Ferries,1585.0,980.34,2,Y,0.619,2024-06,1
705075,2024-06-15,EU Direct (Rosslare-Dunkirk),Atlantic Cargo Ferries,2088.0,1274.23,2,Y,0.61,2024-06,1
702880,2024-06-15,UK Landbridge (Dublin-Holyhead),Celtic Sealink,1638.0,678.16,1,Y,0.414,2024-06,1
705582,2024-06-16,EU Direct (Rosslare-Dunkirk),Atlantic Cargo Ferries,3025.0,1947.62,2,Y,0.644,2024-06,1
700707,2024-06-16,UK Landbridge (Dublin-Holyhead),Celtic Sealink,1958.0,768.01,1,Y,0.392,2024-06,1
700453,2024-06-16,UK Landbridge (Dublin-Holyhead),Nordic Freight Lines,2331.0,860.4,1,Y,0.369,2024-06,1
702343,2024-06-16,UK Landbridge (Dublin-Holyhead),Celtic Sealink,2293.0,961.16,1,Y,0.419,2024-06,1
703619,2024-06-16,EU Direct (Dublin-Cherbourg),Atlantic Cargo Ferries,1243.0,881.44,2,Y,0.709,2024-06,1
700986,2024-06-16,UK Landbridge (Dublin-Holyhead),Nordic Freight Lines,782.0,283.5,1,Y,0.363,2024-06,1
702178,2024-06-16,UK Landbridge (Dublin-Holyhead),Nordic Freight Lines,219.0,86.25,1,Y,0.394,2024-06,1
702305,2024-06-16,UK Landbridge (Dublin-Holyhead),Celtic Sealink,778.0,327.15,1,Y,0.421,2024-06,1
704760,2024-06-16,EU Direct (Rosslare-Dunkirk),Atlantic Cargo Ferries,2691.0,1631.59,2,Y,0.606,2024-06,1
703931,2024-06-17,EU Direct (Dublin-Cherbourg),Celtic Sealink,3623.0,2116.32,2,Y,0.584,2024-06,1
701392,2024-06-17,UK Landbridge (Dublin-Holyhead),Nordic Freight Lines,1400.0,503.17,1,Y,0.359,2024-06,1
705882,2024-06-17,EU Direct (Rosslare-Dunkirk),Atlantic Cargo Ferries,2425.0,1534.45,2,Y,0.633,2024-06,1
700611,2024-06-17,UK Landbridge (Dublin-Holyhead),Nordic Freight Lines,2514.0,932.08,1,Y,0.371,2024-06,1
703029,2024-06-17,EU Direct (Dublin-Cherbourg),Atlantic Cargo Ferries,4206.0,2603.47,3,Y,0.619,2024-06,1
701571,2024-06-17,UK Landbridge (Dublin-Holyhead),Nordic Freight Lines,1355.0,477.04,1,Y,0.352,2024-06,1
701937,2024-06-17,UK Landbridge (Dublin-Holyhead),Celtic Sealink,3046.0,1318.52,2,Y,0.433,2024-06,1
705469,2024-06-18,EU Direct (Rosslare-Dunkirk),Nordic Freight Lines,3292.0,1528.06,2,Y,0.464,2024-06,1
702048,2024-06-18,UK Landbridge (Dublin-Holyhead),Nordic Freight Lines,2394.0,891.64,1,Y,0.372,2024-06,1
704715,2024-06-18,EU Direct (Rosslare-Dunkirk),Atlantic Cargo Ferries,2421.0,1588.45,2,Y,0.656,2024-06,1
701402,2024-06-18,UK Landbridge (Dublin-Holyhead),Nordic Freight Lines,904.0,362.1,1,Y,0.401,2024-06,1
705791,2024-06-18,EU Direct (Rosslare-Dunkirk),Atlantic Cargo Ferries,2749.0,1783.65,2,Y,0.649,2024-06,1
701866,2024-06-18,UK Landbridge (Dublin-Holyhead),Celtic Sealink,2128.0,868.12,1,Y,0.408,2024-06,1
701517,2024-06-18,UK Landbridge (Dublin-Holyhead),Nordic Freight Lines,584.0,229.47,1,Y,0.393,2024-06,1
703167,2024-06-18,EU Direct (Dublin-Cherbourg),Atlantic Cargo Ferries,1287.0,838.92,2,Y,0.652,2024-06,1
705519,2024-06-18,EU Direct (Rosslare-Dunkirk),Atlantic Cargo Ferries,1296.0,816.37,2,Y,0.63,2024-06,1
702297,2024-06-18,UK Landbridge (Dublin-Holyhead),Nordic Freight Lines,1733.0,674.25,1,Y,0.389,2024-06,1
701172,2024-06-18,UK Landbridge (Dublin-Holyhead),Celtic Sealink,1954.0,820.19,1,Y,0.42,2024-06,1
701606,2024-06-18,UK Landbridge (Dublin-Holyhead),Nordic Freight Lines,2269.0,931.17,1,Y,0.41,2024-06,1
700657,2024-06-19,UK Landbridge (Dublin-Holyhead),Nordic Freight Lines,2195.0,885.87,1,Y,0.404,2024-06,1
700650,2024-06-19,UK Landbridge (Dublin-Holyhead),Celtic Sealink,2502.0,1069.61,1,Y,0.428,2024-06,1
703561,2024-06-19,EU Direct (Dublin-Cherbourg),Celtic Sealink,272.0,163.5,1,Y,0.601,2024-06,1
705594,2024-06-19,EU Direct (Rosslare-Dunkirk),Atlantic Cargo Ferries,2777.0,1726.24,2,Y,0.622,2024-06,1
703674,2024-06-19,EU Direct (Dublin-Cherbourg),Celtic Sealink,2873.0,1704.8,2,N,0.593,2024-06,0
701312,2024-06-19,UK Landbridge (Dublin-Holyhead),Celtic Sealink,855.0,339.13,1,Y,0.397,2024-06,1
701066,2024-06-20,UK Landbridge (Dublin-Holyhead),Nordic Freight Lines,1540.0,607.96,1,Y,0.395,2024-06,1
703997,2024-06-20,EU Direct (Dublin-Cherbourg),Celtic Sealink,747.0,406.1,2,Y,0.544,2024-06,1
701601,2024-06-20,UK Landbridge (Dublin-Holyhead),Nordic Freight Lines,2508.0,941.85,1,Y,0.376,2024-06,1
703581,2024-06-20,EU Direct (Dublin-Cherbourg),Celtic Sealink,1350.0,767.06,2,Y,0.568,2024-06,1
702595,2024-06-20,UK Landbridge (Dublin-Holyhead),Nordic Freight Lines,2549.0,973.28,1,Y,0.382,2024-06,1
703891,2024-06-20,EU Direct (Dublin-Cherbourg),Celtic Sealink,2634.0,1633.2,2,N,0.62,2024-06,0
705676,2024-06-20,EU Direct (Rosslare-Dunkirk),Nordic Freight Lines,1785.0,908.84,2,Y,0.509,2024-06,1
704337,2024-06-20,EU Direct (Dublin-Cherbourg),Celtic Sealink,311.0,188.04,2,Y,0.605,2024-06,1
704078,2024-06-20,EU Direct (Dublin-Cherbourg),Atlantic Cargo Ferries,1149.0,776.58,3,Y,0.676,2024-06,1
705161,2024-06-21,EU Direct (Rosslare-Dunkirk),Atlantic Cargo Ferries,2317.0,1481.32,2,Y,0.639,2024-06,1
701689,2024-06-21,UK Landbridge (Dublin-Holyhead),Celtic Sealink,471.0,182.28,1,Y,0.387,2024-06,1
702081,2024-06-21,UK Landbridge (Dublin-Holyhead),Nordic Freight Lines,3717.0,1308.05,1,Y,0.352,2024-06,1
704671,2024-06-21,EU Direct (Rosslare-Dunkirk),Atlantic Cargo Ferries,1022.0,676.15,2,Y,0.662,2024-06,1
705239,2024-06-21,EU Direct (Rosslare-Dunkirk),Nordic Freight Lines,1145.0,528.58,2,N,0.462,2024-06,0
701175,2024-06-21,UK Landbridge (Dublin-Holyhead),Celtic Sealink,3553.0,1586.35,1,Y,0.446,2024-06,1
702185,2024-06-22,UK Landbridge (Dublin-Holyhead),Celtic Sealink,3180.0,1310.79,1,Y,0.412,2024-06,1
700028,2024-06-22,UK Landbridge (Dublin-Holyhead),Nordic Freight Lines,2571.0,1049.57,1,Y,0.408,2024-06,1
702374,2024-06-22,UK Landbridge (Dublin-Holyhead),Celtic Sealink,50.0,20.47,1,Y,0.409,2024-06,1
703785,2024-06-22,EU Direct (Dublin-Cherbourg),Celtic Sealink,991.0,604.32,3,Y,0.61,2024-06,1
705432,2024-06-22,EU Direct (Rosslare-Dunkirk),Atlantic Cargo Ferries,1423.0,923.84,2,Y,0.649,2024-06,1
702918,2024-06-22,EU Direct (Dublin-Cherbourg),Celtic Sealink,1406.0,767.09,2,Y,0.546,2024-06,1
704741,2024-06-22,EU Direct (Rosslare-Dunkirk),Nordic Freight Lines,1028.0,526.98,2,Y,0.513,2024-06,1
701950,2024-06-22,UK Landbridge (Dublin-Holyhead),Celtic Sealink,2225.0,896.29,1,Y,0.403,2024-06,1
703658,2024-06-22,EU Direct (Dublin-Cherbourg),Atlantic Cargo Ferries,776.0,553.98,2,Y,0.714,2024-06,1
701786,2024-06-22,UK Landbridge (Dublin-Holyhead),Nordic Freight Lines,1010.0,376.35,1,Y,0.373,2024-06,1
700765,2024-06-22,UK Landbridge (Dublin-Holyhead),Celtic Sealink,2569.0,1118.06,1,Y,0.435,2024-06,1
704669,2024-06-22,EU Direct (Rosslare-Dunkirk),Atlantic Cargo Ferries,1972.0,1199.82,2,Y,0.608,2024-06,1
705021,2024-06-22,EU Direct (Rosslare-Dunkirk),Nordic Freight Lines,1680.0,865.13,2,Y,0.515,2024-06,1
704932,2024-06-22,EU Direct (Rosslare-Dunkirk),Atlantic Cargo Ferries,3597.0,2199.31,1,Y,0.611,2024-06,1
702352,2024-06-23,UK Landbridge (Dublin-Holyhead),Celtic Sealink,1296.0,562.38,1,Y,0.434,2024-06,1
701069,2024-06-23,UK Landbridge (Dublin-Holyhead),Nordic Freight Lines,2559.0,1034.06,1,N,0.404,2024-06,0
704579,2024-06-23,EU Direct (Dublin-Cherbourg),Celtic Sealink,2771.0,1567.1,2,Y,0.566,2024-06,1
700887,2024-06-23,UK Landbridge (Dublin-Holyhead),Celtic Sealink,1421.0,586.15,1,Y,0.412,2024-06,1
705167,2024-06-23,EU Direct (Rosslare-Dunkirk),Atlantic Cargo Ferries,50.0,33.39,2,Y,0.668,2024-06,1
701765,2024-06-23,UK Landbridge (Dublin-Holyhead),Celtic Sealink,4321.0,1743.24,1,Y,0.403,2024-06,1
700790,2024-06-24,UK Landbridge (Dublin-Holyhead),Celtic Sealink,50.0,21.52,1,Y,0.43,2024-06,1
705419,2024-06-24,EU Direct (Rosslare-Dunkirk),Atlantic Cargo Ferries,2748.0,1632.1,2,Y,0.594,2024-06,1
700266,2024-06-24,UK Landbridge (Dublin-Holyhead),Nordic Freight Lines,2514.0,969.3,1,Y,0.386,2024-06,1
704542,2024-06-24,EU Direct (Dublin-Cherbourg),Atlantic Cargo Ferries,1662.0,1124.94,2,Y,0.677,2024-06,1
705645,2024-06-24,EU Direct (Rosslare-Dunkirk),Nordic Freight Lines,50.0,24.52,2,Y,0.49,2024-06,1
702396,2024-06-24,UK Landbridge (Dublin-Holyhead),Nordic Freight Lines,1602.0,574.87,1,N,0.359,2024-06,0
702249,2024-06-24,UK Landbridge (Dublin-Holyhead),Celtic Sealink,2623.0,1189.77,1,Y,0.454,2024-06,1
702935,2024-06-24,EU Direct (Dublin-Cherbourg),Celtic Sealink,1429.0,856.98,2,Y,0.6,2024-06,1
702439,2024-06-24,UK Landbridge (Dublin-Holyhead),Nordic Freight Lines,1161.0,416.69,2,Y,0.359,2024-06,1
704550,2024-06-25,EU Direct (Dublin-Cherbourg),Celtic Sealink,2057.0,1265.34,2,Y,0.615,2024-06,1
705366,2024-06-25,EU Direct (Rosslare-Dunkirk),Nordic Freight Lines,2180.0,1021.0,2,N,0.468,2024-06,0
700124,2024-06-25,UK Landbridge (Dublin-Holyhead),Celtic Sealink,882.0,373.99,1,Y,0.424,2024-06,1
704375,2024-06-25,EU Direct (Dublin-Cherbourg),Atlantic Cargo Ferries,2517.0,1634.06,2,Y,0.649,2024-06,1
701681,2024-06-26,UK Landbridge (Dublin-Holyhead),Nordic Freight Lines,1872.0,732.93,1,Y,0.392,2024-06,1
705006,2024-06-26,EU Direct (Rosslare-Dunkirk),Nordic Freight Lines,1594.0,771.19,1,Y,0.484,2024-06,1
701127,2024-06-26,UK Landbridge (Dublin-Holyhead),Celtic Sealink,2769.0,1221.47,1,Y,0.441,2024-06,1
705635,2024-06-26,EU Direct (Rosslare-Dunkirk),Atlantic Cargo Ferries,1079.0,706.82,2,Y,0.655,2024-06,1
705821,2024-06-26,EU Direct (Rosslare-Dunkirk),Nordic Freight Lines,50.0,24.01,2,Y,0.48,2024-06,1
701716,2024-06-26,UK Landbridge (Dublin-Holyhead),Nordic Freight Lines,1974.0,745.6,1,Y,0.378,2024-06,1
701267,2024-06-26,UK Landbridge (Dublin-Holyhead),Celtic Sealink,1122.0,451.96,1,Y,0.403,2024-06,1
701169,2024-06-27,UK Landbridge (Dublin-Holyhead),Nordic Freight Lines,761.0,302.29,1,Y,0.397,2024-06,1
701988,2024-06-27,UK Landbridge (Dublin-Holyhead),Nordic Freight Lines,904.0,319.91,1,Y,0.354,2024-06,1
702630,2024-06-27,UK Landbridge (Dublin-Holyhead),Celtic Sealink,2091.0,919.54,1,Y,0.44,2024-06,1
704085,2024-06-27,EU Direct (Dublin-Cherbourg),Atlantic Cargo Ferries,2623.0,1858.58,2,Y,0.709,2024-06,1
702232,2024-06-27,UK Landbridge (Dublin-Holyhead),Nordic Freight Lines,2426.0,925.61,1,Y,0.382,2024-06,1
702664,2024-06-28,UK Landbridge (Dublin-Holyhead),Nordic Freight Lines,2303.0,894.54,2,Y,0.388,2024-06,1
701940,2024-06-28,UK Landbridge (Dublin-Holyhead),Celtic Sealink,1719.0,737.53,1,Y,0.429,2024-06,1
705846,2024-06-28,EU Direct (Rosslare-Dunkirk),Nordic Freight Lines,2092.0,1071.53,2,Y,0.512,2024-06,1
701685,2024-06-28,UK Landbridge (Dublin-Holyhead),Nordic Freight Lines,1813.0,731.9,1,Y,0.404,2024-06,1
701322,2024-06-28,UK Landbridge (Dublin-Holyhead),Celtic Sealink,946.0,381.21,1,Y,0.403,2024-06,1
701231,2024-06-28,UK Landbridge (Dublin-Holyhead),Nordic Freight Lines,1951.0,740.56,1,Y,0.38,2024-06,1
705847,2024-06-28,EU Direct (Rosslare-Dunkirk),Nordic Freight Lines,817.0,419.53,2,Y,0.514,2024-06,1
700566,2024-06-28,UK Landbridge (Dublin-Holyhead),Celtic Sealink,3066.0,1335.36,1,Y,0.436,2024-06,1
704869,2024-06-28,EU Direct (Rosslare-Dunkirk),Nordic Freight Lines,50.0,24.99,2,Y,0.5,2024-06,1
701379,2024-06-29,UK Landbridge (Dublin-Holyhead),Celtic Sealink,577.0,225.89,1,Y,0.391,2024-06,1
704057,2024-06-29,EU Direct (Dublin-Cherbourg),Atlantic Cargo Ferries,2930.0,1923.52,2,Y,0.656,2024-06,1
702790,2024-06-29,UK Landbridge (Dublin-Holyhead),Celtic Sealink,1338.0,533.9,2,Y,0.399,2024-06,1
705555,2024-06-29,EU Direct (Rosslare-Dunkirk),Nordic Freight Lines,1564.0,788.73,2,Y,0.504,2024-06,1
705116,2024-06-29,EU Direct (Rosslare-Dunkirk),Nordic Freight Lines,335.0,168.12,3,Y,0.502,2024-06,1
702942,2024-06-29,EU Direct (Dublin-Cherbourg),Atlantic Cargo Ferries,1979.0,1290.87,2,N,0.652,2024-06,0
702750,2024-06-29,UK Landbridge (Dublin-Holyhead),Nordic Freight Lines,2408.0,892.52,1,Y,0.371,2024-06,1
705125,2024-06-30,EU Direct (Rosslare-Dunkirk),Atlantic Cargo Ferries,3054.0,2003.41,2,Y,0.656,2024-06,1
700009,2024-06-30,UK Landbridge (Dublin-Holyhead),Nordic Freight Lines,1559.0,596.69,1,N,0.383,2024-06,0
702831,2024-06-30,UK Landbridge (Dublin-Holyhead),Nordic Freight Lines,3531.0,1276.46,1,Y,0.362,2024-06,1
700777,2024-06-30,UK Landbridge (Dublin-Holyhead),Nordic Freight Lines,923.0,333.15,1,Y,0.361,2024-06,1
705786,2024-06-30,EU Direct (Rosslare-Dunkirk),Nordic Freight Lines,1838.0,855.22,3,Y,0.465,2024-06,1
704993,2024-06-30,EU Direct (Rosslare-Dunkirk),Atlantic Cargo Ferries,2068.0,1310.67,2,Y,0.634,2024-06,1
705515,2024-06-30,EU Direct (Rosslare-Dunkirk),Atlantic Cargo Ferries,2130.0,1306.86,2,Y,0.614,2024-06,1
702997,2024-06-30,EU Direct (Dublin-Cherbourg),Atlantic Cargo Ferries,2636.0,1789.21,2,Y,0.679,2024-06,1
705607,2024-06-30,EU Direct (Rosslare-Dunkirk),Nordic Freight Lines,911.0,423.04,2,Y,0.464,2024-06,1
703140,2024-07-01,EU Direct (Dublin-Cherbourg),Celtic Sealink,2308.0,1357.01,2,Y,0.588,2024-07,1
704709,2024-07-01,EU Direct (Rosslare-Dunkirk),Atlantic Cargo Ferries,1901.0,1203.2,2,Y,0.633,2024-07,1
700560,2024-07-01,UK Landbridge (Dublin-Holyhead),Nordic Freight Lines,2704.0,953.66,1,Y,0.353,2024-07,1
704279,2024-07-01,EU Direct (Dublin-Cherbourg),Celtic Sealink,1607.0,908.06,2,Y,0.565,2024-07,1
702729,2024-07-01,UK Landbridge (Dublin-Holyhead),Nordic Freight Lines,1276.0,493.39,1,Y,0.387,2024-07,1
704908,2024-07-01,EU Direct (Rosslare-Dunkirk),Nordic Freight Lines,1779.0,885.62,2,Y,0.498,2024-07,1
702556,2024-07-01,UK Landbridge (Dublin-Holyhead),Nordic Freight Lines,2288.0,839.46,1,Y,0.367,2024-07,1
705479,2024-07-02,EU Direct (Rosslare-Dunkirk),Atlantic Cargo Ferries,1465.0,857.2,2,Y,0.585,2024-07,1
703535,2024-07-02,EU Direct (Dublin-Cherbourg),Celtic Sealink,2369.0,1374.62,2,Y,0.58,2024-07,1
701107,2024-07-02,UK Landbridge (Dublin-Holyhead),Nordic Freight Lines,2708.0,1075.35,1,Y,0.397,2024-07,1
703594,2024-07-02,EU Direct (Dublin-Cherbourg),Atlantic Cargo Ferries,2445.0,1673.24,2,Y,0.684,2024-07,1
704076,2024-07-02,EU Direct (Dublin-Cherbourg),Celtic Sealink,2870.0,1788.93,2,N,0.623,2024-07,0
704224,2024-07-02,EU Direct (Dublin-Cherbourg),Atlantic Cargo Ferries,1605.0,1063.85,2,Y,0.663,2024-07,1
700515,2024-07-02,UK Landbridge (Dublin-Holyhead),Nordic Freight Lines,768.0,297.64,1,N,0.388,2024-07,0
703011,2024-07-02,EU Direct (Dublin-Cherbourg),Atlantic Cargo Ferries,2170.0,1323.79,1,Y,0.61,2024-07,1
701802,2024-07-02,UK Landbridge (Dublin-Holyhead),Nordic Freight Lines,1604.0,605.02,1,Y,0.377,2024-07,1
705133,2024-07-03,EU Direct (Rosslare-Dunkirk),Nordic Freight Lines,437.0,216.63,2,Y,0.496,2024-07,1
705900,2024-07-03,EU Direct (Rosslare-Dunkirk),Atlantic Cargo Ferries,50.0,31.68,2,N,0.634,2024-07,0
701239,2024-07-03,UK Landbridge (Dublin-Holyhead),Celtic Sealink,448.0,198.83,1,Y,0.444,2024-07,1
705754,2024-07-03,EU Direct (Rosslare-Dunkirk),Nordic Freight Lines,154.0,73.69,2,Y,0.479,2024-07,1
705734,2024-07-03,EU Direct (Rosslare-Dunkirk),Nordic Freight Lines,1437.0,753.17,2,Y,0.524,2024-07,1
703481,2024-07-03,EU Direct (Dublin-Cherbourg),Celtic Sealink,1818.0,1082.74,2,Y,0.596,2024-07,1
702817,2024-07-03,UK Landbridge (Dublin-Holyhead),Celtic Sealink,1621.0,726.44,1,Y,0.448,2024-07,1
705642,2024-07-03,EU Direct (Rosslare-Dunkirk),Atlantic Cargo Ferries,368.0,221.98,2,Y,0.603,2024-07,1
704210,2024-07-03,EU Direct (Dublin-Cherbourg),Atlantic Cargo Ferries,1271.0,824.46,2,Y,0.649,2024-07,1
701942,2024-07-03,UK Landbridge (Dublin-Holyhead),Celtic Sealink,2571.0,1096.48,2,Y,0.426,2024-07,1
703169,2024-07-04,EU Direct (Dublin-Cherbourg),Celtic Sealink,3169.0,1712.01,2,Y,0.54,2024-07,1
700054,2024-07-04,UK Landbridge (Dublin-Holyhead),Celtic Sealink,1089.0,447.88,1,Y,0.411,2024-07,1
701323,2024-07-04,UK Landbridge (Dublin-Holyhead),Celtic Sealink,2892.0,1279.43,1,Y,0.442,2024-07,1
700827,2024-07-04,UK Landbridge (Dublin-Holyhead),Nordic Freight Lines,2204.0,855.07,1,Y,0.388,2024-07,1
701487,2024-07-04,UK Landbridge (Dublin-Holyhead),Nordic Freight Lines,1407.0,535.09,2,Y,0.38,2024-07,1
704154,2024-07-04,EU Direct (Dublin-Cherbourg),Celtic Sealink,2455.0,1337.03,2,Y,0.545,2024-07,1
704468,2024-07-04,EU Direct (Dublin-Cherbourg),Atlantic Cargo Ferries,2403.0,1482.48,3,Y,0.617,2024-07,1
701475,2024-07-04,UK Landbridge (Dublin-Holyhead),Celtic Sealink,1062.0,469.69,1,Y,0.442,2024-07,1
700670,2024-07-05,UK Landbridge (Dublin-Holyhead),Nordic Freight Lines,1813.0,697.03,1,Y,0.384,2024-07,1
705505,2024-07-05,EU Direct (Rosslare-Dunkirk),Nordic Freight Lines,2372.0,1217.87,2,Y,0.513,2024-07,1
704067,2024-07-05,EU Direct (Dublin-Cherbourg),Celtic Sealink,856.0,530.8,2,Y,0.62,2024-07,1
702147,2024-07-05,UK Landbridge (Dublin-Holyhead),Nordic Freight Lines,2275.0,931.66,1,Y,0.41,2024-07,1
705071,2024-07-05,EU Direct (Rosslare-Dunkirk),Atlantic Cargo Ferries,2006.0,1348.16,2,Y,0.672,2024-07,1
700391,2024-07-05,UK Landbridge (Dublin-Holyhead),Celtic Sealink,1337.0,559.09,1,Y,0.418,2024-07,1
703718,2024-07-05,EU Direct (Dublin-Cherbourg),Celtic Sealink,1882.0,1147.54,2,Y,0.61,2024-07,1
705165,2024-07-05,EU Direct (Rosslare-Dunkirk),Nordic Freight Lines,2303.0,1085.34,2,Y,0.471,2024-07,1
701677,2024-07-06,UK Landbridge (Dublin-Holyhead),Celtic Sealink,1177.0,515.18,1,Y,0.438,2024-07,1
705154,2024-07-06,EU Direct (Rosslare-Dunkirk),Nordic Freight Lines,912.0,420.5,3,Y,0.461,2024-07,1
703461,2024-07-06,EU Direct (Dublin-Cherbourg),Celtic Sealink,1982.0,1077.11,2,Y,0.543,2024-07,1
705843,2024-07-06,EU Direct (Rosslare-Dunkirk),Atlantic Cargo Ferries,2119.0,1329.21,2,Y,0.627,2024-07,1
701826,2024-07-06,UK Landbridge (Dublin-Holyhead),Nordic Freight Lines,692.0,274.41,1,Y,0.397,2024-07,1
702732,2024-07-07,UK Landbridge (Dublin-Holyhead),Nordic Freight Lines,513.0,202.82,2,Y,0.395,2024-07,1
701873,2024-07-07,UK Landbridge (Dublin-Holyhead),Celtic Sealink,2536.0,1126.32,1,Y,0.444,2024-07,1
705099,2024-07-07,EU Direct (Rosslare-Dunkirk),Atlantic Cargo Ferries,1055.0,714.19,2,Y,0.677,2024-07,1
701361,2024-07-07,UK Landbridge (Dublin-Holyhead),Celtic Sealink,2082.0,811.42,1,N,0.39,2024-07,0
704194,2024-07-07,EU Direct (Dublin-Cherbourg),Atlantic Cargo Ferries,1320.0,836.79,2,Y,0.634,2024-07,1
703468,2024-07-07,EU Direct (Dublin-Cherbourg),Atlantic Cargo Ferries,1917.0,1310.08,2,N,0.683,2024-07,0
701559,2024-07-07,UK Landbridge (Dublin-Holyhead),Nordic Freight Lines,2836.0,1045.27,1,Y,0.369,2024-07,1
701869,2024-07-07,UK Landbridge (Dublin-Holyhead),Nordic Freight Lines,2247.0,796.38,1,Y,0.354,2024-07,1
701836,2024-07-07,UK Landbridge (Dublin-Holyhead),Nordic Freight Lines,1514.0,562.41,1,Y,0.371,2024-07,1
703566,2024-07-08,EU Direct (Dublin-Cherbourg),Celtic Sealink,2203.0,1246.47,2,N,0.566,2024-07,0
701876,2024-07-08,UK Landbridge (Dublin-Holyhead),Celtic Sealink,3462.0,1516.53,1,Y,0.438,2024-07,1
701904,2024-07-08,UK Landbridge (Dublin-Holyhead),Nordic Freight Lines,3437.0,1238.62,1,Y,0.36,2024-07,1
702228,2024-07-08,UK Landbridge (Dublin-Holyhead),Nordic Freight Lines,466.0,164.73,1,Y,0.353,2024-07,1
705440,2024-07-08,EU Direct (Rosslare-Dunkirk),Atlantic Cargo Ferries,3453.0,2333.63,1,Y,0.676,2024-07,1
703074,2024-07-08,EU Direct (Dublin-Cherbourg),Celtic Sealink,2604.0,1431.26,2,Y,0.55,2024-07,1
702346,2024-07-08,UK Landbridge (Dublin-Holyhead),Nordic Freight Lines,963.0,396.17,1,Y,0.411,2024-07,1
704206,2024-07-09,EU Direct (Dublin-Cherbourg),Celtic Sealink,2438.0,1524.51,2,Y,0.625,2024-07,1
702867,2024-07-09,UK Landbridge (Dublin-Holyhead),Celtic Sealink,1162.0,478.43,1,Y,0.412,2024-07,1
700233,2024-07-09,UK Landbridge (Dublin-Holyhead),Celtic Sealink,1808.0,735.86,1,Y,0.407,2024-07,1
700508,2024-07-09,UK Landbridge (Dublin-Holyhead),Nordic Freight Lines,2343.0,953.34,1,Y,0.407,2024-07,1
702039,2024-07-09,UK Landbridge (Dublin-Holyhead),Celtic Sealink,2676.0,1052.39,1,Y,0.393,2024-07,1
703187,2024-07-09,EU Direct (Dublin-Cherbourg),Celtic Sealink,1518.0,919.8,3,Y,0.606,2024-07,1
702665,2024-07-09,UK Landbridge (Dublin-Holyhead),Celtic Sealink,2060.0,869.27,1,Y,0.422,2024-07,1
702390,2024-07-09,UK Landbridge (Dublin-Holyhead),Nordic Freight Lines,982.0,356.22,1,Y,0.363,2024-07,1
704138,2024-07-09,EU Direct (Dublin-Cherbourg),Celtic Sealink,1271.0,692.15,2,Y,0.545,2024-07,1
702569,2024-07-09,UK Landbridge (Dublin-Holyhead),Nordic Freight Lines,3235.0,1177.55,1,Y,0.364,2024-07,1
704017,2024-07-09,EU Direct (Dublin-Cherbourg),Celtic Sealink,3474.0,1982.24,2,Y,0.571,2024-07,1
701257,2024-07-09,UK Landbridge (Dublin-Holyhead),Celtic Sealink,1023.0,401.34,1,N,0.392,2024-07,0
700725,2024-07-09,UK Landbridge (Dublin-Holyhead),Celtic Sealink,1482.0,646.74,1,Y,0.436,2024-07,1
703217,2024-07-10,EU Direct (Dublin-Cherbourg),Celtic Sealink,1130.0,701.42,2,Y,0.621,2024-07,1
700463,2024-07-10,UK Landbridge (Dublin-Holyhead),Celtic Sealink,1359.0,534.41,1,Y,0.393,2024-07,1
702724,2024-07-10,UK Landbridge (Dublin-Holyhead),Celtic Sealink,2783.0,1255.57,1,Y,0.451,2024-07,1
705684,2024-07-10,EU Direct (Rosslare-Dunkirk),Nordic Freight Lines,246.0,120.6,2,Y,0.49,2024-07,1
704651,2024-07-10,EU Direct (Rosslare-Dunkirk),Nordic Freight Lines,1558.0,747.99,2,Y,0.48,2024-07,1
702172,2024-07-10,UK Landbridge (Dublin-Holyhead),Celtic Sealink,2637.0,1177.91,1,Y,0.447,2024-07,1
702140,2024-07-10,UK Landbridge (Dublin-Holyhead),Celtic Sealink,2121.0,941.98,1,N,0.444,2024-07,0
702477,2024-07-10,UK Landbridge (Dublin-Holyhead),Nordic Freight Lines,2460.0,1002.98,2,Y,0.408,2024-07,1
703514,2024-07-10,EU Direct (Dublin-Cherbourg),Atlantic Cargo Ferries,1849.0,1228.08,1,Y,0.664,2024-07,1
705989,2024-07-10,EU Direct (Rosslare-Dunkirk),Nordic Freight Lines,1698.0,890.26,2,Y,0.524,2024-07,1
702217,2024-07-10,UK Landbridge (Dublin-Holyhead),Celtic Sealink,993.0,427.3,1,Y,0.43,2024-07,1
701248,2024-07-11,UK Landbridge (Dublin-Holyhead),Nordic Freight Lines,1531.0,569.65,1,Y,0.372,2024-07,1
703699,2024-07-11,EU Direct (Dublin-Cherbourg),Celtic Sealink,1853.0,1138.1,2,Y,0.614,2024-07,1
704216,2024-07-11,EU Direct (Dublin-Cherbourg),Celtic Sealink,1155.0,627.89,2,Y,0.544,2024-07,1
700780,2024-07-11,UK Landbridge (Dublin-Holyhead),Celtic Sealink,985.0,382.19,1,Y,0.388,2024-07,1
704650,2024-07-11,EU Direct (Rosslare-Dunkirk),Nordic Freight Lines,2661.0,1351.73,2,Y,0.508,2024-07,1
704648,2024-07-11,EU Direct (Rosslare-Dunkirk),Atlantic Cargo Ferries,2572.0,1544.78,3,Y,0.601,2024-07,1
700319,2024-07-11,UK Landbridge (Dublin-Holyhead),Nordic Freight Lines,2369.0,942.86,1,Y,0.398,2024-07,1
702238,2024-07-11,UK Landbridge (Dublin-Holyhead),Nordic Freight Lines,1255.0,496.77,1,Y,0.396,2024-07,1
704038,2024-07-11,EU Direct (Dublin-Cherbourg),Celtic Sealink,2587.0,1453.1,2,Y,0.562,2024-07,1
704625,2024-07-11,EU Direct (Rosslare-Dunkirk),Nordic Freight Lines,1987.0,984.94,2,Y,0.496,2024-07,1
702016,2024-07-11,UK Landbridge (Dublin-Holyhead),Celtic Sealink,1100.0,455.49,1,Y,0.414,2024-07,1
705445,2024-07-11,EU Direct (Rosslare-Dunkirk),Atlantic Cargo Ferries,2221.0,1328.96,3,Y,0.598,2024-07,1
704088,2024-07-11,EU Direct (Dublin-Cherbourg),Atlantic Cargo Ferries,2817.0,1964.57,2,N,0.697,2024-07,0
700668,2024-07-11,UK Landbridge (Dublin-Holyhead),Nordic Freight Lines,2498.0,921.68,1,Y,0.369,2024-07,1
705844,2024-07-11,EU Direct (Rosslare-Dunkirk),Atlantic Cargo Ferries,1117.0,668.5,2,Y,0.598,2024-07,1
702408,2024-07-11,UK Landbridge (Dublin-Holyhead),Celtic Sealink,1616.0,731.01,2,Y,0.452,2024-07,1
700475,2024-07-11,UK Landbridge (Dublin-Holyhead),Celtic Sealink,1430.0,600.09,2,Y,0.42,2024-07,1
702776,2024-07-11,UK Landbridge (Dublin-Holyhead),Nordic Freight Lines,1235.0,435.19,1,Y,0.352,2024-07,1
700419,2024-07-12,UK Landbridge (Dublin-Holyhead),Nordic Freight Lines,1389.0,490.92,1,Y,0.353,2024-07,1
704857,2024-07-12,EU Direct (Rosslare-Dunkirk),Nordic Freight Lines,2795.0,1386.41,1,Y,0.496,2024-07,1
701363,2024-07-12,UK Landbridge (Dublin-Holyhead),Celtic Sealink,1486.0,652.15,1,Y,0.439,2024-07,1
702061,2024-07-12,UK Landbridge (Dublin-Holyhead),Celtic Sealink,2445.0,1065.81,1,Y,0.436,2024-07,1
705873,2024-07-12,EU Direct (Rosslare-Dunkirk),Atlantic Cargo Ferries,1242.0,727.67,1,Y,0.586,2024-07,1
704075,2024-07-12,EU Direct (Dublin-Cherbourg),Celtic Sealink,1772.0,1094.72,2,Y,0.618,2024-07,1
700686,2024-07-12,UK Landbridge (Dublin-Holyhead),Celtic Sealink,50.0,22.32,1,Y,0.446,2024-07,1
703266,2024-07-12,EU Direct (Dublin-Cherbourg),Atlantic Cargo Ferries,1239.0,804.96,2,Y,0.65,2024-07,1
702864,2024-07-13,UK Landbridge (Dublin-Holyhead),Celtic Sealink,704.0,299.85,1,Y,0.426,2024-07,1
700541,2024-07-13,UK Landbridge (Dublin-Holyhead),Celtic Sealink,2892.0,1160.5,1,Y,0.401,2024-07,1
702648,2024-07-13,UK Landbridge (Dublin-Holyhead),Nordic Freight Lines,711.0,262.23,1,Y,0.369,2024-07,1
704497,2024-07-14,EU Direct (Dublin-Cherbourg),Atlantic Cargo Ferries,837.0,523.45,2,N,0.625,2024-07,0
705153,2024-07-14,EU Direct (Rosslare-Dunkirk),Atlantic Cargo Ferries,1339.0,790.34,2,Y,0.59,2024-07,1
704643,2024-07-14,EU Direct (Rosslare-Dunkirk),Atlantic Cargo Ferries,1243.0,832.88,2,Y,0.67,2024-07,1
700873,2024-07-14,UK Landbridge (Dublin-Holyhead),Celtic Sealink,2018.0,801.68,1,Y,0.397,2024-07,1
705220,2024-07-14,EU Direct (Rosslare-Dunkirk),Nordic Freight Lines,2028.0,956.99,2,Y,0.472,2024-07,1
700938,2024-07-14,UK Landbridge (Dublin-Holyhead),Nordic Freight Lines,2631.0,968.76,1,Y,0.368,2024-07,1
701148,2024-07-14,UK Landbridge (Dublin-Holyhead),Celtic Sealink,2816.0,1242.57,1,Y,0.441,2024-07,1
703973,2024-07-14,EU Direct (Dublin-Cherbourg),Celtic Sealink,2724.0,1622.92,2,Y,0.596,2024-07,1
705398,2024-07-15,EU Direct (Rosslare-Dunkirk),Atlantic Cargo Ferries,2595.0,1728.88,1,Y,0.666,2024-07,1
704641,2024-07-15,EU Direct (Rosslare-Dunkirk),Atlantic Cargo Ferries,1252.0,754.32,2,N,0.602,2024-07,0
700044,2024-07-15,UK Landbridge (Dublin-Holyhead),Celtic Sealink,1608.0,649.45,1,Y,0.404,2024-07,1
701165,2024-07-15,UK Landbridge (Dublin-Holyhead),Nordic Freight Lines,1566.0,645.76,1,N,0.412,2024-07,0
705669,2024-07-15,EU Direct (Rosslare-Dunkirk),Atlantic Cargo Ferries,1611.0,954.28,1,Y,0.592,2024-07,1
703070,2024-07-15,EU Direct (Dublin-Cherbourg),Celtic Sealink,2098.0,1151.74,2,Y,0.549,2024-07,1
701340,2024-07-15,UK Landbridge (Dublin-Holyhead),Celtic Sealink,1496.0,612.42,2,Y,0.409,2024-07,1
705433,2024-07-15,EU Direct (Rosslare-Dunkirk),Nordic Freight Lines,1081.0,580.03,2,Y,0.537,2024-07,1
702445,2024-07-15,UK Landbridge (Dublin-Holyhead),Celtic Sealink,1058.0,424.85,1,Y,0.402,2024-07,1
700431,2024-07-16,UK Landbridge (Dublin-Holyhead),Nordic Freight Lines,3310.0,1218.86,1,Y,0.368,2024-07,1
702460,2024-07-16,UK Landbridge (Dublin-Holyhead),Celtic Sealink,1885.0,816.56,2,Y,0.433,2024-07,1
705308,2024-07-16,EU Direct (Rosslare-Dunkirk),Nordic Freight Lines,1556.0,836.89,2,Y,0.538,2024-07,1
700795,2024-07-16,UK Landbridge (Dublin-Holyhead),Celtic Sealink,1621.0,728.42,1,Y,0.449,2024-07,1
705884,2024-07-16,EU Direct (Rosslare-Dunkirk),Atlantic Cargo Ferries,1778.0,1146.5,1,Y,0.645,2024-07,1
702329,2024-07-16,UK Landbridge (Dublin-Holyhead),Nordic Freight Lines,1913.0,694.43,1,Y,0.363,2024-07,1
704782,2024-07-16,EU Direct (Rosslare-Dunkirk),Nordic Freight Lines,2536.0,1190.75,2,Y,0.47,2024-07,1
702876,2024-07-16,UK Landbridge (Dublin-Holyhead),Celtic Sealink,1556.0,647.97,1,Y,0.416,2024-07,1
703445,2024-07-16,EU Direct (Dublin-Cherbourg),Celtic Sealink,1242.0,738.65,2,Y,0.595,2024-07,1
703812,2024-07-17,EU Direct (Dublin-Cherbourg),Celtic Sealink,2824.0,1518.34,2,Y,0.538,2024-07,1
702461,2024-07-17,UK Landbridge (Dublin-Holyhead),Nordic Freight Lines,2897.0,1150.6,1,Y,0.397,2024-07,1
700331,2024-07-17,UK Landbridge (Dublin-Holyhead),Celtic Sealink,2532.0,1050.31,1,Y,0.415,2024-07,1
700679,2024-07-17,UK Landbridge (Dublin-Holyhead),Celtic Sealink,2214.0,868.74,1,Y,0.392,2024-07,1
703185,2024-07-17,EU Direct (Dublin-Cherbourg),Atlantic Cargo Ferries,1877.0,1187.98,2,Y,0.633,2024-07,1
702655,2024-07-17,UK Landbridge (Dublin-Holyhead),Celtic Sealink,2559.0,1087.73,2,Y,0.425,2024-07,1
703297,2024-07-17,EU Direct (Dublin-Cherbourg),Atlantic Cargo Ferries,2671.0,1721.07,2,Y,0.644,2024-07,1
705442,2024-07-17,EU Direct (Rosslare-Dunkirk),Nordic Freight Lines,1913.0,997.39,2,Y,0.521,2024-07,1
705629,2024-07-17,EU Direct (Rosslare-Dunkirk),Nordic Freight Lines,1792.0,946.37,2,Y,0.528,2024-07,1
702782,2024-07-18,UK Landbridge (Dublin-Holyhead),Celtic Sealink,1999.0,903.58,1,Y,0.452,2024-07,1
701774,2024-07-18,UK Landbridge (Dublin-Holyhead),Celtic Sealink,837.0,346.31,2,Y,0.414,2024-07,1
700270,2024-07-18,UK Landbridge (Dublin-Holyhead),Nordic Freight Lines,2673.0,1009.56,1,Y,0.378,2024-07,1
702536,2024-07-18,UK Landbridge (Dublin-Holyhead),Nordic Freight Lines,1394.0,526.99,2,Y,0.378,2024-07,1
702010,2024-07-18,UK Landbridge (Dublin-Holyhead),Nordic Freight Lines,2134.0,812.89,2,Y,0.381,2024-07,1
701823,2024-07-18,UK Landbridge (Dublin-Holyhead),Nordic Freight Lines,625.0,223.62,1,Y,0.358,2024-07,1
704687,2024-07-18,EU Direct (Rosslare-Dunkirk),Atlantic Cargo Ferries,983.0,626.61,2,N,0.637,2024-07,0
702483,2024-07-18,UK Landbridge (Dublin-Holyhead),Celtic Sealink,2306.0,908.65,1,Y,0.394,2024-07,1
701026,2024-07-18,UK Landbridge (Dublin-Holyhead),Celtic Sealink,2255.0,998.26,1,Y,0.443,2024-07,1
700488,2024-07-19,UK Landbridge (Dublin-Holyhead),Celtic Sealink,3103.0,1236.2,1,Y,0.398,2024-07,1
704916,2024-07-19,EU Direct (Rosslare-Dunkirk),Nordic Freight Lines,1545.0,752.49,1,Y,0.487,2024-07,1
702908,2024-07-19,EU Direct (Dublin-Cherbourg),Atlantic Cargo Ferries,1993.0,1352.3,2,Y,0.679,2024-07,1
704603,2024-07-20,EU Direct (Dublin-Cherbourg),Atlantic Cargo Ferries,271.0,174.91,2,Y,0.645,2024-07,1
702924,2024-07-20,EU Direct (Dublin-Cherbourg),Atlantic Cargo Ferries,1231.0,765.22,2,Y,0.622,2024-07,1
704205,2024-07-20,EU Direct (Dublin-Cherbourg),Celtic Sealink,1528.0,953.19,2,Y,0.624,2024-07,1
701862,2024-07-20,UK Landbridge (Dublin-Holyhead),Nordic Freight Lines,1281.0,462.29,1,N,0.361,2024-07,0
700608,2024-07-20,UK Landbridge (Dublin-Holyhead),Nordic Freight Lines,1541.0,542.34,1,Y,0.352,2024-07,1
705832,2024-07-20,EU Direct (Rosslare-Dunkirk),Atlantic Cargo Ferries,1401.0,864.36,2,Y,0.617,2024-07,1
703270,2024-07-20,EU Direct (Dublin-Cherbourg),Celtic Sealink,2800.0,1653.13,2,Y,0.59,2024-07,1
700530,2024-07-20,UK Landbridge (Dublin-Holyhead),Nordic Freight Lines,1420.0,563.0,1,Y,0.396,2024-07,1
702675,2024-07-20,UK Landbridge (Dublin-Holyhead),Celtic Sealink,1344.0,595.35,1,Y,0.443,2024-07,1
705284,2024-07-20,EU Direct (Rosslare-Dunkirk),Atlantic Cargo Ferries,3139.0,2052.53,1,N,0.654,2024-07,0
700970,2024-07-20,UK Landbridge (Dublin-Holyhead),Celtic Sealink,1124.0,475.44,1,N,0.423,2024-07,0
703188,2024-07-21,EU Direct (Dublin-Cherbourg),Celtic Sealink,839.0,504.77,2,Y,0.602,2024-07,1
702047,2024-07-21,UK Landbridge (Dublin-Holyhead),Nordic Freight Lines,1527.0,549.57,1,Y,0.36,2024-07,1
700046,2024-07-21,UK Landbridge (Dublin-Holyhead),Nordic Freight Lines,1244.0,439.19,1,Y,0.353,2024-07,1
704222,2024-07-21,EU Direct (Dublin-Cherbourg),Atlantic Cargo Ferries,2009.0,1330.08,2,N,0.662,2024-07,0
700773,2024-07-21,UK Landbridge (Dublin-Holyhead),Celtic Sealink,3249.0,1279.45,1,Y,0.394,2024-07,1
701068,2024-07-21,UK Landbridge (Dublin-Holyhead),Nordic Freight Lines,50.0,17.72,1,Y,0.354,2024-07,1
704010,2024-07-21,EU Direct (Dublin-Cherbourg),Atlantic Cargo Ferries,2469.0,1759.17,2,Y,0.713,2024-07,1
705548,2024-07-22,EU Direct (Rosslare-Dunkirk),Nordic Freight Lines,1219.0,605.83,2,Y,0.497,2024-07,1
702609,2024-07-22,UK Landbridge (Dublin-Holyhead),Celtic Sealink,1344.0,569.47,1,Y,0.424,2024-07,1
700720,2024-07-22,UK Landbridge (Dublin-Holyhead),Nordic Freight Lines,1424.0,511.91,1,Y,0.359,2024-07,1
702946,2024-07-23,EU Direct (Dublin-Cherbourg),Atlantic Cargo Ferries,2696.0,1801.38,2,Y,0.668,2024-07,1
705023,2024-07-23,EU Direct (Rosslare-Dunkirk),Atlantic Cargo Ferries,2072.0,1315.63,2,Y,0.635,2024-07,1
705938,2024-07-23,EU Direct (Rosslare-Dunkirk),Nordic Freight Lines,3975.0,1947.02,2,Y,0.49,2024-07,1
705851,2024-07-23,EU Direct (Rosslare-Dunkirk),Nordic Freight Lines,1919.0,885.09,2,Y,0.461,2024-07,1
703202,2024-07-23,EU Direct (Dublin-Cherbourg),Celtic Sealink,3106.0,1852.5,2,Y,0.596,2024-07,1
701382,2024-07-23,UK Landbridge (Dublin-Holyhead),Celtic Sealink,1597.0,652.78,1,Y,0.409,2024-07,1
702122,2024-07-23,UK Landbridge (Dublin-Holyhead),Nordic Freight Lines,1113.0,407.65,1,Y,0.366,2024-07,1
703163,2024-07-23,EU Direct (Dublin-Cherbourg),Atlantic Cargo Ferries,1881.0,1319.49,2,Y,0.701,2024-07,1
703562,2024-07-23,EU Direct (Dublin-Cherbourg),Atlantic Cargo Ferries,1867.0,1312.79,2,Y,0.703,2024-07,1
704370,2024-07-23,EU Direct (Dublin-Cherbourg),Celtic Sealink,1057.0,638.91,2,Y,0.604,2024-07,1
701476,2024-07-23,UK Landbridge (Dublin-Holyhead),Nordic Freight Lines,1608.0,629.2,1,Y,0.391,2024-07,1
702743,2024-07-23,UK Landbridge (Dublin-Holyhead),Nordic Freight Lines,384.0,156.61,1,Y,0.408,2024-07,1
703939,2024-07-23,EU Direct (Dublin-Cherbourg),Celtic Sealink,1300.0,792.13,2,Y,0.609,2024-07,1
702836,2024-07-23,UK Landbridge (Dublin-Holyhead),Celtic Sealink,2202.0,975.89,1,Y,0.443,2024-07,1
704503,2024-07-24,EU Direct (Dublin-Cherbourg),Atlantic Cargo Ferries,909.0,571.43,2,N,0.629,2024-07,0
704066,2024-07-24,EU Direct (Dublin-Cherbourg),Atlantic Cargo Ferries,2602.0,1679.57,2,N,0.645,2024-07,0
704113,2024-07-24,EU Direct (Dublin-Cherbourg),Atlantic Cargo Ferries,1275.0,797.55,2,Y,0.626,2024-07,1
702080,2024-07-24,UK Landbridge (Dublin-Holyhead),Celtic Sealink,3797.0,1582.08,1,Y,0.417,2024-07,1
704258,2024-07-24,EU Direct (Dublin-Cherbourg),Atlantic Cargo Ferries,1507.0,1052.48,2,Y,0.698,2024-07,1
704116,2024-07-24,EU Direct (Dublin-Cherbourg),Atlantic Cargo Ferries,2266.0,1564.55,3,Y,0.69,2024-07,1
701104,2024-07-24,UK Landbridge (Dublin-Holyhead),Celtic Sealink,1435.0,600.92,1,Y,0.419,2024-07,1
705394,2024-07-24,EU Direct (Rosslare-Dunkirk),Atlantic Cargo Ferries,197.0,120.15,2,Y,0.61,2024-07,1
703941,2024-07-24,EU Direct (Dublin-Cherbourg),Atlantic Cargo Ferries,2751.0,1872.04,2,Y,0.68,2024-07,1
704803,2024-07-24,EU Direct (Rosslare-Dunkirk),Nordic Freight Lines,3433.0,1817.42,2,N,0.529,2024-07,0
704202,2024-07-24,EU Direct (Dublin-Cherbourg),Atlantic Cargo Ferries,2451.0,1620.55,2,Y,0.661,2024-07,1
701738,2024-07-25,UK Landbridge (Dublin-Holyhead),Celtic Sealink,1380.0,563.8,1,Y,0.409,2024-07,1
705886,2024-07-25,EU Direct (Rosslare-Dunkirk),Nordic Freight Lines,2838.0,1309.92,3,Y,0.462,2024-07,1
700985,2024-07-25,UK Landbridge (Dublin-Holyhead),Celtic Sealink,3134.0,1212.52,1,N,0.387,2024-07,0
704838,2024-07-25,EU Direct (Rosslare-Dunkirk),Nordic Freight Lines,2514.0,1315.12,2,Y,0.523,2024-07,1
704416,2024-07-25,EU Direct (Dublin-Cherbourg),Celtic Sealink,1766.0,1105.97,2,Y,0.626,2024-07,1
704612,2024-07-25,EU Direct (Dublin-Cherbourg),Celtic Sealink,1560.0,949.09,2,Y,0.608,2024-07,1
702802,2024-07-25,UK Landbridge (Dublin-Holyhead),Nordic Freight Lines,2152.0,839.43,1,Y,0.39,2024-07,1
702282,2024-07-25,UK Landbridge (Dublin-Holyhead),Nordic Freight Lines,1700.0,621.52,1,N,0.366,2024-07,0
705755,2024-07-26,EU Direct (Rosslare-Dunkirk),Nordic Freight Lines,1234.0,594.06,2,Y,0.481,2024-07,1
702068,2024-07-26,UK Landbridge (Dublin-Holyhead),Celtic Sealink,4178.0,1664.62,1,Y,0.398,2024-07,1
704548,2024-07-26,EU Direct (Dublin-Cherbourg),Atlantic Cargo Ferries,2236.0,1590.69,2,Y,0.711,2024-07,1
701295,2024-07-26,UK Landbridge (Dublin-Holyhead),Nordic Freight Lines,1831.0,704.84,1,Y,0.385,2024-07,1
700681,2024-07-26,UK Landbridge (Dublin-Holyhead),Celtic Sealink,1542.0,621.19,1,Y,0.403,2024-07,1
705501,2024-07-26,EU Direct (Rosslare-Dunkirk),Nordic Freight Lines,1162.0,549.04,2,Y,0.472,2024-07,1
704366,2024-07-26,EU Direct (Dublin-Cherbourg),Atlantic Cargo Ferries,1938.0,1378.73,3,N,0.711,2024-07,0
702213,2024-07-26,UK Landbridge (Dublin-Holyhead),Nordic Freight Lines,1771.0,701.41,1,Y,0.396,2024-07,1
700445,2024-07-26,UK Landbridge (Dublin-Holyhead),Nordic Freight Lines,3123.0,1132.33,1,Y,0.363,2024-07,1
701459,2024-07-26,UK Landbridge (Dublin-Holyhead),Celtic Sealink,1698.0,671.72,2,Y,0.396,2024-07,1
704156,2024-07-26,EU Direct (Dublin-Cherbourg),Atlantic Cargo Ferries,1761.0,1099.49,2,Y,0.624,2024-07,1
705483,2024-07-27,EU Direct (Rosslare-Dunkirk),Atlantic Cargo Ferries,1362.0,834.06,2,N,0.612,2024-07,0
703216,2024-07-27,EU Direct (Dublin-Cherbourg),Atlantic Cargo Ferries,1379.0,971.72,1,N,0.705,2024-07,0
705491,2024-07-27,EU Direct (Rosslare-Dunkirk),Atlantic Cargo Ferries,1704.0,1103.2,2,Y,0.647,2024-07,1
702361,2024-07-27,UK Landbridge (Dublin-Holyhead),Celtic Sealink,2678.0,1103.58,1,Y,0.412,2024-07,1
703878,2024-07-27,EU Direct (Dublin-Cherbourg),Atlantic Cargo Ferries,2528.0,1636.4,2,Y,0.647,2024-07,1
700052,2024-07-27,UK Landbridge (Dublin-Holyhead),Celtic Sealink,2047.0,829.9,1,Y,0.405,2024-07,1
702308,2024-07-28,UK Landbridge (Dublin-Holyhead),Nordic Freight Lines,900.0,335.68,2,Y,0.373,2024-07,1
705395,2024-07-28,EU Direct (Rosslare-Dunkirk),Nordic Freight Lines,1335.0,707.37,2,Y,0.53,2024-07,1
701366,2024-07-28,UK Landbridge (Dublin-Holyhead),Celtic Sealink,2245.0,880.68,1,Y,0.392,2024-07,1
700854,2024-07-28,UK Landbridge (Dublin-Holyhead),Celtic Sealink,2078.0,938.12,1,Y,0.451,2024-07,1
702574,2024-07-28,UK Landbridge (Dublin-Holyhead),Nordic Freight Lines,249.0,90.75,2,Y,0.364,2024-07,1
703623,2024-07-28,EU Direct (Dublin-Cherbourg),Celtic Sealink,2093.0,1213.59,3,Y,0.58,2024-07,1
702310,2024-07-28,UK Landbridge (Dublin-Holyhead),Nordic Freight Lines,1774.0,662.8,1,Y,0.374,2024-07,1
701009,2024-07-28,UK Landbridge (Dublin-Holyhead),Celtic Sealink,2135.0,892.63,1,Y,0.418,2024-07,1
705503,2024-07-28,EU Direct (Rosslare-Dunkirk),Atlantic Cargo Ferries,1489.0,933.52,1,Y,0.627,2024-07,1
704051,2024-07-28,EU Direct (Dublin-Cherbourg),Atlantic Cargo Ferries,3079.0,2153.06,3,Y,0.699,2024-07,1
702969,2024-07-29,EU Direct (Dublin-Cherbourg),Celtic Sealink,2902.0,1718.62,2,Y,0.592,2024-07,1
704870,2024-07-29,EU Direct (Rosslare-Dunkirk),Nordic Freight Lines,1434.0,744.44,2,Y,0.519,2024-07,1
703667,2024-07-29,EU Direct (Dublin-Cherbourg),Atlantic Cargo Ferries,1895.0,1197.53,2,Y,0.632,2024-07,1
704456,2024-07-29,EU Direct (Dublin-Cherbourg),Celtic Sealink,1540.0,879.72,2,N,0.571,2024-07,0
705216,2024-07-29,EU Direct (Rosslare-Dunkirk),Atlantic Cargo Ferries,970.0,629.74,2,N,0.649,2024-07,0
705380,2024-07-29,EU Direct (Rosslare-Dunkirk),Nordic Freight Lines,2691.0,1417.41,2,Y,0.527,2024-07,1
702965,2024-07-29,EU Direct (Dublin-Cherbourg),Atlantic Cargo Ferries,1783.0,1213.39,2,Y,0.681,2024-07,1
704693,2024-07-29,EU Direct (Rosslare-Dunkirk),Atlantic Cargo Ferries,2539.0,1490.05,2,Y,0.587,2024-07,1
703850,2024-07-29,EU Direct (Dublin-Cherbourg),Celtic Sealink,2386.0,1314.7,2,Y,0.551,2024-07,1
704181,2024-07-29,EU Direct (Dublin-Cherbourg),Atlantic Cargo Ferries,983.0,680.34,2,Y,0.692,2024-07,1
700953,2024-07-29,UK Landbridge (Dublin-Holyhead),Nordic Freight Lines,3720.0,1345.03,1,Y,0.362,2024-07,1
703473,2024-07-30,EU Direct (Dublin-Cherbourg),Celtic Sealink,2774.0,1621.77,2,Y,0.585,2024-07,1
700490,2024-07-30,UK Landbridge (Dublin-Holyhead),Nordic Freight Lines,2823.0,1137.81,1,N,0.403,2024-07,0
701543,2024-07-30,UK Landbridge (Dublin-Holyhead),Celtic Sealink,1474.0,597.01,2,Y,0.405,2024-07,1
702070,2024-07-30,UK Landbridge (Dublin-Holyhead),Nordic Freight Lines,3384.0,1368.31,1,Y,0.404,2024-07,1
700616,2024-07-30,UK Landbridge (Dublin-Holyhead),Celtic Sealink,3044.0,1184.94,1,Y,0.389,2024-07,1
700123,2024-07-30,UK Landbridge (Dublin-Holyhead),Nordic Freight Lines,2322.0,914.81,2,Y,0.394,2024-07,1
701478,2024-07-30,UK Landbridge (Dublin-Holyhead),Celtic Sealink,1899.0,825.73,2,Y,0.435,2024-07,1
700842,2024-07-30,UK Landbridge (Dublin-Holyhead),Celtic Sealink,2296.0,889.42,1,N,0.387,2024-07,0
702558,2024-07-30,UK Landbridge (Dublin-Holyhead),Celtic Sealink,180.0,76.67,1,Y,0.426,2024-07,1
704109,2024-07-30,EU Direct (Dublin-Cherbourg),Atlantic Cargo Ferries,564.0,369.75,3,Y,0.656,2024-07,1
705372,2024-07-30,EU Direct (Rosslare-Dunkirk),Atlantic Cargo Ferries,2425.0,1510.24,2,Y,0.623,2024-07,1
703782,2024-07-31,EU Direct (Dublin-Cherbourg),Atlantic Cargo Ferries,2126.0,1382.45,2,Y,0.65,2024-07,1
704137,2024-07-31,EU Direct (Dublin-Cherbourg),Celtic Sealink,1501.0,921.13,3,Y,0.614,2024-07,1
704738,2024-07-31,EU Direct (Rosslare-Dunkirk),Atlantic Cargo Ferries,1352.0,794.65,2,Y,0.588,2024-07,1
703486,2024-07-31,EU Direct (Dublin-Cherbourg),Atlantic Cargo Ferries,2321.0,1434.79,2,Y,0.618,2024-07,1
704909,2024-07-31,EU Direct (Rosslare-Dunkirk),Atlantic Cargo Ferries,50.0,33.41,2,Y,0.668,2024-07,1
704698,2024-07-31,EU Direct (Rosslare-Dunkirk),Atlantic Cargo Ferries,1747.0,1081.58,2,Y,0.619,2024-07,1
705743,2024-07-31,EU Direct (Rosslare-Dunkirk),Nordic Freight Lines,1881.0,866.39,2,Y,0.461,2024-07,1
701228,2024-07-31,UK Landbridge (Dublin-Holyhead),Nordic Freight Lines,1820.0,747.95,2,Y,0.411,2024-07,1
700288,2024-07-31,UK Landbridge (Dublin-Holyhead),Celtic Sealink,3486.0,1460.99,1,Y,0.419,2024-07,1
704196,2024-08-01,EU Direct (Dublin-Cherbourg),Atlantic Cargo Ferries,1844.0,1181.46,2,Y,0.641,2024-08,1
701961,2024-08-01,UK Landbridge (Dublin-Holyhead),Celtic Sealink,945.0,390.16,1,Y,0.413,2024-08,1
700871,2024-08-01,UK Landbridge (Dublin-Holyhead),Nordic Freight Lines,2021.0,746.92,1,N,0.37,2024-08,0
701816,2024-08-01,UK Landbridge (Dublin-Holyhead),Celtic Sealink,917.0,407.62,1,Y,0.445,2024-08,1
701948,2024-08-01,UK Landbridge (Dublin-Holyhead),Celtic Sealink,2512.0,1072.66,1,Y,0.427,2024-08,1
702432,2024-08-01,UK Landbridge (Dublin-Holyhead),Nordic Freight Lines,1715.0,678.47,1,Y,0.396,2024-08,1
702257,2024-08-01,UK Landbridge (Dublin-Holyhead),Nordic Freight Lines,2229.0,887.58,1,Y,0.398,2024-08,1
702838,2024-08-01,UK Landbridge (Dublin-Holyhead),Nordic Freight Lines,2666.0,947.28,1,Y,0.355,2024-08,1
704246,2024-08-01,EU Direct (Dublin-Cherbourg),Atlantic Cargo Ferries,530.0,360.1,2,N,0.679,2024-08,0
703322,2024-08-01,EU Direct (Dublin-Cherbourg),Atlantic Cargo Ferries,3128.0,1933.57,2,Y,0.618,2024-08,1
704445,2024-08-02,EU Direct (Dublin-Cherbourg),Celtic Sealink,946.0,525.17,2,Y,0.555,2024-08,1
704062,2024-08-02,EU Direct (Dublin-Cherbourg),Celtic Sealink,2298.0,1385.46,2,Y,0.603,2024-08,1
700915,2024-08-02,UK Landbridge (Dublin-Holyhead),Celtic Sealink,2741.0,1159.44,1,Y,0.423,2024-08,1
705307,2024-08-02,EU Direct (Rosslare-Dunkirk),Atlantic Cargo Ferries,2746.0,1695.3,2,Y,0.617,2024-08,1
705097,2024-08-02,EU Direct (Rosslare-Dunkirk),Atlantic Cargo Ferries,653.0,425.66,2,Y,0.652,2024-08,1
700362,2024-08-02,UK Landbridge (Dublin-Holyhead),Celtic Sealink,757.0,309.09,1,Y,0.408,2024-08,1
701975,2024-08-02,UK Landbridge (Dublin-Holyhead),Nordic Freight Lines,442.0,156.87,1,N,0.355,2024-08,0
703638,2024-08-02,EU Direct (Dublin-Cherbourg),Celtic Sealink,145.0,78.07,2,N,0.538,2024-08,0
704893,2024-08-02,EU Direct (Rosslare-Dunkirk),Atlantic Cargo Ferries,2231.0,1295.05,2,Y,0.58,2024-08,1
704766,2024-08-02,EU Direct (Rosslare-Dunkirk),Atlantic Cargo Ferries,1538.0,970.05,2,Y,0.631,2024-08,1
703474,2024-08-02,EU Direct (Dublin-Cherbourg),Celtic Sealink,2133.0,1155.54,2,Y,0.542,2024-08,1
702471,2024-08-03,UK Landbridge (Dublin-Holyhead),Nordic Freight Lines,1528.0,624.99,1,Y,0.409,2024-08,1
700810,2024-08-03,UK Landbridge (Dublin-Holyhead),Nordic Freight Lines,2370.0,846.9,1,Y,0.357,2024-08,1
702853,2024-08-03,UK Landbridge (Dublin-Holyhead),Celtic Sealink,2520.0,987.64,1,Y,0.392,2024-08,1
700558,2024-08-03,UK Landbridge (Dublin-Holyhead),Nordic Freight Lines,1787.0,665.3,1,Y,0.372,2024-08,1
702174,2024-08-03,UK Landbridge (Dublin-Holyhead),Nordic Freight Lines,2434.0,908.64,1,Y,0.373,2024-08,1
705565,2024-08-03,EU Direct (Rosslare-Dunkirk),Nordic Freight Lines,2710.0,1400.4,2,Y,0.517,2024-08,1
703099,2024-08-03,EU Direct (Dublin-Cherbourg),Atlantic Cargo Ferries,1090.0,696.27,2,Y,0.639,2024-08,1
704856,2024-08-04,EU Direct (Rosslare-Dunkirk),Nordic Freight Lines,1521.0,786.65,2,Y,0.517,2024-08,1
702030,2024-08-04,UK Landbridge (Dublin-Holyhead),Nordic Freight Lines,2697.0,1005.32,1,Y,0.373,2024-08,1
700227,2024-08-04,UK Landbridge (Dublin-Holyhead),Celtic Sealink,2453.0,970.92,1,N,0.396,2024-08,0
704605,2024-08-04,EU Direct (Dublin-Cherbourg),Celtic Sealink,2909.0,1731.85,2,Y,0.595,2024-08,1
700916,2024-08-04,UK Landbridge (Dublin-Holyhead),Nordic Freight Lines,2052.0,754.37,1,Y,0.368,2024-08,1
701024,2024-08-04,UK Landbridge (Dublin-Holyhead),Nordic Freight Lines,2289.0,930.96,1,N,0.407,2024-08,0
704509,2024-08-04,EU Direct (Dublin-Cherbourg),Atlantic Cargo Ferries,1599.0,1052.44,1,Y,0.658,2024-08,1
701432,2024-08-04,UK Landbridge (Dublin-Holyhead),Nordic Freight Lines,1188.0,435.58,2,Y,0.367,2024-08,1
704898,2024-08-05,EU Direct (Rosslare-Dunkirk),Atlantic Cargo Ferries,1781.0,1077.82,2,N,0.605,2024-08,0
701617,2024-08-05,UK Landbridge (Dublin-Holyhead),Celtic Sealink,2172.0,871.49,2,Y,0.401,2024-08,1
700914,2024-08-05,UK Landbridge (Dublin-Holyhead),Celtic Sealink,1621.0,730.22,1,Y,0.45,2024-08,1
700548,2024-08-05,UK Landbridge (Dublin-Holyhead),Nordic Freight Lines,2572.0,1058.55,1,Y,0.412,2024-08,1
702805,2024-08-05,UK Landbridge (Dublin-Holyhead),Celtic Sealink,3388.0,1441.14,2,Y,0.425,2024-08,1
704376,2024-08-05,EU Direct (Dublin-Cherbourg),Celtic Sealink,2483.0,1448.57,2,Y,0.583,2024-08,1
704517,2024-08-05,EU Direct (Dublin-Cherbourg),Celtic Sealink,1255.0,744.36,1,Y,0.593,2024-08,1
700544,2024-08-05,UK Landbridge (Dublin-Holyhead),Celtic Sealink,2652.0,1130.24,1,Y,0.426,2024-08,1
705649,2024-08-05,EU Direct (Rosslare-Dunkirk),Atlantic Cargo Ferries,1777.0,1058.81,2,Y,0.596,2024-08,1
703395,2024-08-06,EU Direct (Dublin-Cherbourg),Celtic Sealink,3411.0,1945.65,2,Y,0.57,2024-08,1
703250,2024-08-06,EU Direct (Dublin-Cherbourg),Atlantic Cargo Ferries,2701.0,1829.54,2,Y,0.677,2024-08,1
702454,2024-08-06,UK Landbridge (Dublin-Holyhead),Celtic Sealink,866.0,376.49,1,Y,0.435,2024-08,1
701850,2024-08-06,UK Landbridge (Dublin-Holyhead),Celtic Sealink,789.0,326.83,1,Y,0.414,2024-08,1
700351,2024-08-06,UK Landbridge (Dublin-Holyhead),Celtic Sealink,1515.0,685.28,1,Y,0.452,2024-08,1
705225,2024-08-06,EU Direct (Rosslare-Dunkirk),Nordic Freight Lines,2549.0,1198.36,2,Y,0.47,2024-08,1
704353,2024-08-06,EU Direct (Dublin-Cherbourg),Atlantic Cargo Ferries,1975.0,1253.76,2,Y,0.635,2024-08,1
701124,2024-08-06,UK Landbridge (Dublin-Holyhead),Celtic Sealink,2297.0,928.22,1,Y,0.404,2024-08,1
704335,2024-08-06,EU Direct (Dublin-Cherbourg),Celtic Sealink,2192.0,1311.26,2,Y,0.598,2024-08,1
700232,2024-08-06,UK Landbridge (Dublin-Holyhead),Celtic Sealink,662.0,280.69,1,N,0.424,2024-08,0
703128,2024-08-07,EU Direct (Dublin-Cherbourg),Atlantic Cargo Ferries,1466.0,989.05,2,Y,0.675,2024-08,1
702007,2024-08-07,UK Landbridge (Dublin-Holyhead),Celtic Sealink,50.0,22.06,1,Y,0.441,2024-08,1
700145,2024-08-07,UK Landbridge (Dublin-Holyhead),Nordic Freight Lines,537.0,204.34,1,Y,0.381,2024-08,1
701859,2024-08-07,UK Landbridge (Dublin-Holyhead),Celtic Sealink,1683.0,747.98,1,N,0.444,2024-08,0
705443,2024-08-07,EU Direct (Rosslare-Dunkirk),Nordic Freight Lines,394.0,194.36,1,Y,0.493,2024-08,1
701240,2024-08-07,UK Landbridge (Dublin-Holyhead),Nordic Freight Lines,1447.0,558.38,1,Y,0.386,2024-08,1
702703,2024-08-07,UK Landbridge (Dublin-Holyhead),Celtic Sealink,500.0,211.46,1,Y,0.423,2024-08,1
704123,2024-08-08,EU Direct (Dublin-Cherbourg),Atlantic Cargo Ferries,1274.0,905.1,2,Y,0.71,2024-08,1
705876,2024-08-08,EU Direct (Rosslare-Dunkirk),Nordic Freight Lines,1833.0,874.7,2,Y,0.477,2024-08,1
705895,2024-08-08,EU Direct (Rosslare-Dunkirk),Nordic Freight Lines,1768.0,824.83,2,Y,0.467,2024-08,1
703889,2024-08-08,EU Direct (Dublin-Cherbourg),Atlantic Cargo Ferries,2597.0,1823.93,3,Y,0.702,2024-08,1
702376,2024-08-08,UK Landbridge (Dublin-Holyhead),Celtic Sealink,2210.0,935.29,1,Y,0.423,2024-08,1
703702,2024-08-08,EU Direct (Dublin-Cherbourg),Celtic Sealink,2787.0,1733.61,2,Y,0.622,2024-08,1
700905,2024-08-09,UK Landbridge (Dublin-Holyhead),Nordic Freight Lines,2116.0,842.04,1,Y,0.398,2024-08,1
703309,2024-08-09,EU Direct (Dublin-Cherbourg),Atlantic Cargo Ferries,3066.0,2163.32,1,Y,0.706,2024-08,1
700517,2024-08-09,UK Landbridge (Dublin-Holyhead),Nordic Freight Lines,3239.0,1320.23,1,Y,0.408,2024-08,1
702711,2024-08-09,UK Landbridge (Dublin-Holyhead),Nordic Freight Lines,2249.0,800.35,1,N,0.356,2024-08,0
702730,2024-08-09,UK Landbridge (Dublin-Holyhead),Celtic Sealink,1607.0,693.87,1,Y,0.432,2024-08,1
702898,2024-08-09,EU Direct (Dublin-Cherbourg),Atlantic Cargo Ferries,887.0,582.27,2,Y,0.656,2024-08,1
701324,2024-08-09,UK Landbridge (Dublin-Holyhead),Celtic Sealink,3642.0,1515.24,1,Y,0.416,2024-08,1
703258,2024-08-09,EU Direct (Dublin-Cherbourg),Celtic Sealink,2149.0,1192.49,2,Y,0.555,2024-08,1
701206,2024-08-09,UK Landbridge (Dublin-Holyhead),Celtic Sealink,1600.0,619.46,1,Y,0.387,2024-08,1
705958,2024-08-09,EU Direct (Rosslare-Dunkirk),Nordic Freight Lines,1158.0,596.62,1,Y,0.515,2024-08,1
703453,2024-08-09,EU Direct (Dublin-Cherbourg),Atlantic Cargo Ferries,2802.0,1952.85,2,N,0.697,2024-08,0
705968,2024-08-09,EU Direct (Rosslare-Dunkirk),Atlantic Cargo Ferries,1760.0,1129.92,2,Y,0.642,2024-08,1
704602,2024-08-09,EU Direct (Dublin-Cherbourg),Atlantic Cargo Ferries,1477.0,937.11,2,Y,0.634,2024-08,1
704720,2024-08-10,EU Direct (Rosslare-Dunkirk),Nordic Freight Lines,1353.0,690.83,2,Y,0.511,2024-08,1
702473,2024-08-10,UK Landbridge (Dublin-Holyhead),Nordic Freight Lines,692.0,253.97,1,Y,0.367,2024-08,1
705240,2024-08-10,EU Direct (Rosslare-Dunkirk),Atlantic Cargo Ferries,1914.0,1277.77,2,Y,0.668,2024-08,1
705520,2024-08-10,EU Direct (Rosslare-Dunkirk),Nordic Freight Lines,2669.0,1311.64,2,Y,0.491,2024-08,1
703223,2024-08-10,EU Direct (Dublin-Cherbourg),Celtic Sealink,2431.0,1440.5,2,Y,0.593,2024-08,1
702206,2024-08-10,UK Landbridge (Dublin-Holyhead),Nordic Freight Lines,2248.0,844.36,1,Y,0.376,2024-08,1
700749,2024-08-10,UK Landbridge (Dublin-Holyhead),Nordic Freight Lines,1799.0,726.82,1,Y,0.404,2024-08,1
703079,2024-08-10,EU Direct (Dublin-Cherbourg),Celtic Sealink,367.0,214.33,1,Y,0.584,2024-08,1
705261,2024-08-10,EU Direct (Rosslare-Dunkirk),Nordic Freight Lines,1211.0,559.59,2,Y,0.462,2024-08,1
702626,2024-08-10,UK Landbridge (Dublin-Holyhead),Nordic Freight Lines,1455.0,564.97,2,Y,0.388,2024-08,1
703396,2024-08-11,EU Direct (Dublin-Cherbourg),Celtic Sealink,451.0,257.05,2,Y,0.57,2024-08,1
703544,2024-08-11,EU Direct (Dublin-Cherbourg),Atlantic Cargo Ferries,1912.0,1337.26,1,Y,0.699,2024-08,1
700969,2024-08-11,UK Landbridge (Dublin-Holyhead),Celtic Sealink,1495.0,658.9,1,Y,0.441,2024-08,1
702221,2024-08-11,UK Landbridge (Dublin-Holyhead),Nordic Freight Lines,931.0,381.57,1,Y,0.41,2024-08,1
704537,2024-08-11,EU Direct (Dublin-Cherbourg),Celtic Sealink,1890.0,1070.61,2,Y,0.566,2024-08,1
704221,2024-08-11,EU Direct (Dublin-Cherbourg),Atlantic Cargo Ferries,1092.0,716.35,2,Y,0.656,2024-08,1
703289,2024-08-11,EU Direct (Dublin-Cherbourg),Celtic Sealink,2140.0,1315.72,3,Y,0.615,2024-08,1
702214,2024-08-11,UK Landbridge (Dublin-Holyhead),Nordic Freight Lines,2710.0,969.86,1,Y,0.358,2024-08,1
702751,2024-08-11,UK Landbridge (Dublin-Holyhead),Celtic Sealink,1087.0,423.7,1,Y,0.39,2024-08,1
704440,2024-08-12,EU Direct (Dublin-Cherbourg),Celtic Sealink,1526.0,918.69,2,Y,0.602,2024-08,1
700869,2024-08-12,UK Landbridge (Dublin-Holyhead),Nordic Freight Lines,2440.0,941.53,1,Y,0.386,2024-08,1
701359,2024-08-12,UK Landbridge (Dublin-Holyhead),Nordic Freight Lines,2061.0,837.4,1,Y,0.406,2024-08,1
704110,2024-08-12,EU Direct (Dublin-Cherbourg),Atlantic Cargo Ferries,50.0,35.11,2,Y,0.702,2024-08,1
703325,2024-08-12,EU Direct (Dublin-Cherbourg),Atlantic Cargo Ferries,606.0,428.63,1,Y,0.707,2024-08,1
703141,2024-08-13,EU Direct (Dublin-Cherbourg),Atlantic Cargo Ferries,1957.0,1271.36,2,Y,0.65,2024-08,1
701856,2024-08-13,UK Landbridge (Dublin-Holyhead),Nordic Freight Lines,442.0,167.36,1,Y,0.379,2024-08,1
701023,2024-08-13,UK Landbridge (Dublin-Holyhead),Nordic Freight Lines,673.0,261.7,1,Y,0.389,2024-08,1
702764,2024-08-13,UK Landbridge (Dublin-Holyhead),Celtic Sealink,2872.0,1184.74,1,Y,0.413,2024-08,1
701580,2024-08-13,UK Landbridge (Dublin-Holyhead),Nordic Freight Lines,2482.0,1022.45,1,Y,0.412,2024-08,1
703768,2024-08-13,EU Direct (Dublin-Cherbourg),Atlantic Cargo Ferries,2242.0,1534.76,2,Y,0.685,2024-08,1
702086,2024-08-13,UK Landbridge (Dublin-Holyhead),Celtic Sealink,2439.0,1067.97,1,Y,0.438,2024-08,1
701088,2024-08-13,UK Landbridge (Dublin-Holyhead),Celtic Sealink,2827.0,1266.16,2,N,0.448,2024-08,0
701017,2024-08-13,UK Landbridge (Dublin-Holyhead),Nordic Freight Lines,1394.0,510.1,2,Y,0.366,2024-08,1
703226,2024-08-14,EU Direct (Dublin-Cherbourg),Celtic Sealink,1310.0,809.81,2,Y,0.618,2024-08,1
700309,2024-08-14,UK Landbridge (Dublin-Holyhead),Nordic Freight Lines,1018.0,380.36,1,Y,0.374,2024-08,1
705784,2024-08-14,EU Direct (Rosslare-Dunkirk),Atlantic Cargo Ferries,1534.0,937.88,2,N,0.611,2024-08,0
702202,2024-08-14,UK Landbridge (Dublin-Holyhead),Celtic Sealink,2203.0,852.85,2,Y,0.387,2024-08,1
705741,2024-08-14,EU Direct (Rosslare-Dunkirk),Nordic Freight Lines,2086.0,990.06,3,Y,0.475,2024-08,1
703248,2024-08-14,EU Direct (Dublin-Cherbourg),Atlantic Cargo Ferries,2522.0,1687.12,1,Y,0.669,2024-08,1
700418,2024-08-14,UK Landbridge (Dublin-Holyhead),Celtic Sealink,3535.0,1403.89,1,Y,0.397,2024-08,1
701134,2024-08-15,UK Landbridge (Dublin-Holyhead),Celtic Sealink,1121.0,464.84,1,Y,0.415,2024-08,1
703172,2024-08-15,EU Direct (Dublin-Cherbourg),Atlantic Cargo Ferries,909.0,617.25,2,Y,0.679,2024-08,1
701909,2024-08-15,UK Landbridge (Dublin-Holyhead),Nordic Freight Lines,1992.0,751.29,1,Y,0.377,2024-08,1
701441,2024-08-15,UK Landbridge (Dublin-Holyhead),Nordic Freight Lines,2882.0,1044.78,1,Y,0.363,2024-08,1
701976,2024-08-15,UK Landbridge (Dublin-Holyhead),Nordic Freight Lines,2636.0,1045.85,1,N,0.397,2024-08,0
702547,2024-08-15,UK Landbridge (Dublin-Holyhead),Celtic Sealink,2410.0,1013.4,2,Y,0.42,2024-08,1
702290,2024-08-16,UK Landbridge (Dublin-Holyhead),Celtic Sealink,1576.0,622.82,1,Y,0.395,2024-08,1
705545,2024-08-16,EU Direct (Rosslare-Dunkirk),Atlantic Cargo Ferries,2536.0,1656.35,2,Y,0.653,2024-08,1
703285,2024-08-16,EU Direct (Dublin-Cherbourg),Celtic Sealink,2009.0,1149.7,2,Y,0.572,2024-08,1
703186,2024-08-16,EU Direct (Dublin-Cherbourg),Atlantic Cargo Ferries,3505.0,2422.16,2,Y,0.691,2024-08,1
704585,2024-08-16,EU Direct (Dublin-Cherbourg),Atlantic Cargo Ferries,2870.0,1979.17,2,Y,0.69,2024-08,1
705263,2024-08-16,EU Direct (Rosslare-Dunkirk),Nordic Freight Lines,1410.0,742.39,2,Y,0.527,2024-08,1
704080,2024-08-16,EU Direct (Dublin-Cherbourg),Atlantic Cargo Ferries,1451.0,1020.11,1,Y,0.703,2024-08,1
702685,2024-08-16,UK Landbridge (Dublin-Holyhead),Celtic Sealink,2905.0,1123.44,1,Y,0.387,2024-08,1
702142,2024-08-16,UK Landbridge (Dublin-Holyhead),Nordic Freight Lines,1797.0,688.48,2,Y,0.383,2024-08,1
701568,2024-08-16,UK Landbridge (Dublin-Holyhead),Nordic Freight Lines,3385.0,1233.78,1,Y,0.364,2024-08,1
700172,2024-08-17,UK Landbridge (Dublin-Holyhead),Nordic Freight Lines,830.0,330.7,1,N,0.398,2024-08,0
701801,2024-08-17,UK Landbridge (Dublin-Holyhead),Nordic Freight Lines,1945.0,723.17,1,Y,0.372,2024-08,1
701929,2024-08-17,UK Landbridge (Dublin-Holyhead),Celtic Sealink,2659.0,1158.59,1,Y,0.436,2024-08,1
702804,2024-08-17,UK Landbridge (Dublin-Holyhead),Nordic Freight Lines,1617.0,568.94,1,Y,0.352,2024-08,1
701496,2024-08-17,UK Landbridge (Dublin-Holyhead),Celtic Sealink,1862.0,757.95,1,Y,0.407,2024-08,1
705132,2024-08-17,EU Direct (Rosslare-Dunkirk),Nordic Freight Lines,682.0,342.29,2,Y,0.502,2024-08,1
702041,2024-08-17,UK Landbridge (Dublin-Holyhead),Celtic Sealink,1894.0,752.88,1,Y,0.398,2024-08,1
705956,2024-08-17,EU Direct (Rosslare-Dunkirk),Nordic Freight Lines,2588.0,1357.66,2,N,0.525,2024-08,0
705948,2024-08-17,EU Direct (Rosslare-Dunkirk),Nordic Freight Lines,1282.0,673.54,2,Y,0.525,2024-08,1
705658,2024-08-17,EU Direct (Rosslare-Dunkirk),Nordic Freight Lines,3133.0,1599.59,2,Y,0.511,2024-08,1
704713,2024-08-18,EU Direct (Rosslare-Dunkirk),Atlantic Cargo Ferries,3151.0,1945.4,2,N,0.617,2024-08,0
703666,2024-08-18,EU Direct (Dublin-Cherbourg),Atlantic Cargo Ferries,566.0,373.91,2,Y,0.661,2024-08,1
700920,2024-08-18,UK Landbridge (Dublin-Holyhead),Nordic Freight Lines,505.0,199.4,1,Y,0.395,2024-08,1
704234,2024-08-18,EU Direct (Dublin-Cherbourg),Celtic Sealink,2211.0,1267.53,2,Y,0.573,2024-08,1
705578,2024-08-18,EU Direct (Rosslare-Dunkirk),Nordic Freight Lines,1526.0,815.62,2,Y,0.534,2024-08,1
703569,2024-08-18,EU Direct (Dublin-Cherbourg),Atlantic Cargo Ferries,3246.0,2170.4,2,Y,0.669,2024-08,1
700442,2024-08-18,UK Landbridge (Dublin-Holyhead),Celtic Sealink,1458.0,574.87,1,Y,0.394,2024-08,1
704427,2024-08-19,EU Direct (Dublin-Cherbourg),Celtic Sealink,2240.0,1265.72,3,Y,0.565,2024-08,1
701503,2024-08-19,UK Landbridge (Dublin-Holyhead),Celtic Sealink,2608.0,1057.94,1,Y,0.406,2024-08,1
701863,2024-08-19,UK Landbridge (Dublin-Holyhead),Nordic Freight Lines,1490.0,526.14,1,N,0.353,2024-08,0
700201,2024-08-19,UK Landbridge (Dublin-Holyhead),Nordic Freight Lines,2615.0,1038.36,1,Y,0.397,2024-08,1
705750,2024-08-19,EU Direct (Rosslare-Dunkirk),Nordic Freight Lines,597.0,288.08,1,Y,0.483,2024-08,1
705984,2024-08-19,EU Direct (Rosslare-Dunkirk),Atlantic Cargo Ferries,1701.0,1110.85,2,Y,0.653,2024-08,1
700728,2024-08-19,UK Landbridge (Dublin-Holyhead),Nordic Freight Lines,50.0,19.12,1,Y,0.382,2024-08,1
702358,2024-08-19,UK Landbridge (Dublin-Holyhead),Nordic Freight Lines,1979.0,710.24,1,N,0.359,2024-08,0
700306,2024-08-19,UK Landbridge (Dublin-Holyhead),Nordic Freight Lines,1489.0,568.45,1,Y,0.382,2024-08,1
703330,2024-08-19,EU Direct (Dublin-Cherbourg),Celtic Sealink,1714.0,1072.81,3,Y,0.626,2024-08,1
701658,2024-08-19,UK Landbridge (Dublin-Holyhead),Nordic Freight Lines,1808.0,734.47,1,Y,0.406,2024-08,1
705572,2024-08-19,EU Direct (Rosslare-Dunkirk),Atlantic Cargo Ferries,2230.0,1427.62,2,Y,0.64,2024-08,1
703651,2024-08-19,EU Direct (Dublin-Cherbourg),Celtic Sealink,4075.0,2338.93,2,Y,0.574,2024-08,1
703109,2024-08-20,EU Direct (Dublin-Cherbourg),Atlantic Cargo Ferries,515.0,362.05,2,Y,0.703,2024-08,1
703703,2024-08-20,EU Direct (Dublin-Cherbourg),Celtic Sealink,2848.0,1566.47,2,Y,0.55,2024-08,1
700400,2024-08-20,UK Landbridge (Dublin-Holyhead),Celtic Sealink,3339.0,1474.23,2,Y,0.442,2024-08,1
700889,2024-08-20,UK Landbridge (Dublin-Holyhead),Nordic Freight Lines,1860.0,745.6,1,N,0.401,2024-08,0
702501,2024-08-20,UK Landbridge (Dublin-Holyhead),Celtic Sealink,546.0,239.37,2,N,0.438,2024-08,0
700161,2024-08-21,UK Landbridge (Dublin-Holyhead),Nordic Freight Lines,1768.0,677.96,1,N,0.383,2024-08,0
701593,2024-08-21,UK Landbridge (Dublin-Holyhead),Celtic Sealink,2287.0,993.25,1,Y,0.434,2024-08,1
702521,2024-08-21,UK Landbridge (Dublin-Holyhead),Celtic Sealink,239.0,96.71,2,Y,0.405,2024-08,1
704333,2024-08-21,EU Direct (Dublin-Cherbourg),Atlantic Cargo Ferries,2556.0,1794.45,2,Y,0.702,2024-08,1
701824,2024-08-21,UK Landbridge (Dublin-Holyhead),Celtic Sealink,1701.0,721.71,1,Y,0.424,2024-08,1
704379,2024-08-21,EU Direct (Dublin-Cherbourg),Atlantic Cargo Ferries,3846.0,2522.84,1,Y,0.656,2024-08,1
703806,2024-08-21,EU Direct (Dublin-Cherbourg),Atlantic Cargo Ferries,1776.0,1260.7,2,N,0.71,2024-08,0
703192,2024-08-21,EU Direct (Dublin-Cherbourg),Atlantic Cargo Ferries,1795.0,1200.19,2,Y,0.669,2024-08,1
704787,2024-08-21,EU Direct (Rosslare-Dunkirk),Nordic Freight Lines,2669.0,1277.41,2,Y,0.479,2024-08,1
703457,2024-08-22,EU Direct (Dublin-Cherbourg),Celtic Sealink,1181.0,726.92,2,Y,0.616,2024-08,1
700277,2024-08-22,UK Landbridge (Dublin-Holyhead),Nordic Freight Lines,1950.0,699.7,2,Y,0.359,2024-08,1
700553,2024-08-22,UK Landbridge (Dublin-Holyhead),Celtic Sealink,1449.0,614.46,1,Y,0.424,2024-08,1
702986,2024-08-22,EU Direct (Dublin-Cherbourg),Atlantic Cargo Ferries,1657.0,1043.8,2,Y,0.63,2024-08,1
704014,2024-08-22,EU Direct (Dublin-Cherbourg),Celtic Sealink,1474.0,820.94,2,Y,0.557,2024-08,1
703887,2024-08-22,EU Direct (Dublin-Cherbourg),Celtic Sealink,1692.0,934.37,1,Y,0.552,2024-08,1
701443,2024-08-23,UK Landbridge (Dublin-Holyhead),Nordic Freight Lines,1372.0,529.76,1,Y,0.386,2024-08,1
700599,2024-08-23,UK Landbridge (Dublin-Holyhead),Celtic Sealink,2323.0,951.42,1,Y,0.41,2024-08,1
701489,2024-08-23,UK Landbridge (Dublin-Holyhead),Nordic Freight Lines,1334.0,477.46,1,Y,0.358,2024-08,1
704115,2024-08-23,EU Direct (Dublin-Cherbourg),Celtic Sealink,2534.0,1371.25,2,Y,0.541,2024-08,1
705397,2024-08-23,EU Direct (Rosslare-Dunkirk),Nordic Freight Lines,2693.0,1394.93,2,Y,0.518,2024-08,1
703123,2024-08-23,EU Direct (Dublin-Cherbourg),Celtic Sealink,1344.0,789.75,2,Y,0.588,2024-08,1
702403,2024-08-24,UK Landbridge (Dublin-Holyhead),Celtic Sealink,2159.0,908.86,1,Y,0.421,2024-08,1
704131,2024-08-24,EU Direct (Dublin-Cherbourg),Atlantic Cargo Ferries,2678.0,1706.6,2,Y,0.637,2024-08,1
705828,2024-08-24,EU Direct (Rosslare-Dunkirk),Nordic Freight Lines,1000.0,540.54,2,Y,0.541,2024-08,1
700377,2024-08-24,UK Landbridge (Dublin-Holyhead),Nordic Freight Lines,2447.0,1001.47,2,Y,0.409,2024-08,1
705243,2024-08-24,EU Direct (Rosslare-Dunkirk),Nordic Freight Lines,1665.0,809.4,2,Y,0.486,2024-08,1
703334,2024-08-24,EU Direct (Dublin-Cherbourg),Celtic Sealink,293.0,176.22,2,Y,0.601,2024-08,1
701506,2024-08-24,UK Landbridge (Dublin-Holyhead),Celtic Sealink,2088.0,876.32,1,Y,0.42,2024-08,1
701445,2024-08-24,UK Landbridge (Dublin-Holyhead),Nordic Freight Lines,50.0,19.2,1,Y,0.384,2024-08,1
700798,2024-08-25,UK Landbridge (Dublin-Holyhead),Nordic Freight Lines,902.0,369.03,1,Y,0.409,2024-08,1
705544,2024-08-25,EU Direct (Rosslare-Dunkirk),Atlantic Cargo Ferries,4346.0,2774.43,2,Y,0.638,2024-08,1
703613,2024-08-25,EU Direct (Dublin-Cherbourg),Celtic Sealink,1235.0,729.7,2,Y,0.591,2024-08,1
701768,2024-08-25,UK Landbridge (Dublin-Holyhead),Celtic Sealink,1397.0,612.18,1,Y,0.438,2024-08,1
703504,2024-08-25,EU Direct (Dublin-Cherbourg),Atlantic Cargo Ferries,1987.0,1392.17,3,Y,0.701,2024-08,1
701666,2024-08-25,UK Landbridge (Dublin-Holyhead),Celtic Sealink,638.0,286.26,2,Y,0.449,2024-08,1
703783,2024-08-25,EU Direct (Dublin-Cherbourg),Atlantic Cargo Ferries,2279.0,1483.24,2,Y,0.651,2024-08,1
702834,2024-08-25,UK Landbridge (Dublin-Holyhead),Nordic Freight Lines,451.0,159.86,1,Y,0.354,2024-08,1
701733,2024-08-25,UK Landbridge (Dublin-Holyhead),Celtic Sealink,299.0,118.96,1,Y,0.398,2024-08,1
701427,2024-08-26,UK Landbridge (Dublin-Holyhead),Celtic Sealink,2041.0,869.28,1,Y,0.426,2024-08,1
705430,2024-08-26,EU Direct (Rosslare-Dunkirk),Nordic Freight Lines,2364.0,1130.39,2,Y,0.478,2024-08,1
704430,2024-08-26,EU Direct (Dublin-Cherbourg),Celtic Sealink,1809.0,1004.45,2,Y,0.555,2024-08,1
704359,2024-08-26,EU Direct (Dublin-Cherbourg),Atlantic Cargo Ferries,865.0,536.36,2,Y,0.62,2024-08,1
701881,2024-08-26,UK Landbridge (Dublin-Holyhead),Nordic Freight Lines,613.0,222.02,1,Y,0.362,2024-08,1
700967,2024-08-27,UK Landbridge (Dublin-Holyhead),Nordic Freight Lines,2565.0,1047.2,2,Y,0.408,2024-08,1
704098,2024-08-27,EU Direct (Dublin-Cherbourg),Celtic Sealink,1532.0,953.52,1,Y,0.622,2024-08,1
705841,2024-08-27,EU Direct (Rosslare-Dunkirk),Nordic Freight Lines,2199.0,1029.42,2,Y,0.468,2024-08,1
700912,2024-08-27,UK Landbridge (Dublin-Holyhead),Nordic Freight Lines,1066.0,401.38,1,Y,0.377,2024-08,1
704613,2024-08-27,EU Direct (Dublin-Cherbourg),Celtic Sealink,3290.0,2009.81,2,Y,0.611,2024-08,1
700335,2024-08-27,UK Landbridge (Dublin-Holyhead),Nordic Freight Lines,2499.0,1025.47,1,Y,0.41,2024-08,1
702916,2024-08-27,EU Direct (Dublin-Cherbourg),Atlantic Cargo Ferries,1297.0,869.14,2,Y,0.67,2024-08,1
700931,2024-08-27,UK Landbridge (Dublin-Holyhead),Celtic Sealink,3015.0,1340.15,1,Y,0.444,2024-08,1
701819,2024-08-27,UK Landbridge (Dublin-Holyhead),Nordic Freight Lines,1262.0,470.88,1,Y,0.373,2024-08,1
704114,2024-08-27,EU Direct (Dublin-Cherbourg),Atlantic Cargo Ferries,1888.0,1178.58,2,Y,0.624,2024-08,1
700712,2024-08-27,UK Landbridge (Dublin-Holyhead),Nordic Freight Lines,2312.0,942.08,1,Y,0.407,2024-08,1
703230,2024-08-27,EU Direct (Dublin-Cherbourg),Atlantic Cargo Ferries,1790.0,1256.42,2,Y,0.702,2024-08,1
701001,2024-08-27,UK Landbridge (Dublin-Holyhead),Celtic Sealink,3532.0,1367.2,1,Y,0.387,2024-08,1
700231,2024-08-27,UK Landbridge (Dublin-Holyhead),Nordic Freight Lines,1236.0,465.66,1,Y,0.377,2024-08,1
702548,2024-08-28,UK Landbridge (Dublin-Holyhead),Nordic Freight Lines,2166.0,833.71,1,Y,0.385,2024-08,1
700619,2024-08-28,UK Landbridge (Dublin-Holyhead),Celtic Sealink,2261.0,956.97,1,N,0.423,2024-08,0
705675,2024-08-28,EU Direct (Rosslare-Dunkirk),Atlantic Cargo Ferries,2444.0,1640.44,2,N,0.671,2024-08,0
705891,2024-08-28,EU Direct (Rosslare-Dunkirk),Nordic Freight Lines,1400.0,691.47,2,Y,0.494,2024-08,1
701039,2024-08-28,UK Landbridge (Dublin-Holyhead),Celtic Sealink,1397.0,585.33,1,Y,0.419,2024-08,1
705293,2024-08-28,EU Direct (Rosslare-Dunkirk),Atlantic Cargo Ferries,1873.0,1080.63,2,Y,0.577,2024-08,1
700956,2024-08-28,UK Landbridge (Dublin-Holyhead),Celtic Sealink,3323.0,1325.45,1,Y,0.399,2024-08,1
702058,2024-08-28,UK Landbridge (Dublin-Holyhead),Celtic Sealink,1310.0,571.08,1,Y,0.436,2024-08,1
703363,2024-08-28,EU Direct (Dublin-Cherbourg),Atlantic Cargo Ferries,2923.0,1845.83,3,Y,0.631,2024-08,1
700761,2024-08-28,UK Landbridge (Dublin-Holyhead),Nordic Freight Lines,1459.0,562.23,1,Y,0.385,2024-08,1
705450,2024-08-28,EU Direct (Rosslare-Dunkirk),Nordic Freight Lines,3312.0,1601.75,2,Y,0.484,2024-08,1
703725,2024-08-29,EU Direct (Dublin-Cherbourg),Atlantic Cargo Ferries,2262.0,1491.68,2,Y,0.659,2024-08,1
705477,2024-08-29,EU Direct (Rosslare-Dunkirk),Nordic Freight Lines,1074.0,528.54,2,Y,0.492,2024-08,1
704829,2024-08-29,EU Direct (Rosslare-Dunkirk),Atlantic Cargo Ferries,500.0,330.63,1,Y,0.661,2024-08,1
705343,2024-08-29,EU Direct (Rosslare-Dunkirk),Nordic Freight Lines,2221.0,1128.52,2,N,0.508,2024-08,0
700701,2024-08-29,UK Landbridge (Dublin-Holyhead),Celtic Sealink,2419.0,964.04,1,Y,0.399,2024-08,1
704789,2024-08-29,EU Direct (Rosslare-Dunkirk),Nordic Freight Lines,1440.0,707.52,2,Y,0.491,2024-08,1
705913,2024-08-29,EU Direct (Rosslare-Dunkirk),Atlantic Cargo Ferries,3599.0,2315.11,2,Y,0.643,2024-08,1
700622,2024-08-29,UK Landbridge (Dublin-Holyhead),Celtic Sealink,909.0,364.67,1,Y,0.401,2024-08,1
703820,2024-08-29,EU Direct (Dublin-Cherbourg),Atlantic Cargo Ferries,2935.0,1878.52,2,Y,0.64,2024-08,1
700060,2024-08-30,UK Landbridge (Dublin-Holyhead),Celtic Sealink,1762.0,686.81,1,Y,0.39,2024-08,1
703511,2024-08-31,EU Direct (Dublin-Cherbourg),Celtic Sealink,443.0,276.47,2,Y,0.624,2024-08,1
703189,2024-08-31,EU Direct (Dublin-Cherbourg),Celtic Sealink,1590.0,978.54,2,Y,0.615,2024-08,1
705907,2024-08-31,EU Direct (Rosslare-Dunkirk),Atlantic Cargo Ferries,269.0,155.98,2,Y,0.58,2024-08,1
701235,2024-08-31,UK Landbridge (Dublin-Holyhead),Celtic Sealink,682.0,276.72,1,Y,0.406,2024-08,1
705332,2024-08-31,EU Direct (Rosslare-Dunkirk),Nordic Freight Lines,2166.0,1139.4,2,Y,0.526,2024-08,1
701821,2024-08-31,UK Landbridge (Dublin-Holyhead),Nordic Freight Lines,2033.0,718.75,1,N,0.354,2024-08,0
701486,2024-08-31,UK Landbridge (Dublin-Holyhead),Nordic Freight Lines,2212.0,836.02,1,N,0.378,2024-08,0
703012,2024-08-31,EU Direct (Dublin-Cherbourg),Celtic Sealink,2505.0,1341.38,2,Y,0.535,2024-08,1
700818,2024-08-31,UK Landbridge (Dublin-Holyhead),Nordic Freight Lines,2537.0,917.69,1,Y,0.362,2024-08,1
705465,2024-08-31,EU Direct (Rosslare-Dunkirk),Nordic Freight Lines,1078.0,561.97,2,Y,0.521,2024-08,1
701723,2024-08-31,UK Landbridge (Dublin-Holyhead),Nordic Freight Lines,2726.0,1049.59,1,N,0.385,2024-08,0
701764,2024-09-01,UK Landbridge (Dublin-Holyhead),Nordic Freight Lines,2121.0,771.8,1,Y,0.364,2024-09,1
701894,2024-09-01,UK Landbridge (Dublin-Holyhead),Celtic Sealink,854.0,379.58,1,Y,0.444,2024-09,1
701168,2024-09-01,UK Landbridge (Dublin-Holyhead),Celtic Sealink,1621.0,632.39,2,N,0.39,2024-09,0
700717,2024-09-01,UK Landbridge (Dublin-Holyhead),Celtic Sealink,827.0,321.89,1,Y,0.389,2024-09,1
701264,2024-09-01,UK Landbridge (Dublin-Holyhead),Nordic Freight Lines,2301.0,830.23,1,N,0.361,2024-09,0
705616,2024-09-01,EU Direct (Rosslare-Dunkirk),Atlantic Cargo Ferries,1155.0,748.15,2,Y,0.648,2024-09,1
705334,2024-09-02,EU Direct (Rosslare-Dunkirk),Nordic Freight Lines,895.0,468.16,2,Y,0.523,2024-09,1
701395,2024-09-02,UK Landbridge (Dublin-Holyhead),Nordic Freight Lines,50.0,18.31,2,N,0.366,2024-09,0
704637,2024-09-02,EU Direct (Rosslare-Dunkirk),Nordic Freight Lines,1341.0,692.86,2,Y,0.517,2024-09,1
703428,2024-09-02,EU Direct (Dublin-Cherbourg),Celtic Sealink,790.0,474.12,2,Y,0.6,2024-09,1
705749,2024-09-02,EU Direct (Rosslare-Dunkirk),Atlantic Cargo Ferries,2046.0,1372.9,2,Y,0.671,2024-09,1
700817,2024-09-03,UK Landbridge (Dublin-Holyhead),Nordic Freight Lines,444.0,157.72,1,Y,0.355,2024-09,1
703181,2024-09-03,EU Direct (Dublin-Cherbourg),Atlantic Cargo Ferries,1334.0,889.31,2,N,0.667,2024-09,0
702901,2024-09-03,EU Direct (Dublin-Cherbourg),Celtic Sealink,523.0,298.51,2,Y,0.571,2024-09,1
705282,2024-09-03,EU Direct (Rosslare-Dunkirk),Nordic Freight Lines,1360.0,723.01,2,Y,0.532,2024-09,1
701018,2024-09-03,UK Landbridge (Dublin-Holyhead),Celtic Sealink,1822.0,760.17,1,Y,0.417,2024-09,1
705753,2024-09-03,EU Direct (Rosslare-Dunkirk),Nordic Freight Lines,2732.0,1308.53,2,Y,0.479,2024-09,1
703869,2024-09-03,EU Direct (Dublin-Cherbourg),Atlantic Cargo Ferries,3136.0,1986.35,2,Y,0.633,2024-09,1
700363,2024-09-04,UK Landbridge (Dublin-Holyhead),Celtic Sealink,636.0,259.4,1,Y,0.408,2024-09,1
705792,2024-09-04,EU Direct (Rosslare-Dunkirk),Nordic Freight Lines,1037.0,496.82,2,Y,0.479,2024-09,1
701438,2024-09-04,UK Landbridge (Dublin-Holyhead),Nordic Freight Lines,1134.0,434.79,1,Y,0.383,2024-09,1
702409,2024-09-04,UK Landbridge (Dublin-Holyhead),Nordic Freight Lines,1643.0,663.56,1,Y,0.404,2024-09,1
703825,2024-09-04,EU Direct (Dublin-Cherbourg),Atlantic Cargo Ferries,1098.0,692.7,1,Y,0.631,2024-09,1
702682,2024-09-04,UK Landbridge (Dublin-Holyhead),Celtic Sealink,2545.0,1138.33,1,Y,0.447,2024-09,1
704022,2024-09-04,EU Direct (Dublin-Cherbourg),Celtic Sealink,3852.0,2085.19,2,Y,0.541,2024-09,1
703769,2024-09-04,EU Direct (Dublin-Cherbourg),Atlantic Cargo Ferries,1179.0,794.26,2,Y,0.674,2024-09,1
704108,2024-09-04,EU Direct (Dublin-Cherbourg),Celtic Sealink,1332.0,801.95,3,Y,0.602,2024-09,1
701791,2024-09-05,UK Landbridge (Dublin-Holyhead),Nordic Freight Lines,2152.0,764.02,1,N,0.355,2024-09,0
704415,2024-09-05,EU Direct (Dublin-Cherbourg),Atlantic Cargo Ferries,480.0,342.5,2,Y,0.714,2024-09,1
700493,2024-09-05,UK Landbridge (Dublin-Holyhead),Nordic Freight Lines,1694.0,694.85,1,Y,0.41,2024-09,1
705703,2024-09-05,EU Direct (Rosslare-Dunkirk),Nordic Freight Lines,891.0,474.6,2,Y,0.533,2024-09,1
702356,2024-09-05,UK Landbridge (Dublin-Holyhead),Nordic Freight Lines,1904.0,716.12,1,Y,0.376,2024-09,1
702101,2024-09-05,UK Landbridge (Dublin-Holyhead),Celtic Sealink,1182.0,502.31,2,Y,0.425,2024-09,1
703490,2024-09-05,EU Direct (Dublin-Cherbourg),Celtic Sealink,1901.0,1023.07,2,Y,0.538,2024-09,1
702949,2024-09-05,EU Direct (Dublin-Cherbourg),Atlantic Cargo Ferries,1141.0,725.04,1,Y,0.635,2024-09,1
702384,2024-09-06,UK Landbridge (Dublin-Holyhead),Nordic Freight Lines,2055.0,827.89,1,Y,0.403,2024-09,1
700114,2024-09-06,UK Landbridge (Dublin-Holyhead),Nordic Freight Lines,1064.0,415.88,1,Y,0.391,2024-09,1
705292,2024-09-06,EU Direct (Rosslare-Dunkirk),Atlantic Cargo Ferries,50.0,30.09,2,N,0.602,2024-09,0
701736,2024-09-06,UK Landbridge (Dublin-Holyhead),Nordic Freight Lines,2708.0,992.57,1,Y,0.367,2024-09,1
701425,2024-09-06,UK Landbridge (Dublin-Holyhead),Nordic Freight Lines,1054.0,423.74,1,Y,0.402,2024-09,1
702731,2024-09-06,UK Landbridge (Dublin-Holyhead),Celtic Sealink,1515.0,613.03,1,Y,0.405,2024-09,1
701073,2024-09-06,UK Landbridge (Dublin-Holyhead),Celtic Sealink,2557.0,1029.92,1,Y,0.403,2024-09,1
700537,2024-09-06,UK Landbridge (Dublin-Holyhead),Celtic Sealink,1711.0,731.22,1,Y,0.427,2024-09,1
701784,2024-09-07,UK Landbridge (Dublin-Holyhead),Celtic Sealink,2731.0,1061.62,1,Y,0.389,2024-09,1
705408,2024-09-07,EU Direct (Rosslare-Dunkirk),Nordic Freight Lines,2873.0,1499.41,2,Y,0.522,2024-09,1
700118,2024-09-07,UK Landbridge (Dublin-Holyhead),Celtic Sealink,2495.0,1048.34,1,Y,0.42,2024-09,1
701191,2024-09-07,UK Landbridge (Dublin-Holyhead),Celtic Sealink,734.0,294.99,1,Y,0.402,2024-09,1
701349,2024-09-07,UK Landbridge (Dublin-Holyhead),Nordic Freight Lines,1918.0,743.78,2,Y,0.388,2024-09,1
701054,2024-09-07,UK Landbridge (Dublin-Holyhead),Celtic Sealink,1224.0,484.71,1,Y,0.396,2024-09,1
705776,2024-09-07,EU Direct (Rosslare-Dunkirk),Atlantic Cargo Ferries,1590.0,983.39,1,Y,0.618,2024-09,1
703589,2024-09-07,EU Direct (Dublin-Cherbourg),Atlantic Cargo Ferries,1436.0,960.88,2,Y,0.669,2024-09,1
700179,2024-09-07,UK Landbridge (Dublin-Holyhead),Nordic Freight Lines,2185.0,821.65,1,Y,0.376,2024-09,1
704384,2024-09-07,EU Direct (Dublin-Cherbourg),Atlantic Cargo Ferries,3298.0,2110.67,2,N,0.64,2024-09,0
701057,2024-09-07,UK Landbridge (Dublin-Holyhead),Nordic Freight Lines,3728.0,1430.58,1,Y,0.384,2024-09,1
700333,2024-09-07,UK Landbridge (Dublin-Holyhead),Nordic Freight Lines,1802.0,710.7,1,N,0.394,2024-09,0
701749,2024-09-07,UK Landbridge (Dublin-Holyhead),Nordic Freight Lines,2841.0,1071.57,1,Y,0.377,2024-09,1
703886,2024-09-08,EU Direct (Dublin-Cherbourg),Celtic Sealink,1592.0,978.82,2,Y,0.615,2024-09,1
704718,2024-09-08,EU Direct (Rosslare-Dunkirk),Nordic Freight Lines,1382.0,659.02,2,Y,0.477,2024-09,1
701030,2024-09-08,UK Landbridge (Dublin-Holyhead),Celtic Sealink,1847.0,740.9,1,Y,0.401,2024-09,1
700734,2024-09-08,UK Landbridge (Dublin-Holyhead),Celtic Sealink,2898.0,1161.5,1,Y,0.401,2024-09,1
704695,2024-09-08,EU Direct (Rosslare-Dunkirk),Nordic Freight Lines,1593.0,857.28,2,Y,0.538,2024-09,1
700673,2024-09-08,UK Landbridge (Dublin-Holyhead),Celtic Sealink,221.0,97.5,1,Y,0.441,2024-09,1
703081,2024-09-08,EU Direct (Dublin-Cherbourg),Celtic Sealink,705.0,379.2,2,Y,0.538,2024-09,1
702199,2024-09-08,UK Landbridge (Dublin-Holyhead),Celtic Sealink,1896.0,780.18,1,Y,0.411,2024-09,1
700083,2024-09-08,UK Landbridge (Dublin-Holyhead),Nordic Freight Lines,1555.0,633.09,1,Y,0.407,2024-09,1
703124,2024-09-09,EU Direct (Dublin-Cherbourg),Celtic Sealink,1484.0,908.69,2,Y,0.612,2024-09,1
704387,2024-09-09,EU Direct (Dublin-Cherbourg),Celtic Sealink,698.0,390.61,3,Y,0.56,2024-09,1
702948,2024-09-09,EU Direct (Dublin-Cherbourg),Celtic Sealink,2077.0,1196.51,2,Y,0.576,2024-09,1
703854,2024-09-09,EU Direct (Dublin-Cherbourg),Celtic Sealink,2198.0,1332.88,2,Y,0.606,2024-09,1
704007,2024-09-09,EU Direct (Dublin-Cherbourg),Atlantic Cargo Ferries,2295.0,1543.45,2,Y,0.673,2024-09,1
705340,2024-09-09,EU Direct (Rosslare-Dunkirk),Nordic Freight Lines,4419.0,2386.57,3,Y,0.54,2024-09,1
705347,2024-09-10,EU Direct (Rosslare-Dunkirk),Nordic Freight Lines,1728.0,815.98,2,Y,0.472,2024-09,1
705742,2024-09-10,EU Direct (Rosslare-Dunkirk),Atlantic Cargo Ferries,1847.0,1087.53,2,Y,0.589,2024-09,1
701541,2024-09-10,UK Landbridge (Dublin-Holyhead),Nordic Freight Lines,2578.0,1002.83,1,Y,0.389,2024-09,1
705744,2024-09-10,EU Direct (Rosslare-Dunkirk),Nordic Freight Lines,1576.0,777.15,2,Y,0.493,2024-09,1
701669,2024-09-10,UK Landbridge (Dublin-Holyhead),Nordic Freight Lines,811.0,316.83,1,Y,0.391,2024-09,1
703497,2024-09-10,EU Direct (Dublin-Cherbourg),Atlantic Cargo Ferries,1966.0,1342.61,2,Y,0.683,2024-09,1
701674,2024-09-10,UK Landbridge (Dublin-Holyhead),Celtic Sealink,2646.0,1126.85,1,Y,0.426,2024-09,1
703246,2024-09-10,EU Direct (Dublin-Cherbourg),Celtic Sealink,1963.0,1124.08,2,Y,0.573,2024-09,1
705476,2024-09-10,EU Direct (Rosslare-Dunkirk),Atlantic Cargo Ferries,2973.0,1739.47,2,Y,0.585,2024-09,1
702018,2024-09-10,UK Landbridge (Dublin-Holyhead),Nordic Freight Lines,843.0,325.77,1,Y,0.386,2024-09,1
700409,2024-09-10,UK Landbridge (Dublin-Holyhead),Celtic Sealink,1777.0,804.77,1,Y,0.453,2024-09,1
702803,2024-09-11,UK Landbridge (Dublin-Holyhead),Nordic Freight Lines,761.0,272.99,1,Y,0.359,2024-09,1
700355,2024-09-11,UK Landbridge (Dublin-Holyhead),Nordic Freight Lines,2315.0,937.84,1,Y,0.405,2024-09,1
705070,2024-09-11,EU Direct (Rosslare-Dunkirk),Nordic Freight Lines,1588.0,763.62,2,Y,0.481,2024-09,1
701887,2024-09-11,UK Landbridge (Dublin-Holyhead),Celtic Sealink,991.0,400.67,1,Y,0.404,2024-09,1
702875,2024-09-12,UK Landbridge (Dublin-Holyhead),Celtic Sealink,953.0,382.16,1,Y,0.401,2024-09,1
702224,2024-09-12,UK Landbridge (Dublin-Holyhead),Nordic Freight Lines,2362.0,931.34,1,Y,0.394,2024-09,1
702842,2024-09-12,UK Landbridge (Dublin-Holyhead),Celtic Sealink,1489.0,636.16,1,Y,0.427,2024-09,1
703693,2024-09-12,EU Direct (Dublin-Cherbourg),Atlantic Cargo Ferries,1223.0,748.92,2,Y,0.612,2024-09,1
701350,2024-09-12,UK Landbridge (Dublin-Holyhead),Celtic Sealink,50.0,21.1,1,Y,0.422,2024-09,1
702614,2024-09-12,UK Landbridge (Dublin-Holyhead),Celtic Sealink,3207.0,1363.1,1,Y,0.425,2024-09,1
700692,2024-09-12,UK Landbridge (Dublin-Holyhead),Nordic Freight Lines,2328.0,938.98,1,Y,0.403,2024-09,1
701905,2024-09-13,UK Landbridge (Dublin-Holyhead),Nordic Freight Lines,2434.0,919.78,1,N,0.378,2024-09,0
704143,2024-09-13,EU Direct (Dublin-Cherbourg),Celtic Sealink,2593.0,1417.4,1,Y,0.547,2024-09,1
702237,2024-09-13,UK Landbridge (Dublin-Holyhead),Celtic Sealink,1178.0,495.07,1,Y,0.42,2024-09,1
700264,2024-09-13,UK Landbridge (Dublin-Holyhead),Nordic Freight Lines,1240.0,463.05,1,Y,0.373,2024-09,1
705619,2024-09-13,EU Direct (Rosslare-Dunkirk),Nordic Freight Lines,1428.0,668.28,2,Y,0.468,2024-09,1
703865,2024-09-13,EU Direct (Dublin-Cherbourg),Celtic Sealink,2058.0,1184.31,2,Y,0.575,2024-09,1
701072,2024-09-13,UK Landbridge (Dublin-Holyhead),Celtic Sealink,1697.0,727.44,1,Y,0.429,2024-09,1
700830,2024-09-13,UK Landbridge (Dublin-Holyhead),Nordic Freight Lines,1462.0,600.84,1,Y,0.411,2024-09,1
704094,2024-09-14,EU Direct (Dublin-Cherbourg),Atlantic Cargo Ferries,2671.0,1636.78,2,Y,0.613,2024-09,1
702105,2024-09-14,UK Landbridge (Dublin-Holyhead),Nordic Freight Lines,50.0,18.38,2,Y,0.368,2024-09,1
705019,2024-09-14,EU Direct (Rosslare-Dunkirk),Atlantic Cargo Ferries,1095.0,699.71,2,Y,0.639,2024-09,1
701334,2024-09-14,UK Landbridge (Dublin-Holyhead),Nordic Freight Lines,1597.0,617.48,1,Y,0.387,2024-09,1
703949,2024-09-14,EU Direct (Dublin-Cherbourg),Celtic Sealink,2135.0,1305.46,2,Y,0.611,2024-09,1
701552,2024-09-15,UK Landbridge (Dublin-Holyhead),Nordic Freight Lines,1843.0,731.51,1,Y,0.397,2024-09,1
701214,2024-09-15,UK Landbridge (Dublin-Holyhead),Nordic Freight Lines,3382.0,1268.39,1,Y,0.375,2024-09,1
702621,2024-09-15,UK Landbridge (Dublin-Holyhead),Nordic Freight Lines,1135.0,433.85,1,Y,0.382,2024-09,1
702183,2024-09-15,UK Landbridge (Dublin-Holyhead),Celtic Sealink,1773.0,796.04,1,Y,0.449,2024-09,1
700585,2024-09-15,UK Landbridge (Dublin-Holyhead),Nordic Freight Lines,1684.0,615.54,1,Y,0.366,2024-09,1
702364,2024-09-15,UK Landbridge (Dublin-Holyhead),Celtic Sealink,1317.0,576.91,1,Y,0.438,2024-09,1
704121,2024-09-15,EU Direct (Dublin-Cherbourg),Celtic Sealink,2247.0,1213.55,1,Y,0.54,2024-09,1
701927,2024-09-15,UK Landbridge (Dublin-Holyhead),Nordic Freight Lines,612.0,219.15,1,Y,0.358,2024-09,1
700756,2024-09-15,UK Landbridge (Dublin-Holyhead),Celtic Sealink,1046.0,468.0,1,Y,0.447,2024-09,1
704592,2024-09-15,EU Direct (Dublin-Cherbourg),Celtic Sealink,1699.0,1045.92,2,Y,0.616,2024-09,1
705859,2024-09-16,EU Direct (Rosslare-Dunkirk),Atlantic Cargo Ferries,3381.0,2197.46,2,Y,0.65,2024-09,1
704878,2024-09-16,EU Direct (Rosslare-Dunkirk),Nordic Freight Lines,1846.0,972.2,2,N,0.527,2024-09,0
702775,2024-09-16,UK Landbridge (Dublin-Holyhead),Nordic Freight Lines,2451.0,901.97,1,Y,0.368,2024-09,1
700107,2024-09-16,UK Landbridge (Dublin-Holyhead),Celtic Sealink,2001.0,846.91,1,Y,0.423,2024-09,1
702886,2024-09-16,EU Direct (Dublin-Cherbourg),Celtic Sealink,50.0,30.69,2,Y,0.614,2024-09,1
702823,2024-09-16,UK Landbridge (Dublin-Holyhead),Celtic Sealink,2958.0,1291.0,1,Y,0.436,2024-09,1
705237,2024-09-16,EU Direct (Rosslare-Dunkirk),Atlantic Cargo Ferries,1761.0,1187.78,2,Y,0.674,2024-09,1
702640,2024-09-16,UK Landbridge (Dublin-Holyhead),Nordic Freight Lines,977.0,383.63,2,Y,0.393,2024-09,1
700412,2024-09-16,UK Landbridge (Dublin-Holyhead),Celtic Sealink,2492.0,1063.44,1,Y,0.427,2024-09,1
701660,2024-09-16,UK Landbridge (Dublin-Holyhead),Celtic Sealink,2161.0,846.27,1,Y,0.392,2024-09,1
702248,2024-09-16,UK Landbridge (Dublin-Holyhead),Celtic Sealink,1079.0,474.32,1,Y,0.44,2024-09,1
700655,2024-09-16,UK Landbridge (Dublin-Holyhead),Celtic Sealink,948.0,418.79,1,Y,0.442,2024-09,1
703737,2024-09-16,EU Direct (Dublin-Cherbourg),Atlantic Cargo Ferries,3514.0,2329.22,2,Y,0.663,2024-09,1
704064,2024-09-16,EU Direct (Dublin-Cherbourg),Celtic Sealink,1993.0,1239.66,2,Y,0.622,2024-09,1
701433,2024-09-17,UK Landbridge (Dublin-Holyhead),Celtic Sealink,1111.0,446.72,1,Y,0.402,2024-09,1
705026,2024-09-17,EU Direct (Rosslare-Dunkirk),Nordic Freight Lines,1940.0,900.65,2,Y,0.464,2024-09,1
703603,2024-09-17,EU Direct (Dublin-Cherbourg),Atlantic Cargo Ferries,2787.0,1810.38,2,Y,0.65,2024-09,1
705880,2024-09-17,EU Direct (Rosslare-Dunkirk),Nordic Freight Lines,2296.0,1086.83,2,Y,0.473,2024-09,1
705690,2024-09-17,EU Direct (Rosslare-Dunkirk),Nordic Freight Lines,1093.0,561.08,2,Y,0.513,2024-09,1
703002,2024-09-17,EU Direct (Dublin-Cherbourg),Celtic Sealink,1016.0,626.54,3,Y,0.617,2024-09,1
704239,2024-09-17,EU Direct (Dublin-Cherbourg),Celtic Sealink,829.0,472.27,2,Y,0.57,2024-09,1
704429,2024-09-18,EU Direct (Dublin-Cherbourg),Celtic Sealink,2982.0,1658.64,2,Y,0.556,2024-09,1
703090,2024-09-18,EU Direct (Dublin-Cherbourg),Celtic Sealink,2530.0,1566.13,2,Y,0.619,2024-09,1
704369,2024-09-18,EU Direct (Dublin-Cherbourg),Celtic Sealink,1808.0,994.04,2,Y,0.55,2024-09,1
705800,2024-09-18,EU Direct (Rosslare-Dunkirk),Nordic Freight Lines,832.0,441.27,2,Y,0.53,2024-09,1
704703,2024-09-18,EU Direct (Rosslare-Dunkirk),Atlantic Cargo Ferries,1791.0,1085.99,2,N,0.606,2024-09,0
703986,2024-09-18,EU Direct (Dublin-Cherbourg),Atlantic Cargo Ferries,3307.0,2257.72,2,Y,0.683,2024-09,1
700101,2024-09-19,UK Landbridge (Dublin-Holyhead),Celtic Sealink,2129.0,838.32,1,Y,0.394,2024-09,1
700296,2024-09-19,UK Landbridge (Dublin-Holyhead),Nordic Freight Lines,1479.0,569.28,1,N,0.385,2024-09,0
700483,2024-09-19,UK Landbridge (Dublin-Holyhead),Nordic Freight Lines,2076.0,806.37,1,Y,0.388,2024-09,1
702012,2024-09-19,UK Landbridge (Dublin-Holyhead),Nordic Freight Lines,2476.0,872.94,1,N,0.353,2024-09,0
704111,2024-09-19,EU Direct (Dublin-Cherbourg),Celtic Sealink,2881.0,1544.5,2,Y,0.536,2024-09,1
703219,2024-09-19,EU Direct (Dublin-Cherbourg),Atlantic Cargo Ferries,1917.0,1273.23,2,Y,0.664,2024-09,1
702252,2024-09-19,UK Landbridge (Dublin-Holyhead),Celtic Sealink,2430.0,1032.73,1,Y,0.425,2024-09,1
700265,2024-09-19,UK Landbridge (Dublin-Holyhead),Nordic Freight Lines,814.0,297.84,2,N,0.366,2024-09,0
700245,2024-09-19,UK Landbridge (Dublin-Holyhead),Nordic Freight Lines,1082.0,442.58,2,N,0.409,2024-09,0
705231,2024-09-19,EU Direct (Rosslare-Dunkirk),Nordic Freight Lines,50.0,23.46,2,Y,0.469,2024-09,1
704628,2024-09-19,EU Direct (Rosslare-Dunkirk),Atlantic Cargo Ferries,1891.0,1164.96,2,Y,0.616,2024-09,1
705683,2024-09-19,EU Direct (Rosslare-Dunkirk),Nordic Freight Lines,935.0,497.85,2,Y,0.532,2024-09,1
702551,2024-09-20,UK Landbridge (Dublin-Holyhead),Celtic Sealink,1333.0,550.13,1,Y,0.413,2024-09,1
704510,2024-09-20,EU Direct (Dublin-Cherbourg),Atlantic Cargo Ferries,2600.0,1840.09,1,Y,0.708,2024-09,1
703860,2024-09-20,EU Direct (Dublin-Cherbourg),Atlantic Cargo Ferries,3677.0,2480.22,2,Y,0.675,2024-09,1
702241,2024-09-20,UK Landbridge (Dublin-Holyhead),Celtic Sealink,1971.0,830.17,1,Y,0.421,2024-09,1
703317,2024-09-20,EU Direct (Dublin-Cherbourg),Celtic Sealink,1008.0,543.2,2,Y,0.539,2024-09,1
705043,2024-09-20,EU Direct (Rosslare-Dunkirk),Atlantic Cargo Ferries,58.0,35.87,2,Y,0.618,2024-09,1
700439,2024-09-20,UK Landbridge (Dublin-Holyhead),Celtic Sealink,1872.0,815.67,1,Y,0.436,2024-09,1
704119,2024-09-20,EU Direct (Dublin-Cherbourg),Celtic Sealink,643.0,397.1,2,N,0.618,2024-09,0
705371,2024-09-20,EU Direct (Rosslare-Dunkirk),Atlantic Cargo Ferries,2540.0,1615.41,2,Y,0.636,2024-09,1
703981,2024-09-20,EU Direct (Dublin-Cherbourg),Celtic Sealink,1643.0,948.78,1,Y,0.577,2024-09,1
705331,2024-09-21,EU Direct (Rosslare-Dunkirk),Nordic Freight Lines,1892.0,960.38,1,Y,0.508,2024-09,1
700468,2024-09-21,UK Landbridge (Dublin-Holyhead),Nordic Freight Lines,1922.0,722.76,1,Y,0.376,2024-09,1
704907,2024-09-21,EU Direct (Rosslare-Dunkirk),Atlantic Cargo Ferries,1888.0,1135.43,2,Y,0.601,2024-09,1
700056,2024-09-21,UK Landbridge (Dublin-Holyhead),Nordic Freight Lines,1717.0,681.75,1,Y,0.397,2024-09,1
700993,2024-09-21,UK Landbridge (Dublin-Holyhead),Nordic Freight Lines,1785.0,708.44,1,Y,0.397,2024-09,1
701906,2024-09-22,UK Landbridge (Dublin-Holyhead),Celtic Sealink,1790.0,798.77,1,Y,0.446,2024-09,1
700411,2024-09-22,UK Landbridge (Dublin-Holyhead),Celtic Sealink,2255.0,940.12,1,Y,0.417,2024-09,1
702668,2024-09-22,UK Landbridge (Dublin-Holyhead),Nordic Freight Lines,2069.0,769.68,1,Y,0.372,2024-09,1
702109,2024-09-23,UK Landbridge (Dublin-Holyhead),Nordic Freight Lines,2076.0,817.74,1,Y,0.394,2024-09,1
704506,2024-09-23,EU Direct (Dublin-Cherbourg),Atlantic Cargo Ferries,1654.0,1017.75,2,Y,0.615,2024-09,1
704363,2024-09-23,EU Direct (Dublin-Cherbourg),Atlantic Cargo Ferries,2097.0,1318.75,2,Y,0.629,2024-09,1
703438,2024-09-23,EU Direct (Dublin-Cherbourg),Atlantic Cargo Ferries,3707.0,2304.38,2,Y,0.622,2024-09,1
702937,2024-09-23,EU Direct (Dublin-Cherbourg),Atlantic Cargo Ferries,2361.0,1450.14,2,Y,0.614,2024-09,1
705415,2024-09-23,EU Direct (Rosslare-Dunkirk),Atlantic Cargo Ferries,1302.0,816.15,2,Y,0.627,2024-09,1
705338,2024-09-23,EU Direct (Rosslare-Dunkirk),Nordic Freight Lines,2920.0,1391.64,1,Y,0.477,2024-09,1
705485,2024-09-23,EU Direct (Rosslare-Dunkirk),Atlantic Cargo Ferries,2210.0,1375.04,2,Y,0.622,2024-09,1
702330,2024-09-23,UK Landbridge (Dublin-Holyhead),Celtic Sealink,2067.0,920.55,1,Y,0.445,2024-09,1
703536,2024-09-23,EU Direct (Dublin-Cherbourg),Atlantic Cargo Ferries,2114.0,1455.08,1,Y,0.688,2024-09,1
704159,2024-09-24,EU Direct (Dublin-Cherbourg),Celtic Sealink,1846.0,993.71,2,Y,0.538,2024-09,1
702360,2024-09-24,UK Landbridge (Dublin-Holyhead),Nordic Freight Lines,2175.0,808.76,1,Y,0.372,2024-09,1
701383,2024-09-24,UK Landbridge (Dublin-Holyhead),Nordic Freight Lines,2410.0,882.92,1,Y,0.366,2024-09,1
700929,2024-09-24,UK Landbridge (Dublin-Holyhead),Celtic Sealink,50.0,20.38,2,Y,0.408,2024-09,1
701572,2024-09-24,UK Landbridge (Dublin-Holyhead),Celtic Sealink,340.0,143.45,1,Y,0.422,2024-09,1
700665,2024-09-24,UK Landbridge (Dublin-Holyhead),Celtic Sealink,2363.0,982.39,2,Y,0.416,2024-09,1
702980,2024-09-24,EU Direct (Dublin-Cherbourg),Celtic Sealink,612.0,351.85,2,Y,0.575,2024-09,1
705826,2024-09-24,EU Direct (Rosslare-Dunkirk),Nordic Freight Lines,1973.0,966.63,2,Y,0.49,2024-09,1
700604,2024-09-24,UK Landbridge (Dublin-Holyhead),Nordic Freight Lines,50.0,19.97,1,Y,0.399,2024-09,1
701460,2024-09-24,UK Landbridge (Dublin-Holyhead),Nordic Freight Lines,2463.0,886.46,1,N,0.36,2024-09,0
703541,2024-09-24,EU Direct (Dublin-Cherbourg),Atlantic Cargo Ferries,2079.0,1345.92,2,Y,0.647,2024-09,1
702829,2024-09-24,UK Landbridge (Dublin-Holyhead),Celtic Sealink,2260.0,909.6,1,Y,0.402,2024-09,1
700337,2024-09-25,UK Landbridge (Dublin-Holyhead),Celtic Sealink,2212.0,944.74,1,Y,0.427,2024-09,1
704277,2024-09-25,EU Direct (Dublin-Cherbourg),Celtic Sealink,2075.0,1171.05,2,Y,0.564,2024-09,1
701400,2024-09-25,UK Landbridge (Dublin-Holyhead),Nordic Freight Lines,50.0,18.59,1,Y,0.372,2024-09,1
704638,2024-09-25,EU Direct (Rosslare-Dunkirk),Nordic Freight Lines,2225.0,1098.05,2,Y,0.494,2024-09,1
705210,2024-09-25,EU Direct (Rosslare-Dunkirk),Atlantic Cargo Ferries,2915.0,1807.03,2,Y,0.62,2024-09,1
700237,2024-09-25,UK Landbridge (Dublin-Holyhead),Celtic Sealink,1085.0,440.03,1,Y,0.406,2024-09,1
705905,2024-09-25,EU Direct (Rosslare-Dunkirk),Nordic Freight Lines,3024.0,1496.68,2,N,0.495,2024-09,0
703247,2024-09-25,EU Direct (Dublin-Cherbourg),Atlantic Cargo Ferries,2717.0,1834.01,2,Y,0.675,2024-09,1
703512,2024-09-25,EU Direct (Dublin-Cherbourg),Celtic Sealink,1523.0,930.11,2,Y,0.611,2024-09,1
704373,2024-09-25,EU Direct (Dublin-Cherbourg),Atlantic Cargo Ferries,2303.0,1541.07,2,Y,0.669,2024-09,1
704179,2024-09-25,EU Direct (Dublin-Cherbourg),Celtic Sealink,1922.0,1101.73,2,Y,0.573,2024-09,1
701995,2024-09-26,UK Landbridge (Dublin-Holyhead),Celtic Sealink,1355.0,526.05,1,N,0.388,2024-09,0
703400,2024-09-26,EU Direct (Dublin-Cherbourg),Celtic Sealink,1865.0,1050.0,2,Y,0.563,2024-09,1
704447,2024-09-26,EU Direct (Dublin-Cherbourg),Celtic Sealink,1351.0,788.19,2,Y,0.583,2024-09,1
701919,2024-09-26,UK Landbridge (Dublin-Holyhead),Nordic Freight Lines,1540.0,557.93,1,Y,0.362,2024-09,1
701934,2024-09-26,UK Landbridge (Dublin-Holyhead),Nordic Freight Lines,701.0,278.18,1,Y,0.397,2024-09,1
703751,2024-09-26,EU Direct (Dublin-Cherbourg),Celtic Sealink,1749.0,1066.92,2,Y,0.61,2024-09,1
702444,2024-09-26,UK Landbridge (Dublin-Holyhead),Celtic Sealink,2124.0,944.87,1,N,0.445,2024-09,0
700346,2024-09-26,UK Landbridge (Dublin-Holyhead),Nordic Freight Lines,50.0,18.06,1,Y,0.361,2024-09,1
700394,2024-09-26,UK Landbridge (Dublin-Holyhead),Celtic Sealink,868.0,351.61,1,Y,0.405,2024-09,1
702861,2024-09-26,UK Landbridge (Dublin-Holyhead),Celtic Sealink,2129.0,871.83,1,Y,0.41,2024-09,1
703499,2024-09-26,EU Direct (Dublin-Cherbourg),Celtic Sealink,1052.0,571.46,1,Y,0.543,2024-09,1
700438,2024-09-26,UK Landbridge (Dublin-Holyhead),Nordic Freight Lines,1842.0,745.62,1,Y,0.405,2024-09,1
700954,2024-09-27,UK Landbridge (Dublin-Holyhead),Celtic Sealink,3409.0,1506.53,1,Y,0.442,2024-09,1
702190,2024-09-27,UK Landbridge (Dublin-Holyhead),Celtic Sealink,2605.0,1095.47,1,Y,0.421,2024-09,1
700302,2024-09-27,UK Landbridge (Dublin-Holyhead),Celtic Sealink,2107.0,896.61,1,Y,0.426,2024-09,1
703408,2024-09-27,EU Direct (Dublin-Cherbourg),Celtic Sealink,1718.0,927.64,2,Y,0.54,2024-09,1
705185,2024-09-28,EU Direct (Rosslare-Dunkirk),Atlantic Cargo Ferries,1160.0,739.65,2,Y,0.638,2024-09,1
704601,2024-09-28,EU Direct (Dublin-Cherbourg),Atlantic Cargo Ferries,2545.0,1807.04,2,N,0.71,2024-09,0
702132,2024-09-28,UK Landbridge (Dublin-Holyhead),Nordic Freight Lines,1709.0,650.96,1,Y,0.381,2024-09,1
701885,2024-09-28,UK Landbridge (Dublin-Holyhead),Nordic Freight Lines,1392.0,507.32,1,Y,0.364,2024-09,1
702480,2024-09-28,UK Landbridge (Dublin-Holyhead),Nordic Freight Lines,3233.0,1172.53,1,Y,0.363,2024-09,1
701056,2024-09-29,UK Landbridge (Dublin-Holyhead),Celtic Sealink,1702.0,683.36,1,Y,0.402,2024-09,1
701463,2024-09-29,UK Landbridge (Dublin-Holyhead),Nordic Freight Lines,1796.0,677.3,1,Y,0.377,2024-09,1
703404,2024-09-29,EU Direct (Dublin-Cherbourg),Celtic Sealink,585.0,342.54,2,Y,0.586,2024-09,1
701616,2024-09-29,UK Landbridge (Dublin-Holyhead),Nordic Freight Lines,2327.0,829.72,1,Y,0.357,2024-09,1
703510,2024-09-29,EU Direct (Dublin-Cherbourg),Atlantic Cargo Ferries,433.0,288.7,2,Y,0.667,2024-09,1
703231,2024-09-30,EU Direct (Dublin-Cherbourg),Atlantic Cargo Ferries,726.0,451.59,3,N,0.622,2024-09,0
704621,2024-09-30,EU Direct (Rosslare-Dunkirk),Atlantic Cargo Ferries,1169.0,708.62,2,Y,0.606,2024-09,1
703311,2024-09-30,EU Direct (Dublin-Cherbourg),Celtic Sealink,1838.0,1050.32,2,Y,0.571,2024-09,1
704474,2024-09-30,EU Direct (Dublin-Cherbourg),Celtic Sealink,2077.0,1223.2,2,Y,0.589,2024-09,1
702989,2024-09-30,EU Direct (Dublin-Cherbourg),Celtic Sealink,1581.0,971.54,2,Y,0.615,2024-09,1
702791,2024-09-30,UK Landbridge (Dublin-Holyhead),Celtic Sealink,886.0,384.88,2,Y,0.434,2024-09,1
701608,2024-09-30,UK Landbridge (Dublin-Holyhead),Nordic Freight Lines,225.0,92.67,1,N,0.412,2024-09,0
705822,2024-09-30,EU Direct (Rosslare-Dunkirk),Nordic Freight Lines,2590.0,1379.61,2,Y,0.533,2024-09,1
702561,2024-10-01,UK Landbridge (Dublin-Holyhead),Celtic Sealink,1833.0,814.79,1,Y,0.445,2024-10,1
702666,2024-10-01,UK Landbridge (Dublin-Holyhead),Nordic Freight Lines,2599.0,1039.72,1,Y,0.4,2024-10,1
704371,2024-10-01,EU Direct (Dublin-Cherbourg),Celtic Sealink,452.0,251.98,2,Y,0.557,2024-10,1
701664,2024-10-01,UK Landbridge (Dublin-Holyhead),Celtic Sealink,2693.0,1083.25,1,Y,0.402,2024-10,1
702619,2024-10-01,UK Landbridge (Dublin-Holyhead),Celtic Sealink,2122.0,947.37,1,Y,0.446,2024-10,1
700268,2024-10-02,UK Landbridge (Dublin-Holyhead),Nordic Freight Lines,57.0,22.02,1,Y,0.386,2024-10,1
705301,2024-10-02,EU Direct (Rosslare-Dunkirk),Atlantic Cargo Ferries,2400.0,1591.24,2,Y,0.663,2024-10,1
700147,2024-10-02,UK Landbridge (Dublin-Holyhead),Celtic Sealink,2046.0,890.68,1,Y,0.435,2024-10,1
700935,2024-10-02,UK Landbridge (Dublin-Holyhead),Celtic Sealink,1588.0,714.71,1,N,0.45,2024-10,0
700821,2024-10-02,UK Landbridge (Dublin-Holyhead),Nordic Freight Lines,2279.0,904.74,1,N,0.397,2024-10,0
705199,2024-10-02,EU Direct (Rosslare-Dunkirk),Atlantic Cargo Ferries,1993.0,1268.83,2,Y,0.637,2024-10,1
703108,2024-10-02,EU Direct (Dublin-Cherbourg),Atlantic Cargo Ferries,2116.0,1301.15,2,N,0.615,2024-10,0
705355,2024-10-02,EU Direct (Rosslare-Dunkirk),Atlantic Cargo Ferries,118.0,76.6,2,Y,0.649,2024-10,1
700043,2024-10-02,UK Landbridge (Dublin-Holyhead),Nordic Freight Lines,1825.0,679.62,1,N,0.372,2024-10,0
705820,2024-10-02,EU Direct (Rosslare-Dunkirk),Nordic Freight Lines,1756.0,906.85,2,Y,0.516,2024-10,1
700696,2024-10-02,UK Landbridge (Dublin-Holyhead),Celtic Sealink,3140.0,1320.69,1,Y,0.421,2024-10,1
703524,2024-10-02,EU Direct (Dublin-Cherbourg),Celtic Sealink,2639.0,1572.33,2,Y,0.596,2024-10,1
705861,2024-10-03,EU Direct (Rosslare-Dunkirk),Nordic Freight Lines,1400.0,679.89,1,N,0.486,2024-10,0
700174,2024-10-03,UK Landbridge (Dublin-Holyhead),Celtic Sealink,1341.0,574.51,1,Y,0.428,2024-10,1
701857,2024-10-03,UK Landbridge (Dublin-Holyhead),Celtic Sealink,1530.0,617.71,2,Y,0.404,2024-10,1
701529,2024-10-03,UK Landbridge (Dublin-Holyhead),Nordic Freight Lines,1945.0,780.76,1,Y,0.401,2024-10,1
701878,2024-10-03,UK Landbridge (Dublin-Holyhead),Celtic Sealink,2161.0,875.01,1,Y,0.405,2024-10,1
702334,2024-10-03,UK Landbridge (Dublin-Holyhead),Nordic Freight Lines,2459.0,964.43,1,Y,0.392,2024-10,1
701189,2024-10-04,UK Landbridge (Dublin-Holyhead),Celtic Sealink,1568.0,686.31,1,N,0.438,2024-10,0
702354,2024-10-04,UK Landbridge (Dublin-Holyhead),Nordic Freight Lines,332.0,123.65,1,Y,0.372,2024-10,1
704994,2024-10-04,EU Direct (Rosslare-Dunkirk),Nordic Freight Lines,1300.0,610.93,2,Y,0.47,2024-10,1
703884,2024-10-04,EU Direct (Dublin-Cherbourg),Celtic Sealink,2012.0,1240.6,2,Y,0.617,2024-10,1
702840,2024-10-04,UK Landbridge (Dublin-Holyhead),Celtic Sealink,1347.0,590.99,1,Y,0.439,2024-10,1
703003,2024-10-04,EU Direct (Dublin-Cherbourg),Celtic Sealink,2042.0,1153.08,3,Y,0.565,2024-10,1
705551,2024-10-04,EU Direct (Rosslare-Dunkirk),Nordic Freight Lines,496.0,250.56,2,Y,0.505,2024-10,1
701579,2024-10-05,UK Landbridge (Dublin-Holyhead),Nordic Freight Lines,1697.0,684.86,1,Y,0.404,2024-10,1
702187,2024-10-05,UK Landbridge (Dublin-Holyhead),Nordic Freight Lines,3291.0,1167.57,1,Y,0.355,2024-10,1
700812,2024-10-05,UK Landbridge (Dublin-Holyhead),Celtic Sealink,2599.0,1065.58,1,Y,0.41,2024-10,1
705511,2024-10-05,EU Direct (Rosslare-Dunkirk),Nordic Freight Lines,1298.0,693.35,2,Y,0.534,2024-10,1
701405,2024-10-05,UK Landbridge (Dublin-Holyhead),Nordic Freight Lines,50.0,17.86,1,Y,0.357,2024-10,1
702549,2024-10-05,UK Landbridge (Dublin-Holyhead),Nordic Freight Lines,2433.0,991.23,1,Y,0.407,2024-10,1
700127,2024-10-06,UK Landbridge (Dublin-Holyhead),Nordic Freight Lines,877.0,355.81,1,Y,0.406,2024-10,1
702572,2024-10-06,UK Landbridge (Dublin-Holyhead),Nordic Freight Lines,2821.0,1004.99,1,Y,0.356,2024-10,1
702697,2024-10-06,UK Landbridge (Dublin-Holyhead),Nordic Freight Lines,2026.0,832.5,1,Y,0.411,2024-10,1
704902,2024-10-06,EU Direct (Rosslare-Dunkirk),Atlantic Cargo Ferries,1474.0,859.52,2,Y,0.583,2024-10,1
705978,2024-10-06,EU Direct (Rosslare-Dunkirk),Atlantic Cargo Ferries,2948.0,1977.79,2,Y,0.671,2024-10,1
700710,2024-10-06,UK Landbridge (Dublin-Holyhead),Nordic Freight Lines,3009.0,1213.46,1,Y,0.403,2024-10,1
704266,2024-10-06,EU Direct (Dublin-Cherbourg),Atlantic Cargo Ferries,1090.0,748.96,2,Y,0.687,2024-10,1
705654,2024-10-06,EU Direct (Rosslare-Dunkirk),Atlantic Cargo Ferries,1944.0,1132.04,2,Y,0.582,2024-10,1
703429,2024-10-06,EU Direct (Dublin-Cherbourg),Celtic Sealink,1058.0,607.76,1,Y,0.574,2024-10,1
705677,2024-10-06,EU Direct (Rosslare-Dunkirk),Nordic Freight Lines,2043.0,1021.68,2,Y,0.5,2024-10,1
703069,2024-10-07,EU Direct (Dublin-Cherbourg),Celtic Sealink,1433.0,792.67,1,Y,0.553,2024-10,1
705262,2024-10-07,EU Direct (Rosslare-Dunkirk),Nordic Freight Lines,2931.0,1572.43,2,N,0.536,2024-10,0
701827,2024-10-07,UK Landbridge (Dublin-Holyhead),Celtic Sealink,3064.0,1381.04,1,Y,0.451,2024-10,1
704347,2024-10-07,EU Direct (Dublin-Cherbourg),Celtic Sealink,2860.0,1669.4,2,Y,0.584,2024-10,1
700844,2024-10-07,UK Landbridge (Dublin-Holyhead),Celtic Sealink,3646.0,1647.43,1,Y,0.452,2024-10,1
701714,2024-10-07,UK Landbridge (Dublin-Holyhead),Nordic Freight Lines,879.0,336.34,1,N,0.383,2024-10,0
705540,2024-10-07,EU Direct (Rosslare-Dunkirk),Atlantic Cargo Ferries,4455.0,2731.42,2,Y,0.613,2024-10,1
703894,2024-10-07,EU Direct (Dublin-Cherbourg),Celtic Sealink,1925.0,1176.85,2,N,0.611,2024-10,0
701157,2024-10-07,UK Landbridge (Dublin-Holyhead),Celtic Sealink,1477.0,652.88,1,Y,0.442,2024-10,1
702053,2024-10-07,UK Landbridge (Dublin-Holyhead),Celtic Sealink,1735.0,742.95,1,Y,0.428,2024-10,1
704815,2024-10-07,EU Direct (Rosslare-Dunkirk),Nordic Freight Lines,933.0,493.19,2,Y,0.529,2024-10,1
704235,2024-10-07,EU Direct (Dublin-Cherbourg),Celtic Sealink,2712.0,1576.67,2,Y,0.581,2024-10,1
705215,2024-10-08,EU Direct (Rosslare-Dunkirk),Atlantic Cargo Ferries,1310.0,804.52,3,Y,0.614,2024-10,1
700297,2024-10-08,UK Landbridge (Dublin-Holyhead),Celtic Sealink,1836.0,827.04,1,Y,0.45,2024-10,1
703972,2024-10-08,EU Direct (Dublin-Cherbourg),Celtic Sealink,1713.0,929.55,2,Y,0.543,2024-10,1
700642,2024-10-08,UK Landbridge (Dublin-Holyhead),Celtic Sealink,1008.0,404.32,1,Y,0.401,2024-10,1
705078,2024-10-08,EU Direct (Rosslare-Dunkirk),Atlantic Cargo Ferries,1813.0,1196.83,3,Y,0.66,2024-10,1
705627,2024-10-08,EU Direct (Rosslare-Dunkirk),Atlantic Cargo Ferries,984.0,590.86,2,Y,0.6,2024-10,1
702485,2024-10-08,UK Landbridge (Dublin-Holyhead),Celtic Sealink,2774.0,1216.24,1,Y,0.438,2024-10,1
701602,2024-10-08,UK Landbridge (Dublin-Holyhead),Celtic Sealink,1537.0,617.49,1,Y,0.402,2024-10,1
704163,2024-10-08,EU Direct (Dublin-Cherbourg),Celtic Sealink,156.0,83.89,1,Y,0.538,2024-10,1
702378,2024-10-08,UK Landbridge (Dublin-Holyhead),Celtic Sealink,50.0,20.75,1,Y,0.415,2024-10,1
703556,2024-10-08,EU Direct (Dublin-Cherbourg),Celtic Sealink,1288.0,694.14,2,Y,0.539,2024-10,1
703968,2024-10-09,EU Direct (Dublin-Cherbourg),Atlantic Cargo Ferries,50.0,30.88,3,Y,0.618,2024-10,1
705711,2024-10-09,EU Direct (Rosslare-Dunkirk),Atlantic Cargo Ferries,1556.0,1002.21,3,Y,0.644,2024-10,1
701695,2024-10-09,UK Landbridge (Dublin-Holyhead),Nordic Freight Lines,1177.0,417.97,2,Y,0.355,2024-10,1
701974,2024-10-09,UK Landbridge (Dublin-Holyhead),Celtic Sealink,2115.0,895.48,1,N,0.423,2024-10,0
704790,2024-10-09,EU Direct (Rosslare-Dunkirk),Atlantic Cargo Ferries,1597.0,960.33,2,Y,0.601,2024-10,1
704778,2024-10-09,EU Direct (Rosslare-Dunkirk),Nordic Freight Lines,1690.0,910.8,2,Y,0.539,2024-10,1
705182,2024-10-09,EU Direct (Rosslare-Dunkirk),Atlantic Cargo Ferries,2524.0,1459.75,2,Y,0.578,2024-10,1
703993,2024-10-09,EU Direct (Dublin-Cherbourg),Atlantic Cargo Ferries,703.0,457.56,2,Y,0.651,2024-10,1
705183,2024-10-09,EU Direct (Rosslare-Dunkirk),Atlantic Cargo Ferries,2207.0,1444.19,2,Y,0.654,2024-10,1
700823,2024-10-09,UK Landbridge (Dublin-Holyhead),Celtic Sealink,3592.0,1587.03,1,Y,0.442,2024-10,1
702475,2024-10-10,UK Landbridge (Dublin-Holyhead),Nordic Freight Lines,1921.0,715.24,2,Y,0.372,2024-10,1
705391,2024-10-10,EU Direct (Rosslare-Dunkirk),Nordic Freight Lines,3009.0,1625.11,2,Y,0.54,2024-10,1
703748,2024-10-10,EU Direct (Dublin-Cherbourg),Celtic Sealink,1575.0,959.93,2,N,0.609,2024-10,0
701082,2024-10-10,UK Landbridge (Dublin-Holyhead),Nordic Freight Lines,1145.0,415.24,1,Y,0.363,2024-10,1
700128,2024-10-10,UK Landbridge (Dublin-Holyhead),Celtic Sealink,2699.0,1126.82,1,Y,0.417,2024-10,1
702469,2024-10-10,UK Landbridge (Dublin-Holyhead),Celtic Sealink,236.0,101.77,1,N,0.431,2024-10,0
704847,2024-10-11,EU Direct (Rosslare-Dunkirk),Atlantic Cargo Ferries,1799.0,1158.9,2,Y,0.644,2024-10,1
702850,2024-10-11,UK Landbridge (Dublin-Holyhead),Nordic Freight Lines,544.0,212.05,1,Y,0.39,2024-10,1
701563,2024-10-11,UK Landbridge (Dublin-Holyhead),Celtic Sealink,1541.0,654.36,1,Y,0.425,2024-10,1
702923,2024-10-11,EU Direct (Dublin-Cherbourg),Celtic Sealink,548.0,303.54,2,Y,0.554,2024-10,1
704799,2024-10-11,EU Direct (Rosslare-Dunkirk),Nordic Freight Lines,2215.0,1146.16,1,Y,0.517,2024-10,1
700769,2024-10-11,UK Landbridge (Dublin-Holyhead),Nordic Freight Lines,1465.0,533.62,1,Y,0.364,2024-10,1
705860,2024-10-11,EU Direct (Rosslare-Dunkirk),Nordic Freight Lines,1999.0,996.2,2,Y,0.498,2024-10,1
705187,2024-10-11,EU Direct (Rosslare-Dunkirk),Nordic Freight Lines,3168.0,1512.35,2,Y,0.477,2024-10,1
704458,2024-10-11,EU Direct (Dublin-Cherbourg),Atlantic Cargo Ferries,1573.0,994.96,2,N,0.633,2024-10,0
700695,2024-10-12,UK Landbridge (Dublin-Holyhead),Nordic Freight Lines,3130.0,1139.87,1,Y,0.364,2024-10,1
705852,2024-10-12,EU Direct (Rosslare-Dunkirk),Nordic Freight Lines,1128.0,570.28,2,Y,0.506,2024-10,1
703360,2024-10-12,EU Direct (Dublin-Cherbourg),Atlantic Cargo Ferries,1743.0,1081.01,3,Y,0.62,2024-10,1
700130,2024-10-12,UK Landbridge (Dublin-Holyhead),Celtic Sealink,1778.0,781.45,1,Y,0.44,2024-10,1
704566,2024-10-12,EU Direct (Dublin-Cherbourg),Atlantic Cargo Ferries,2940.0,2014.48,1,Y,0.685,2024-10,1
703704,2024-10-12,EU Direct (Dublin-Cherbourg),Atlantic Cargo Ferries,1333.0,901.27,2,Y,0.676,2024-10,1
703085,2024-10-12,EU Direct (Dublin-Cherbourg),Celtic Sealink,4836.0,2800.53,2,Y,0.579,2024-10,1
703564,2024-10-12,EU Direct (Dublin-Cherbourg),Celtic Sealink,289.0,175.85,2,Y,0.608,2024-10,1
702416,2024-10-12,UK Landbridge (Dublin-Holyhead),Nordic Freight Lines,890.0,360.21,2,Y,0.405,2024-10,1
700536,2024-10-12,UK Landbridge (Dublin-Holyhead),Celtic Sealink,3219.0,1378.79,2,Y,0.428,2024-10,1
700737,2024-10-12,UK Landbridge (Dublin-Holyhead),Celtic Sealink,1276.0,549.57,1,Y,0.431,2024-10,1
702578,2024-10-12,UK Landbridge (Dublin-Holyhead),Nordic Freight Lines,846.0,334.96,1,N,0.396,2024-10,0
705268,2024-10-13,EU Direct (Rosslare-Dunkirk),Nordic Freight Lines,682.0,321.71,2,N,0.472,2024-10,0
705422,2024-10-13,EU Direct (Rosslare-Dunkirk),Atlantic Cargo Ferries,3991.0,2442.78,1,N,0.612,2024-10,0
705717,2024-10-13,EU Direct (Rosslare-Dunkirk),Atlantic Cargo Ferries,2422.0,1482.48,1,Y,0.612,2024-10,1
701753,2024-10-13,UK Landbridge (Dublin-Holyhead),Nordic Freight Lines,1749.0,620.0,1,Y,0.354,2024-10,1
703374,2024-10-13,EU Direct (Dublin-Cherbourg),Atlantic Cargo Ferries,1178.0,765.98,1,Y,0.65,2024-10,1
705752,2024-10-13,EU Direct (Rosslare-Dunkirk),Atlantic Cargo Ferries,4091.0,2399.67,2,Y,0.587,2024-10,1
701907,2024-10-14,UK Landbridge (Dublin-Holyhead),Celtic Sealink,1384.0,562.1,1,Y,0.406,2024-10,1
705748,2024-10-14,EU Direct (Rosslare-Dunkirk),Nordic Freight Lines,2221.0,1124.91,2,Y,0.506,2024-10,1
702344,2024-10-14,UK Landbridge (Dublin-Holyhead),Celtic Sealink,50.0,22.32,1,Y,0.446,2024-10,1
700902,2024-10-14,UK Landbridge (Dublin-Holyhead),Celtic Sealink,2044.0,801.28,1,Y,0.392,2024-10,1
702851,2024-10-14,UK Landbridge (Dublin-Holyhead),Nordic Freight Lines,2222.0,915.89,1,Y,0.412,2024-10,1
702236,2024-10-14,UK Landbridge (Dublin-Holyhead),Nordic Freight Lines,2410.0,987.06,1,Y,0.41,2024-10,1
704686,2024-10-14,EU Direct (Rosslare-Dunkirk),Atlantic Cargo Ferries,932.0,603.03,2,N,0.647,2024-10,0
702932,2024-10-15,EU Direct (Dublin-Cherbourg),Celtic Sealink,704.0,422.75,2,Y,0.6,2024-10,1
705932,2024-10-15,EU Direct (Rosslare-Dunkirk),Atlantic Cargo Ferries,1965.0,1267.53,2,Y,0.645,2024-10,1
700497,2024-10-15,UK Landbridge (Dublin-Holyhead),Nordic Freight Lines,3444.0,1293.02,1,Y,0.375,2024-10,1
705801,2024-10-15,EU Direct (Rosslare-Dunkirk),Nordic Freight Lines,3158.0,1561.7,1,N,0.495,2024-10,0
704556,2024-10-15,EU Direct (Dublin-Cherbourg),Celtic Sealink,2733.0,1477.72,2,Y,0.541,2024-10,1
703762,2024-10-15,EU Direct (Dublin-Cherbourg),Celtic Sealink,3706.0,2252.39,1,Y,0.608,2024-10,1
700923,2024-10-15,UK Landbridge (Dublin-Holyhead),Nordic Freight Lines,705.0,274.94,1,Y,0.39,2024-10,1
701313,2024-10-15,UK Landbridge (Dublin-Holyhead),Nordic Freight Lines,50.0,18.08,1,Y,0.362,2024-10,1
702259,2024-10-15,UK Landbridge (Dublin-Holyhead),Celtic Sealink,1728.0,739.53,1,Y,0.428,2024-10,1
701421,2024-10-16,UK Landbridge (Dublin-Holyhead),Celtic Sealink,1556.0,694.33,1,Y,0.446,2024-10,1
704972,2024-10-16,EU Direct (Rosslare-Dunkirk),Nordic Freight Lines,2306.0,1100.19,2,Y,0.477,2024-10,1
703007,2024-10-16,EU Direct (Dublin-Cherbourg),Celtic Sealink,1334.0,739.7,3,Y,0.554,2024-10,1
701274,2024-10-16,UK Landbridge (Dublin-Holyhead),Celtic Sealink,2476.0,1082.98,1,Y,0.437,2024-10,1
700757,2024-10-16,UK Landbridge (Dublin-Holyhead),Nordic Freight Lines,1057.0,382.53,1,Y,0.362,2024-10,1
702155,2024-10-16,UK Landbridge (Dublin-Holyhead),Celtic Sealink,3335.0,1488.4,1,Y,0.446,2024-10,1
705550,2024-10-17,EU Direct (Rosslare-Dunkirk),Atlantic Cargo Ferries,1937.0,1177.41,2,Y,0.608,2024-10,1
700979,2024-10-17,UK Landbridge (Dublin-Holyhead),Nordic Freight Lines,1328.0,494.63,1,Y,0.372,2024-10,1
702868,2024-10-17,UK Landbridge (Dublin-Holyhead),Nordic Freight Lines,3179.0,1152.63,1,Y,0.363,2024-10,1
700899,2024-10-17,UK Landbridge (Dublin-Holyhead),Celtic Sealink,635.0,260.57,1,Y,0.41,2024-10,1
702763,2024-10-17,UK Landbridge (Dublin-Holyhead),Nordic Freight Lines,3023.0,1141.94,1,Y,0.378,2024-10,1
703841,2024-10-18,EU Direct (Dublin-Cherbourg),Celtic Sealink,2064.0,1168.8,2,Y,0.566,2024-10,1
701305,2024-10-18,UK Landbridge (Dublin-Holyhead),Nordic Freight Lines,1688.0,667.87,1,Y,0.396,2024-10,1
701034,2024-10-18,UK Landbridge (Dublin-Holyhead),Celtic Sealink,2206.0,993.06,1,Y,0.45,2024-10,1
705952,2024-10-18,EU Direct (Rosslare-Dunkirk),Atlantic Cargo Ferries,1561.0,913.47,2,Y,0.585,2024-10,1
700408,2024-10-18,UK Landbridge (Dublin-Holyhead),Nordic Freight Lines,3287.0,1317.19,1,N,0.401,2024-10,0
700312,2024-10-18,UK Landbridge (Dublin-Holyhead),Celtic Sealink,2554.0,992.33,1,Y,0.389,2024-10,1
705993,2024-10-18,EU Direct (Rosslare-Dunkirk),Nordic Freight Lines,1750.0,866.69,2,N,0.495,2024-10,0
702304,2024-10-18,UK Landbridge (Dublin-Holyhead),Celtic Sealink,938.0,398.27,1,Y,0.425,2024-10,1
700876,2024-10-18,UK Landbridge (Dublin-Holyhead),Celtic Sealink,1745.0,775.02,1,Y,0.444,2024-10,1
701917,2024-10-18,UK Landbridge (Dublin-Holyhead),Nordic Freight Lines,3366.0,1340.06,2,Y,0.398,2024-10,1
700779,2024-10-19,UK Landbridge (Dublin-Holyhead),Celtic Sealink,2377.0,1020.02,1,Y,0.429,2024-10,1
701693,2024-10-19,UK Landbridge (Dublin-Holyhead),Celtic Sealink,448.0,175.13,1,Y,0.391,2024-10,1
703174,2024-10-19,EU Direct (Dublin-Cherbourg),Atlantic Cargo Ferries,1610.0,1037.55,2,Y,0.644,2024-10,1
703439,2024-10-19,EU Direct (Dublin-Cherbourg),Atlantic Cargo Ferries,2336.0,1496.37,2,Y,0.641,2024-10,1
701510,2024-10-20,UK Landbridge (Dublin-Holyhead),Nordic Freight Lines,641.0,249.55,1,Y,0.389,2024-10,1
700500,2024-10-20,UK Landbridge (Dublin-Holyhead),Nordic Freight Lines,1849.0,735.13,1,Y,0.398,2024-10,1
705950,2024-10-20,EU Direct (Rosslare-Dunkirk),Atlantic Cargo Ferries,1017.0,593.65,3,Y,0.584,2024-10,1
700593,2024-10-20,UK Landbridge (Dublin-Holyhead),Celtic Sealink,2543.0,1110.66,1,Y,0.437,2024-10,1
700359,2024-10-21,UK Landbridge (Dublin-Holyhead),Celtic Sealink,826.0,333.11,1,Y,0.403,2024-10,1
705589,2024-10-21,EU Direct (Rosslare-Dunkirk),Nordic Freight Lines,936.0,495.17,2,N,0.529,2024-10,0
705761,2024-10-21,EU Direct (Rosslare-Dunkirk),Atlantic Cargo Ferries,2451.0,1471.21,2,Y,0.6,2024-10,1
703357,2024-10-21,EU Direct (Dublin-Cherbourg),Celtic Sealink,2374.0,1386.12,1,N,0.584,2024-10,0
702123,2024-10-21,UK Landbridge (Dublin-Holyhead),Nordic Freight Lines,1517.0,613.09,1,Y,0.404,2024-10,1
704030,2024-10-21,EU Direct (Dublin-Cherbourg),Celtic Sealink,1873.0,1039.24,2,Y,0.555,2024-10,1
705412,2024-10-21,EU Direct (Rosslare-Dunkirk),Atlantic Cargo Ferries,2904.0,1679.6,2,Y,0.578,2024-10,1
705052,2024-10-21,EU Direct (Rosslare-Dunkirk),Atlantic Cargo Ferries,1790.0,1058.46,3,Y,0.591,2024-10,1
702490,2024-10-21,UK Landbridge (Dublin-Holyhead),Celtic Sealink,2004.0,822.21,1,Y,0.41,2024-10,1
700730,2024-10-22,UK Landbridge (Dublin-Holyhead),Nordic Freight Lines,2294.0,808.76,1,Y,0.353,2024-10,1
704344,2024-10-22,EU Direct (Dublin-Cherbourg),Atlantic Cargo Ferries,881.0,611.67,2,Y,0.694,2024-10,1
702894,2024-10-22,EU Direct (Dublin-Cherbourg),Celtic Sealink,2153.0,1258.68,3,Y,0.585,2024-10,1
700111,2024-10-22,UK Landbridge (Dublin-Holyhead),Celtic Sealink,1461.0,638.98,1,Y,0.437,2024-10,1
705927,2024-10-22,EU Direct (Rosslare-Dunkirk),Nordic Freight Lines,835.0,404.86,1,Y,0.485,2024-10,1
704431,2024-10-22,EU Direct (Dublin-Cherbourg),Atlantic Cargo Ferries,989.0,654.0,2,Y,0.661,2024-10,1
705653,2024-10-22,EU Direct (Rosslare-Dunkirk),Nordic Freight Lines,864.0,439.65,2,Y,0.509,2024-10,1
704508,2024-10-22,EU Direct (Dublin-Cherbourg),Atlantic Cargo Ferries,2219.0,1492.12,2,Y,0.672,2024-10,1
704117,2024-10-22,EU Direct (Dublin-Cherbourg),Celtic Sealink,2755.0,1618.02,2,Y,0.587,2024-10,1
703432,2024-10-23,EU Direct (Dublin-Cherbourg),Atlantic Cargo Ferries,3578.0,2309.01,2,Y,0.645,2024-10,1
701067,2024-10-23,UK Landbridge (Dublin-Holyhead),Nordic Freight Lines,1526.0,552.79,1,Y,0.362,2024-10,1
702023,2024-10-23,UK Landbridge (Dublin-Holyhead),Nordic Freight Lines,284.0,106.88,1,N,0.376,2024-10,0
703131,2024-10-23,EU Direct (Dublin-Cherbourg),Celtic Sealink,406.0,227.57,2,N,0.561,2024-10,0
700298,2024-10-23,UK Landbridge (Dublin-Holyhead),Nordic Freight Lines,3756.0,1475.97,1,Y,0.393,2024-10,1
704865,2024-10-23,EU Direct (Rosslare-Dunkirk),Nordic Freight Lines,2736.0,1386.35,2,Y,0.507,2024-10,1
705283,2024-10-23,EU Direct (Rosslare-Dunkirk),Nordic Freight Lines,50.0,24.1,2,N,0.482,2024-10,0
703899,2024-10-24,EU Direct (Dublin-Cherbourg),Celtic Sealink,2708.0,1608.85,2,Y,0.594,2024-10,1
705281,2024-10-24,EU Direct (Rosslare-Dunkirk),Atlantic Cargo Ferries,1554.0,1034.83,2,Y,0.666,2024-10,1
700299,2024-10-24,UK Landbridge (Dublin-Holyhead),Celtic Sealink,887.0,347.23,2,Y,0.391,2024-10,1
703386,2024-10-24,EU Direct (Dublin-Cherbourg),Atlantic Cargo Ferries,2529.0,1628.16,2,Y,0.644,2024-10,1
701654,2024-10-24,UK Landbridge (Dublin-Holyhead),Celtic Sealink,2061.0,867.5,1,Y,0.421,2024-10,1
701253,2024-10-24,UK Landbridge (Dublin-Holyhead),Nordic Freight Lines,2128.0,810.18,1,Y,0.381,2024-10,1
705421,2024-10-24,EU Direct (Rosslare-Dunkirk),Atlantic Cargo Ferries,2236.0,1415.58,2,Y,0.633,2024-10,1
702223,2024-10-24,UK Landbridge (Dublin-Holyhead),Nordic Freight Lines,212.0,81.28,2,Y,0.383,2024-10,1
703484,2024-10-24,EU Direct (Dublin-Cherbourg),Atlantic Cargo Ferries,1536.0,959.17,3,Y,0.624,2024-10,1
700347,2024-10-24,UK Landbridge (Dublin-Holyhead),Celtic Sealink,2902.0,1203.25,1,Y,0.415,2024-10,1
702600,2024-10-24,UK Landbridge (Dublin-Holyhead),Celtic Sealink,2722.0,1076.66,1,Y,0.396,2024-10,1
705588,2024-10-24,EU Direct (Rosslare-Dunkirk),Nordic Freight Lines,1213.0,566.18,2,Y,0.467,2024-10,1
703401,2024-10-25,EU Direct (Dublin-Cherbourg),Atlantic Cargo Ferries,3204.0,1959.18,2,Y,0.611,2024-10,1
700994,2024-10-25,UK Landbridge (Dublin-Holyhead),Celtic Sealink,1130.0,499.0,2,Y,0.442,2024-10,1
705271,2024-10-25,EU Direct (Rosslare-Dunkirk),Atlantic Cargo Ferries,1154.0,735.61,2,Y,0.637,2024-10,1
703896,2024-10-25,EU Direct (Dublin-Cherbourg),Atlantic Cargo Ferries,1506.0,988.45,2,Y,0.656,2024-10,1
705118,2024-10-25,EU Direct (Rosslare-Dunkirk),Atlantic Cargo Ferries,1514.0,1000.11,2,Y,0.661,2024-10,1
703493,2024-10-25,EU Direct (Dublin-Cherbourg),Celtic Sealink,1793.0,1000.6,2,N,0.558,2024-10,0
702440,2024-10-25,UK Landbridge (Dublin-Holyhead),Celtic Sealink,804.0,363.6,1,Y,0.452,2024-10,1
701983,2024-10-25,UK Landbridge (Dublin-Holyhead),Nordic Freight Lines,1139.0,405.16,2,N,0.356,2024-10,0
704860,2024-10-25,EU Direct (Rosslare-Dunkirk),Nordic Freight Lines,2036.0,973.65,2,Y,0.478,2024-10,1
703853,2024-10-26,EU Direct (Dublin-Cherbourg),Celtic Sealink,2168.0,1337.46,2,Y,0.617,2024-10,1
700381,2024-10-26,UK Landbridge (Dublin-Holyhead),Nordic Freight Lines,2116.0,754.01,1,Y,0.356,2024-10,1
700452,2024-10-26,UK Landbridge (Dublin-Holyhead),Celtic Sealink,3311.0,1280.7,1,N,0.387,2024-10,0
705358,2024-10-26,EU Direct (Rosslare-Dunkirk),Nordic Freight Lines,536.0,257.56,2,Y,0.481,2024-10,1
705253,2024-10-26,EU Direct (Rosslare-Dunkirk),Atlantic Cargo Ferries,1827.0,1186.62,1,N,0.649,2024-10,0
704843,2024-10-27,EU Direct (Rosslare-Dunkirk),Atlantic Cargo Ferries,1986.0,1168.62,2,Y,0.588,2024-10,1
704013,2024-10-27,EU Direct (Dublin-Cherbourg),Atlantic Cargo Ferries,2405.0,1540.68,2,N,0.641,2024-10,0
700580,2024-10-27,UK Landbridge (Dublin-Holyhead),Nordic Freight Lines,249.0,100.47,1,Y,0.403,2024-10,1
702952,2024-10-27,EU Direct (Dublin-Cherbourg),Atlantic Cargo Ferries,3317.0,2267.66,2,N,0.684,2024-10,0
702814,2024-10-27,UK Landbridge (Dublin-Holyhead),Nordic Freight Lines,1525.0,593.69,1,Y,0.389,2024-10,1
703996,2024-10-28,EU Direct (Dublin-Cherbourg),Celtic Sealink,1138.0,621.58,3,Y,0.546,2024-10,1
705452,2024-10-28,EU Direct (Rosslare-Dunkirk),Atlantic Cargo Ferries,2276.0,1454.06,3,Y,0.639,2024-10,1
701135,2024-10-28,UK Landbridge (Dublin-Holyhead),Celtic Sealink,1325.0,529.72,1,Y,0.4,2024-10,1
704261,2024-10-28,EU Direct (Dublin-Cherbourg),Celtic Sealink,933.0,530.98,2,Y,0.569,2024-10,1
704466,2024-10-28,EU Direct (Dublin-Cherbourg),Celtic Sealink,687.0,428.81,2,Y,0.624,2024-10,1
700724,2024-10-28,UK Landbridge (Dublin-Holyhead),Nordic Freight Lines,2213.0,795.64,1,Y,0.36,2024-10,1
702502,2024-10-28,UK Landbridge (Dublin-Holyhead),Nordic Freight Lines,1357.0,504.39,1,Y,0.372,2024-10,1
701851,2024-10-28,UK Landbridge (Dublin-Holyhead),Nordic Freight Lines,3035.0,1086.11,2,Y,0.358,2024-10,1
701343,2024-10-28,UK Landbridge (Dublin-Holyhead),Celtic Sealink,1950.0,871.01,1,Y,0.447,2024-10,1
705969,2024-10-28,EU Direct (Rosslare-Dunkirk),Atlantic Cargo Ferries,1340.0,881.15,2,Y,0.658,2024-10,1
703990,2024-10-28,EU Direct (Dublin-Cherbourg),Celtic Sealink,375.0,233.91,2,Y,0.624,2024-10,1
703207,2024-10-28,EU Direct (Dublin-Cherbourg),Atlantic Cargo Ferries,1579.0,990.7,2,Y,0.627,2024-10,1
703848,2024-10-29,EU Direct (Dublin-Cherbourg),Atlantic Cargo Ferries,1830.0,1216.54,2,Y,0.665,2024-10,1
704820,2024-10-29,EU Direct (Rosslare-Dunkirk),Nordic Freight Lines,113.0,56.63,2,Y,0.501,2024-10,1
705399,2024-10-29,EU Direct (Rosslare-Dunkirk),Nordic Freight Lines,2997.0,1544.41,2,Y,0.515,2024-10,1
700949,2024-10-29,UK Landbridge (Dublin-Holyhead),Nordic Freight Lines,3389.0,1297.91,2,Y,0.383,2024-10,1
701173,2024-10-29,UK Landbridge (Dublin-Holyhead),Nordic Freight Lines,1484.0,553.88,1,Y,0.373,2024-10,1
703021,2024-10-29,EU Direct (Dublin-Cherbourg),Atlantic Cargo Ferries,2550.0,1574.04,1,N,0.617,2024-10,0
700999,2024-10-29,UK Landbridge (Dublin-Holyhead),Celtic Sealink,1838.0,789.25,2,N,0.429,2024-10,0
705869,2024-10-29,EU Direct (Rosslare-Dunkirk),Atlantic Cargo Ferries,1901.0,1227.67,2,Y,0.646,2024-10,1
702293,2024-10-29,UK Landbridge (Dublin-Holyhead),Nordic Freight Lines,1662.0,600.32,1,Y,0.361,2024-10,1
700012,2024-10-30,UK Landbridge (Dublin-Holyhead),Nordic Freight Lines,1533.0,558.61,1,Y,0.364,2024-10,1
703001,2024-10-30,EU Direct (Dublin-Cherbourg),Atlantic Cargo Ferries,2657.0,1618.0,2,Y,0.609,2024-10,1
703568,2024-10-30,EU Direct (Dublin-Cherbourg),Atlantic Cargo Ferries,2055.0,1339.24,3,Y,0.652,2024-10,1
700840,2024-10-30,UK Landbridge (Dublin-Holyhead),Nordic Freight Lines,657.0,236.58,2,Y,0.36,2024-10,1
701867,2024-10-30,UK Landbridge (Dublin-Holyhead),Nordic Freight Lines,1548.0,617.98,1,Y,0.399,2024-10,1
705818,2024-10-30,EU Direct (Rosslare-Dunkirk),Atlantic Cargo Ferries,2353.0,1529.49,2,Y,0.65,2024-10,1
701743,2024-10-30,UK Landbridge (Dublin-Holyhead),Nordic Freight Lines,1974.0,788.8,2,Y,0.4,2024-10,1
701398,2024-10-31,UK Landbridge (Dublin-Holyhead),Nordic Freight Lines,2359.0,841.45,1,Y,0.357,2024-10,1
702930,2024-10-31,EU Direct (Dublin-Cherbourg),Celtic Sealink,745.0,414.27,2,Y,0.556,2024-10,1
703631,2024-10-31,EU Direct (Dublin-Cherbourg),Celtic Sealink,569.0,305.27,3,Y,0.537,2024-10,1
701144,2024-10-31,UK Landbridge (Dublin-Holyhead),Celtic Sealink,1723.0,746.85,2,Y,0.433,2024-10,1
701742,2024-10-31,UK Landbridge (Dublin-Holyhead),Nordic Freight Lines,2591.0,976.96,1,Y,0.377,2024-10,1
700886,2024-10-31,UK Landbridge (Dublin-Holyhead),Nordic Freight Lines,2090.0,808.15,1,Y,0.387,2024-10,1
702769,2024-10-31,UK Landbridge (Dublin-Holyhead),Nordic Freight Lines,256.0,99.78,1,Y,0.39,2024-10,1
701931,2024-10-31,UK Landbridge (Dublin-Holyhead),Celtic Sealink,3274.0,1389.62,1,Y,0.424,2024-10,1
705157,2024-11-01,EU Direct (Rosslare-Dunkirk),Atlantic Cargo Ferries,1849.0,1205.95,3,Y,0.652,2024-11,1
704739,2024-11-01,EU Direct (Rosslare-Dunkirk),Nordic Freight Lines,3244.0,1496.82,3,Y,0.461,2024-11,1
701782,2024-11-01,UK Landbridge (Dublin-Holyhead),Celtic Sealink,1534.0,665.16,1,Y,0.434,2024-11,1
700763,2024-11-01,UK Landbridge (Dublin-Holyhead),Celtic Sealink,2310.0,918.57,1,Y,0.398,2024-11,1
702827,2024-11-01,UK Landbridge (Dublin-Holyhead),Nordic Freight Lines,1923.0,767.05,1,Y,0.399,2024-11,1
700384,2024-11-01,UK Landbridge (Dublin-Holyhead),Nordic Freight Lines,2165.0,867.7,1,Y,0.401,2024-11,1
701469,2024-11-01,UK Landbridge (Dublin-Holyhead),Celtic Sealink,574.0,223.31,1,Y,0.389,2024-11,1
703358,2024-11-01,EU Direct (Dublin-Cherbourg),Celtic Sealink,2473.0,1403.25,3,Y,0.567,2024-11,1
703576,2024-11-01,EU Direct (Dublin-Cherbourg),Atlantic Cargo Ferries,883.0,611.34,2,Y,0.692,2024-11,1
702179,2024-11-02,UK Landbridge (Dublin-Holyhead),Celtic Sealink,2246.0,974.11,2,Y,0.434,2024-11,1
703888,2024-11-02,EU Direct (Dublin-Cherbourg),Atlantic Cargo Ferries,1337.0,839.4,2,Y,0.628,2024-11,1
702859,2024-11-02,UK Landbridge (Dublin-Holyhead),Celtic Sealink,1421.0,596.83,1,Y,0.42,2024-11,1
701785,2024-11-03,UK Landbridge (Dublin-Holyhead),Nordic Freight Lines,1474.0,598.24,2,Y,0.406,2024-11,1
700675,2024-11-03,UK Landbridge (Dublin-Holyhead),Nordic Freight Lines,4129.0,1544.76,2,Y,0.374,2024-11,1
705936,2024-11-03,EU Direct (Rosslare-Dunkirk),Nordic Freight Lines,1992.0,949.09,2,N,0.476,2024-11,0
701789,2024-11-03,UK Landbridge (Dublin-Holyhead),Celtic Sealink,2083.0,926.37,1,Y,0.445,2024-11,1
702176,2024-11-03,UK Landbridge (Dublin-Holyhead),Celtic Sealink,2047.0,802.36,1,Y,0.392,2024-11,1
703592,2024-11-03,EU Direct (Dublin-Cherbourg),Celtic Sealink,1683.0,1016.88,2,Y,0.604,2024-11,1
703349,2024-11-03,EU Direct (Dublin-Cherbourg),Celtic Sealink,2470.0,1400.07,2,Y,0.567,2024-11,1
705720,2024-11-03,EU Direct (Rosslare-Dunkirk),Atlantic Cargo Ferries,1398.0,853.94,3,Y,0.611,2024-11,1
700547,2024-11-03,UK Landbridge (Dublin-Holyhead),Nordic Freight Lines,2247.0,825.69,1,Y,0.367,2024-11,1
701963,2024-11-04,UK Landbridge (Dublin-Holyhead),Celtic Sealink,585.0,234.41,1,Y,0.401,2024-11,1
701545,2024-11-04,UK Landbridge (Dublin-Holyhead),Nordic Freight Lines,2048.0,761.56,1,N,0.372,2024-11,0
702385,2024-11-04,UK Landbridge (Dublin-Holyhead),Nordic Freight Lines,1109.0,415.04,1,N,0.374,2024-11,0
700353,2024-11-04,UK Landbridge (Dublin-Holyhead),Nordic Freight Lines,1473.0,587.7,1,N,0.399,2024-11,0
704155,2024-11-04,EU Direct (Dublin-Cherbourg),Celtic Sealink,1528.0,864.05,2,Y,0.565,2024-11,1
705413,2024-11-04,EU Direct (Rosslare-Dunkirk),Atlantic Cargo Ferries,3166.0,1850.41,2,Y,0.584,2024-11,1
704736,2024-11-04,EU Direct (Rosslare-Dunkirk),Atlantic Cargo Ferries,135.0,87.3,2,Y,0.647,2024-11,1
702766,2024-11-04,UK Landbridge (Dublin-Holyhead),Nordic Freight Lines,3265.0,1307.53,1,Y,0.4,2024-11,1
700220,2024-11-04,UK Landbridge (Dublin-Holyhead),Nordic Freight Lines,2182.0,774.72,2,Y,0.355,2024-11,1
702103,2024-11-04,UK Landbridge (Dublin-Holyhead),Celtic Sealink,2227.0,906.76,1,Y,0.407,2024-11,1
705910,2024-11-04,EU Direct (Rosslare-Dunkirk),Atlantic Cargo Ferries,1735.0,1099.39,2,Y,0.634,2024-11,1
704724,2024-11-05,EU Direct (Rosslare-Dunkirk),Nordic Freight Lines,2842.0,1324.68,3,Y,0.466,2024-11,1
700241,2024-11-05,UK Landbridge (Dublin-Holyhead),Celtic Sealink,2140.0,908.21,1,Y,0.424,2024-11,1
703760,2024-11-05,EU Direct (Dublin-Cherbourg),Celtic Sealink,1470.0,870.17,1,Y,0.592,2024-11,1
703912,2024-11-05,EU Direct (Dublin-Cherbourg),Atlantic Cargo Ferries,620.0,426.83,2,Y,0.688,2024-11,1
700796,2024-11-05,UK Landbridge (Dublin-Holyhead),Nordic Freight Lines,1039.0,406.01,1,Y,0.391,2024-11,1
704460,2024-11-05,EU Direct (Dublin-Cherbourg),Atlantic Cargo Ferries,50.0,31.37,2,Y,0.627,2024-11,1
702890,2024-11-05,EU Direct (Dublin-Cherbourg),Atlantic Cargo Ferries,1664.0,1062.26,2,Y,0.638,2024-11,1
701649,2024-11-05,UK Landbridge (Dublin-Holyhead),Celtic Sealink,1073.0,425.05,1,Y,0.396,2024-11,1
702418,2024-11-05,UK Landbridge (Dublin-Holyhead),Nordic Freight Lines,1400.0,540.37,1,Y,0.386,2024-11,1
700489,2024-11-06,UK Landbridge (Dublin-Holyhead),Nordic Freight Lines,1456.0,547.59,1,Y,0.376,2024-11,1
701704,2024-11-06,UK Landbridge (Dublin-Holyhead),Celtic Sealink,50.0,21.28,1,Y,0.426,2024-11,1
700782,2024-11-06,UK Landbridge (Dublin-Holyhead),Nordic Freight Lines,1118.0,457.3,1,Y,0.409,2024-11,1
704577,2024-11-06,EU Direct (Dublin-Cherbourg),Celtic Sealink,3207.0,1950.0,2,Y,0.608,2024-11,1
704020,2024-11-06,EU Direct (Dublin-Cherbourg),Atlantic Cargo Ferries,1810.0,1103.18,3,Y,0.609,2024-11,1
701151,2024-11-06,UK Landbridge (Dublin-Holyhead),Celtic Sealink,1307.0,505.58,1,Y,0.387,2024-11,1
700501,2024-11-06,UK Landbridge (Dublin-Holyhead),Nordic Freight Lines,50.0,19.23,1,Y,0.385,2024-11,1
705306,2024-11-06,EU Direct (Rosslare-Dunkirk),Nordic Freight Lines,3234.0,1619.69,3,Y,0.501,2024-11,1
703282,2024-11-06,EU Direct (Dublin-Cherbourg),Celtic Sealink,1782.0,1114.22,2,Y,0.625,2024-11,1
704974,2024-11-06,EU Direct (Rosslare-Dunkirk),Atlantic Cargo Ferries,2653.0,1710.83,3,Y,0.645,2024-11,1
705233,2024-11-06,EU Direct (Rosslare-Dunkirk),Atlantic Cargo Ferries,1768.0,1084.94,2,Y,0.614,2024-11,1
702855,2024-11-06,UK Landbridge (Dublin-Holyhead),Nordic Freight Lines,2766.0,1087.12,1,Y,0.393,2024-11,1
703741,2024-11-06,EU Direct (Dublin-Cherbourg),Celtic Sealink,2582.0,1550.14,2,Y,0.6,2024-11,1
702133,2024-11-06,UK Landbridge (Dublin-Holyhead),Nordic Freight Lines,1009.0,373.97,2,Y,0.371,2024-11,1
700520,2024-11-07,UK Landbridge (Dublin-Holyhead),Celtic Sealink,2593.0,1101.37,1,Y,0.425,2024-11,1
701794,2024-11-07,UK Landbridge (Dublin-Holyhead),Celtic Sealink,1399.0,622.26,1,Y,0.445,2024-11,1
701218,2024-11-07,UK Landbridge (Dublin-Holyhead),Celtic Sealink,711.0,315.92,1,Y,0.444,2024-11,1
704399,2024-11-07,EU Direct (Dublin-Cherbourg),Atlantic Cargo Ferries,2250.0,1496.53,2,Y,0.665,2024-11,1
703542,2024-11-07,EU Direct (Dublin-Cherbourg),Atlantic Cargo Ferries,2923.0,2024.23,2,Y,0.693,2024-11,1
701812,2024-11-07,UK Landbridge (Dublin-Holyhead),Nordic Freight Lines,1467.0,565.39,1,Y,0.385,2024-11,1
700495,2024-11-07,UK Landbridge (Dublin-Holyhead),Nordic Freight Lines,1899.0,748.49,1,Y,0.394,2024-11,1
703900,2024-11-07,EU Direct (Dublin-Cherbourg),Celtic Sealink,2165.0,1286.71,2,Y,0.594,2024-11,1
703954,2024-11-08,EU Direct (Dublin-Cherbourg),Atlantic Cargo Ferries,2394.0,1642.93,2,Y,0.686,2024-11,1
701944,2024-11-08,UK Landbridge (Dublin-Holyhead),Celtic Sealink,2353.0,998.1,1,Y,0.424,2024-11,1
701388,2024-11-08,UK Landbridge (Dublin-Holyhead),Nordic Freight Lines,695.0,264.55,1,Y,0.381,2024-11,1
700623,2024-11-08,UK Landbridge (Dublin-Holyhead),Celtic Sealink,3642.0,1419.48,1,Y,0.39,2024-11,1
703052,2024-11-08,EU Direct (Dublin-Cherbourg),Atlantic Cargo Ferries,1018.0,635.7,3,N,0.624,2024-11,0
704444,2024-11-08,EU Direct (Dublin-Cherbourg),Atlantic Cargo Ferries,1573.0,994.98,1,Y,0.633,2024-11,1
703555,2024-11-08,EU Direct (Dublin-Cherbourg),Atlantic Cargo Ferries,2289.0,1530.51,2,Y,0.669,2024-11,1
703579,2024-11-09,EU Direct (Dublin-Cherbourg),Atlantic Cargo Ferries,1027.0,712.85,3,Y,0.694,2024-11,1
703790,2024-11-09,EU Direct (Dublin-Cherbourg),Celtic Sealink,2379.0,1429.22,2,Y,0.601,2024-11,1
700125,2024-11-09,UK Landbridge (Dublin-Holyhead),Celtic Sealink,1682.0,751.69,1,Y,0.447,2024-11,1
705976,2024-11-09,EU Direct (Rosslare-Dunkirk),Atlantic Cargo Ferries,2072.0,1362.91,2,N,0.658,2024-11,0
703567,2024-11-09,EU Direct (Dublin-Cherbourg),Atlantic Cargo Ferries,1238.0,759.74,2,Y,0.614,2024-11,1
705179,2024-11-09,EU Direct (Rosslare-Dunkirk),Nordic Freight Lines,2419.0,1182.85,2,Y,0.489,2024-11,1
704389,2024-11-09,EU Direct (Dublin-Cherbourg),Atlantic Cargo Ferries,1985.0,1350.4,2,Y,0.68,2024-11,1
703402,2024-11-09,EU Direct (Dublin-Cherbourg),Celtic Sealink,1854.0,1013.25,1,Y,0.547,2024-11,1
702102,2024-11-09,UK Landbridge (Dublin-Holyhead),Nordic Freight Lines,1099.0,439.57,1,Y,0.4,2024-11,1
703534,2024-11-09,EU Direct (Dublin-Cherbourg),Atlantic Cargo Ferries,2557.0,1587.22,2,Y,0.621,2024-11,1
704292,2024-11-09,EU Direct (Dublin-Cherbourg),Celtic Sealink,3156.0,1813.28,2,Y,0.575,2024-11,1
704120,2024-11-10,EU Direct (Dublin-Cherbourg),Celtic Sealink,1595.0,952.96,2,Y,0.597,2024-11,1
704237,2024-11-10,EU Direct (Dublin-Cherbourg),Celtic Sealink,1130.0,636.91,2,Y,0.564,2024-11,1
705471,2024-11-10,EU Direct (Rosslare-Dunkirk),Nordic Freight Lines,2155.0,1013.94,2,Y,0.471,2024-11,1
701531,2024-11-10,UK Landbridge (Dublin-Holyhead),Nordic Freight Lines,2787.0,1147.89,1,Y,0.412,2024-11,1
705055,2024-11-10,EU Direct (Rosslare-Dunkirk),Atlantic Cargo Ferries,2495.0,1628.03,2,Y,0.653,2024-11,1
700401,2024-11-10,UK Landbridge (Dublin-Holyhead),Celtic Sealink,1164.0,476.3,1,Y,0.409,2024-11,1
700198,2024-11-10,UK Landbridge (Dublin-Holyhead),Nordic Freight Lines,2769.0,1090.76,2,Y,0.394,2024-11,1
700106,2024-11-10,UK Landbridge (Dublin-Holyhead),Nordic Freight Lines,1551.0,581.18,1,Y,0.375,2024-11,1
702995,2024-11-10,EU Direct (Dublin-Cherbourg),Celtic Sealink,1433.0,764.69,3,Y,0.534,2024-11,1
703089,2024-11-10,EU Direct (Dublin-Cherbourg),Celtic Sealink,2972.0,1602.69,2,Y,0.539,2024-11,1
704818,2024-11-11,EU Direct (Rosslare-Dunkirk),Atlantic Cargo Ferries,2915.0,1778.36,2,Y,0.61,2024-11,1
704855,2024-11-11,EU Direct (Rosslare-Dunkirk),Nordic Freight Lines,1608.0,801.08,3,Y,0.498,2024-11,1
701673,2024-11-11,UK Landbridge (Dublin-Holyhead),Nordic Freight Lines,796.0,298.56,1,Y,0.375,2024-11,1
704966,2024-11-11,EU Direct (Rosslare-Dunkirk),Atlantic Cargo Ferries,2495.0,1467.02,2,Y,0.588,2024-11,1
702229,2024-11-11,UK Landbridge (Dublin-Holyhead),Celtic Sealink,1028.0,442.61,1,Y,0.431,2024-11,1
702407,2024-11-12,UK Landbridge (Dublin-Holyhead),Nordic Freight Lines,2361.0,937.81,1,Y,0.397,2024-11,1
704257,2024-11-12,EU Direct (Dublin-Cherbourg),Celtic Sealink,530.0,296.97,1,Y,0.56,2024-11,1
703752,2024-11-12,EU Direct (Dublin-Cherbourg),Atlantic Cargo Ferries,1629.0,1040.22,2,Y,0.639,2024-11,1
701488,2024-11-12,UK Landbridge (Dublin-Holyhead),Celtic Sealink,2752.0,1145.41,1,N,0.416,2024-11,0
704867,2024-11-12,EU Direct (Rosslare-Dunkirk),Nordic Freight Lines,1890.0,903.33,2,Y,0.478,2024-11,1
704397,2024-11-12,EU Direct (Dublin-Cherbourg),Atlantic Cargo Ferries,2181.0,1400.27,1,Y,0.642,2024-11,1
701780,2024-11-13,UK Landbridge (Dublin-Holyhead),Nordic Freight Lines,1417.0,515.95,1,Y,0.364,2024-11,1
701890,2024-11-13,UK Landbridge (Dublin-Holyhead),Celtic Sealink,995.0,390.22,1,Y,0.392,2024-11,1
701038,2024-11-13,UK Landbridge (Dublin-Holyhead),Nordic Freight Lines,786.0,293.02,2,N,0.373,2024-11,0
702592,2024-11-13,UK Landbridge (Dublin-Holyhead),Celtic Sealink,800.0,357.77,1,N,0.447,2024-11,0
703770,2024-11-13,EU Direct (Dublin-Cherbourg),Atlantic Cargo Ferries,2506.0,1669.96,2,Y,0.666,2024-11,1
703046,2024-11-13,EU Direct (Dublin-Cherbourg),Atlantic Cargo Ferries,2183.0,1529.55,2,Y,0.701,2024-11,1
704247,2024-11-13,EU Direct (Dublin-Cherbourg),Atlantic Cargo Ferries,1890.0,1208.34,2,N,0.639,2024-11,0
702220,2024-11-14,UK Landbridge (Dublin-Holyhead),Nordic Freight Lines,1543.0,606.16,1,Y,0.393,2024-11,1
702462,2024-11-14,UK Landbridge (Dublin-Holyhead),Nordic Freight Lines,477.0,170.61,1,N,0.358,2024-11,0
703656,2024-11-14,EU Direct (Dublin-Cherbourg),Celtic Sealink,1758.0,1089.38,1,Y,0.62,2024-11,1
703637,2024-11-14,EU Direct (Dublin-Cherbourg),Celtic Sealink,838.0,465.58,2,Y,0.556,2024-11,1
700008,2024-11-14,UK Landbridge (Dublin-Holyhead),Celtic Sealink,649.0,283.83,2,Y,0.437,2024-11,1
705090,2024-11-14,EU Direct (Rosslare-Dunkirk),Nordic Freight Lines,1238.0,642.73,2,N,0.519,2024-11,0
700376,2024-11-14,UK Landbridge (Dublin-Holyhead),Celtic Sealink,1869.0,808.41,1,Y,0.433,2024-11,1
700792,2024-11-14,UK Landbridge (Dublin-Holyhead),Nordic Freight Lines,1263.0,460.43,1,Y,0.365,2024-11,1
704284,2024-11-14,EU Direct (Dublin-Cherbourg),Atlantic Cargo Ferries,2954.0,1901.15,2,N,0.644,2024-11,0
705146,2024-11-14,EU Direct (Rosslare-Dunkirk),Atlantic Cargo Ferries,1536.0,906.12,2,Y,0.59,2024-11,1
701865,2024-11-15,UK Landbridge (Dublin-Holyhead),Nordic Freight Lines,729.0,283.71,1,N,0.389,2024-11,0
701236,2024-11-15,UK Landbridge (Dublin-Holyhead),Nordic Freight Lines,1815.0,705.65,1,Y,0.389,2024-11,1
700040,2024-11-15,UK Landbridge (Dublin-Holyhead),Nordic Freight Lines,737.0,298.36,1,Y,0.405,2024-11,1
702098,2024-11-15,UK Landbridge (Dublin-Holyhead),Celtic Sealink,1632.0,676.7,2,Y,0.415,2024-11,1
702375,2024-11-15,UK Landbridge (Dublin-Holyhead),Celtic Sealink,2800.0,1262.1,1,Y,0.451,2024-11,1
704654,2024-11-15,EU Direct (Rosslare-Dunkirk),Nordic Freight Lines,1739.0,867.2,2,Y,0.499,2024-11,1
704655,2024-11-15,EU Direct (Rosslare-Dunkirk),Atlantic Cargo Ferries,2682.0,1641.96,2,Y,0.612,2024-11,1
705531,2024-11-16,EU Direct (Rosslare-Dunkirk),Nordic Freight Lines,803.0,415.9,2,Y,0.518,2024-11,1
702137,2024-11-16,UK Landbridge (Dublin-Holyhead),Nordic Freight Lines,3367.0,1228.69,1,N,0.365,2024-11,0
704960,2024-11-16,EU Direct (Rosslare-Dunkirk),Atlantic Cargo Ferries,1270.0,777.91,2,Y,0.613,2024-11,1
705122,2024-11-16,EU Direct (Rosslare-Dunkirk),Atlantic Cargo Ferries,2007.0,1278.73,2,Y,0.637,2024-11,1
700651,2024-11-16,UK Landbridge (Dublin-Holyhead),Celtic Sealink,1273.0,532.38,1,Y,0.418,2024-11,1
700667,2024-11-16,UK Landbridge (Dublin-Holyhead),Celtic Sealink,1294.0,510.17,1,Y,0.394,2024-11,1
705901,2024-11-16,EU Direct (Rosslare-Dunkirk),Nordic Freight Lines,737.0,341.25,3,Y,0.463,2024-11,1
703626,2024-11-16,EU Direct (Dublin-Cherbourg),Celtic Sealink,2456.0,1332.22,2,Y,0.542,2024-11,1
703641,2024-11-17,EU Direct (Dublin-Cherbourg),Atlantic Cargo Ferries,2047.0,1397.72,2,Y,0.683,2024-11,1
703433,2024-11-17,EU Direct (Dublin-Cherbourg),Atlantic Cargo Ferries,1002.0,652.86,2,Y,0.652,2024-11,1
705313,2024-11-17,EU Direct (Rosslare-Dunkirk),Nordic Freight Lines,1989.0,1004.37,3,Y,0.505,2024-11,1
703772,2024-11-17,EU Direct (Dublin-Cherbourg),Celtic Sealink,1742.0,1064.25,2,Y,0.611,2024-11,1
705728,2024-11-17,EU Direct (Rosslare-Dunkirk),Atlantic Cargo Ferries,287.0,175.95,2,N,0.613,2024-11,0
705569,2024-11-17,EU Direct (Rosslare-Dunkirk),Atlantic Cargo Ferries,2875.0,1778.49,2,Y,0.619,2024-11,1
702624,2024-11-17,UK Landbridge (Dublin-Holyhead),Celtic Sealink,1351.0,582.19,1,Y,0.431,2024-11,1
704319,2024-11-17,EU Direct (Dublin-Cherbourg),Atlantic Cargo Ferries,406.0,279.1,2,Y,0.687,2024-11,1
704608,2024-11-17,EU Direct (Dublin-Cherbourg),Celtic Sealink,1982.0,1097.73,2,Y,0.554,2024-11,1
701841,2024-11-17,UK Landbridge (Dublin-Holyhead),Nordic Freight Lines,1938.0,755.01,1,Y,0.39,2024-11,1
704560,2024-11-17,EU Direct (Dublin-Cherbourg),Celtic Sealink,779.0,485.58,2,Y,0.623,2024-11,1
704841,2024-11-18,EU Direct (Rosslare-Dunkirk),Nordic Freight Lines,1838.0,935.58,2,Y,0.509,2024-11,1
704764,2024-11-18,EU Direct (Rosslare-Dunkirk),Nordic Freight Lines,2380.0,1252.02,1,Y,0.526,2024-11,1
705499,2024-11-18,EU Direct (Rosslare-Dunkirk),Atlantic Cargo Ferries,272.0,179.37,1,Y,0.659,2024-11,1
703442,2024-11-18,EU Direct (Dublin-Cherbourg),Atlantic Cargo Ferries,2199.0,1443.47,2,Y,0.656,2024-11,1
704583,2024-11-18,EU Direct (Dublin-Cherbourg),Celtic Sealink,1819.0,1060.2,2,Y,0.583,2024-11,1
704157,2024-11-18,EU Direct (Dublin-Cherbourg),Atlantic Cargo Ferries,1118.0,742.79,2,Y,0.664,2024-11,1
702708,2024-11-18,UK Landbridge (Dublin-Holyhead),Nordic Freight Lines,50.0,19.92,1,Y,0.398,2024-11,1
700565,2024-11-18,UK Landbridge (Dublin-Holyhead),Nordic Freight Lines,1952.0,744.65,1,Y,0.381,2024-11,1
701064,2024-11-18,UK Landbridge (Dublin-Holyhead),Celtic Sealink,1870.0,729.08,1,Y,0.39,2024-11,1
700405,2024-11-19,UK Landbridge (Dublin-Holyhead),Nordic Freight Lines,1587.0,567.47,2,Y,0.358,2024-11,1
705431,2024-11-19,EU Direct (Rosslare-Dunkirk),Atlantic Cargo Ferries,838.0,525.24,3,Y,0.627,2024-11,1
702929,2024-11-19,EU Direct (Dublin-Cherbourg),Celtic Sealink,2671.0,1466.27,2,Y,0.549,2024-11,1
700048,2024-11-19,UK Landbridge (Dublin-Holyhead),Celtic Sealink,290.0,115.85,1,Y,0.399,2024-11,1
700562,2024-11-19,UK Landbridge (Dublin-Holyhead),Nordic Freight Lines,1925.0,793.95,1,Y,0.412,2024-11,1
704668,2024-11-19,EU Direct (Rosslare-Dunkirk),Atlantic Cargo Ferries,2369.0,1599.08,1,Y,0.675,2024-11,1
701222,2024-11-19,UK Landbridge (Dublin-Holyhead),Celtic Sealink,2884.0,1114.66,1,Y,0.386,2024-11,1
704619,2024-11-19,EU Direct (Dublin-Cherbourg),Atlantic Cargo Ferries,50.0,33.12,2,Y,0.662,2024-11,1
701781,2024-11-19,UK Landbridge (Dublin-Holyhead),Nordic Freight Lines,1650.0,665.81,1,Y,0.404,2024-11,1
700271,2024-11-19,UK Landbridge (Dublin-Holyhead),Nordic Freight Lines,2377.0,885.59,1,Y,0.373,2024-11,1
704634,2024-11-20,EU Direct (Rosslare-Dunkirk),Atlantic Cargo Ferries,2499.0,1590.68,2,Y,0.637,2024-11,1
700449,2024-11-20,UK Landbridge (Dublin-Holyhead),Celtic Sealink,596.0,254.96,1,Y,0.428,2024-11,1
704378,2024-11-20,EU Direct (Dublin-Cherbourg),Celtic Sealink,1904.0,1147.11,2,Y,0.602,2024-11,1
702570,2024-11-20,UK Landbridge (Dublin-Holyhead),Nordic Freight Lines,1949.0,785.86,2,Y,0.403,2024-11,1
700430,2024-11-20,UK Landbridge (Dublin-Holyhead),Celtic Sealink,1627.0,712.24,1,Y,0.438,2024-11,1
700885,2024-11-20,UK Landbridge (Dublin-Holyhead),Nordic Freight Lines,2083.0,832.49,1,Y,0.4,2024-11,1
701567,2024-11-20,UK Landbridge (Dublin-Holyhead),Nordic Freight Lines,1244.0,484.85,1,Y,0.39,2024-11,1
700975,2024-11-21,UK Landbridge (Dublin-Holyhead),Celtic Sealink,1531.0,686.27,2,Y,0.448,2024-11,1
701341,2024-11-21,UK Landbridge (Dublin-Holyhead),Celtic Sealink,717.0,313.1,1,Y,0.437,2024-11,1
701208,2024-11-21,UK Landbridge (Dublin-Holyhead),Nordic Freight Lines,2226.0,903.51,1,Y,0.406,2024-11,1
701518,2024-11-21,UK Landbridge (Dublin-Holyhead),Nordic Freight Lines,2083.0,753.91,1,Y,0.362,2024-11,1
704957,2024-11-22,EU Direct (Rosslare-Dunkirk),Atlantic Cargo Ferries,1481.0,986.18,1,Y,0.666,2024-11,1
700522,2024-11-22,UK Landbridge (Dublin-Holyhead),Nordic Freight Lines,1353.0,527.58,1,Y,0.39,2024-11,1
703098,2024-11-22,EU Direct (Dublin-Cherbourg),Atlantic Cargo Ferries,2293.0,1397.42,2,Y,0.609,2024-11,1
702883,2024-11-22,EU Direct (Dublin-Cherbourg),Celtic Sealink,2042.0,1184.97,2,Y,0.58,2024-11,1
701016,2024-11-22,UK Landbridge (Dublin-Holyhead),Celtic Sealink,1740.0,704.51,1,Y,0.405,2024-11,1
705377,2024-11-22,EU Direct (Rosslare-Dunkirk),Nordic Freight Lines,1305.0,683.63,2,Y,0.524,2024-11,1
705600,2024-11-22,EU Direct (Rosslare-Dunkirk),Nordic Freight Lines,2635.0,1264.73,2,Y,0.48,2024-11,1
700256,2024-11-22,UK Landbridge (Dublin-Holyhead),Celtic Sealink,665.0,263.29,2,Y,0.396,2024-11,1
705126,2024-11-22,EU Direct (Rosslare-Dunkirk),Nordic Freight Lines,1153.0,588.56,2,Y,0.51,2024-11,1
705665,2024-11-22,EU Direct (Rosslare-Dunkirk),Atlantic Cargo Ferries,1553.0,991.76,2,Y,0.639,2024-11,1
704666,2024-11-23,EU Direct (Rosslare-Dunkirk),Nordic Freight Lines,724.0,384.36,2,Y,0.531,2024-11,1
700597,2024-11-23,UK Landbridge (Dublin-Holyhead),Celtic Sealink,880.0,389.1,1,Y,0.442,2024-11,1
704367,2024-11-23,EU Direct (Dublin-Cherbourg),Celtic Sealink,2028.0,1205.29,1,N,0.594,2024-11,0
702255,2024-11-23,UK Landbridge (Dublin-Holyhead),Celtic Sealink,2876.0,1145.55,1,Y,0.398,2024-11,1
703103,2024-11-23,EU Direct (Dublin-Cherbourg),Celtic Sealink,1229.0,656.74,2,Y,0.534,2024-11,1
705002,2024-11-23,EU Direct (Rosslare-Dunkirk),Nordic Freight Lines,2925.0,1457.09,2,Y,0.498,2024-11,1
702914,2024-11-23,EU Direct (Dublin-Cherbourg),Atlantic Cargo Ferries,1427.0,1006.99,2,Y,0.706,2024-11,1
700029,2024-11-24,UK Landbridge (Dublin-Holyhead),Nordic Freight Lines,2003.0,811.21,1,Y,0.405,2024-11,1
700354,2024-11-24,UK Landbridge (Dublin-Holyhead),Celtic Sealink,2668.0,1197.74,1,N,0.449,2024-11,0
705364,2024-11-24,EU Direct (Rosslare-Dunkirk),Atlantic Cargo Ferries,845.0,551.98,3,Y,0.653,2024-11,1
702402,2024-11-24,UK Landbridge (Dublin-Holyhead),Nordic Freight Lines,2434.0,887.62,2,N,0.365,2024-11,0
701327,2024-11-24,UK Landbridge (Dublin-Holyhead),Nordic Freight Lines,1518.0,581.23,1,Y,0.383,2024-11,1
702156,2024-11-24,UK Landbridge (Dublin-Holyhead),Celtic Sealink,1447.0,605.74,2,Y,0.419,2024-11,1
700117,2024-11-24,UK Landbridge (Dublin-Holyhead),Celtic Sealink,2430.0,1039.58,1,Y,0.428,2024-11,1
702974,2024-11-24,EU Direct (Dublin-Cherbourg),Celtic Sealink,2411.0,1311.39,2,Y,0.544,2024-11,1
704528,2024-11-24,EU Direct (Dublin-Cherbourg),Atlantic Cargo Ferries,2293.0,1579.83,2,Y,0.689,2024-11,1
703004,2024-11-24,EU Direct (Dublin-Cherbourg),Atlantic Cargo Ferries,1381.0,931.73,2,Y,0.675,2024-11,1
705507,2024-11-24,EU Direct (Rosslare-Dunkirk),Atlantic Cargo Ferries,1550.0,927.37,2,Y,0.598,2024-11,1
704740,2024-11-24,EU Direct (Rosslare-Dunkirk),Atlantic Cargo Ferries,50.0,29.73,2,Y,0.595,2024-11,1
705449,2024-11-25,EU Direct (Rosslare-Dunkirk),Atlantic Cargo Ferries,3646.0,2303.71,2,Y,0.632,2024-11,1
700645,2024-11-25,UK Landbridge (Dublin-Holyhead),Celtic Sealink,2768.0,1144.45,2,N,0.413,2024-11,0
700148,2024-11-25,UK Landbridge (Dublin-Holyhead),Celtic Sealink,2321.0,1030.12,1,Y,0.444,2024-11,1
700420,2024-11-26,UK Landbridge (Dublin-Holyhead),Celtic Sealink,1145.0,498.38,1,Y,0.435,2024-11,1
701261,2024-11-26,UK Landbridge (Dublin-Holyhead),Celtic Sealink,1612.0,709.39,2,Y,0.44,2024-11,1
704947,2024-11-26,EU Direct (Rosslare-Dunkirk),Nordic Freight Lines,1467.0,753.1,2,Y,0.513,2024-11,1
704283,2024-11-26,EU Direct (Dublin-Cherbourg),Atlantic Cargo Ferries,1891.0,1310.6,3,Y,0.693,2024-11,1
704197,2024-11-27,EU Direct (Dublin-Cherbourg),Atlantic Cargo Ferries,1819.0,1217.72,2,Y,0.669,2024-11,1
702877,2024-11-27,UK Landbridge (Dublin-Holyhead),Nordic Freight Lines,1924.0,728.32,1,Y,0.379,2024-11,1
702584,2024-11-27,UK Landbridge (Dublin-Holyhead),Celtic Sealink,1596.0,690.93,1,Y,0.433,2024-11,1
701808,2024-11-27,UK Landbridge (Dublin-Holyhead),Celtic Sealink,574.0,255.9,1,Y,0.446,2024-11,1
705425,2024-11-27,EU Direct (Rosslare-Dunkirk),Atlantic Cargo Ferries,2656.0,1666.63,1,Y,0.627,2024-11,1
702522,2024-11-27,UK Landbridge (Dublin-Holyhead),Celtic Sealink,1419.0,611.88,1,Y,0.431,2024-11,1
705893,2024-11-27,EU Direct (Rosslare-Dunkirk),Nordic Freight Lines,1493.0,777.75,2,Y,0.521,2024-11,1
702146,2024-11-27,UK Landbridge (Dublin-Holyhead),Nordic Freight Lines,3560.0,1450.39,1,Y,0.407,2024-11,1
704145,2024-11-27,EU Direct (Dublin-Cherbourg),Atlantic Cargo Ferries,1291.0,815.68,2,Y,0.632,2024-11,1
703218,2024-11-28,EU Direct (Dublin-Cherbourg),Celtic Sealink,2436.0,1300.88,3,Y,0.534,2024-11,1
703776,2024-11-28,EU Direct (Dublin-Cherbourg),Atlantic Cargo Ferries,3209.0,2125.47,2,Y,0.662,2024-11,1
702235,2024-11-28,UK Landbridge (Dublin-Holyhead),Celtic Sealink,791.0,322.13,1,Y,0.407,2024-11,1
703195,2024-11-28,EU Direct (Dublin-Cherbourg),Celtic Sealink,2096.0,1240.96,2,Y,0.592,2024-11,1
703893,2024-11-28,EU Direct (Dublin-Cherbourg),Celtic Sealink,2042.0,1186.28,2,Y,0.581,2024-11,1
700135,2024-11-28,UK Landbridge (Dublin-Holyhead),Celtic Sealink,1899.0,797.08,1,Y,0.42,2024-11,1
700189,2024-11-28,UK Landbridge (Dublin-Holyhead),Celtic Sealink,2385.0,1080.69,1,Y,0.453,2024-11,1
701554,2024-11-28,UK Landbridge (Dublin-Holyhead),Celtic Sealink,3180.0,1387.12,1,Y,0.436,2024-11,1
701557,2024-11-28,UK Landbridge (Dublin-Holyhead),Nordic Freight Lines,1989.0,727.99,1,Y,0.366,2024-11,1
701268,2024-11-29,UK Landbridge (Dublin-Holyhead),Nordic Freight Lines,2055.0,829.62,2,Y,0.404,2024-11,1
704743,2024-11-29,EU Direct (Rosslare-Dunkirk),Nordic Freight Lines,2403.0,1184.74,2,Y,0.493,2024-11,1
705830,2024-11-29,EU Direct (Rosslare-Dunkirk),Nordic Freight Lines,1349.0,623.97,2,Y,0.463,2024-11,1
704296,2024-11-30,EU Direct (Dublin-Cherbourg),Atlantic Cargo Ferries,2350.0,1638.48,2,Y,0.697,2024-11,1
703901,2024-11-30,EU Direct (Dublin-Cherbourg),Celtic Sealink,1152.0,626.96,2,N,0.544,2024-11,0
704306,2024-11-30,EU Direct (Dublin-Cherbourg),Celtic Sealink,2646.0,1482.65,1,Y,0.56,2024-11,1
700026,2024-11-30,UK Landbridge (Dublin-Holyhead),Celtic Sealink,1235.0,529.84,1,Y,0.429,2024-11,1
701537,2024-11-30,UK Landbridge (Dublin-Holyhead),Nordic Freight Lines,2124.0,823.7,1,Y,0.388,2024-11,1
701684,2024-11-30,UK Landbridge (Dublin-Holyhead),Celtic Sealink,1995.0,867.68,1,Y,0.435,2024-11,1
702208,2024-12-01,UK Landbridge (Dublin-Holyhead),Nordic Freight Lines,2039.0,807.48,1,Y,0.396,2024-12,1
701739,2024-12-01,UK Landbridge (Dublin-Holyhead),Celtic Sealink,563.0,222.14,1,Y,0.395,2024-12,1
704630,2024-12-01,EU Direct (Rosslare-Dunkirk),Nordic Freight Lines,1318.0,669.85,2,Y,0.508,2024-12,1
703118,2024-12-01,EU Direct (Dublin-Cherbourg),Celtic Sealink,2611.0,1595.71,1,Y,0.611,2024-12,1
704513,2024-12-01,EU Direct (Dublin-Cherbourg),Atlantic Cargo Ferries,1003.0,652.94,2,Y,0.651,2024-12,1
704390,2024-12-01,EU Direct (Dublin-Cherbourg),Celtic Sealink,1747.0,1074.69,3,Y,0.615,2024-12,1
705668,2024-12-02,EU Direct (Rosslare-Dunkirk),Nordic Freight Lines,3533.0,1671.39,2,Y,0.473,2024-12,1
705335,2024-12-02,EU Direct (Rosslare-Dunkirk),Atlantic Cargo Ferries,1821.0,1126.84,2,Y,0.619,2024-12,1
703319,2024-12-02,EU Direct (Dublin-Cherbourg),Atlantic Cargo Ferries,824.0,572.79,2,Y,0.695,2024-12,1
702421,2024-12-02,UK Landbridge (Dublin-Holyhead),Celtic Sealink,2456.0,1064.99,2,Y,0.434,2024-12,1
702254,2024-12-02,UK Landbridge (Dublin-Holyhead),Celtic Sealink,2323.0,949.9,1,Y,0.409,2024-12,1
702824,2024-12-02,UK Landbridge (Dublin-Holyhead),Nordic Freight Lines,3660.0,1403.17,1,Y,0.383,2024-12,1
700494,2024-12-03,UK Landbridge (Dublin-Holyhead),Celtic Sealink,749.0,330.81,1,Y,0.442,2024-12,1
703451,2024-12-03,EU Direct (Dublin-Cherbourg),Celtic Sealink,2088.0,1133.13,2,Y,0.543,2024-12,1
705584,2024-12-03,EU Direct (Rosslare-Dunkirk),Atlantic Cargo Ferries,1255.0,726.71,2,Y,0.579,2024-12,1
701709,2024-12-03,UK Landbridge (Dublin-Holyhead),Celtic Sealink,2520.0,1001.49,1,Y,0.397,2024-12,1
705314,2024-12-03,EU Direct (Rosslare-Dunkirk),Nordic Freight Lines,1786.0,951.44,2,Y,0.533,2024-12,1
703194,2024-12-03,EU Direct (Dublin-Cherbourg),Atlantic Cargo Ferries,1815.0,1142.51,2,Y,0.629,2024-12,1
703578,2024-12-03,EU Direct (Dublin-Cherbourg),Celtic Sealink,2751.0,1475.99,2,N,0.537,2024-12,0
703998,2024-12-04,EU Direct (Dublin-Cherbourg),Atlantic Cargo Ferries,847.0,589.5,3,Y,0.696,2024-12,1
701809,2024-12-04,UK Landbridge (Dublin-Holyhead),Nordic Freight Lines,1275.0,486.9,2,Y,0.382,2024-12,1
703476,2024-12-04,EU Direct (Dublin-Cherbourg),Atlantic Cargo Ferries,2944.0,2015.23,2,Y,0.685,2024-12,1
703771,2024-12-04,EU Direct (Dublin-Cherbourg),Atlantic Cargo Ferries,1970.0,1329.86,2,Y,0.675,2024-12,1
705337,2024-12-04,EU Direct (Rosslare-Dunkirk),Atlantic Cargo Ferries,1872.0,1141.62,2,Y,0.61,2024-12,1
700260,2024-12-04,UK Landbridge (Dublin-Holyhead),Celtic Sealink,1526.0,639.24,1,Y,0.419,2024-12,1
700577,2024-12-05,UK Landbridge (Dublin-Holyhead),Nordic Freight Lines,3025.0,1157.19,1,Y,0.383,2024-12,1
701800,2024-12-05,UK Landbridge (Dublin-Holyhead),Nordic Freight Lines,1054.0,371.07,1,Y,0.352,2024-12,1
701519,2024-12-05,UK Landbridge (Dublin-Holyhead),Nordic Freight Lines,2417.0,866.46,1,Y,0.358,2024-12,1
705365,2024-12-05,EU Direct (Rosslare-Dunkirk),Atlantic Cargo Ferries,1208.0,727.96,3,N,0.603,2024-12,0
702307,2024-12-05,UK Landbridge (Dublin-Holyhead),Celtic Sealink,1550.0,698.61,1,Y,0.451,2024-12,1
701110,2024-12-05,UK Landbridge (Dublin-Holyhead),Nordic Freight Lines,3299.0,1348.75,1,Y,0.409,2024-12,1
705608,2024-12-05,EU Direct (Rosslare-Dunkirk),Nordic Freight Lines,2763.0,1333.77,1,Y,0.483,2024-12,1
701655,2024-12-05,UK Landbridge (Dublin-Holyhead),Celtic Sealink,2535.0,1102.17,1,Y,0.435,2024-12,1
703032,2024-12-05,EU Direct (Dublin-Cherbourg),Atlantic Cargo Ferries,2394.0,1621.91,2,Y,0.677,2024-12,1
701448,2024-12-05,UK Landbridge (Dublin-Holyhead),Nordic Freight Lines,2129.0,766.51,1,Y,0.36,2024-12,1
705566,2024-12-06,EU Direct (Rosslare-Dunkirk),Nordic Freight Lines,1872.0,897.26,2,N,0.479,2024-12,0
701698,2024-12-06,UK Landbridge (Dublin-Holyhead),Celtic Sealink,1834.0,822.58,1,Y,0.449,2024-12,1
703706,2024-12-06,EU Direct (Dublin-Cherbourg),Celtic Sealink,3445.0,1937.89,3,Y,0.563,2024-12,1
705094,2024-12-06,EU Direct (Rosslare-Dunkirk),Nordic Freight Lines,795.0,416.68,2,Y,0.524,2024-12,1
705010,2024-12-06,EU Direct (Rosslare-Dunkirk),Atlantic Cargo Ferries,1119.0,706.25,2,Y,0.631,2024-12,1
700753,2024-12-06,UK Landbridge (Dublin-Holyhead),Celtic Sealink,1583.0,697.96,1,N,0.441,2024-12,0
701252,2024-12-06,UK Landbridge (Dublin-Holyhead),Celtic Sealink,1247.0,547.49,1,Y,0.439,2024-12,1
705341,2024-12-06,EU Direct (Rosslare-Dunkirk),Nordic Freight Lines,1301.0,618.74,2,Y,0.476,2024-12,1
705312,2024-12-06,EU Direct (Rosslare-Dunkirk),Nordic Freight Lines,1724.0,836.87,2,Y,0.485,2024-12,1
705420,2024-12-07,EU Direct (Rosslare-Dunkirk),Nordic Freight Lines,1773.0,935.78,2,Y,0.528,2024-12,1
701822,2024-12-07,UK Landbridge (Dublin-Holyhead),Celtic Sealink,737.0,294.35,1,N,0.399,2024-12,0
704636,2024-12-07,EU Direct (Rosslare-Dunkirk),Atlantic Cargo Ferries,2008.0,1311.0,2,N,0.653,2024-12,0
702756,2024-12-07,UK Landbridge (Dublin-Holyhead),Nordic Freight Lines,1554.0,591.87,1,Y,0.381,2024-12,1
702115,2024-12-07,UK Landbridge (Dublin-Holyhead),Nordic Freight Lines,869.0,319.75,1,Y,0.368,2024-12,1
704037,2024-12-07,EU Direct (Dublin-Cherbourg),Atlantic Cargo Ferries,1131.0,715.98,2,Y,0.633,2024-12,1
700464,2024-12-07,UK Landbridge (Dublin-Holyhead),Celtic Sealink,1857.0,742.02,1,Y,0.4,2024-12,1
705286,2024-12-08,EU Direct (Rosslare-Dunkirk),Nordic Freight Lines,2160.0,1016.61,2,Y,0.471,2024-12,1
704326,2024-12-08,EU Direct (Dublin-Cherbourg),Celtic Sealink,2381.0,1273.3,2,Y,0.535,2024-12,1
702605,2024-12-08,UK Landbridge (Dublin-Holyhead),Celtic Sealink,1066.0,449.02,1,Y,0.421,2024-12,1
702879,2024-12-08,UK Landbridge (Dublin-Holyhead),Nordic Freight Lines,1880.0,722.67,1,Y,0.384,2024-12,1
700834,2024-12-08,UK Landbridge (Dublin-Holyhead),Nordic Freight Lines,1287.0,478.39,1,Y,0.372,2024-12,1
702888,2024-12-09,EU Direct (Dublin-Cherbourg),Atlantic Cargo Ferries,3121.0,2001.83,2,Y,0.641,2024-12,1
701473,2024-12-09,UK Landbridge (Dublin-Holyhead),Celtic Sealink,1747.0,679.21,1,Y,0.389,2024-12,1
701060,2024-12-09,UK Landbridge (Dublin-Holyhead),Celtic Sealink,3249.0,1368.97,2,Y,0.421,2024-12,1
701063,2024-12-09,UK Landbridge (Dublin-Holyhead),Celtic Sealink,2487.0,1106.3,1,Y,0.445,2024-12,1
705359,2024-12-09,EU Direct (Rosslare-Dunkirk),Nordic Freight Lines,1219.0,593.65,2,Y,0.487,2024-12,1
701575,2024-12-09,UK Landbridge (Dublin-Holyhead),Celtic Sealink,2313.0,1006.16,1,Y,0.435,2024-12,1
705229,2024-12-09,EU Direct (Rosslare-Dunkirk),Atlantic Cargo Ferries,2586.0,1666.51,2,Y,0.644,2024-12,1
700846,2024-12-09,UK Landbridge (Dublin-Holyhead),Nordic Freight Lines,1957.0,745.39,1,Y,0.381,2024-12,1
702921,2024-12-09,EU Direct (Dublin-Cherbourg),Celtic Sealink,1190.0,696.44,1,Y,0.585,2024-12,1
703817,2024-12-09,EU Direct (Dublin-Cherbourg),Atlantic Cargo Ferries,3098.0,2062.48,2,Y,0.666,2024-12,1
704490,2024-12-10,EU Direct (Dublin-Cherbourg),Celtic Sealink,1272.0,783.64,2,Y,0.616,2024-12,1
701560,2024-12-10,UK Landbridge (Dublin-Holyhead),Celtic Sealink,1120.0,475.36,1,Y,0.424,2024-12,1
703920,2024-12-10,EU Direct (Dublin-Cherbourg),Atlantic Cargo Ferries,1908.0,1238.62,2,Y,0.649,2024-12,1
701426,2024-12-11,UK Landbridge (Dublin-Holyhead),Celtic Sealink,606.0,264.21,1,Y,0.436,2024-12,1
703602,2024-12-11,EU Direct (Dublin-Cherbourg),Celtic Sealink,3403.0,2010.15,3,Y,0.591,2024-12,1
701215,2024-12-11,UK Landbridge (Dublin-Holyhead),Nordic Freight Lines,1219.0,471.7,1,N,0.387,2024-12,0
701049,2024-12-11,UK Landbridge (Dublin-Holyhead),Nordic Freight Lines,687.0,262.46,1,Y,0.382,2024-12,1
702641,2024-12-11,UK Landbridge (Dublin-Holyhead),Celtic Sealink,3662.0,1426.71,1,Y,0.39,2024-12,1
702686,2024-12-11,UK Landbridge (Dublin-Holyhead),Nordic Freight Lines,2238.0,840.29,1,Y,0.375,2024-12,1
701804,2024-12-11,UK Landbridge (Dublin-Holyhead),Nordic Freight Lines,2631.0,1057.87,1,Y,0.402,2024-12,1
703797,2024-12-11,EU Direct (Dublin-Cherbourg),Celtic Sealink,1107.0,626.3,3,Y,0.566,2024-12,1
703137,2024-12-11,EU Direct (Dublin-Cherbourg),Celtic Sealink,3049.0,1807.56,2,Y,0.593,2024-12,1
704267,2024-12-11,EU Direct (Dublin-Cherbourg),Atlantic Cargo Ferries,3146.0,2169.44,2,Y,0.69,2024-12,1
704721,2024-12-11,EU Direct (Rosslare-Dunkirk),Atlantic Cargo Ferries,1692.0,1093.78,2,Y,0.646,2024-12,1
702590,2024-12-11,UK Landbridge (Dublin-Holyhead),Nordic Freight Lines,1763.0,698.0,1,Y,0.396,2024-12,1
705203,2024-12-11,EU Direct (Rosslare-Dunkirk),Nordic Freight Lines,2308.0,1209.61,2,Y,0.524,2024-12,1
705060,2024-12-12,EU Direct (Rosslare-Dunkirk),Atlantic Cargo Ferries,1922.0,1275.22,2,N,0.663,2024-12,0
700254,2024-12-12,UK Landbridge (Dublin-Holyhead),Celtic Sealink,2412.0,1078.96,1,Y,0.447,2024-12,1
701465,2024-12-12,UK Landbridge (Dublin-Holyhead),Celtic Sealink,1295.0,576.01,1,Y,0.445,2024-12,1
702765,2024-12-12,UK Landbridge (Dublin-Holyhead),Celtic Sealink,1277.0,529.36,1,Y,0.415,2024-12,1
704480,2024-12-12,EU Direct (Dublin-Cherbourg),Atlantic Cargo Ferries,2395.0,1581.88,2,Y,0.66,2024-12,1
705946,2024-12-12,EU Direct (Rosslare-Dunkirk),Nordic Freight Lines,1279.0,590.01,2,Y,0.461,2024-12,1
704765,2024-12-12,EU Direct (Rosslare-Dunkirk),Nordic Freight Lines,1272.0,676.37,1,N,0.532,2024-12,0
700390,2024-12-12,UK Landbridge (Dublin-Holyhead),Celtic Sealink,2366.0,974.88,1,Y,0.412,2024-12,1
703425,2024-12-13,EU Direct (Dublin-Cherbourg),Celtic Sealink,2670.0,1541.6,2,N,0.577,2024-12,0
702419,2024-12-13,UK Landbridge (Dublin-Holyhead),Nordic Freight Lines,1031.0,408.85,1,Y,0.397,2024-12,1
701982,2024-12-13,UK Landbridge (Dublin-Holyhead),Celtic Sealink,3665.0,1445.58,1,Y,0.394,2024-12,1
702428,2024-12-13,UK Landbridge (Dublin-Holyhead),Celtic Sealink,1472.0,626.24,1,N,0.425,2024-12,0
704334,2024-12-14,EU Direct (Dublin-Cherbourg),Celtic Sealink,1303.0,799.59,2,Y,0.614,2024-12,1
700594,2024-12-14,UK Landbridge (Dublin-Holyhead),Celtic Sealink,1922.0,833.98,1,Y,0.434,2024-12,1
704059,2024-12-14,EU Direct (Dublin-Cherbourg),Atlantic Cargo Ferries,1805.0,1101.12,1,Y,0.61,2024-12,1
704866,2024-12-14,EU Direct (Rosslare-Dunkirk),Nordic Freight Lines,139.0,69.47,2,Y,0.5,2024-12,1
704507,2024-12-14,EU Direct (Dublin-Cherbourg),Atlantic Cargo Ferries,2459.0,1666.9,2,Y,0.678,2024-12,1
702615,2024-12-14,UK Landbridge (Dublin-Holyhead),Celtic Sealink,3209.0,1356.9,1,Y,0.423,2024-12,1
702777,2024-12-14,UK Landbridge (Dublin-Holyhead),Celtic Sealink,2874.0,1258.19,1,Y,0.438,2024-12,1
705813,2024-12-15,EU Direct (Rosslare-Dunkirk),Nordic Freight Lines,1208.0,600.04,2,Y,0.497,2024-12,1
705156,2024-12-15,EU Direct (Rosslare-Dunkirk),Atlantic Cargo Ferries,827.0,541.04,2,Y,0.654,2024-12,1
703097,2024-12-15,EU Direct (Dublin-Cherbourg),Atlantic Cargo Ferries,255.0,179.16,1,Y,0.703,2024-12,1
701924,2024-12-15,UK Landbridge (Dublin-Holyhead),Celtic Sealink,50.0,21.87,1,Y,0.437,2024-12,1
704241,2024-12-16,EU Direct (Dublin-Cherbourg),Celtic Sealink,2049.0,1254.89,2,Y,0.612,2024-12,1
703736,2024-12-16,EU Direct (Dublin-Cherbourg),Celtic Sealink,3509.0,1917.8,2,Y,0.547,2024-12,1
703475,2024-12-16,EU Direct (Dublin-Cherbourg),Celtic Sealink,3641.0,2243.04,2,Y,0.616,2024-12,1
705802,2024-12-16,EU Direct (Rosslare-Dunkirk),Atlantic Cargo Ferries,1070.0,722.62,2,Y,0.675,2024-12,1
705727,2024-12-16,EU Direct (Rosslare-Dunkirk),Nordic Freight Lines,2643.0,1362.22,2,Y,0.515,2024-12,1
701378,2024-12-16,UK Landbridge (Dublin-Holyhead),Nordic Freight Lines,1510.0,549.12,1,Y,0.364,2024-12,1
703366,2024-12-17,EU Direct (Dublin-Cherbourg),Atlantic Cargo Ferries,919.0,577.55,3,Y,0.628,2024-12,1
704903,2024-12-17,EU Direct (Rosslare-Dunkirk),Nordic Freight Lines,251.0,135.17,2,N,0.539,2024-12,0
700143,2024-12-17,UK Landbridge (Dublin-Holyhead),Celtic Sealink,50.0,22.29,1,Y,0.446,2024-12,1
703126,2024-12-17,EU Direct (Dublin-Cherbourg),Atlantic Cargo Ferries,2178.0,1358.8,2,Y,0.624,2024-12,1
705652,2024-12-17,EU Direct (Rosslare-Dunkirk),Nordic Freight Lines,1007.0,526.76,2,Y,0.523,2024-12,1
700892,2024-12-18,UK Landbridge (Dublin-Holyhead),Nordic Freight Lines,1300.0,497.52,1,Y,0.383,2024-12,1
705633,2024-12-18,EU Direct (Rosslare-Dunkirk),Nordic Freight Lines,3591.0,1730.96,2,Y,0.482,2024-12,1
701628,2024-12-18,UK Landbridge (Dublin-Holyhead),Nordic Freight Lines,2141.0,853.78,1,Y,0.399,2024-12,1
704665,2024-12-18,EU Direct (Rosslare-Dunkirk),Atlantic Cargo Ferries,300.0,178.92,2,Y,0.596,2024-12,1
703143,2024-12-18,EU Direct (Dublin-Cherbourg),Atlantic Cargo Ferries,1620.0,1029.22,2,N,0.635,2024-12,0
700294,2024-12-18,UK Landbridge (Dublin-Holyhead),Nordic Freight Lines,1872.0,728.47,1,Y,0.389,2024-12,1
701495,2024-12-18,UK Landbridge (Dublin-Holyhead),Celtic Sealink,1516.0,681.86,1,Y,0.45,2024-12,1
703466,2024-12-18,EU Direct (Dublin-Cherbourg),Atlantic Cargo Ferries,1654.0,1152.4,2,Y,0.697,2024-12,1
705579,2024-12-18,EU Direct (Rosslare-Dunkirk),Atlantic Cargo Ferries,522.0,341.16,2,Y,0.654,2024-12,1
701374,2024-12-19,UK Landbridge (Dublin-Holyhead),Nordic Freight Lines,2935.0,1132.11,1,Y,0.386,2024-12,1
703599,2024-12-19,EU Direct (Dublin-Cherbourg),Atlantic Cargo Ferries,1649.0,1058.06,2,Y,0.642,2024-12,1
704016,2024-12-19,EU Direct (Dublin-Cherbourg),Celtic Sealink,877.0,496.94,2,Y,0.567,2024-12,1
705170,2024-12-19,EU Direct (Rosslare-Dunkirk),Atlantic Cargo Ferries,2887.0,1902.37,2,Y,0.659,2024-12,1
701570,2024-12-19,UK Landbridge (Dublin-Holyhead),Nordic Freight Lines,1786.0,713.64,2,Y,0.4,2024-12,1
702575,2024-12-19,UK Landbridge (Dublin-Holyhead),Nordic Freight Lines,3195.0,1169.37,1,Y,0.366,2024-12,1
704775,2024-12-19,EU Direct (Rosslare-Dunkirk),Nordic Freight Lines,1426.0,725.19,2,Y,0.509,2024-12,1
702413,2024-12-19,UK Landbridge (Dublin-Holyhead),Celtic Sealink,1654.0,736.03,1,Y,0.445,2024-12,1
704600,2024-12-19,EU Direct (Dublin-Cherbourg),Celtic Sealink,2467.0,1336.73,2,Y,0.542,2024-12,1
705885,2024-12-19,EU Direct (Rosslare-Dunkirk),Atlantic Cargo Ferries,1607.0,1063.67,2,Y,0.662,2024-12,1
701269,2024-12-19,UK Landbridge (Dublin-Holyhead),Nordic Freight Lines,2651.0,1055.9,1,Y,0.398,2024-12,1
703871,2024-12-20,EU Direct (Dublin-Cherbourg),Atlantic Cargo Ferries,2111.0,1423.4,2,Y,0.674,2024-12,1
703254,2024-12-20,EU Direct (Dublin-Cherbourg),Atlantic Cargo Ferries,1359.0,890.55,2,Y,0.655,2024-12,1
702442,2024-12-20,UK Landbridge (Dublin-Holyhead),Celtic Sealink,1634.0,636.61,1,Y,0.39,2024-12,1
701500,2024-12-20,UK Landbridge (Dublin-Holyhead),Nordic Freight Lines,2533.0,1028.04,1,Y,0.406,2024-12,1
704984,2024-12-20,EU Direct (Rosslare-Dunkirk),Nordic Freight Lines,1567.0,801.62,3,N,0.512,2024-12,0
703858,2024-12-20,EU Direct (Dublin-Cherbourg),Atlantic Cargo Ferries,2230.0,1390.93,2,Y,0.624,2024-12,1
701216,2024-12-20,UK Landbridge (Dublin-Holyhead),Nordic Freight Lines,1231.0,475.4,1,Y,0.386,2024-12,1
702019,2024-12-20,UK Landbridge (Dublin-Holyhead),Celtic Sealink,1545.0,696.62,1,N,0.451,2024-12,0
705333,2024-12-20,EU Direct (Rosslare-Dunkirk),Nordic Freight Lines,1660.0,784.82,2,Y,0.473,2024-12,1
700617,2024-12-20,UK Landbridge (Dublin-Holyhead),Nordic Freight Lines,1706.0,682.44,1,Y,0.4,2024-12,1
701994,2024-12-20,UK Landbridge (Dublin-Holyhead),Celtic Sealink,1821.0,712.01,2,Y,0.391,2024-12,1
700612,2024-12-20,UK Landbridge (Dublin-Holyhead),Nordic Freight Lines,3220.0,1167.37,1,N,0.363,2024-12,0
702332,2024-12-20,UK Landbridge (Dublin-Holyhead),Celtic Sealink,813.0,361.03,1,Y,0.444,2024-12,1
700183,2024-12-21,UK Landbridge (Dublin-Holyhead),Celtic Sealink,2193.0,899.0,1,Y,0.41,2024-12,1
700267,2024-12-21,UK Landbridge (Dublin-Holyhead),Celtic Sealink,1365.0,595.8,1,Y,0.436,2024-12,1
702669,2024-12-21,UK Landbridge (Dublin-Holyhead),Celtic Sealink,1515.0,594.59,1,Y,0.392,2024-12,1
701759,2024-12-21,UK Landbridge (Dublin-Holyhead),Nordic Freight Lines,1413.0,566.18,1,Y,0.401,2024-12,1
704805,2024-12-21,EU Direct (Rosslare-Dunkirk),Nordic Freight Lines,1403.0,718.79,2,Y,0.512,2024-12,1
704808,2024-12-21,EU Direct (Rosslare-Dunkirk),Nordic Freight Lines,1472.0,757.95,2,Y,0.515,2024-12,1
704849,2024-12-21,EU Direct (Rosslare-Dunkirk),Atlantic Cargo Ferries,2272.0,1521.63,3,Y,0.67,2024-12,1
702287,2024-12-21,UK Landbridge (Dublin-Holyhead),Nordic Freight Lines,2303.0,828.79,1,Y,0.36,2024-12,1
700766,2024-12-21,UK Landbridge (Dublin-Holyhead),Celtic Sealink,992.0,399.16,1,Y,0.402,2024-12,1
703031,2024-12-21,EU Direct (Dublin-Cherbourg),Celtic Sealink,1358.0,733.16,2,Y,0.54,2024-12,1
700997,2024-12-21,UK Landbridge (Dublin-Holyhead),Nordic Freight Lines,1179.0,460.21,1,Y,0.39,2024-12,1
702748,2024-12-21,UK Landbridge (Dublin-Holyhead),Celtic Sealink,1881.0,809.5,1,Y,0.43,2024-12,1
704797,2024-12-21,EU Direct (Rosslare-Dunkirk),Nordic Freight Lines,2224.0,1144.01,2,Y,0.514,2024-12,1
704647,2024-12-21,EU Direct (Rosslare-Dunkirk),Nordic Freight Lines,1173.0,600.45,3,Y,0.512,2024-12,1
704174,2024-12-21,EU Direct (Dublin-Cherbourg),Atlantic Cargo Ferries,1182.0,771.74,2,N,0.653,2024-12,0
703447,2024-12-21,EU Direct (Dublin-Cherbourg),Celtic Sealink,1552.0,852.66,2,Y,0.549,2024-12,1
704604,2024-12-21,EU Direct (Dublin-Cherbourg),Atlantic Cargo Ferries,1425.0,989.45,2,Y,0.694,2024-12,1
703895,2024-12-22,EU Direct (Dublin-Cherbourg),Celtic Sealink,2321.0,1325.95,2,Y,0.571,2024-12,1
705919,2024-12-22,EU Direct (Rosslare-Dunkirk),Atlantic Cargo Ferries,1529.0,1016.38,1,N,0.665,2024-12,0
705327,2024-12-22,EU Direct (Rosslare-Dunkirk),Atlantic Cargo Ferries,2776.0,1755.26,2,Y,0.632,2024-12,1
703727,2024-12-22,EU Direct (Dublin-Cherbourg),Atlantic Cargo Ferries,1274.0,889.01,2,Y,0.698,2024-12,1
705252,2024-12-22,EU Direct (Rosslare-Dunkirk),Atlantic Cargo Ferries,1184.0,731.01,2,Y,0.617,2024-12,1
701329,2024-12-22,UK Landbridge (Dublin-Holyhead),Nordic Freight Lines,3011.0,1221.6,1,Y,0.406,2024-12,1
702486,2024-12-22,UK Landbridge (Dublin-Holyhead),Nordic Freight Lines,1520.0,625.67,1,Y,0.412,2024-12,1
704745,2024-12-23,EU Direct (Rosslare-Dunkirk),Nordic Freight Lines,1657.0,775.24,2,Y,0.468,2024-12,1
705209,2024-12-23,EU Direct (Rosslare-Dunkirk),Atlantic Cargo Ferries,2132.0,1310.18,3,Y,0.615,2024-12,1
701258,2024-12-23,UK Landbridge (Dublin-Holyhead),Nordic Freight Lines,1024.0,395.41,1,Y,0.386,2024-12,1
703286,2024-12-23,EU Direct (Dublin-Cherbourg),Atlantic Cargo Ferries,2315.0,1550.84,3,Y,0.67,2024-12,1
704147,2024-12-23,EU Direct (Dublin-Cherbourg),Atlantic Cargo Ferries,2242.0,1519.85,3,Y,0.678,2024-12,1
700416,2024-12-23,UK Landbridge (Dublin-Holyhead),Nordic Freight Lines,2576.0,938.05,1,N,0.364,2024-12,0
700884,2024-12-24,UK Landbridge (Dublin-Holyhead),Nordic Freight Lines,1614.0,641.62,1,Y,0.398,2024-12,1
702566,2024-12-24,UK Landbridge (Dublin-Holyhead),Nordic Freight Lines,1250.0,448.21,1,Y,0.359,2024-12,1
703068,2024-12-24,EU Direct (Dublin-Cherbourg),Celtic Sealink,3215.0,1767.86,1,Y,0.55,2024-12,1
704330,2024-12-24,EU Direct (Dublin-Cherbourg),Celtic Sealink,2564.0,1396.6,2,Y,0.545,2024-12,1
703071,2024-12-24,EU Direct (Dublin-Cherbourg),Atlantic Cargo Ferries,2894.0,1898.83,2,Y,0.656,2024-12,1
703552,2024-12-24,EU Direct (Dublin-Cherbourg),Atlantic Cargo Ferries,537.0,359.46,2,Y,0.669,2024-12,1
702059,2024-12-24,UK Landbridge (Dublin-Holyhead),Celtic Sealink,3605.0,1618.11,1,Y,0.449,2024-12,1
705634,2024-12-24,EU Direct (Rosslare-Dunkirk),Nordic Freight Lines,1382.0,647.24,3,Y,0.468,2024-12,1
700556,2024-12-24,UK Landbridge (Dublin-Holyhead),Nordic Freight Lines,1134.0,453.35,1,Y,0.4,2024-12,1
705325,2024-12-24,EU Direct (Rosslare-Dunkirk),Nordic Freight Lines,2019.0,977.26,2,Y,0.484,2024-12,1
700776,2024-12-24,UK Landbridge (Dublin-Holyhead),Celtic Sealink,3322.0,1308.59,1,Y,0.394,2024-12,1
703415,2024-12-24,EU Direct (Dublin-Cherbourg),Celtic Sealink,2606.0,1469.05,3,Y,0.564,2024-12,1
701957,2024-12-25,UK Landbridge (Dublin-Holyhead),Nordic Freight Lines,2058.0,802.25,1,Y,0.39,2024-12,1
703778,2024-12-25,EU Direct (Dublin-Cherbourg),Celtic Sealink,1134.0,614.83,2,Y,0.542,2024-12,1
702722,2024-12-25,UK Landbridge (Dublin-Holyhead),Celtic Sealink,1335.0,527.81,1,Y,0.395,2024-12,1
705914,2024-12-25,EU Direct (Rosslare-Dunkirk),Atlantic Cargo Ferries,2914.0,1785.0,2,Y,0.613,2024-12,1
702050,2024-12-25,UK Landbridge (Dublin-Holyhead),Celtic Sealink,1898.0,844.32,1,Y,0.445,2024-12,1
702160,2024-12-25,UK Landbridge (Dublin-Holyhead),Nordic Freight Lines,2633.0,1021.46,1,Y,0.388,2024-12,1
700155,2024-12-25,UK Landbridge (Dublin-Holyhead),Celtic Sealink,1461.0,573.67,1,Y,0.393,2024-12,1
701227,2024-12-25,UK Landbridge (Dublin-Holyhead),Celtic Sealink,1026.0,465.27,1,Y,0.453,2024-12,1
701842,2024-12-26,UK Landbridge (Dublin-Holyhead),Nordic Freight Lines,1790.0,681.01,1,Y,0.38,2024-12,1
702585,2024-12-26,UK Landbridge (Dublin-Holyhead),Nordic Freight Lines,730.0,286.51,1,Y,0.392,2024-12,1
700021,2024-12-26,UK Landbridge (Dublin-Holyhead),Nordic Freight Lines,2677.0,954.01,1,Y,0.356,2024-12,1
700095,2024-12-26,UK Landbridge (Dublin-Holyhead),Celtic Sealink,1622.0,637.33,2,Y,0.393,2024-12,1
701194,2024-12-26,UK Landbridge (Dublin-Holyhead),Nordic Freight Lines,1209.0,440.65,2,Y,0.364,2024-12,1
702046,2024-12-27,UK Landbridge (Dublin-Holyhead),Nordic Freight Lines,1292.0,486.0,2,Y,0.376,2024-12,1
704640,2024-12-27,EU Direct (Rosslare-Dunkirk),Nordic Freight Lines,2708.0,1411.57,2,Y,0.521,2024-12,1
702434,2024-12-27,UK Landbridge (Dublin-Holyhead),Nordic Freight Lines,2505.0,989.53,2,Y,0.395,2024-12,1
705964,2024-12-27,EU Direct (Rosslare-Dunkirk),Nordic Freight Lines,1290.0,689.39,2,N,0.534,2024-12,0
700373,2024-12-27,UK Landbridge (Dublin-Holyhead),Celtic Sealink,2420.0,1072.81,1,Y,0.443,2024-12,1
703724,2024-12-27,EU Direct (Dublin-Cherbourg),Celtic Sealink,1561.0,960.17,2,Y,0.615,2024-12,1
704029,2024-12-27,EU Direct (Dublin-Cherbourg),Celtic Sealink,2416.0,1442.93,2,Y,0.597,2024-12,1
704817,2024-12-27,EU Direct (Rosslare-Dunkirk),Atlantic Cargo Ferries,2477.0,1584.89,1,Y,0.64,2024-12,1
701539,2024-12-27,UK Landbridge (Dublin-Holyhead),Celtic Sealink,2421.0,939.24,1,Y,0.388,2024-12,1
703793,2024-12-27,EU Direct (Dublin-Cherbourg),Atlantic Cargo Ferries,2355.0,1578.61,2,Y,0.67,2024-12,1
700538,2024-12-27,UK Landbridge (Dublin-Holyhead),Nordic Freight Lines,2507.0,898.89,1,Y,0.359,2024-12,1
703022,2024-12-27,EU Direct (Dublin-Cherbourg),Atlantic Cargo Ferries,3049.0,1863.24,1,Y,0.611,2024-12,1
705000,2024-12-28,EU Direct (Rosslare-Dunkirk),Nordic Freight Lines,1543.0,749.08,2,Y,0.485,2024-12,1
704929,2024-12-28,EU Direct (Rosslare-Dunkirk),Nordic Freight Lines,2468.0,1163.54,2,Y,0.471,2024-12,1
703987,2024-12-28,EU Direct (Dublin-Cherbourg),Celtic Sealink,1235.0,772.06,1,Y,0.625,2024-12,1
702957,2024-12-28,EU Direct (Dublin-Cherbourg),Celtic Sealink,1148.0,631.77,3,Y,0.55,2024-12,1
702411,2024-12-28,UK Landbridge (Dublin-Holyhead),Celtic Sealink,2590.0,1118.97,2,Y,0.432,2024-12,1
700583,2024-12-28,UK Landbridge (Dublin-Holyhead),Celtic Sealink,2899.0,1166.43,1,Y,0.402,2024-12,1
705702,2024-12-29,EU Direct (Rosslare-Dunkirk),Atlantic Cargo Ferries,2938.0,1813.75,2,Y,0.617,2024-12,1
700578,2024-12-29,UK Landbridge (Dublin-Holyhead),Celtic Sealink,1612.0,647.88,1,Y,0.402,2024-12,1
705226,2024-12-29,EU Direct (Rosslare-Dunkirk),Atlantic Cargo Ferries,720.0,474.91,2,Y,0.66,2024-12,1
703765,2024-12-29,EU Direct (Dublin-Cherbourg),Atlantic Cargo Ferries,2265.0,1593.05,2,Y,0.703,2024-12,1
703914,2024-12-29,EU Direct (Dublin-Cherbourg),Celtic Sealink,855.0,497.03,1,Y,0.581,2024-12,1
700448,2024-12-30,UK Landbridge (Dublin-Holyhead),Celtic Sealink,4247.0,1782.45,1,N,0.42,2024-12,0
701045,2024-12-30,UK Landbridge (Dublin-Holyhead),Celtic Sealink,2091.0,822.36,1,Y,0.393,2024-12,1
705990,2024-12-30,EU Direct (Rosslare-Dunkirk),Atlantic Cargo Ferries,2114.0,1421.98,1,Y,0.673,2024-12,1
701979,2024-12-30,UK Landbridge (Dublin-Holyhead),Celtic Sealink,1744.0,674.52,1,Y,0.387,2024-12,1
702025,2024-12-30,UK Landbridge (Dublin-Holyhead),Nordic Freight Lines,1665.0,598.07,1,Y,0.359,2024-12,1
700459,2024-12-30,UK Landbridge (Dublin-Holyhead),Celtic Sealink,1959.0,763.9,1,Y,0.39,2024-12,1
702184,2024-12-30,UK Landbridge (Dublin-Holyhead),Nordic Freight Lines,1859.0,682.04,1,Y,0.367,2024-12,1
703313,2024-12-30,EU Direct (Dublin-Cherbourg),Atlantic Cargo Ferries,679.0,418.1,2,Y,0.616,2024-12,1
704140,2024-12-30,EU Direct (Dublin-Cherbourg),Celtic Sealink,2180.0,1175.89,2,Y,0.539,2024-12,1
702313,2024-12-30,UK Landbridge (Dublin-Holyhead),Nordic Freight Lines,1984.0,743.31,1,Y,0.375,2024-12,1
702941,2024-12-31,EU Direct (Dublin-Cherbourg),Celtic Sealink,3151.0,1887.11,1,Y,0.599,2024-12,1
705922,2024-12-31,EU Direct (Rosslare-Dunkirk),Nordic Freight Lines,1869.0,896.41,3,Y,0.48,2024-12,1
703708,2024-12-31,EU Direct (Dublin-Cherbourg),Celtic Sealink,574.0,341.39,2,Y,0.595,2024-12,1
701748,2024-12-31,UK Landbridge (Dublin-Holyhead),Nordic Freight Lines,3088.0,1233.64,1,Y,0.399,2024-12,1
703584,2024-12-31,EU Direct (Dublin-Cherbourg),Atlantic Cargo Ferries,2357.0,1469.15,1,Y,0.623,2024-12,1
700186,2024-12-31,UK Landbridge (Dublin-Holyhead),Celtic Sealink,1673.0,728.54,1,Y,0.435,2024-12,1
703803,2024-12-31,EU Direct (Dublin-Cherbourg),Atlantic Cargo Ferries,1210.0,790.5,2,Y,0.653,2024-12,1
704358,2024-12-31,EU Direct (Dublin-Cherbourg),Celtic Sealink,1767.0,1007.9,2,Y,0.57,2024-12,1
701757,2024-12-31,UK Landbridge (Dublin-Holyhead),Celtic Sealink,3128.0,1214.35,1,Y,0.388,2024-12,1
700406,2024-12-31,UK Landbridge (Dublin-Holyhead),Nordic Freight Lines,2063.0,848.69,1,Y,0.411,2024-12,1
703726,2024-12-31,EU Direct (Dublin-Cherbourg),Atlantic Cargo Ferries,3079.0,2027.75,2,N,0.659,2024-12,0
701513,2024-12-31,UK Landbridge (Dublin-Holyhead),Nordic Freight Lines,1080.0,389.37,1,N,0.361,2024-12,0
700348,2024-12-31,UK Landbridge (Dublin-Holyhead),Nordic Freight Lines,2194.0,865.59,1,Y,0.395,2024-12,1
703338,2025-01-01,EU Direct (Dublin-Cherbourg),Atlantic Cargo Ferries,1764.0,1122.3,2,Y,0.636,2025-01,1
700898,2025-01-01,UK Landbridge (Dublin-Holyhead),Celtic Sealink,3141.0,1303.61,1,Y,0.415,2025-01,1
701195,2025-01-01,UK Landbridge (Dublin-Holyhead),Celtic Sealink,997.0,449.62,1,Y,0.451,2025-01,1
701396,2025-01-01,UK Landbridge (Dublin-Holyhead),Celtic Sealink,512.0,231.31,1,Y,0.452,2025-01,1
704464,2025-01-01,EU Direct (Dublin-Cherbourg),Atlantic Cargo Ferries,1741.0,1171.68,2,Y,0.673,2025-01,1
704910,2025-01-01,EU Direct (Rosslare-Dunkirk),Atlantic Cargo Ferries,2108.0,1283.36,3,Y,0.609,2025-01,1
703964,2025-01-01,EU Direct (Dublin-Cherbourg),Celtic Sealink,1756.0,1093.59,2,Y,0.623,2025-01,1
705965,2025-01-01,EU Direct (Rosslare-Dunkirk),Nordic Freight Lines,4659.0,2301.94,2,Y,0.494,2025-01,1
700654,2025-01-01,UK Landbridge (Dublin-Holyhead),Celtic Sealink,1527.0,627.53,1,Y,0.411,2025-01,1
704732,2025-01-01,EU Direct (Rosslare-Dunkirk),Nordic Freight Lines,2397.0,1193.24,2,Y,0.498,2025-01,1
704819,2025-01-02,EU Direct (Rosslare-Dunkirk),Atlantic Cargo Ferries,2242.0,1334.94,2,Y,0.595,2025-01,1
703754,2025-01-02,EU Direct (Dublin-Cherbourg),Celtic Sealink,882.0,546.55,2,Y,0.62,2025-01,1
703832,2025-01-02,EU Direct (Dublin-Cherbourg),Celtic Sealink,1893.0,1079.46,2,Y,0.57,2025-01,1
703719,2025-01-02,EU Direct (Dublin-Cherbourg),Atlantic Cargo Ferries,2857.0,1818.17,2,Y,0.636,2025-01,1
703744,2025-01-02,EU Direct (Dublin-Cherbourg),Atlantic Cargo Ferries,1896.0,1299.82,2,Y,0.686,2025-01,1
700178,2025-01-02,UK Landbridge (Dublin-Holyhead),Nordic Freight Lines,2933.0,1042.6,1,Y,0.355,2025-01,1
701326,2025-01-02,UK Landbridge (Dublin-Holyhead),Nordic Freight Lines,2059.0,803.5,1,Y,0.39,2025-01,1
702191,2025-01-03,UK Landbridge (Dublin-Holyhead),Celtic Sealink,1257.0,545.4,1,Y,0.434,2025-01,1
700098,2025-01-03,UK Landbridge (Dublin-Holyhead),Celtic Sealink,2242.0,966.9,1,Y,0.431,2025-01,1
704801,2025-01-03,EU Direct (Rosslare-Dunkirk),Nordic Freight Lines,2501.0,1309.63,2,Y,0.524,2025-01,1
703506,2025-01-03,EU Direct (Dublin-Cherbourg),Atlantic Cargo Ferries,2988.0,1861.0,3,N,0.623,2025-01,0
704632,2025-01-03,EU Direct (Rosslare-Dunkirk),Atlantic Cargo Ferries,1600.0,936.74,2,Y,0.585,2025-01,1
703691,2025-01-03,EU Direct (Dublin-Cherbourg),Atlantic Cargo Ferries,1291.0,819.14,2,N,0.635,2025-01,0
701265,2025-01-03,UK Landbridge (Dublin-Holyhead),Celtic Sealink,3190.0,1389.43,1,Y,0.436,2025-01,1
702269,2025-01-03,UK Landbridge (Dublin-Holyhead),Nordic Freight Lines,2505.0,985.02,1,Y,0.393,2025-01,1
702033,2025-01-04,UK Landbridge (Dublin-Holyhead),Nordic Freight Lines,2153.0,861.97,1,Y,0.4,2025-01,1
703229,2025-01-04,EU Direct (Dublin-Cherbourg),Atlantic Cargo Ferries,2003.0,1335.57,3,Y,0.667,2025-01,1
700682,2025-01-04,UK Landbridge (Dublin-Holyhead),Celtic Sealink,2217.0,928.86,2,Y,0.419,2025-01,1
703543,2025-01-04,EU Direct (Dublin-Cherbourg),Celtic Sealink,369.0,225.53,2,Y,0.611,2025-01,1
700909,2025-01-04,UK Landbridge (Dublin-Holyhead),Celtic Sealink,935.0,368.47,1,Y,0.394,2025-01,1
702029,2025-01-04,UK Landbridge (Dublin-Holyhead),Nordic Freight Lines,3609.0,1465.15,2,Y,0.406,2025-01,1
704992,2025-01-04,EU Direct (Rosslare-Dunkirk),Atlantic Cargo Ferries,1452.0,979.29,2,Y,0.674,2025-01,1
703955,2025-01-04,EU Direct (Dublin-Cherbourg),Celtic Sealink,1348.0,818.89,3,Y,0.607,2025-01,1
701507,2025-01-04,UK Landbridge (Dublin-Holyhead),Celtic Sealink,862.0,390.23,1,Y,0.453,2025-01,1
702309,2025-01-04,UK Landbridge (Dublin-Holyhead),Nordic Freight Lines,1504.0,554.11,1,Y,0.368,2025-01,1
702663,2025-01-04,UK Landbridge (Dublin-Holyhead),Celtic Sealink,1493.0,613.71,2,Y,0.411,2025-01,1
700457,2025-01-04,UK Landbridge (Dublin-Holyhead),Nordic Freight Lines,1759.0,665.49,2,Y,0.378,2025-01,1
700836,2025-01-04,UK Landbridge (Dublin-Holyhead),Nordic Freight Lines,1269.0,485.57,1,Y,0.383,2025-01,1
700079,2025-01-05,UK Landbridge (Dublin-Holyhead),Celtic Sealink,1894.0,818.01,1,Y,0.432,2025-01,1
705737,2025-01-05,EU Direct (Rosslare-Dunkirk),Nordic Freight Lines,2158.0,1140.59,2,N,0.529,2025-01,0
701171,2025-01-05,UK Landbridge (Dublin-Holyhead),Nordic Freight Lines,1806.0,670.16,1,Y,0.371,2025-01,1
704922,2025-01-05,EU Direct (Rosslare-Dunkirk),Atlantic Cargo Ferries,1244.0,749.37,2,Y,0.602,2025-01,1
702938,2025-01-05,EU Direct (Dublin-Cherbourg),Celtic Sealink,3391.0,2080.54,2,Y,0.614,2025-01,1
700800,2025-01-05,UK Landbridge (Dublin-Holyhead),Nordic Freight Lines,2682.0,1063.89,1,Y,0.397,2025-01,1
704448,2025-01-05,EU Direct (Dublin-Cherbourg),Celtic Sealink,494.0,299.02,2,Y,0.605,2025-01,1
702260,2025-01-05,UK Landbridge (Dublin-Holyhead),Nordic Freight Lines,2192.0,828.62,1,Y,0.378,2025-01,1
703053,2025-01-05,EU Direct (Dublin-Cherbourg),Atlantic Cargo Ferries,1038.0,709.82,2,Y,0.684,2025-01,1
705451,2025-01-05,EU Direct (Rosslare-Dunkirk),Atlantic Cargo Ferries,2541.0,1711.19,2,Y,0.673,2025-01,1
701805,2025-01-05,UK Landbridge (Dublin-Holyhead),Nordic Freight Lines,811.0,330.22,1,Y,0.407,2025-01,1
701690,2025-01-06,UK Landbridge (Dublin-Holyhead),Celtic Sealink,626.0,246.05,1,Y,0.393,2025-01,1
703927,2025-01-06,EU Direct (Dublin-Cherbourg),Celtic Sealink,2638.0,1619.25,3,Y,0.614,2025-01,1
703346,2025-01-06,EU Direct (Dublin-Cherbourg),Celtic Sealink,869.0,540.68,2,Y,0.622,2025-01,1
701376,2025-01-06,UK Landbridge (Dublin-Holyhead),Celtic Sealink,1904.0,754.77,1,Y,0.396,2025-01,1
702693,2025-01-06,UK Landbridge (Dublin-Holyhead),Nordic Freight Lines,1868.0,683.33,1,Y,0.366,2025-01,1
701185,2025-01-06,UK Landbridge (Dublin-Holyhead),Nordic Freight Lines,2342.0,829.68,1,Y,0.354,2025-01,1
700706,2025-01-06,UK Landbridge (Dublin-Holyhead),Celtic Sealink,1785.0,787.59,1,N,0.441,2025-01,0
702489,2025-01-06,UK Landbridge (Dublin-Holyhead),Celtic Sealink,1240.0,515.2,2,Y,0.415,2025-01,1
704048,2025-01-06,EU Direct (Dublin-Cherbourg),Atlantic Cargo Ferries,2341.0,1470.21,2,Y,0.628,2025-01,1
701410,2025-01-06,UK Landbridge (Dublin-Holyhead),Nordic Freight Lines,2283.0,870.5,1,Y,0.381,2025-01,1
701356,2025-01-06,UK Landbridge (Dublin-Holyhead),Nordic Freight Lines,1250.0,449.46,1,Y,0.36,2025-01,1
704944,2025-01-07,EU Direct (Rosslare-Dunkirk),Atlantic Cargo Ferries,3207.0,2024.51,1,Y,0.631,2025-01,1
703027,2025-01-07,EU Direct (Dublin-Cherbourg),Celtic Sealink,1782.0,1048.29,2,Y,0.588,2025-01,1
703382,2025-01-07,EU Direct (Dublin-Cherbourg),Atlantic Cargo Ferries,1758.0,1127.89,3,Y,0.642,2025-01,1
700480,2025-01-07,UK Landbridge (Dublin-Holyhead),Nordic Freight Lines,1481.0,579.85,2,Y,0.392,2025-01,1
702107,2025-01-07,UK Landbridge (Dublin-Holyhead),Nordic Freight Lines,124.0,46.25,1,Y,0.373,2025-01,1
702992,2025-01-07,EU Direct (Dublin-Cherbourg),Celtic Sealink,1535.0,866.46,2,Y,0.564,2025-01,1
702841,2025-01-07,UK Landbridge (Dublin-Holyhead),Celtic Sealink,1221.0,479.64,2,Y,0.393,2025-01,1
701548,2025-01-07,UK Landbridge (Dublin-Holyhead),Nordic Freight Lines,305.0,114.7,2,Y,0.376,2025-01,1
704806,2025-01-07,EU Direct (Rosslare-Dunkirk),Nordic Freight Lines,1173.0,599.13,2,N,0.511,2025-01,0
704555,2025-01-07,EU Direct (Dublin-Cherbourg),Atlantic Cargo Ferries,2178.0,1530.87,1,Y,0.703,2025-01,1
704132,2025-01-08,EU Direct (Dublin-Cherbourg),Celtic Sealink,1701.0,1007.54,3,N,0.592,2025-01,0
701811,2025-01-08,UK Landbridge (Dublin-Holyhead),Celtic Sealink,2993.0,1345.79,1,Y,0.45,2025-01,1
705446,2025-01-08,EU Direct (Rosslare-Dunkirk),Atlantic Cargo Ferries,1440.0,965.51,2,Y,0.67,2025-01,1
700511,2025-01-08,UK Landbridge (Dublin-Holyhead),Celtic Sealink,1647.0,706.06,1,Y,0.429,2025-01,1
703904,2025-01-08,EU Direct (Dublin-Cherbourg),Atlantic Cargo Ferries,1726.0,1187.66,2,Y,0.688,2025-01,1
705949,2025-01-08,EU Direct (Rosslare-Dunkirk),Nordic Freight Lines,1186.0,620.18,2,Y,0.523,2025-01,1
705467,2025-01-08,EU Direct (Rosslare-Dunkirk),Atlantic Cargo Ferries,1803.0,1105.45,3,Y,0.613,2025-01,1
705967,2025-01-08,EU Direct (Rosslare-Dunkirk),Nordic Freight Lines,479.0,229.12,2,Y,0.478,2025-01,1
703650,2025-01-08,EU Direct (Dublin-Cherbourg),Atlantic Cargo Ferries,699.0,491.46,2,Y,0.703,2025-01,1
703427,2025-01-08,EU Direct (Dublin-Cherbourg),Atlantic Cargo Ferries,1734.0,1106.98,3,Y,0.638,2025-01,1
703932,2025-01-08,EU Direct (Dublin-Cherbourg),Atlantic Cargo Ferries,1695.0,1114.31,2,Y,0.657,2025-01,1
701397,2025-01-08,UK Landbridge (Dublin-Holyhead),Celtic Sealink,3524.0,1465.92,1,Y,0.416,2025-01,1
705434,2025-01-08,EU Direct (Rosslare-Dunkirk),Atlantic Cargo Ferries,1043.0,635.21,1,Y,0.609,2025-01,1
700194,2025-01-09,UK Landbridge (Dublin-Holyhead),Celtic Sealink,2152.0,965.86,1,N,0.449,2025-01,0
703630,2025-01-09,EU Direct (Dublin-Cherbourg),Atlantic Cargo Ferries,3165.0,1974.49,3,Y,0.624,2025-01,1
701978,2025-01-09,UK Landbridge (Dublin-Holyhead),Celtic Sealink,2801.0,1092.17,1,Y,0.39,2025-01,1
703781,2025-01-09,EU Direct (Dublin-Cherbourg),Celtic Sealink,1102.0,626.45,3,Y,0.568,2025-01,1
703091,2025-01-09,EU Direct (Dublin-Cherbourg),Celtic Sealink,3110.0,1908.6,2,Y,0.614,2025-01,1
703329,2025-01-09,EU Direct (Dublin-Cherbourg),Celtic Sealink,2459.0,1538.18,2,Y,0.626,2025-01,1
705574,2025-01-10,EU Direct (Rosslare-Dunkirk),Atlantic Cargo Ferries,50.0,33.67,2,Y,0.673,2025-01,1
703463,2025-01-10,EU Direct (Dublin-Cherbourg),Celtic Sealink,1958.0,1198.23,1,Y,0.612,2025-01,1
701502,2025-01-10,UK Landbridge (Dublin-Holyhead),Celtic Sealink,2388.0,986.81,1,Y,0.413,2025-01,1
704979,2025-01-10,EU Direct (Rosslare-Dunkirk),Nordic Freight Lines,815.0,376.43,3,Y,0.462,2025-01,1
701662,2025-01-10,UK Landbridge (Dublin-Holyhead),Nordic Freight Lines,50.0,18.14,1,Y,0.363,2025-01,1
704033,2025-01-10,EU Direct (Dublin-Cherbourg),Celtic Sealink,2243.0,1337.48,3,Y,0.596,2025-01,1
702629,2025-01-10,UK Landbridge (Dublin-Holyhead),Nordic Freight Lines,3332.0,1299.7,1,N,0.39,2025-01,0
705356,2025-01-11,EU Direct (Rosslare-Dunkirk),Nordic Freight Lines,50.0,25.19,2,Y,0.504,2025-01,1
702355,2025-01-11,UK Landbridge (Dublin-Holyhead),Nordic Freight Lines,247.0,89.56,2,Y,0.363,2025-01,1
700808,2025-01-11,UK Landbridge (Dublin-Holyhead),Nordic Freight Lines,1264.0,504.03,1,Y,0.399,2025-01,1
705258,2025-01-11,EU Direct (Rosslare-Dunkirk),Nordic Freight Lines,1858.0,939.54,2,Y,0.506,2025-01,1
701004,2025-01-11,UK Landbridge (Dublin-Holyhead),Celtic Sealink,1523.0,649.03,1,Y,0.426,2025-01,1
700025,2025-01-11,UK Landbridge (Dublin-Holyhead),Celtic Sealink,1373.0,549.22,2,Y,0.4,2025-01,1
703615,2025-01-11,EU Direct (Dublin-Cherbourg),Celtic Sealink,970.0,520.07,2,Y,0.536,2025-01,1
700473,2025-01-11,UK Landbridge (Dublin-Holyhead),Nordic Freight Lines,1589.0,606.9,1,Y,0.382,2025-01,1
700357,2025-01-12,UK Landbridge (Dublin-Holyhead),Celtic Sealink,2369.0,1011.94,1,Y,0.427,2025-01,1
702943,2025-01-12,EU Direct (Dublin-Cherbourg),Atlantic Cargo Ferries,1501.0,939.51,1,Y,0.626,2025-01,1
700074,2025-01-12,UK Landbridge (Dublin-Holyhead),Celtic Sealink,2776.0,1183.95,2,Y,0.426,2025-01,1
703253,2025-01-12,EU Direct (Dublin-Cherbourg),Celtic Sealink,4137.0,2265.21,3,Y,0.548,2025-01,1
702772,2025-01-12,UK Landbridge (Dublin-Holyhead),Nordic Freight Lines,1003.0,390.61,1,Y,0.389,2025-01,1
705638,2025-01-12,EU Direct (Rosslare-Dunkirk),Nordic Freight Lines,1073.0,565.13,2,N,0.527,2025-01,0
703436,2025-01-12,EU Direct (Dublin-Cherbourg),Celtic Sealink,2540.0,1565.66,2,Y,0.616,2025-01,1
704523,2025-01-12,EU Direct (Dublin-Cherbourg),Atlantic Cargo Ferries,2318.0,1429.86,2,Y,0.617,2025-01,1
700383,2025-01-12,UK Landbridge (Dublin-Holyhead),Nordic Freight Lines,3141.0,1168.93,1,Y,0.372,2025-01,1
704712,2025-01-12,EU Direct (Rosslare-Dunkirk),Atlantic Cargo Ferries,2736.0,1582.29,2,Y,0.578,2025-01,1
701527,2025-01-12,UK Landbridge (Dublin-Holyhead),Nordic Freight Lines,2289.0,823.64,2,Y,0.36,2025-01,1
704767,2025-01-13,EU Direct (Rosslare-Dunkirk),Atlantic Cargo Ferries,50.0,31.92,1,N,0.638,2025-01,0
702514,2025-01-13,UK Landbridge (Dublin-Holyhead),Celtic Sealink,1697.0,702.64,1,Y,0.414,2025-01,1
704231,2025-01-13,EU Direct (Dublin-Cherbourg),Celtic Sealink,3004.0,1719.58,2,Y,0.572,2025-01,1
700632,2025-01-13,UK Landbridge (Dublin-Holyhead),Celtic Sealink,1687.0,691.97,1,Y,0.41,2025-01,1
702063,2025-01-13,UK Landbridge (Dublin-Holyhead),Celtic Sealink,2057.0,874.82,1,N,0.425,2025-01,0
703837,2025-01-13,EU Direct (Dublin-Cherbourg),Celtic Sealink,1194.0,639.33,2,Y,0.535,2025-01,1
701852,2025-01-13,UK Landbridge (Dublin-Holyhead),Celtic Sealink,2020.0,869.34,1,Y,0.43,2025-01,1
700164,2025-01-13,UK Landbridge (Dublin-Holyhead),Nordic Freight Lines,1060.0,416.02,1,Y,0.392,2025-01,1
700253,2025-01-14,UK Landbridge (Dublin-Holyhead),Celtic Sealink,1634.0,639.41,1,Y,0.391,2025-01,1
703873,2025-01-14,EU Direct (Dublin-Cherbourg),Celtic Sealink,2922.0,1704.18,2,Y,0.583,2025-01,1
702745,2025-01-14,UK Landbridge (Dublin-Holyhead),Nordic Freight Lines,2047.0,721.96,1,Y,0.353,2025-01,1
705929,2025-01-14,EU Direct (Rosslare-Dunkirk),Nordic Freight Lines,2449.0,1253.99,3,Y,0.512,2025-01,1
701647,2025-01-14,UK Landbridge (Dublin-Holyhead),Nordic Freight Lines,1694.0,649.78,1,Y,0.384,2025-01,1
704425,2025-01-14,EU Direct (Dublin-Cherbourg),Celtic Sealink,1781.0,1044.1,2,Y,0.586,2025-01,1
701998,2025-01-15,UK Landbridge (Dublin-Holyhead),Celtic Sealink,1473.0,664.69,1,Y,0.451,2025-01,1
702603,2025-01-15,UK Landbridge (Dublin-Holyhead),Celtic Sealink,2244.0,919.87,1,Y,0.41,2025-01,1
705260,2025-01-15,EU Direct (Rosslare-Dunkirk),Atlantic Cargo Ferries,2605.0,1563.15,2,Y,0.6,2025-01,1
702620,2025-01-15,UK Landbridge (Dublin-Holyhead),Nordic Freight Lines,3138.0,1262.18,1,Y,0.402,2025-01,1
701042,2025-01-15,UK Landbridge (Dublin-Holyhead),Celtic Sealink,2578.0,1167.66,1,Y,0.453,2025-01,1
702801,2025-01-15,UK Landbridge (Dublin-Holyhead),Celtic Sealink,370.0,143.07,1,Y,0.387,2025-01,1
701345,2025-01-15,UK Landbridge (Dublin-Holyhead),Nordic Freight Lines,1794.0,654.81,1,Y,0.365,2025-01,1
702520,2025-01-16,UK Landbridge (Dublin-Holyhead),Celtic Sealink,2832.0,1281.09,1,Y,0.452,2025-01,1
701699,2025-01-16,UK Landbridge (Dublin-Holyhead),Celtic Sealink,2138.0,942.78,1,Y,0.441,2025-01,1
704699,2025-01-16,EU Direct (Rosslare-Dunkirk),Nordic Freight Lines,1547.0,816.73,2,Y,0.528,2025-01,1
702735,2025-01-16,UK Landbridge (Dublin-Holyhead),Nordic Freight Lines,1491.0,549.49,1,Y,0.369,2025-01,1
701744,2025-01-16,UK Landbridge (Dublin-Holyhead),Celtic Sealink,1225.0,495.16,1,Y,0.404,2025-01,1
701048,2025-01-17,UK Landbridge (Dublin-Holyhead),Nordic Freight Lines,2282.0,926.13,1,N,0.406,2025-01,0
704073,2025-01-17,EU Direct (Dublin-Cherbourg),Celtic Sealink,1596.0,878.11,2,Y,0.55,2025-01,1
704675,2025-01-17,EU Direct (Rosslare-Dunkirk),Atlantic Cargo Ferries,1875.0,1157.57,2,Y,0.617,2025-01,1
703492,2025-01-17,EU Direct (Dublin-Cherbourg),Atlantic Cargo Ferries,1980.0,1359.54,2,Y,0.687,2025-01,1
701870,2025-01-17,UK Landbridge (Dublin-Holyhead),Nordic Freight Lines,2476.0,881.96,2,Y,0.356,2025-01,1
705168,2025-01-17,EU Direct (Rosslare-Dunkirk),Nordic Freight Lines,1319.0,621.1,2,Y,0.471,2025-01,1
704719,2025-01-17,EU Direct (Rosslare-Dunkirk),Atlantic Cargo Ferries,3428.0,2144.09,2,Y,0.625,2025-01,1
701330,2025-01-17,UK Landbridge (Dublin-Holyhead),Nordic Freight Lines,2327.0,892.42,1,Y,0.384,2025-01,1
704816,2025-01-17,EU Direct (Rosslare-Dunkirk),Atlantic Cargo Ferries,1946.0,1283.01,2,Y,0.659,2025-01,1
702794,2025-01-18,UK Landbridge (Dublin-Holyhead),Nordic Freight Lines,2257.0,800.7,1,Y,0.355,2025-01,1
701401,2025-01-18,UK Landbridge (Dublin-Holyhead),Nordic Freight Lines,3091.0,1241.32,1,Y,0.402,2025-01,1
703700,2025-01-18,EU Direct (Dublin-Cherbourg),Celtic Sealink,2467.0,1327.27,3,Y,0.538,2025-01,1
701053,2025-01-18,UK Landbridge (Dublin-Holyhead),Celtic Sealink,1965.0,772.64,1,Y,0.393,2025-01,1
703855,2025-01-19,EU Direct (Dublin-Cherbourg),Atlantic Cargo Ferries,2174.0,1472.04,2,N,0.677,2025-01,0
701461,2025-01-19,UK Landbridge (Dublin-Holyhead),Nordic Freight Lines,1702.0,629.39,1,Y,0.37,2025-01,1
703612,2025-01-19,EU Direct (Dublin-Cherbourg),Celtic Sealink,1150.0,646.08,2,Y,0.562,2025-01,1
701968,2025-01-19,UK Landbridge (Dublin-Holyhead),Celtic Sealink,1237.0,537.1,1,Y,0.434,2025-01,1
700513,2025-01-19,UK Landbridge (Dublin-Holyhead),Celtic Sealink,1647.0,666.06,1,Y,0.404,2025-01,1
701367,2025-01-19,UK Landbridge (Dublin-Holyhead),Nordic Freight Lines,2601.0,1001.34,1,Y,0.385,2025-01,1
703094,2025-01-19,EU Direct (Dublin-Cherbourg),Celtic Sealink,1637.0,956.0,3,Y,0.584,2025-01,1
705689,2025-01-19,EU Direct (Rosslare-Dunkirk),Atlantic Cargo Ferries,1224.0,758.2,2,Y,0.619,2025-01,1
702975,2025-01-19,EU Direct (Dublin-Cherbourg),Celtic Sealink,2121.0,1298.3,2,Y,0.612,2025-01,1
703685,2025-01-19,EU Direct (Dublin-Cherbourg),Atlantic Cargo Ferries,2769.0,1701.39,2,Y,0.614,2025-01,1
701174,2025-01-20,UK Landbridge (Dublin-Holyhead),Celtic Sealink,1861.0,741.9,1,Y,0.399,2025-01,1
700663,2025-01-20,UK Landbridge (Dublin-Holyhead),Nordic Freight Lines,2013.0,823.35,1,Y,0.409,2025-01,1
701745,2025-01-20,UK Landbridge (Dublin-Holyhead),Celtic Sealink,3013.0,1201.06,1,Y,0.399,2025-01,1
705930,2025-01-20,EU Direct (Rosslare-Dunkirk),Atlantic Cargo Ferries,1428.0,924.52,2,N,0.647,2025-01,0
705011,2025-01-20,EU Direct (Rosslare-Dunkirk),Atlantic Cargo Ferries,1609.0,938.78,2,Y,0.583,2025-01,1
704381,2025-01-20,EU Direct (Dublin-Cherbourg),Celtic Sealink,1738.0,1038.21,3,Y,0.597,2025-01,1
705246,2025-01-20,EU Direct (Rosslare-Dunkirk),Nordic Freight Lines,1432.0,745.69,2,Y,0.521,2025-01,1
703234,2025-01-20,EU Direct (Dublin-Cherbourg),Celtic Sealink,1699.0,963.26,2,Y,0.567,2025-01,1
703974,2025-01-21,EU Direct (Dublin-Cherbourg),Atlantic Cargo Ferries,1564.0,956.6,2,Y,0.612,2025-01,1
700228,2025-01-21,UK Landbridge (Dublin-Holyhead),Nordic Freight Lines,2231.0,851.93,2,Y,0.382,2025-01,1
702642,2025-01-21,UK Landbridge (Dublin-Holyhead),Nordic Freight Lines,2097.0,797.27,1,Y,0.38,2025-01,1
703133,2025-01-21,EU Direct (Dublin-Cherbourg),Celtic Sealink,1643.0,884.78,2,Y,0.539,2025-01,1
705180,2025-01-21,EU Direct (Rosslare-Dunkirk),Nordic Freight Lines,1367.0,734.86,1,N,0.538,2025-01,0
705418,2025-01-21,EU Direct (Rosslare-Dunkirk),Nordic Freight Lines,2706.0,1440.86,2,Y,0.532,2025-01,1
700138,2025-01-22,UK Landbridge (Dublin-Holyhead),Celtic Sealink,1784.0,772.14,1,Y,0.433,2025-01,1
705256,2025-01-22,EU Direct (Rosslare-Dunkirk),Nordic Freight Lines,1712.0,860.85,2,Y,0.503,2025-01,1
705305,2025-01-22,EU Direct (Rosslare-Dunkirk),Nordic Freight Lines,4118.0,1929.39,2,Y,0.469,2025-01,1
705092,2025-01-22,EU Direct (Rosslare-Dunkirk),Atlantic Cargo Ferries,714.0,481.51,2,N,0.674,2025-01,0
700919,2025-01-23,UK Landbridge (Dublin-Holyhead),Nordic Freight Lines,2431.0,964.57,1,N,0.397,2025-01,0
704887,2025-01-23,EU Direct (Rosslare-Dunkirk),Atlantic Cargo Ferries,1770.0,1111.84,2,Y,0.628,2025-01,1
704493,2025-01-23,EU Direct (Dublin-Cherbourg),Celtic Sealink,2329.0,1419.25,2,Y,0.609,2025-01,1
701005,2025-01-23,UK Landbridge (Dublin-Holyhead),Celtic Sealink,749.0,334.57,1,Y,0.447,2025-01,1
704419,2025-01-23,EU Direct (Dublin-Cherbourg),Celtic Sealink,2326.0,1278.43,2,Y,0.55,2025-01,1
703139,2025-01-23,EU Direct (Dublin-Cherbourg),Atlantic Cargo Ferries,1610.0,1100.53,2,Y,0.684,2025-01,1
702869,2025-01-23,UK Landbridge (Dublin-Holyhead),Nordic Freight Lines,2608.0,920.36,1,Y,0.353,2025-01,1
704543,2025-01-23,EU Direct (Dublin-Cherbourg),Celtic Sealink,2139.0,1167.15,1,Y,0.546,2025-01,1
704997,2025-01-23,EU Direct (Rosslare-Dunkirk),Atlantic Cargo Ferries,2310.0,1362.54,2,Y,0.59,2025-01,1
701317,2025-01-23,UK Landbridge (Dublin-Holyhead),Nordic Freight Lines,1341.0,513.48,1,Y,0.383,2025-01,1
701969,2025-01-23,UK Landbridge (Dublin-Holyhead),Nordic Freight Lines,1365.0,553.1,1,Y,0.405,2025-01,1
700504,2025-01-24,UK Landbridge (Dublin-Holyhead),Nordic Freight Lines,604.0,213.32,1,Y,0.353,2025-01,1
702884,2025-01-24,EU Direct (Dublin-Cherbourg),Celtic Sealink,1500.0,829.77,2,Y,0.553,2025-01,1
701671,2025-01-24,UK Landbridge (Dublin-Holyhead),Celtic Sealink,1308.0,531.16,1,Y,0.406,2025-01,1
703293,2025-01-25,EU Direct (Dublin-Cherbourg),Atlantic Cargo Ferries,2478.0,1516.94,2,Y,0.612,2025-01,1
701914,2025-01-25,UK Landbridge (Dublin-Holyhead),Nordic Freight Lines,1168.0,428.64,1,Y,0.367,2025-01,1
704310,2025-01-25,EU Direct (Dublin-Cherbourg),Celtic Sealink,917.0,526.08,3,Y,0.574,2025-01,1
704906,2025-01-25,EU Direct (Rosslare-Dunkirk),Atlantic Cargo Ferries,1891.0,1184.33,2,Y,0.626,2025-01,1
705033,2025-01-25,EU Direct (Rosslare-Dunkirk),Nordic Freight Lines,2015.0,967.61,2,Y,0.48,2025-01,1
705114,2025-01-25,EU Direct (Rosslare-Dunkirk),Nordic Freight Lines,305.0,147.01,3,Y,0.482,2025-01,1
703175,2025-01-25,EU Direct (Dublin-Cherbourg),Atlantic Cargo Ferries,527.0,372.92,2,Y,0.708,2025-01,1
702219,2025-01-25,UK Landbridge (Dublin-Holyhead),Nordic Freight Lines,50.0,18.86,1,Y,0.377,2025-01,1
700323,2025-01-25,UK Landbridge (Dublin-Holyhead),Celtic Sealink,1369.0,593.43,2,N,0.433,2025-01,0
705953,2025-01-25,EU Direct (Rosslare-Dunkirk),Nordic Freight Lines,2142.0,1052.21,2,Y,0.491,2025-01,1
700144,2025-01-25,UK Landbridge (Dublin-Holyhead),Celtic Sealink,1593.0,660.33,1,Y,0.415,2025-01,1
701758,2025-01-26,UK Landbridge (Dublin-Holyhead),Nordic Freight Lines,3622.0,1377.26,1,Y,0.38,2025-01,1
700102,2025-01-26,UK Landbridge (Dublin-Holyhead),Nordic Freight Lines,2215.0,791.63,1,Y,0.357,2025-01,1
703916,2025-01-26,EU Direct (Dublin-Cherbourg),Atlantic Cargo Ferries,50.0,30.59,2,Y,0.612,2025-01,1
704931,2025-01-26,EU Direct (Rosslare-Dunkirk),Nordic Freight Lines,794.0,382.99,2,Y,0.482,2025-01,1
702691,2025-01-26,UK Landbridge (Dublin-Holyhead),Nordic Freight Lines,50.0,20.41,1,Y,0.408,2025-01,1
703066,2025-01-27,EU Direct (Dublin-Cherbourg),Celtic Sealink,2594.0,1505.16,2,Y,0.58,2025-01,1
701977,2025-01-27,UK Landbridge (Dublin-Holyhead),Nordic Freight Lines,1692.0,680.37,1,Y,0.402,2025-01,1
705760,2025-01-27,EU Direct (Rosslare-Dunkirk),Atlantic Cargo Ferries,1393.0,852.8,2,Y,0.612,2025-01,1
705906,2025-01-27,EU Direct (Rosslare-Dunkirk),Atlantic Cargo Ferries,2925.0,1758.03,2,Y,0.601,2025-01,1
704796,2025-01-27,EU Direct (Rosslare-Dunkirk),Nordic Freight Lines,2592.0,1232.29,2,Y,0.475,2025-01,1
702171,2025-01-27,UK Landbridge (Dublin-Holyhead),Celtic Sealink,2183.0,883.96,1,Y,0.405,2025-01,1
705931,2025-01-27,EU Direct (Rosslare-Dunkirk),Nordic Freight Lines,1994.0,989.76,2,Y,0.496,2025-01,1
702417,2025-01-27,UK Landbridge (Dublin-Holyhead),Nordic Freight Lines,1972.0,783.57,1,Y,0.397,2025-01,1
704125,2025-01-27,EU Direct (Dublin-Cherbourg),Atlantic Cargo Ferries,1660.0,1046.37,1,Y,0.63,2025-01,1
701128,2025-01-27,UK Landbridge (Dublin-Holyhead),Celtic Sealink,2197.0,878.25,2,Y,0.4,2025-01,1
700755,2025-01-28,UK Landbridge (Dublin-Holyhead),Celtic Sealink,2195.0,888.28,1,Y,0.405,2025-01,1
703515,2025-01-28,EU Direct (Dublin-Cherbourg),Atlantic Cargo Ferries,2101.0,1435.62,2,Y,0.683,2025-01,1
702492,2025-01-28,UK Landbridge (Dublin-Holyhead),Celtic Sealink,3406.0,1466.21,1,Y,0.43,2025-01,1
701404,2025-01-28,UK Landbridge (Dublin-Holyhead),Nordic Freight Lines,1000.0,361.78,1,N,0.362,2025-01,0
705836,2025-01-28,EU Direct (Rosslare-Dunkirk),Atlantic Cargo Ferries,1323.0,867.17,2,Y,0.655,2025-01,1
701109,2025-01-28,UK Landbridge (Dublin-Holyhead),Celtic Sealink,2955.0,1142.34,1,Y,0.387,2025-01,1
700687,2025-01-28,UK Landbridge (Dublin-Holyhead),Celtic Sealink,2642.0,1068.74,1,Y,0.405,2025-01,1
705632,2025-01-28,EU Direct (Rosslare-Dunkirk),Nordic Freight Lines,50.0,24.64,2,Y,0.493,2025-01,1
704594,2025-01-28,EU Direct (Dublin-Cherbourg),Celtic Sealink,1357.0,792.27,2,Y,0.584,2025-01,1
701504,2025-01-28,UK Landbridge (Dublin-Holyhead),Celtic Sealink,3054.0,1235.83,1,Y,0.405,2025-01,1
702430,2025-01-28,UK Landbridge (Dublin-Holyhead),Nordic Freight Lines,1128.0,437.65,1,Y,0.388,2025-01,1
705912,2025-01-28,EU Direct (Rosslare-Dunkirk),Nordic Freight Lines,1269.0,603.2,2,N,0.475,2025-01,0
702658,2025-01-29,UK Landbridge (Dublin-Holyhead),Celtic Sealink,2398.0,972.66,1,Y,0.406,2025-01,1
705691,2025-01-29,EU Direct (Rosslare-Dunkirk),Atlantic Cargo Ferries,1697.0,1141.95,2,Y,0.673,2025-01,1
705150,2025-01-29,EU Direct (Rosslare-Dunkirk),Atlantic Cargo Ferries,1067.0,677.85,2,Y,0.635,2025-01,1
705423,2025-01-29,EU Direct (Rosslare-Dunkirk),Atlantic Cargo Ferries,50.0,31.51,2,Y,0.63,2025-01,1
703304,2025-01-29,EU Direct (Dublin-Cherbourg),Atlantic Cargo Ferries,2297.0,1583.58,2,N,0.689,2025-01,0
705672,2025-01-29,EU Direct (Rosslare-Dunkirk),Nordic Freight Lines,2779.0,1349.3,2,Y,0.486,2025-01,1
701614,2025-01-29,UK Landbridge (Dublin-Holyhead),Celtic Sealink,1104.0,461.57,1,Y,0.418,2025-01,1
702074,2025-01-29,UK Landbridge (Dublin-Holyhead),Nordic Freight Lines,1376.0,544.48,1,Y,0.396,2025-01,1
704926,2025-01-29,EU Direct (Rosslare-Dunkirk),Nordic Freight Lines,2324.0,1116.21,2,N,0.48,2025-01,0
701648,2025-01-29,UK Landbridge (Dublin-Holyhead),Nordic Freight Lines,3093.0,1118.35,1,Y,0.362,2025-01,1
704141,2025-01-29,EU Direct (Dublin-Cherbourg),Celtic Sealink,2969.0,1849.3,2,Y,0.623,2025-01,1
705062,2025-01-29,EU Direct (Rosslare-Dunkirk),Nordic Freight Lines,2033.0,937.95,1,Y,0.461,2025-01,1
700907,2025-01-29,UK Landbridge (Dublin-Holyhead),Nordic Freight Lines,4165.0,1481.6,1,Y,0.356,2025-01,1
700062,2025-01-30,UK Landbridge (Dublin-Holyhead),Celtic Sealink,2281.0,953.69,1,Y,0.418,2025-01,1
702674,2025-01-30,UK Landbridge (Dublin-Holyhead),Celtic Sealink,968.0,379.79,1,Y,0.392,2025-01,1
703657,2025-01-30,EU Direct (Dublin-Cherbourg),Atlantic Cargo Ferries,1433.0,917.91,2,Y,0.641,2025-01,1
702535,2025-01-30,UK Landbridge (Dublin-Holyhead),Celtic Sealink,1438.0,648.42,1,Y,0.451,2025-01,1
705529,2025-01-30,EU Direct (Rosslare-Dunkirk),Nordic Freight Lines,1133.0,608.88,2,Y,0.537,2025-01,1
702779,2025-01-30,UK Landbridge (Dublin-Holyhead),Nordic Freight Lines,364.0,148.1,1,Y,0.407,2025-01,1
700170,2025-01-30,UK Landbridge (Dublin-Holyhead),Nordic Freight Lines,4265.0,1512.38,1,Y,0.355,2025-01,1
700900,2025-01-30,UK Landbridge (Dublin-Holyhead),Nordic Freight Lines,1273.0,451.61,1,Y,0.355,2025-01,1
702702,2025-01-30,UK Landbridge (Dublin-Holyhead),Celtic Sealink,2054.0,827.79,1,Y,0.403,2025-01,1
702912,2025-01-30,EU Direct (Dublin-Cherbourg),Atlantic Cargo Ferries,2168.0,1488.29,2,N,0.686,2025-01,0
702195,2025-01-30,UK Landbridge (Dublin-Holyhead),Nordic Freight Lines,1477.0,544.29,1,Y,0.369,2025-01,1
703707,2025-01-31,EU Direct (Dublin-Cherbourg),Atlantic Cargo Ferries,1268.0,866.11,1,N,0.683,2025-01,0
702696,2025-01-31,UK Landbridge (Dublin-Holyhead),Celtic Sealink,2950.0,1193.94,2,Y,0.405,2025-01,1
702114,2025-01-31,UK Landbridge (Dublin-Holyhead),Nordic Freight Lines,2635.0,1026.28,1,Y,0.389,2025-01,1
700723,2025-01-31,UK Landbridge (Dublin-Holyhead),Celtic Sealink,2195.0,902.63,1,Y,0.411,2025-01,1
701740,2025-01-31,UK Landbridge (Dublin-Holyhead),Nordic Freight Lines,2521.0,948.25,1,Y,0.376,2025-01,1
704573,2025-01-31,EU Direct (Dublin-Cherbourg),Atlantic Cargo Ferries,1552.0,1021.97,2,Y,0.658,2025-01,1
701178,2025-01-31,UK Landbridge (Dublin-Holyhead),Celtic Sealink,1723.0,692.58,1,Y,0.402,2025-01,1
704742,2025-01-31,EU Direct (Rosslare-Dunkirk),Atlantic Cargo Ferries,2321.0,1456.94,2,Y,0.628,2025-01,1
705152,2025-01-31,EU Direct (Rosslare-Dunkirk),Atlantic Cargo Ferries,695.0,466.46,3,Y,0.671,2025-01,1
703867,2025-02-01,EU Direct (Dublin-Cherbourg),Celtic Sealink,2840.0,1754.39,2,Y,0.618,2025-02,1
704662,2025-02-01,EU Direct (Rosslare-Dunkirk),Atlantic Cargo Ferries,2371.0,1540.77,2,Y,0.65,2025-02,1
700023,2025-02-01,UK Landbridge (Dublin-Holyhead),Nordic Freight Lines,3069.0,1165.04,1,Y,0.38,2025-02,1
703554,2025-02-01,EU Direct (Dublin-Cherbourg),Celtic Sealink,1270.0,710.45,2,Y,0.559,2025-02,1
703992,2025-02-01,EU Direct (Dublin-Cherbourg),Atlantic Cargo Ferries,2116.0,1452.1,2,Y,0.686,2025-02,1
705217,2025-02-01,EU Direct (Rosslare-Dunkirk),Nordic Freight Lines,1292.0,600.42,2,Y,0.465,2025-02,1
703764,2025-02-01,EU Direct (Dublin-Cherbourg),Atlantic Cargo Ferries,1464.0,1040.46,2,Y,0.711,2025-02,1
701013,2025-02-01,UK Landbridge (Dublin-Holyhead),Celtic Sealink,2272.0,937.98,1,Y,0.413,2025-02,1
702331,2025-02-02,UK Landbridge (Dublin-Holyhead),Celtic Sealink,1697.0,679.65,1,Y,0.401,2025-02,1
703818,2025-02-02,EU Direct (Dublin-Cherbourg),Celtic Sealink,1556.0,971.05,2,Y,0.624,2025-02,1
704252,2025-02-02,EU Direct (Dublin-Cherbourg),Celtic Sealink,50.0,26.99,2,Y,0.54,2025-02,1
704756,2025-02-03,EU Direct (Rosslare-Dunkirk),Nordic Freight Lines,1674.0,896.44,3,Y,0.536,2025-02,1
703470,2025-02-03,EU Direct (Dublin-Cherbourg),Celtic Sealink,1033.0,604.28,3,Y,0.585,2025-02,1
700215,2025-02-03,UK Landbridge (Dublin-Holyhead),Celtic Sealink,1486.0,600.24,1,Y,0.404,2025-02,1
704340,2025-02-03,EU Direct (Dublin-Cherbourg),Atlantic Cargo Ferries,1419.0,1012.51,2,Y,0.714,2025-02,1
700426,2025-02-03,UK Landbridge (Dublin-Holyhead),Nordic Freight Lines,2456.0,873.01,1,Y,0.355,2025-02,1
703645,2025-02-03,EU Direct (Dublin-Cherbourg),Celtic Sealink,1512.0,924.54,2,Y,0.611,2025-02,1
701598,2025-02-03,UK Landbridge (Dublin-Holyhead),Nordic Freight Lines,2195.0,839.31,1,Y,0.382,2025-02,1
704661,2025-02-03,EU Direct (Rosslare-Dunkirk),Atlantic Cargo Ferries,1932.0,1264.14,2,Y,0.654,2025-02,1
702465,2025-02-04,UK Landbridge (Dublin-Holyhead),Nordic Freight Lines,3017.0,1062.54,1,Y,0.352,2025-02,1
704644,2025-02-04,EU Direct (Rosslare-Dunkirk),Atlantic Cargo Ferries,2184.0,1392.72,2,Y,0.638,2025-02,1
703013,2025-02-04,EU Direct (Dublin-Cherbourg),Atlantic Cargo Ferries,908.0,570.57,2,Y,0.628,2025-02,1
702256,2025-02-04,UK Landbridge (Dublin-Holyhead),Celtic Sealink,2198.0,878.85,2,Y,0.4,2025-02,1
704834,2025-02-04,EU Direct (Rosslare-Dunkirk),Nordic Freight Lines,1886.0,1012.33,2,Y,0.537,2025-02,1
705797,2025-02-04,EU Direct (Rosslare-Dunkirk),Atlantic Cargo Ferries,2229.0,1446.61,2,N,0.649,2025-02,0
701921,2025-02-05,UK Landbridge (Dublin-Holyhead),Nordic Freight Lines,1954.0,789.38,1,Y,0.404,2025-02,1
704068,2025-02-05,EU Direct (Dublin-Cherbourg),Celtic Sealink,1401.0,843.29,2,Y,0.602,2025-02,1
702382,2025-02-05,UK Landbridge (Dublin-Holyhead),Nordic Freight Lines,1213.0,494.67,1,Y,0.408,2025-02,1
704377,2025-02-05,EU Direct (Dublin-Cherbourg),Atlantic Cargo Ferries,50.0,35.05,2,N,0.701,2025-02,0
705073,2025-02-05,EU Direct (Rosslare-Dunkirk),Atlantic Cargo Ferries,2973.0,1889.13,2,N,0.635,2025-02,0
705855,2025-02-05,EU Direct (Rosslare-Dunkirk),Atlantic Cargo Ferries,1583.0,978.9,1,Y,0.618,2025-02,1
701493,2025-02-05,UK Landbridge (Dublin-Holyhead),Celtic Sealink,2036.0,864.49,1,Y,0.425,2025-02,1
700451,2025-02-05,UK Landbridge (Dublin-Holyhead),Celtic Sealink,955.0,379.63,1,Y,0.398,2025-02,1
702687,2025-02-05,UK Landbridge (Dublin-Holyhead),Nordic Freight Lines,710.0,292.96,1,N,0.413,2025-02,0
701589,2025-02-06,UK Landbridge (Dublin-Holyhead),Celtic Sealink,2266.0,931.53,1,Y,0.411,2025-02,1
704436,2025-02-06,EU Direct (Dublin-Cherbourg),Atlantic Cargo Ferries,2207.0,1535.41,2,Y,0.696,2025-02,1
700033,2025-02-06,UK Landbridge (Dublin-Holyhead),Celtic Sealink,2612.0,1048.58,1,Y,0.401,2025-02,1
705093,2025-02-06,EU Direct (Rosslare-Dunkirk),Atlantic Cargo Ferries,2081.0,1230.24,3,Y,0.591,2025-02,1
702742,2025-02-06,UK Landbridge (Dublin-Holyhead),Nordic Freight Lines,1899.0,693.14,1,N,0.365,2025-02,0
701131,2025-02-06,UK Landbridge (Dublin-Holyhead),Celtic Sealink,2550.0,1143.53,1,N,0.448,2025-02,0
702513,2025-02-06,UK Landbridge (Dublin-Holyhead),Celtic Sealink,2582.0,1067.42,1,Y,0.413,2025-02,1
702226,2025-02-07,UK Landbridge (Dublin-Holyhead),Nordic Freight Lines,2023.0,757.49,1,Y,0.374,2025-02,1
702977,2025-02-07,EU Direct (Dublin-Cherbourg),Celtic Sealink,1994.0,1084.34,2,Y,0.544,2025-02,1
700011,2025-02-07,UK Landbridge (Dublin-Holyhead),Celtic Sealink,3021.0,1284.44,1,Y,0.425,2025-02,1
703710,2025-02-07,EU Direct (Dublin-Cherbourg),Atlantic Cargo Ferries,2403.0,1711.59,2,Y,0.712,2025-02,1
703648,2025-02-07,EU Direct (Dublin-Cherbourg),Atlantic Cargo Ferries,1644.0,1032.37,2,N,0.628,2025-02,0
704813,2025-02-07,EU Direct (Rosslare-Dunkirk),Nordic Freight Lines,2211.0,1081.87,2,Y,0.489,2025-02,1
705966,2025-02-07,EU Direct (Rosslare-Dunkirk),Nordic Freight Lines,654.0,319.76,2,Y,0.489,2025-02,1
700149,2025-02-07,UK Landbridge (Dublin-Holyhead),Nordic Freight Lines,988.0,358.75,1,Y,0.363,2025-02,1
702272,2025-02-07,UK Landbridge (Dublin-Holyhead),Celtic Sealink,2781.0,1170.11,1,Y,0.421,2025-02,1
700458,2025-02-07,UK Landbridge (Dublin-Holyhead),Nordic Freight Lines,840.0,322.22,1,Y,0.384,2025-02,1
703154,2025-02-07,EU Direct (Dublin-Cherbourg),Celtic Sealink,1691.0,910.68,2,Y,0.539,2025-02,1
703424,2025-02-08,EU Direct (Dublin-Cherbourg),Celtic Sealink,3478.0,2066.89,3,Y,0.594,2025-02,1
702528,2025-02-08,UK Landbridge (Dublin-Holyhead),Celtic Sealink,3259.0,1404.21,1,Y,0.431,2025-02,1
704606,2025-02-08,EU Direct (Dublin-Cherbourg),Celtic Sealink,2277.0,1340.6,2,Y,0.589,2025-02,1
703646,2025-02-08,EU Direct (Dublin-Cherbourg),Atlantic Cargo Ferries,2456.0,1555.64,2,Y,0.633,2025-02,1
705611,2025-02-09,EU Direct (Rosslare-Dunkirk),Nordic Freight Lines,1564.0,789.67,3,Y,0.505,2025-02,1
705799,2025-02-09,EU Direct (Rosslare-Dunkirk),Nordic Freight Lines,1931.0,979.57,2,Y,0.507,2025-02,1
705119,2025-02-09,EU Direct (Rosslare-Dunkirk),Atlantic Cargo Ferries,2132.0,1270.53,2,Y,0.596,2025-02,1
704812,2025-02-09,EU Direct (Rosslare-Dunkirk),Atlantic Cargo Ferries,1387.0,854.15,2,N,0.616,2025-02,0
703673,2025-02-09,EU Direct (Dublin-Cherbourg),Celtic Sealink,2138.0,1246.52,2,Y,0.583,2025-02,1
704850,2025-02-09,EU Direct (Rosslare-Dunkirk),Nordic Freight Lines,50.0,24.92,2,Y,0.498,2025-02,1
702508,2025-02-09,UK Landbridge (Dublin-Holyhead),Nordic Freight Lines,1848.0,727.56,1,Y,0.394,2025-02,1
704227,2025-02-09,EU Direct (Dublin-Cherbourg),Celtic Sealink,2059.0,1217.59,3,Y,0.591,2025-02,1
701287,2025-02-10,UK Landbridge (Dublin-Holyhead),Nordic Freight Lines,834.0,297.25,1,N,0.356,2025-02,0
700222,2025-02-10,UK Landbridge (Dublin-Holyhead),Celtic Sealink,3490.0,1425.5,1,Y,0.408,2025-02,1
703155,2025-02-10,EU Direct (Dublin-Cherbourg),Atlantic Cargo Ferries,2947.0,2069.35,2,Y,0.702,2025-02,1
702370,2025-02-10,UK Landbridge (Dublin-Holyhead),Celtic Sealink,1819.0,804.67,1,Y,0.442,2025-02,1
703182,2025-02-10,EU Direct (Dublin-Cherbourg),Atlantic Cargo Ferries,1264.0,851.0,1,Y,0.673,2025-02,1
701291,2025-02-11,UK Landbridge (Dublin-Holyhead),Celtic Sealink,3397.0,1505.74,1,Y,0.443,2025-02,1
703851,2025-02-11,EU Direct (Dublin-Cherbourg),Atlantic Cargo Ferries,2098.0,1481.64,2,Y,0.706,2025-02,1
704912,2025-02-11,EU Direct (Rosslare-Dunkirk),Nordic Freight Lines,1538.0,787.33,2,N,0.512,2025-02,0
704177,2025-02-11,EU Direct (Dublin-Cherbourg),Celtic Sealink,2971.0,1858.94,2,Y,0.626,2025-02,1
702443,2025-02-12,UK Landbridge (Dublin-Holyhead),Celtic Sealink,1711.0,678.24,1,Y,0.396,2025-02,1
705559,2025-02-12,EU Direct (Rosslare-Dunkirk),Atlantic Cargo Ferries,3476.0,2077.2,2,Y,0.598,2025-02,1
700574,2025-02-12,UK Landbridge (Dublin-Holyhead),Nordic Freight Lines,1768.0,665.73,1,Y,0.377,2025-02,1
704268,2025-02-12,EU Direct (Dublin-Cherbourg),Atlantic Cargo Ferries,2109.0,1297.83,2,Y,0.615,2025-02,1
700832,2025-02-12,UK Landbridge (Dublin-Holyhead),Celtic Sealink,1910.0,804.55,1,Y,0.421,2025-02,1
701417,2025-02-12,UK Landbridge (Dublin-Holyhead),Nordic Freight Lines,2082.0,815.11,1,Y,0.392,2025-02,1
704950,2025-02-13,EU Direct (Rosslare-Dunkirk),Atlantic Cargo Ferries,1431.0,947.1,2,Y,0.662,2025-02,1
704421,2025-02-13,EU Direct (Dublin-Cherbourg),Atlantic Cargo Ferries,1547.0,968.47,2,Y,0.626,2025-02,1
705825,2025-02-13,EU Direct (Rosslare-Dunkirk),Nordic Freight Lines,1832.0,925.32,2,N,0.505,2025-02,0
703948,2025-02-13,EU Direct (Dublin-Cherbourg),Celtic Sealink,2423.0,1421.34,2,Y,0.587,2025-02,1
701454,2025-02-13,UK Landbridge (Dublin-Holyhead),Nordic Freight Lines,1361.0,501.02,1,Y,0.368,2025-02,1
705103,2025-02-13,EU Direct (Rosslare-Dunkirk),Atlantic Cargo Ferries,2571.0,1671.77,2,N,0.65,2025-02,0
701043,2025-02-13,UK Landbridge (Dublin-Holyhead),Nordic Freight Lines,356.0,127.65,1,Y,0.359,2025-02,1
705323,2025-02-13,EU Direct (Rosslare-Dunkirk),Nordic Freight Lines,1438.0,666.34,2,Y,0.463,2025-02,1
701118,2025-02-13,UK Landbridge (Dublin-Holyhead),Nordic Freight Lines,1660.0,645.98,1,Y,0.389,2025-02,1
703221,2025-02-14,EU Direct (Dublin-Cherbourg),Atlantic Cargo Ferries,3249.0,2071.13,2,Y,0.637,2025-02,1
702939,2025-02-14,EU Direct (Dublin-Cherbourg),Atlantic Cargo Ferries,2552.0,1707.13,2,Y,0.669,2025-02,1
703050,2025-02-14,EU Direct (Dublin-Cherbourg),Celtic Sealink,2244.0,1247.29,2,Y,0.556,2025-02,1
701530,2025-02-14,UK Landbridge (Dublin-Holyhead),Celtic Sealink,2110.0,930.3,2,Y,0.441,2025-02,1
704385,2025-02-14,EU Direct (Dublin-Cherbourg),Celtic Sealink,1518.0,824.92,2,Y,0.543,2025-02,1
704223,2025-02-14,EU Direct (Dublin-Cherbourg),Celtic Sealink,1514.0,922.2,2,Y,0.609,2025-02,1
704151,2025-02-14,EU Direct (Dublin-Cherbourg),Celtic Sealink,2543.0,1380.55,2,Y,0.543,2025-02,1
702650,2025-02-15,UK Landbridge (Dublin-Holyhead),Celtic Sealink,2372.0,1043.98,1,Y,0.44,2025-02,1
701645,2025-02-15,UK Landbridge (Dublin-Holyhead),Celtic Sealink,2493.0,993.67,1,Y,0.399,2025-02,1
704716,2025-02-15,EU Direct (Rosslare-Dunkirk),Nordic Freight Lines,2626.0,1216.37,2,Y,0.463,2025-02,1
704729,2025-02-15,EU Direct (Rosslare-Dunkirk),Atlantic Cargo Ferries,1504.0,935.2,2,Y,0.622,2025-02,1
703551,2025-02-15,EU Direct (Dublin-Cherbourg),Atlantic Cargo Ferries,2572.0,1615.77,2,Y,0.628,2025-02,1
700601,2025-02-15,UK Landbridge (Dublin-Holyhead),Nordic Freight Lines,2808.0,997.67,1,Y,0.355,2025-02,1
702055,2025-02-15,UK Landbridge (Dublin-Holyhead),Celtic Sealink,165.0,66.17,1,Y,0.401,2025-02,1
700783,2025-02-15,UK Landbridge (Dublin-Holyhead),Celtic Sealink,2022.0,791.68,1,Y,0.392,2025-02,1
702069,2025-02-15,UK Landbridge (Dublin-Holyhead),Celtic Sealink,1525.0,659.61,1,Y,0.433,2025-02,1
703138,2025-02-16,EU Direct (Dublin-Cherbourg),Atlantic Cargo Ferries,2709.0,1847.7,2,Y,0.682,2025-02,1
702400,2025-02-16,UK Landbridge (Dublin-Holyhead),Nordic Freight Lines,2436.0,985.91,1,Y,0.405,2025-02,1
704087,2025-02-16,EU Direct (Dublin-Cherbourg),Atlantic Cargo Ferries,1718.0,1125.45,2,Y,0.655,2025-02,1
705250,2025-02-16,EU Direct (Rosslare-Dunkirk),Nordic Freight Lines,2205.0,1034.35,2,Y,0.469,2025-02,1
704028,2025-02-16,EU Direct (Dublin-Cherbourg),Atlantic Cargo Ferries,1671.0,1053.65,2,N,0.631,2025-02,0
705667,2025-02-16,EU Direct (Rosslare-Dunkirk),Nordic Freight Lines,78.0,41.25,1,Y,0.529,2025-02,1
705961,2025-02-16,EU Direct (Rosslare-Dunkirk),Nordic Freight Lines,1171.0,561.92,3,Y,0.48,2025-02,1
702628,2025-02-16,UK Landbridge (Dublin-Holyhead),Celtic Sealink,1465.0,634.32,1,Y,0.433,2025-02,1
700959,2025-02-16,UK Landbridge (Dublin-Holyhead),Nordic Freight Lines,2653.0,1076.68,1,Y,0.406,2025-02,1
703296,2025-02-16,EU Direct (Dublin-Cherbourg),Celtic Sealink,2079.0,1137.1,2,Y,0.547,2025-02,1
703292,2025-02-16,EU Direct (Dublin-Cherbourg),Atlantic Cargo Ferries,2319.0,1474.75,2,Y,0.636,2025-02,1
704924,2025-02-16,EU Direct (Rosslare-Dunkirk),Atlantic Cargo Ferries,2668.0,1664.82,2,Y,0.624,2025-02,1
702633,2025-02-17,UK Landbridge (Dublin-Holyhead),Celtic Sealink,1883.0,809.7,1,Y,0.43,2025-02,1
704225,2025-02-17,EU Direct (Dublin-Cherbourg),Atlantic Cargo Ferries,2662.0,1830.03,2,Y,0.687,2025-02,1
705500,2025-02-17,EU Direct (Rosslare-Dunkirk),Nordic Freight Lines,50.0,24.28,2,Y,0.486,2025-02,1
704158,2025-02-17,EU Direct (Dublin-Cherbourg),Atlantic Cargo Ferries,2785.0,1905.68,2,N,0.684,2025-02,0
701883,2025-02-17,UK Landbridge (Dublin-Holyhead),Celtic Sealink,1160.0,514.5,2,Y,0.444,2025-02,1
701511,2025-02-17,UK Landbridge (Dublin-Holyhead),Celtic Sealink,631.0,279.07,1,Y,0.442,2025-02,1
704122,2025-02-17,EU Direct (Dublin-Cherbourg),Atlantic Cargo Ferries,1062.0,701.9,1,N,0.661,2025-02,0
704426,2025-02-17,EU Direct (Dublin-Cherbourg),Celtic Sealink,127.0,70.15,2,Y,0.552,2025-02,1
705084,2025-02-17,EU Direct (Rosslare-Dunkirk),Nordic Freight Lines,1238.0,663.07,2,Y,0.536,2025-02,1
701155,2025-02-17,UK Landbridge (Dublin-Holyhead),Celtic Sealink,340.0,135.93,1,Y,0.4,2025-02,1
700171,2025-02-18,UK Landbridge (Dublin-Holyhead),Celtic Sealink,1699.0,718.44,1,Y,0.423,2025-02,1
705309,2025-02-18,EU Direct (Rosslare-Dunkirk),Nordic Freight Lines,1991.0,1041.84,2,Y,0.523,2025-02,1
701440,2025-02-18,UK Landbridge (Dublin-Holyhead),Celtic Sealink,50.0,21.02,1,N,0.42,2025-02,0
705538,2025-02-18,EU Direct (Rosslare-Dunkirk),Nordic Freight Lines,2660.0,1282.29,2,Y,0.482,2025-02,1
702420,2025-02-18,UK Landbridge (Dublin-Holyhead),Celtic Sealink,1935.0,767.57,1,N,0.397,2025-02,0
704142,2025-02-18,EU Direct (Dublin-Cherbourg),Atlantic Cargo Ferries,3413.0,2077.78,2,Y,0.609,2025-02,1
702427,2025-02-18,UK Landbridge (Dublin-Holyhead),Celtic Sealink,1202.0,479.71,1,Y,0.399,2025-02,1
705773,2025-02-18,EU Direct (Rosslare-Dunkirk),Nordic Freight Lines,1597.0,821.46,2,Y,0.514,2025-02,1
700151,2025-02-19,UK Landbridge (Dublin-Holyhead),Nordic Freight Lines,2509.0,936.79,1,Y,0.373,2025-02,1
703991,2025-02-19,EU Direct (Dublin-Cherbourg),Celtic Sealink,1700.0,907.31,3,Y,0.534,2025-02,1
702720,2025-02-19,UK Landbridge (Dublin-Holyhead),Celtic Sealink,1101.0,467.68,1,Y,0.425,2025-02,1
700586,2025-02-19,UK Landbridge (Dublin-Holyhead),Celtic Sealink,2091.0,810.42,1,Y,0.388,2025-02,1
701297,2025-02-19,UK Landbridge (Dublin-Holyhead),Nordic Freight Lines,2335.0,921.92,1,Y,0.395,2025-02,1
704280,2025-02-19,EU Direct (Dublin-Cherbourg),Celtic Sealink,1496.0,818.22,2,Y,0.547,2025-02,1
701993,2025-02-19,UK Landbridge (Dublin-Holyhead),Nordic Freight Lines,1914.0,689.9,1,Y,0.36,2025-02,1
701456,2025-02-19,UK Landbridge (Dublin-Holyhead),Celtic Sealink,1884.0,852.17,1,Y,0.452,2025-02,1
702318,2025-02-19,UK Landbridge (Dublin-Holyhead),Nordic Freight Lines,1197.0,453.56,1,Y,0.379,2025-02,1
704977,2025-02-19,EU Direct (Rosslare-Dunkirk),Atlantic Cargo Ferries,3473.0,2221.15,2,Y,0.64,2025-02,1
703523,2025-02-19,EU Direct (Dublin-Cherbourg),Celtic Sealink,1553.0,830.9,3,Y,0.535,2025-02,1
700213,2025-02-20,UK Landbridge (Dublin-Holyhead),Celtic Sealink,93.0,40.39,1,Y,0.434,2025-02,1
705424,2025-02-20,EU Direct (Rosslare-Dunkirk),Atlantic Cargo Ferries,783.0,483.76,2,Y,0.618,2025-02,1
704684,2025-02-20,EU Direct (Rosslare-Dunkirk),Atlantic Cargo Ferries,1939.0,1301.01,2,Y,0.671,2025-02,1
704152,2025-02-20,EU Direct (Dublin-Cherbourg),Celtic Sealink,864.0,494.69,2,Y,0.573,2025-02,1
703129,2025-02-20,EU Direct (Dublin-Cherbourg),Atlantic Cargo Ferries,1222.0,857.82,2,Y,0.702,2025-02,1
702816,2025-02-20,UK Landbridge (Dublin-Holyhead),Nordic Freight Lines,842.0,307.49,1,Y,0.365,2025-02,1
701462,2025-02-20,UK Landbridge (Dublin-Holyhead),Celtic Sealink,2871.0,1297.74,1,Y,0.452,2025-02,1
700005,2025-02-20,UK Landbridge (Dublin-Holyhead),Nordic Freight Lines,4770.0,1922.33,1,Y,0.403,2025-02,1
705756,2025-02-20,EU Direct (Rosslare-Dunkirk),Atlantic Cargo Ferries,2382.0,1555.23,2,Y,0.653,2025-02,1
701308,2025-02-21,UK Landbridge (Dublin-Holyhead),Celtic Sealink,1845.0,735.08,1,Y,0.398,2025-02,1
700573,2025-02-21,UK Landbridge (Dublin-Holyhead),Celtic Sealink,3024.0,1310.48,1,Y,0.433,2025-02,1
700600,2025-02-21,UK Landbridge (Dublin-Holyhead),Nordic Freight Lines,1935.0,688.7,1,Y,0.356,2025-02,1
704502,2025-02-21,EU Direct (Dublin-Cherbourg),Atlantic Cargo Ferries,3108.0,2014.83,3,Y,0.648,2025-02,1
704727,2025-02-21,EU Direct (Rosslare-Dunkirk),Atlantic Cargo Ferries,1846.0,1177.48,2,Y,0.638,2025-02,1
700865,2025-02-21,UK Landbridge (Dublin-Holyhead),Nordic Freight Lines,1336.0,492.15,1,Y,0.368,2025-02,1
703849,2025-02-22,EU Direct (Dublin-Cherbourg),Atlantic Cargo Ferries,2538.0,1715.05,3,Y,0.676,2025-02,1
700176,2025-02-22,UK Landbridge (Dublin-Holyhead),Celtic Sealink,873.0,384.67,1,Y,0.441,2025-02,1
702519,2025-02-22,UK Landbridge (Dublin-Holyhead),Nordic Freight Lines,1890.0,743.4,1,Y,0.393,2025-02,1
703616,2025-02-22,EU Direct (Dublin-Cherbourg),Atlantic Cargo Ferries,1936.0,1253.66,2,Y,0.648,2025-02,1
701145,2025-02-22,UK Landbridge (Dublin-Holyhead),Celtic Sealink,2987.0,1276.33,1,Y,0.427,2025-02,1
700436,2025-02-22,UK Landbridge (Dublin-Holyhead),Nordic Freight Lines,2405.0,914.69,1,Y,0.38,2025-02,1
703265,2025-02-22,EU Direct (Dublin-Cherbourg),Atlantic Cargo Ferries,2510.0,1743.81,1,Y,0.695,2025-02,1
703928,2025-02-22,EU Direct (Dublin-Cherbourg),Celtic Sealink,2704.0,1459.0,1,Y,0.54,2025-02,1
703574,2025-02-22,EU Direct (Dublin-Cherbourg),Atlantic Cargo Ferries,2509.0,1773.93,2,Y,0.707,2025-02,1
704726,2025-02-23,EU Direct (Rosslare-Dunkirk),Atlantic Cargo Ferries,1862.0,1218.36,2,Y,0.654,2025-02,1
704835,2025-02-23,EU Direct (Rosslare-Dunkirk),Atlantic Cargo Ferries,3223.0,2150.81,2,Y,0.667,2025-02,1
703714,2025-02-23,EU Direct (Dublin-Cherbourg),Atlantic Cargo Ferries,1565.0,967.95,2,Y,0.618,2025-02,1
704411,2025-02-23,EU Direct (Dublin-Cherbourg),Celtic Sealink,1691.0,1015.89,2,Y,0.601,2025-02,1
701891,2025-02-24,UK Landbridge (Dublin-Holyhead),Celtic Sealink,1753.0,730.33,1,Y,0.417,2025-02,1
700358,2025-02-24,UK Landbridge (Dublin-Holyhead),Nordic Freight Lines,1892.0,694.23,1,Y,0.367,2025-02,1
700801,2025-02-24,UK Landbridge (Dublin-Holyhead),Nordic Freight Lines,1423.0,559.25,1,Y,0.393,2025-02,1
705763,2025-02-24,EU Direct (Rosslare-Dunkirk),Atlantic Cargo Ferries,2621.0,1735.16,2,Y,0.662,2025-02,1
702788,2025-02-24,UK Landbridge (Dublin-Holyhead),Nordic Freight Lines,1164.0,454.0,1,Y,0.39,2025-02,1
702134,2025-02-24,UK Landbridge (Dublin-Holyhead),Celtic Sealink,1441.0,611.87,1,Y,0.425,2025-02,1
705686,2025-02-24,EU Direct (Rosslare-Dunkirk),Atlantic Cargo Ferries,1278.0,809.24,3,Y,0.633,2025-02,1
703157,2025-02-24,EU Direct (Dublin-Cherbourg),Celtic Sealink,1349.0,745.32,2,N,0.552,2025-02,0
704980,2025-02-25,EU Direct (Rosslare-Dunkirk),Nordic Freight Lines,2636.0,1325.25,1,N,0.503,2025-02,0
705234,2025-02-25,EU Direct (Rosslare-Dunkirk),Atlantic Cargo Ferries,439.0,273.89,2,Y,0.624,2025-02,1
700767,2025-02-25,UK Landbridge (Dublin-Holyhead),Nordic Freight Lines,728.0,297.8,1,Y,0.409,2025-02,1
704079,2025-02-25,EU Direct (Dublin-Cherbourg),Celtic Sealink,2604.0,1390.43,2,Y,0.534,2025-02,1
702616,2025-02-25,UK Landbridge (Dublin-Holyhead),Celtic Sealink,2499.0,1096.29,1,Y,0.439,2025-02,1
705626,2025-02-25,EU Direct (Rosslare-Dunkirk),Nordic Freight Lines,995.0,514.15,1,Y,0.517,2025-02,1
703715,2025-02-25,EU Direct (Dublin-Cherbourg),Atlantic Cargo Ferries,2045.0,1413.04,2,Y,0.691,2025-02,1
704776,2025-02-25,EU Direct (Rosslare-Dunkirk),Nordic Freight Lines,2551.0,1238.39,2,Y,0.485,2025-02,1
703843,2025-02-25,EU Direct (Dublin-Cherbourg),Atlantic Cargo Ferries,1181.0,735.6,2,Y,0.623,2025-02,1
700506,2025-02-25,UK Landbridge (Dublin-Holyhead),Celtic Sealink,2423.0,1084.78,1,Y,0.448,2025-02,1
705376,2025-02-25,EU Direct (Rosslare-Dunkirk),Atlantic Cargo Ferries,341.0,207.4,2,Y,0.608,2025-02,1
700847,2025-02-26,UK Landbridge (Dublin-Holyhead),Celtic Sealink,2188.0,918.07,1,Y,0.42,2025-02,1
703213,2025-02-26,EU Direct (Dublin-Cherbourg),Celtic Sealink,1904.0,1031.34,2,Y,0.542,2025-02,1
702189,2025-02-26,UK Landbridge (Dublin-Holyhead),Nordic Freight Lines,1952.0,773.3,1,Y,0.396,2025-02,1
700613,2025-02-26,UK Landbridge (Dublin-Holyhead),Nordic Freight Lines,1431.0,558.38,1,N,0.39,2025-02,0
705101,2025-02-26,EU Direct (Rosslare-Dunkirk),Atlantic Cargo Ferries,880.0,592.75,2,N,0.674,2025-02,0
701116,2025-02-26,UK Landbridge (Dublin-Holyhead),Nordic Freight Lines,1641.0,675.48,1,Y,0.412,2025-02,1
704940,2025-02-26,EU Direct (Rosslare-Dunkirk),Atlantic Cargo Ferries,2499.0,1454.74,2,Y,0.582,2025-02,1
704692,2025-02-26,EU Direct (Rosslare-Dunkirk),Atlantic Cargo Ferries,1642.0,969.91,2,N,0.591,2025-02,0
701623,2025-02-27,UK Landbridge (Dublin-Holyhead),Celtic Sealink,2152.0,844.1,1,Y,0.392,2025-02,1
702456,2025-02-27,UK Landbridge (Dublin-Holyhead),Nordic Freight Lines,1512.0,561.13,1,Y,0.371,2025-02,1
703729,2025-02-27,EU Direct (Dublin-Cherbourg),Atlantic Cargo Ferries,1937.0,1225.1,2,N,0.632,2025-02,0
700715,2025-02-27,UK Landbridge (Dublin-Holyhead),Nordic Freight Lines,2302.0,838.68,1,N,0.364,2025-02,0
704476,2025-02-27,EU Direct (Dublin-Cherbourg),Celtic Sealink,1007.0,554.42,2,Y,0.551,2025-02,1
700250,2025-02-28,UK Landbridge (Dublin-Holyhead),Celtic Sealink,2031.0,819.37,1,Y,0.403,2025-02,1
703738,2025-02-28,EU Direct (Dublin-Cherbourg),Celtic Sealink,1351.0,827.81,3,Y,0.613,2025-02,1
703583,2025-02-28,EU Direct (Dublin-Cherbourg),Celtic Sealink,2064.0,1137.2,2,Y,0.551,2025-02,1
701186,2025-02-28,UK Landbridge (Dublin-Holyhead),Nordic Freight Lines,1880.0,732.37,2,Y,0.39,2025-02,1
705389,2025-03-01,EU Direct (Rosslare-Dunkirk),Atlantic Cargo Ferries,686.0,450.52,3,Y,0.657,2025-03,1
703320,2025-03-01,EU Direct (Dublin-Cherbourg),Celtic Sealink,1996.0,1114.28,2,Y,0.558,2025-03,1
700093,2025-03-01,UK Landbridge (Dublin-Holyhead),Celtic Sealink,2238.0,903.78,1,Y,0.404,2025-03,1
700126,2025-03-01,UK Landbridge (Dublin-Holyhead),Nordic Freight Lines,2363.0,875.27,1,Y,0.37,2025-03,1
703597,2025-03-01,EU Direct (Dublin-Cherbourg),Atlantic Cargo Ferries,1257.0,830.83,2,Y,0.661,2025-03,1
704567,2025-03-01,EU Direct (Dublin-Cherbourg),Celtic Sealink,50.0,27.41,3,Y,0.548,2025-03,1
702770,2025-03-02,UK Landbridge (Dublin-Holyhead),Celtic Sealink,879.0,361.76,1,Y,0.412,2025-03,1
701629,2025-03-02,UK Landbridge (Dublin-Holyhead),Celtic Sealink,3027.0,1261.99,1,Y,0.417,2025-03,1
702451,2025-03-02,UK Landbridge (Dublin-Holyhead),Celtic Sealink,687.0,270.28,1,Y,0.393,2025-03,1
705692,2025-03-02,EU Direct (Rosslare-Dunkirk),Nordic Freight Lines,819.0,384.29,2,Y,0.469,2025-03,1
705298,2025-03-02,EU Direct (Rosslare-Dunkirk),Atlantic Cargo Ferries,1299.0,860.92,2,Y,0.663,2025-03,1
700407,2025-03-02,UK Landbridge (Dublin-Holyhead),Nordic Freight Lines,2392.0,912.53,1,Y,0.381,2025-03,1
700310,2025-03-02,UK Landbridge (Dublin-Holyhead),Nordic Freight Lines,1204.0,431.67,1,Y,0.359,2025-03,1
701633,2025-03-02,UK Landbridge (Dublin-Holyhead),Celtic Sealink,2983.0,1271.9,1,Y,0.426,2025-03,1
701074,2025-03-02,UK Landbridge (Dublin-Holyhead),Nordic Freight Lines,1242.0,482.86,1,Y,0.389,2025-03,1
705647,2025-03-02,EU Direct (Rosslare-Dunkirk),Nordic Freight Lines,1374.0,644.39,2,Y,0.469,2025-03,1
703088,2025-03-03,EU Direct (Dublin-Cherbourg),Atlantic Cargo Ferries,2548.0,1637.74,3,Y,0.643,2025-03,1
702494,2025-03-03,UK Landbridge (Dublin-Holyhead),Celtic Sealink,2595.0,1170.66,2,Y,0.451,2025-03,1
701230,2025-03-03,UK Landbridge (Dublin-Holyhead),Nordic Freight Lines,2072.0,797.77,1,Y,0.385,2025-03,1
701657,2025-03-03,UK Landbridge (Dublin-Holyhead),Nordic Freight Lines,3098.0,1130.79,2,N,0.365,2025-03,0
704185,2025-03-03,EU Direct (Dublin-Cherbourg),Atlantic Cargo Ferries,50.0,32.07,2,Y,0.641,2025-03,1
702060,2025-03-03,UK Landbridge (Dublin-Holyhead),Celtic Sealink,3754.0,1517.1,1,Y,0.404,2025-03,1
705925,2025-03-03,EU Direct (Rosslare-Dunkirk),Nordic Freight Lines,2501.0,1200.7,2,Y,0.48,2025-03,1
701316,2025-03-03,UK Landbridge (Dublin-Holyhead),Celtic Sealink,932.0,362.56,1,Y,0.389,2025-03,1
704300,2025-03-03,EU Direct (Dublin-Cherbourg),Celtic Sealink,917.0,522.41,2,Y,0.57,2025-03,1
703777,2025-03-03,EU Direct (Dublin-Cherbourg),Atlantic Cargo Ferries,1257.0,813.97,2,Y,0.648,2025-03,1
704459,2025-03-03,EU Direct (Dublin-Cherbourg),Atlantic Cargo Ferries,1243.0,808.15,2,Y,0.65,2025-03,1
705429,2025-03-04,EU Direct (Rosslare-Dunkirk),Nordic Freight Lines,1336.0,653.13,2,N,0.489,2025-03,0
701683,2025-03-04,UK Landbridge (Dublin-Holyhead),Nordic Freight Lines,155.0,61.77,1,N,0.399,2025-03,0
700853,2025-03-04,UK Landbridge (Dublin-Holyhead),Nordic Freight Lines,1033.0,374.38,1,Y,0.362,2025-03,1
704755,2025-03-04,EU Direct (Rosslare-Dunkirk),Atlantic Cargo Ferries,2499.0,1523.39,2,Y,0.61,2025-03,1
703971,2025-03-04,EU Direct (Dublin-Cherbourg),Atlantic Cargo Ferries,3809.0,2442.25,2,Y,0.641,2025-03,1
705178,2025-03-04,EU Direct (Rosslare-Dunkirk),Nordic Freight Lines,831.0,402.53,2,Y,0.484,2025-03,1
701192,2025-03-04,UK Landbridge (Dublin-Holyhead),Celtic Sealink,3078.0,1291.74,1,Y,0.42,2025-03,1
701284,2025-03-04,UK Landbridge (Dublin-Holyhead),Celtic Sealink,1458.0,631.78,1,Y,0.433,2025-03,1
704112,2025-03-04,EU Direct (Dublin-Cherbourg),Atlantic Cargo Ferries,1841.0,1254.44,2,N,0.681,2025-03,0
701832,2025-03-04,UK Landbridge (Dublin-Holyhead),Nordic Freight Lines,522.0,205.94,1,Y,0.395,2025-03,1
704660,2025-03-05,EU Direct (Rosslare-Dunkirk),Atlantic Cargo Ferries,2712.0,1658.31,2,N,0.611,2025-03,0
702531,2025-03-05,UK Landbridge (Dublin-Holyhead),Nordic Freight Lines,2254.0,815.48,1,Y,0.362,2025-03,1
703214,2025-03-05,EU Direct (Dublin-Cherbourg),Atlantic Cargo Ferries,1339.0,901.78,2,Y,0.673,2025-03,1
700591,2025-03-05,UK Landbridge (Dublin-Holyhead),Nordic Freight Lines,1825.0,720.0,1,Y,0.395,2025-03,1
700693,2025-03-05,UK Landbridge (Dublin-Holyhead),Nordic Freight Lines,50.0,19.66,2,Y,0.393,2025-03,1
700146,2025-03-05,UK Landbridge (Dublin-Holyhead),Nordic Freight Lines,3038.0,1135.64,1,Y,0.374,2025-03,1
703205,2025-03-05,EU Direct (Dublin-Cherbourg),Celtic Sealink,1335.0,750.2,2,Y,0.562,2025-03,1
700010,2025-03-06,UK Landbridge (Dublin-Holyhead),Nordic Freight Lines,1828.0,739.39,1,N,0.404,2025-03,0
701625,2025-03-06,UK Landbridge (Dublin-Holyhead),Celtic Sealink,2139.0,860.61,1,Y,0.402,2025-03,1
700063,2025-03-06,UK Landbridge (Dublin-Holyhead),Nordic Freight Lines,1605.0,595.02,1,Y,0.371,2025-03,1
703910,2025-03-06,EU Direct (Dublin-Cherbourg),Atlantic Cargo Ferries,1052.0,699.45,2,N,0.665,2025-03,0
700901,2025-03-06,UK Landbridge (Dublin-Holyhead),Celtic Sealink,1109.0,477.46,2,Y,0.431,2025-03,1
703882,2025-03-06,EU Direct (Dublin-Cherbourg),Atlantic Cargo Ferries,661.0,465.59,2,Y,0.704,2025-03,1
700341,2025-03-07,UK Landbridge (Dublin-Holyhead),Celtic Sealink,1309.0,570.07,1,Y,0.436,2025-03,1
703761,2025-03-07,EU Direct (Dublin-Cherbourg),Celtic Sealink,1531.0,945.2,2,Y,0.617,2025-03,1
701492,2025-03-07,UK Landbridge (Dublin-Holyhead),Celtic Sealink,3004.0,1280.36,1,Y,0.426,2025-03,1
705903,2025-03-07,EU Direct (Rosslare-Dunkirk),Nordic Freight Lines,681.0,337.61,2,Y,0.496,2025-03,1
702546,2025-03-07,UK Landbridge (Dublin-Holyhead),Nordic Freight Lines,50.0,20.22,1,Y,0.404,2025-03,1
701546,2025-03-07,UK Landbridge (Dublin-Holyhead),Nordic Freight Lines,1368.0,544.43,1,N,0.398,2025-03,0
700086,2025-03-07,UK Landbridge (Dublin-Holyhead),Celtic Sealink,3575.0,1440.41,1,Y,0.403,2025-03,1
703035,2025-03-07,EU Direct (Dublin-Cherbourg),Atlantic Cargo Ferries,1786.0,1117.99,2,Y,0.626,2025-03,1
705401,2025-03-07,EU Direct (Rosslare-Dunkirk),Atlantic Cargo Ferries,2343.0,1447.74,2,Y,0.618,2025-03,1
703045,2025-03-07,EU Direct (Dublin-Cherbourg),Celtic Sealink,1285.0,786.32,2,Y,0.612,2025-03,1
704861,2025-03-07,EU Direct (Rosslare-Dunkirk),Atlantic Cargo Ferries,50.0,29.8,2,Y,0.596,2025-03,1
702381,2025-03-08,UK Landbridge (Dublin-Holyhead),Celtic Sealink,1165.0,509.96,1,Y,0.438,2025-03,1
702545,2025-03-08,UK Landbridge (Dublin-Holyhead),Nordic Freight Lines,358.0,135.24,1,Y,0.378,2025-03,1
703367,2025-03-08,EU Direct (Dublin-Cherbourg),Celtic Sealink,2085.0,1287.25,2,Y,0.617,2025-03,1
700957,2025-03-08,UK Landbridge (Dublin-Holyhead),Nordic Freight Lines,1364.0,524.41,1,N,0.384,2025-03,0
703441,2025-03-08,EU Direct (Dublin-Cherbourg),Atlantic Cargo Ferries,1500.0,933.71,2,Y,0.622,2025-03,1
705351,2025-03-08,EU Direct (Rosslare-Dunkirk),Nordic Freight Lines,1998.0,1077.14,2,Y,0.539,2025-03,1
703547,2025-03-08,EU Direct (Dublin-Cherbourg),Celtic Sealink,1252.0,727.44,2,Y,0.581,2025-03,1
703005,2025-03-08,EU Direct (Dublin-Cherbourg),Atlantic Cargo Ferries,1059.0,656.45,2,Y,0.62,2025-03,1
704008,2025-03-08,EU Direct (Dublin-Cherbourg),Atlantic Cargo Ferries,1268.0,781.44,3,Y,0.616,2025-03,1
702324,2025-03-08,UK Landbridge (Dublin-Holyhead),Celtic Sealink,2254.0,962.65,1,Y,0.427,2025-03,1
705222,2025-03-09,EU Direct (Rosslare-Dunkirk),Atlantic Cargo Ferries,1512.0,914.0,1,Y,0.604,2025-03,1
702036,2025-03-09,UK Landbridge (Dublin-Holyhead),Nordic Freight Lines,1186.0,421.9,1,N,0.356,2025-03,0
701642,2025-03-09,UK Landbridge (Dublin-Holyhead),Celtic Sealink,4162.0,1887.63,1,Y,0.454,2025-03,1
701864,2025-03-09,UK Landbridge (Dublin-Holyhead),Nordic Freight Lines,1048.0,401.64,1,Y,0.383,2025-03,1
701965,2025-03-09,UK Landbridge (Dublin-Holyhead),Nordic Freight Lines,1283.0,456.28,1,Y,0.356,2025-03,1
703333,2025-03-09,EU Direct (Dublin-Cherbourg),Atlantic Cargo Ferries,1552.0,1000.26,2,Y,0.644,2025-03,1
703385,2025-03-09,EU Direct (Dublin-Cherbourg),Celtic Sealink,2625.0,1622.21,2,Y,0.618,2025-03,1
702643,2025-03-09,UK Landbridge (Dublin-Holyhead),Celtic Sealink,1828.0,715.49,1,Y,0.391,2025-03,1
700630,2025-03-10,UK Landbridge (Dublin-Holyhead),Nordic Freight Lines,1751.0,672.83,1,Y,0.384,2025-03,1
701643,2025-03-10,UK Landbridge (Dublin-Holyhead),Nordic Freight Lines,2173.0,792.29,1,Y,0.365,2025-03,1
701778,2025-03-10,UK Landbridge (Dublin-Holyhead),Nordic Freight Lines,2455.0,961.32,1,Y,0.392,2025-03,1
705581,2025-03-10,EU Direct (Rosslare-Dunkirk),Nordic Freight Lines,2185.0,1079.31,2,Y,0.494,2025-03,1
704545,2025-03-10,EU Direct (Dublin-Cherbourg),Atlantic Cargo Ferries,1258.0,804.13,3,N,0.639,2025-03,0
704263,2025-03-10,EU Direct (Dublin-Cherbourg),Atlantic Cargo Ferries,1190.0,834.98,3,Y,0.702,2025-03,1
704391,2025-03-10,EU Direct (Dublin-Cherbourg),Atlantic Cargo Ferries,2111.0,1291.87,2,Y,0.612,2025-03,1
705136,2025-03-10,EU Direct (Rosslare-Dunkirk),Nordic Freight Lines,1922.0,931.97,2,Y,0.485,2025-03,1
704102,2025-03-10,EU Direct (Dublin-Cherbourg),Celtic Sealink,3282.0,1905.7,2,Y,0.581,2025-03,1
705985,2025-03-10,EU Direct (Rosslare-Dunkirk),Nordic Freight Lines,2651.0,1252.94,2,Y,0.473,2025-03,1
700629,2025-03-10,UK Landbridge (Dublin-Holyhead),Nordic Freight Lines,887.0,353.06,1,Y,0.398,2025-03,1
700656,2025-03-10,UK Landbridge (Dublin-Holyhead),Celtic Sealink,1679.0,680.59,2,Y,0.405,2025-03,1
700087,2025-03-11,UK Landbridge (Dublin-Holyhead),Nordic Freight Lines,1092.0,443.14,1,Y,0.406,2025-03,1
700286,2025-03-11,UK Landbridge (Dublin-Holyhead),Celtic Sealink,223.0,89.84,1,Y,0.403,2025-03,1
703687,2025-03-11,EU Direct (Dublin-Cherbourg),Atlantic Cargo Ferries,1125.0,728.66,2,Y,0.648,2025-03,1
704408,2025-03-11,EU Direct (Dublin-Cherbourg),Atlantic Cargo Ferries,2374.0,1679.4,2,Y,0.707,2025-03,1
700980,2025-03-11,UK Landbridge (Dublin-Holyhead),Celtic Sealink,1594.0,696.86,1,Y,0.437,2025-03,1
705171,2025-03-11,EU Direct (Rosslare-Dunkirk),Nordic Freight Lines,968.0,488.09,3,Y,0.504,2025-03,1
705184,2025-03-11,EU Direct (Rosslare-Dunkirk),Nordic Freight Lines,2127.0,1131.86,2,Y,0.532,2025-03,1
703236,2025-03-11,EU Direct (Dublin-Cherbourg),Atlantic Cargo Ferries,2094.0,1408.55,1,Y,0.673,2025-03,1
705778,2025-03-11,EU Direct (Rosslare-Dunkirk),Atlantic Cargo Ferries,457.0,298.95,3,Y,0.654,2025-03,1
703122,2025-03-12,EU Direct (Dublin-Cherbourg),Atlantic Cargo Ferries,2931.0,2058.13,2,Y,0.702,2025-03,1
702205,2025-03-12,UK Landbridge (Dublin-Holyhead),Nordic Freight Lines,2255.0,912.37,1,Y,0.405,2025-03,1
703110,2025-03-12,EU Direct (Dublin-Cherbourg),Celtic Sealink,966.0,551.8,2,Y,0.571,2025-03,1
702022,2025-03-12,UK Landbridge (Dublin-Holyhead),Nordic Freight Lines,1586.0,590.06,1,N,0.372,2025-03,0
705249,2025-03-13,EU Direct (Rosslare-Dunkirk),Nordic Freight Lines,1860.0,883.71,1,Y,0.475,2025-03,1
701763,2025-03-13,UK Landbridge (Dublin-Holyhead),Nordic Freight Lines,589.0,227.78,1,N,0.387,2025-03,0
702857,2025-03-13,UK Landbridge (Dublin-Holyhead),Nordic Freight Lines,2912.0,1092.78,1,Y,0.375,2025-03,1
704500,2025-03-14,EU Direct (Dublin-Cherbourg),Atlantic Cargo Ferries,1290.0,882.56,2,Y,0.684,2025-03,1
703227,2025-03-14,EU Direct (Dublin-Cherbourg),Atlantic Cargo Ferries,2110.0,1365.35,3,Y,0.647,2025-03,1
700698,2025-03-14,UK Landbridge (Dublin-Holyhead),Celtic Sealink,1463.0,663.33,1,Y,0.453,2025-03,1
701412,2025-03-14,UK Landbridge (Dublin-Holyhead),Nordic Freight Lines,2509.0,992.32,2,Y,0.396,2025-03,1
701199,2025-03-14,UK Landbridge (Dublin-Holyhead),Nordic Freight Lines,529.0,203.22,1,Y,0.384,2025-03,1
703989,2025-03-14,EU Direct (Dublin-Cherbourg),Celtic Sealink,2542.0,1517.55,3,Y,0.597,2025-03,1
700839,2025-03-14,UK Landbridge (Dublin-Holyhead),Nordic Freight Lines,282.0,107.32,1,Y,0.381,2025-03,1
702635,2025-03-14,UK Landbridge (Dublin-Holyhead),Celtic Sealink,915.0,370.64,1,Y,0.405,2025-03,1
703383,2025-03-15,EU Direct (Dublin-Cherbourg),Atlantic Cargo Ferries,1040.0,652.02,2,Y,0.627,2025-03,1
703705,2025-03-15,EU Direct (Dublin-Cherbourg),Celtic Sealink,1922.0,1060.05,2,Y,0.552,2025-03,1
705646,2025-03-15,EU Direct (Rosslare-Dunkirk),Nordic Freight Lines,1105.0,551.78,2,N,0.499,2025-03,0
705973,2025-03-15,EU Direct (Rosslare-Dunkirk),Nordic Freight Lines,2225.0,1103.27,3,Y,0.496,2025-03,1
703663,2025-03-15,EU Direct (Dublin-Cherbourg),Atlantic Cargo Ferries,2548.0,1697.04,1,Y,0.666,2025-03,1
701896,2025-03-15,UK Landbridge (Dublin-Holyhead),Celtic Sealink,2435.0,1033.47,1,Y,0.424,2025-03,1
702865,2025-03-15,UK Landbridge (Dublin-Holyhead),Celtic Sealink,3293.0,1325.06,1,Y,0.402,2025-03,1
702821,2025-03-15,UK Landbridge (Dublin-Holyhead),Celtic Sealink,2140.0,958.69,1,Y,0.448,2025-03,1
704422,2025-03-15,EU Direct (Dublin-Cherbourg),Atlantic Cargo Ferries,973.0,671.05,2,Y,0.69,2025-03,1
700217,2025-03-15,UK Landbridge (Dublin-Holyhead),Celtic Sealink,2030.0,872.89,1,Y,0.43,2025-03,1
705625,2025-03-15,EU Direct (Rosslare-Dunkirk),Nordic Freight Lines,2186.0,1069.43,2,Y,0.489,2025-03,1
701521,2025-03-16,UK Landbridge (Dublin-Holyhead),Nordic Freight Lines,3167.0,1266.48,1,Y,0.4,2025-03,1
704238,2025-03-16,EU Direct (Dublin-Cherbourg),Atlantic Cargo Ferries,970.0,656.78,2,N,0.677,2025-03,0
701446,2025-03-16,UK Landbridge (Dublin-Holyhead),Celtic Sealink,1450.0,577.83,1,Y,0.399,2025-03,1
704495,2025-03-16,EU Direct (Dublin-Cherbourg),Atlantic Cargo Ferries,535.0,380.32,2,Y,0.711,2025-03,1
703677,2025-03-16,EU Direct (Dublin-Cherbourg),Atlantic Cargo Ferries,50.0,32.74,2,Y,0.655,2025-03,1
702186,2025-03-16,UK Landbridge (Dublin-Holyhead),Nordic Freight Lines,1898.0,718.64,1,Y,0.379,2025-03,1
701423,2025-03-16,UK Landbridge (Dublin-Holyhead),Celtic Sealink,1054.0,457.41,2,Y,0.434,2025-03,1
704905,2025-03-17,EU Direct (Rosslare-Dunkirk),Nordic Freight Lines,1396.0,663.35,2,Y,0.475,2025-03,1
704645,2025-03-17,EU Direct (Rosslare-Dunkirk),Nordic Freight Lines,880.0,440.66,2,Y,0.501,2025-03,1
700638,2025-03-17,UK Landbridge (Dublin-Holyhead),Nordic Freight Lines,2661.0,1024.41,1,Y,0.385,2025-03,1
702543,2025-03-17,UK Landbridge (Dublin-Holyhead),Celtic Sealink,1775.0,696.07,1,Y,0.392,2025-03,1
701933,2025-03-17,UK Landbridge (Dublin-Holyhead),Nordic Freight Lines,1077.0,391.94,1,N,0.364,2025-03,0
700524,2025-03-17,UK Landbridge (Dublin-Holyhead),Celtic Sealink,2674.0,1172.44,1,Y,0.438,2025-03,1
700305,2025-03-17,UK Landbridge (Dublin-Holyhead),Nordic Freight Lines,2057.0,797.84,1,Y,0.388,2025-03,1
703245,2025-03-17,EU Direct (Dublin-Cherbourg),Celtic Sealink,889.0,489.02,2,Y,0.55,2025-03,1
704853,2025-03-17,EU Direct (Rosslare-Dunkirk),Atlantic Cargo Ferries,765.0,462.82,1,Y,0.605,2025-03,1
701830,2025-03-18,UK Landbridge (Dublin-Holyhead),Celtic Sealink,1618.0,722.83,1,Y,0.447,2025-03,1
703852,2025-03-18,EU Direct (Dublin-Cherbourg),Atlantic Cargo Ferries,2336.0,1512.41,2,Y,0.647,2025-03,1
704836,2025-03-18,EU Direct (Rosslare-Dunkirk),Nordic Freight Lines,2181.0,1074.68,2,N,0.493,2025-03,0
701721,2025-03-18,UK Landbridge (Dublin-Holyhead),Celtic Sealink,1797.0,785.75,1,Y,0.437,2025-03,1
704549,2025-03-18,EU Direct (Dublin-Cherbourg),Atlantic Cargo Ferries,1859.0,1245.52,3,Y,0.67,2025-03,1
702258,2025-03-18,UK Landbridge (Dublin-Holyhead),Nordic Freight Lines,2665.0,1056.55,1,Y,0.396,2025-03,1
700057,2025-03-18,UK Landbridge (Dublin-Holyhead),Nordic Freight Lines,1888.0,747.3,1,Y,0.396,2025-03,1
700952,2025-03-18,UK Landbridge (Dublin-Holyhead),Nordic Freight Lines,2797.0,1125.49,1,Y,0.402,2025-03,1
701184,2025-03-18,UK Landbridge (Dublin-Holyhead),Nordic Freight Lines,580.0,206.56,1,Y,0.356,2025-03,1
703200,2025-03-18,EU Direct (Dublin-Cherbourg),Celtic Sealink,50.0,31.27,1,Y,0.625,2025-03,1
704725,2025-03-18,EU Direct (Rosslare-Dunkirk),Nordic Freight Lines,798.0,374.63,2,N,0.469,2025-03,0
705232,2025-03-19,EU Direct (Rosslare-Dunkirk),Atlantic Cargo Ferries,2375.0,1461.36,2,Y,0.615,2025-03,1
703443,2025-03-19,EU Direct (Dublin-Cherbourg),Celtic Sealink,1586.0,912.6,2,Y,0.575,2025-03,1
701084,2025-03-20,UK Landbridge (Dublin-Holyhead),Celtic Sealink,1102.0,472.5,1,Y,0.429,2025-03,1
703305,2025-03-20,EU Direct (Dublin-Cherbourg),Celtic Sealink,2018.0,1205.93,3,Y,0.598,2025-03,1
703883,2025-03-20,EU Direct (Dublin-Cherbourg),Atlantic Cargo Ferries,2924.0,2054.57,1,Y,0.703,2025-03,1
703280,2025-03-20,EU Direct (Dublin-Cherbourg),Celtic Sealink,1628.0,981.88,2,Y,0.603,2025-03,1
704623,2025-03-20,EU Direct (Rosslare-Dunkirk),Atlantic Cargo Ferries,1886.0,1275.01,2,Y,0.676,2025-03,1
701300,2025-03-20,UK Landbridge (Dublin-Holyhead),Celtic Sealink,3167.0,1417.17,2,Y,0.447,2025-03,1
702645,2025-03-20,UK Landbridge (Dublin-Holyhead),Celtic Sealink,2049.0,855.82,1,Y,0.418,2025-03,1
700336,2025-03-20,UK Landbridge (Dublin-Holyhead),Celtic Sealink,1297.0,529.3,1,Y,0.408,2025-03,1
704492,2025-03-21,EU Direct (Dublin-Cherbourg),Celtic Sealink,613.0,335.45,2,Y,0.547,2025-03,1
703933,2025-03-21,EU Direct (Dublin-Cherbourg),Celtic Sealink,1972.0,1142.55,2,Y,0.579,2025-03,1
702718,2025-03-21,UK Landbridge (Dublin-Holyhead),Nordic Freight Lines,1822.0,694.36,1,Y,0.381,2025-03,1
702000,2025-03-21,UK Landbridge (Dublin-Holyhead),Celtic Sealink,1223.0,518.42,1,Y,0.424,2025-03,1
704879,2025-03-21,EU Direct (Rosslare-Dunkirk),Atlantic Cargo Ferries,2871.0,1861.23,2,Y,0.648,2025-03,1
700811,2025-03-21,UK Landbridge (Dublin-Holyhead),Celtic Sealink,1554.0,614.05,2,Y,0.395,2025-03,1
704533,2025-03-21,EU Direct (Dublin-Cherbourg),Celtic Sealink,3406.0,1837.85,2,Y,0.54,2025-03,1
705435,2025-03-21,EU Direct (Rosslare-Dunkirk),Atlantic Cargo Ferries,2634.0,1670.63,2,Y,0.634,2025-03,1
703694,2025-03-22,EU Direct (Dublin-Cherbourg),Celtic Sealink,3179.0,1821.79,3,Y,0.573,2025-03,1
705137,2025-03-22,EU Direct (Rosslare-Dunkirk),Nordic Freight Lines,1395.0,741.17,2,Y,0.531,2025-03,1
702131,2025-03-22,UK Landbridge (Dublin-Holyhead),Celtic Sealink,2178.0,882.59,1,Y,0.405,2025-03,1
704403,2025-03-22,EU Direct (Dublin-Cherbourg),Celtic Sealink,2231.0,1392.03,2,Y,0.624,2025-03,1
700855,2025-03-22,UK Landbridge (Dublin-Holyhead),Celtic Sealink,1939.0,840.64,1,Y,0.434,2025-03,1
703618,2025-03-22,EU Direct (Dublin-Cherbourg),Celtic Sealink,975.0,560.43,2,Y,0.575,2025-03,1
704404,2025-03-22,EU Direct (Dublin-Cherbourg),Atlantic Cargo Ferries,2935.0,2074.65,2,Y,0.707,2025-03,1
702602,2025-03-22,UK Landbridge (Dublin-Holyhead),Nordic Freight Lines,2851.0,1127.33,1,Y,0.395,2025-03,1
705218,2025-03-22,EU Direct (Rosslare-Dunkirk),Atlantic Cargo Ferries,2623.0,1741.0,2,N,0.664,2025-03,0
705012,2025-03-22,EU Direct (Rosslare-Dunkirk),Nordic Freight Lines,801.0,392.69,2,Y,0.49,2025-03,1
702646,2025-03-23,UK Landbridge (Dublin-Holyhead),Celtic Sealink,2412.0,1001.19,2,Y,0.415,2025-03,1
701790,2025-03-23,UK Landbridge (Dublin-Holyhead),Nordic Freight Lines,1655.0,667.71,1,Y,0.403,2025-03,1
702796,2025-03-23,UK Landbridge (Dublin-Holyhead),Celtic Sealink,2112.0,826.97,1,Y,0.392,2025-03,1
705458,2025-03-23,EU Direct (Rosslare-Dunkirk),Nordic Freight Lines,2034.0,1073.83,3,Y,0.528,2025-03,1
704191,2025-03-23,EU Direct (Dublin-Cherbourg),Atlantic Cargo Ferries,2836.0,1918.89,2,Y,0.677,2025-03,1
701712,2025-03-23,UK Landbridge (Dublin-Holyhead),Celtic Sealink,2623.0,1086.23,1,Y,0.414,2025-03,1
705382,2025-03-23,EU Direct (Rosslare-Dunkirk),Atlantic Cargo Ferries,1964.0,1265.17,3,Y,0.644,2025-03,1
703538,2025-03-23,EU Direct (Dublin-Cherbourg),Celtic Sealink,2361.0,1393.14,2,Y,0.59,2025-03,1
700243,2025-03-23,UK Landbridge (Dublin-Holyhead),Celtic Sealink,1233.0,520.07,1,Y,0.422,2025-03,1
700702,2025-03-23,UK Landbridge (Dublin-Holyhead),Celtic Sealink,2094.0,944.11,2,Y,0.451,2025-03,1
702737,2025-03-24,UK Landbridge (Dublin-Holyhead),Celtic Sealink,4690.0,1890.59,1,Y,0.403,2025-03,1
702515,2025-03-24,UK Landbridge (Dublin-Holyhead),Celtic Sealink,2500.0,981.97,1,Y,0.393,2025-03,1
703030,2025-03-24,EU Direct (Dublin-Cherbourg),Atlantic Cargo Ferries,1201.0,826.34,2,Y,0.688,2025-03,1
705174,2025-03-24,EU Direct (Rosslare-Dunkirk),Nordic Freight Lines,850.0,413.16,2,Y,0.486,2025-03,1
704433,2025-03-24,EU Direct (Dublin-Cherbourg),Atlantic Cargo Ferries,2997.0,1992.76,2,Y,0.665,2025-03,1
700382,2025-03-24,UK Landbridge (Dublin-Holyhead),Nordic Freight Lines,1846.0,654.84,1,Y,0.355,2025-03,1
700078,2025-03-24,UK Landbridge (Dublin-Holyhead),Nordic Freight Lines,50.0,18.98,1,Y,0.38,2025-03,1
702632,2025-03-24,UK Landbridge (Dublin-Holyhead),Nordic Freight Lines,2244.0,903.72,1,Y,0.403,2025-03,1
704453,2025-03-24,EU Direct (Dublin-Cherbourg),Atlantic Cargo Ferries,2756.0,1924.57,2,Y,0.698,2025-03,1
700718,2025-03-25,UK Landbridge (Dublin-Holyhead),Celtic Sealink,2077.0,862.98,1,Y,0.415,2025-03,1
700699,2025-03-25,UK Landbridge (Dublin-Holyhead),Celtic Sealink,1244.0,510.16,2,Y,0.41,2025-03,1
705681,2025-03-25,EU Direct (Rosslare-Dunkirk),Nordic Freight Lines,1682.0,879.44,1,Y,0.523,2025-03,1
703419,2025-03-25,EU Direct (Dublin-Cherbourg),Celtic Sealink,3479.0,2048.45,2,Y,0.589,2025-03,1
701516,2025-03-26,UK Landbridge (Dublin-Holyhead),Celtic Sealink,2423.0,1058.1,1,Y,0.437,2025-03,1
700187,2025-03-26,UK Landbridge (Dublin-Holyhead),Nordic Freight Lines,2585.0,988.75,1,Y,0.382,2025-03,1
703233,2025-03-26,EU Direct (Dublin-Cherbourg),Atlantic Cargo Ferries,1839.0,1216.8,2,Y,0.662,2025-03,1
702196,2025-03-26,UK Landbridge (Dublin-Holyhead),Nordic Freight Lines,1603.0,638.56,1,Y,0.398,2025-03,1
705644,2025-03-26,EU Direct (Rosslare-Dunkirk),Nordic Freight Lines,954.0,444.31,2,Y,0.466,2025-03,1
704233,2025-03-26,EU Direct (Dublin-Cherbourg),Celtic Sealink,977.0,535.76,2,Y,0.548,2025-03,1
704053,2025-03-27,EU Direct (Dublin-Cherbourg),Celtic Sealink,905.0,522.73,2,Y,0.578,2025-03,1
701627,2025-03-27,UK Landbridge (Dublin-Holyhead),Celtic Sealink,425.0,177.03,1,Y,0.417,2025-03,1
705887,2025-03-27,EU Direct (Rosslare-Dunkirk),Nordic Freight Lines,825.0,429.66,2,Y,0.521,2025-03,1
703503,2025-03-27,EU Direct (Dublin-Cherbourg),Celtic Sealink,1710.0,1026.75,2,Y,0.6,2025-03,1
700754,2025-03-27,UK Landbridge (Dublin-Holyhead),Celtic Sealink,1739.0,774.02,1,Y,0.445,2025-03,1
705986,2025-03-27,EU Direct (Rosslare-Dunkirk),Atlantic Cargo Ferries,2734.0,1741.47,2,N,0.637,2025-03,0
704514,2025-03-27,EU Direct (Dublin-Cherbourg),Celtic Sealink,2408.0,1413.53,2,Y,0.587,2025-03,1
704472,2025-03-27,EU Direct (Dublin-Cherbourg),Atlantic Cargo Ferries,3054.0,1955.5,2,Y,0.64,2025-03,1
701955,2025-03-27,UK Landbridge (Dublin-Holyhead),Nordic Freight Lines,2258.0,902.08,2,N,0.4,2025-03,0
704535,2025-03-28,EU Direct (Dublin-Cherbourg),Celtic Sealink,1688.0,941.8,2,Y,0.558,2025-03,1
702736,2025-03-28,UK Landbridge (Dublin-Holyhead),Celtic Sealink,2630.0,1185.69,1,Y,0.451,2025-03,1
701895,2025-03-28,UK Landbridge (Dublin-Holyhead),Celtic Sealink,3228.0,1337.67,1,Y,0.414,2025-03,1
700173,2025-03-28,UK Landbridge (Dublin-Holyhead),Celtic Sealink,1994.0,895.57,1,Y,0.449,2025-03,1
703379,2025-03-28,EU Direct (Dublin-Cherbourg),Atlantic Cargo Ferries,543.0,355.63,2,Y,0.655,2025-03,1
704380,2025-03-28,EU Direct (Dublin-Cherbourg),Celtic Sealink,1378.0,778.72,2,Y,0.565,2025-03,1
700861,2025-03-28,UK Landbridge (Dublin-Holyhead),Celtic Sealink,1300.0,579.55,1,Y,0.446,2025-03,1
701360,2025-03-28,UK Landbridge (Dublin-Holyhead),Nordic Freight Lines,943.0,351.22,1,Y,0.372,2025-03,1
705455,2025-03-28,EU Direct (Rosslare-Dunkirk),Nordic Freight Lines,1391.0,705.29,2,N,0.507,2025-03,0
702813,2025-03-28,UK Landbridge (Dublin-Holyhead),Nordic Freight Lines,558.0,196.56,2,Y,0.352,2025-03,1
700177,2025-03-29,UK Landbridge (Dublin-Holyhead),Celtic Sealink,50.0,19.48,1,Y,0.39,2025-03,1
701021,2025-03-29,UK Landbridge (Dublin-Holyhead),Celtic Sealink,1552.0,629.31,1,Y,0.405,2025-03,1
702452,2025-03-29,UK Landbridge (Dublin-Holyhead),Celtic Sealink,1841.0,811.51,1,Y,0.441,2025-03,1
703610,2025-03-29,EU Direct (Dublin-Cherbourg),Atlantic Cargo Ferries,3028.0,1891.5,2,Y,0.625,2025-03,1
703659,2025-03-29,EU Direct (Dublin-Cherbourg),Celtic Sealink,635.0,381.25,2,Y,0.6,2025-03,1
704026,2025-03-29,EU Direct (Dublin-Cherbourg),Celtic Sealink,825.0,457.6,3,Y,0.555,2025-03,1
705384,2025-03-29,EU Direct (Rosslare-Dunkirk),Atlantic Cargo Ferries,2887.0,1743.57,2,Y,0.604,2025-03,1
703114,2025-03-30,EU Direct (Dublin-Cherbourg),Atlantic Cargo Ferries,2019.0,1247.51,2,Y,0.618,2025-03,1
705475,2025-03-30,EU Direct (Rosslare-Dunkirk),Nordic Freight Lines,1174.0,596.82,2,Y,0.508,2025-03,1
704936,2025-03-30,EU Direct (Rosslare-Dunkirk),Nordic Freight Lines,3674.0,1915.69,2,Y,0.521,2025-03,1
704892,2025-03-30,EU Direct (Rosslare-Dunkirk),Atlantic Cargo Ferries,1086.0,682.27,2,Y,0.628,2025-03,1
704003,2025-03-30,EU Direct (Dublin-Cherbourg),Atlantic Cargo Ferries,1640.0,1006.11,3,Y,0.613,2025-03,1
704439,2025-03-30,EU Direct (Dublin-Cherbourg),Celtic Sealink,3201.0,1744.9,2,Y,0.545,2025-03,1
702119,2025-03-30,UK Landbridge (Dublin-Holyhead),Nordic Freight Lines,1768.0,721.06,1,Y,0.408,2025-03,1
700466,2025-03-31,UK Landbridge (Dublin-Holyhead),Celtic Sealink,1678.0,732.95,1,Y,0.437,2025-03,1
704313,2025-03-31,EU Direct (Dublin-Cherbourg),Atlantic Cargo Ferries,2380.0,1627.66,2,N,0.684,2025-03,0
701380,2025-03-31,UK Landbridge (Dublin-Holyhead),Celtic Sealink,1934.0,762.33,1,Y,0.394,2025-03,1
701022,2025-03-31,UK Landbridge (Dublin-Holyhead),Celtic Sealink,1093.0,459.21,1,Y,0.42,2025-03,1
702845,2025-04-01,UK Landbridge (Dublin-Holyhead),Celtic Sealink,3432.0,1411.19,1,Y,0.411,2025-04,1
701466,2025-04-01,UK Landbridge (Dublin-Holyhead),Nordic Freight Lines,894.0,318.96,1,Y,0.357,2025-04,1
700570,2025-04-01,UK Landbridge (Dublin-Holyhead),Nordic Freight Lines,1584.0,594.49,1,Y,0.375,2025-04,1
702822,2025-04-01,UK Landbridge (Dublin-Holyhead),Nordic Freight Lines,1453.0,529.52,2,Y,0.364,2025-04,1
705320,2025-04-01,EU Direct (Rosslare-Dunkirk),Nordic Freight Lines,2713.0,1350.86,2,Y,0.498,2025-04,1
703201,2025-04-01,EU Direct (Dublin-Cherbourg),Atlantic Cargo Ferries,2679.0,1823.25,2,N,0.681,2025-04,0
702345,2025-04-01,UK Landbridge (Dublin-Holyhead),Nordic Freight Lines,3481.0,1403.12,1,Y,0.403,2025-04,1
700939,2025-04-01,UK Landbridge (Dublin-Holyhead),Nordic Freight Lines,2879.0,1044.17,2,Y,0.363,2025-04,1
705960,2025-04-01,EU Direct (Rosslare-Dunkirk),Nordic Freight Lines,787.0,392.19,2,Y,0.498,2025-04,1
705567,2025-04-01,EU Direct (Rosslare-Dunkirk),Atlantic Cargo Ferries,1636.0,1057.08,2,Y,0.646,2025-04,1
702067,2025-04-01,UK Landbridge (Dublin-Holyhead),Nordic Freight Lines,2123.0,764.2,1,Y,0.36,2025-04,1
703125,2025-04-01,EU Direct (Dublin-Cherbourg),Atlantic Cargo Ferries,891.0,628.21,2,N,0.705,2025-04,0
701888,2025-04-01,UK Landbridge (Dublin-Holyhead),Celtic Sealink,2438.0,1052.17,1,Y,0.432,2025-04,1
705474,2025-04-01,EU Direct (Rosslare-Dunkirk),Nordic Freight Lines,2394.0,1211.99,2,Y,0.506,2025-04,1
703537,2025-04-01,EU Direct (Dublin-Cherbourg),Celtic Sealink,2448.0,1517.59,2,Y,0.62,2025-04,1
703945,2025-04-02,EU Direct (Dublin-Cherbourg),Celtic Sealink,584.0,358.35,2,Y,0.614,2025-04,1
701453,2025-04-02,UK Landbridge (Dublin-Holyhead),Nordic Freight Lines,1919.0,685.46,1,Y,0.357,2025-04,1
704417,2025-04-02,EU Direct (Dublin-Cherbourg),Celtic Sealink,2448.0,1368.64,2,Y,0.559,2025-04,1
704983,2025-04-02,EU Direct (Rosslare-Dunkirk),Atlantic Cargo Ferries,229.0,143.81,2,Y,0.628,2025-04,1
705779,2025-04-02,EU Direct (Rosslare-Dunkirk),Atlantic Cargo Ferries,2550.0,1643.95,3,N,0.645,2025-04,0
702244,2025-04-02,UK Landbridge (Dublin-Holyhead),Celtic Sealink,298.0,132.23,2,Y,0.444,2025-04,1
700317,2025-04-02,UK Landbridge (Dublin-Holyhead),Celtic Sealink,852.0,385.88,1,Y,0.453,2025-04,1
702713,2025-04-02,UK Landbridge (Dublin-Holyhead),Nordic Freight Lines,2212.0,821.92,2,Y,0.372,2025-04,1
700031,2025-04-02,UK Landbridge (Dublin-Holyhead),Celtic Sealink,2663.0,1143.5,1,Y,0.429,2025-04,1
704457,2025-04-02,EU Direct (Dublin-Cherbourg),Atlantic Cargo Ferries,4097.0,2634.36,2,Y,0.643,2025-04,1
701860,2025-04-02,UK Landbridge (Dublin-Holyhead),Nordic Freight Lines,1960.0,738.63,1,Y,0.377,2025-04,1
703633,2025-04-03,EU Direct (Dublin-Cherbourg),Celtic Sealink,2787.0,1637.82,2,Y,0.588,2025-04,1
705573,2025-04-03,EU Direct (Rosslare-Dunkirk),Atlantic Cargo Ferries,1434.0,898.48,2,Y,0.627,2025-04,1
702173,2025-04-03,UK Landbridge (Dublin-Holyhead),Celtic Sealink,3262.0,1365.47,1,Y,0.419,2025-04,1
705360,2025-04-03,EU Direct (Rosslare-Dunkirk),Atlantic Cargo Ferries,2251.0,1499.89,2,N,0.666,2025-04,0
703596,2025-04-03,EU Direct (Dublin-Cherbourg),Celtic Sealink,50.0,26.91,2,Y,0.538,2025-04,1
705706,2025-04-04,EU Direct (Rosslare-Dunkirk),Atlantic Cargo Ferries,548.0,325.75,1,Y,0.594,2025-04,1
700326,2025-04-04,UK Landbridge (Dublin-Holyhead),Celtic Sealink,2335.0,914.5,2,Y,0.392,2025-04,1
704418,2025-04-04,EU Direct (Dublin-Cherbourg),Celtic Sealink,1124.0,686.36,2,Y,0.611,2025-04,1
700928,2025-04-04,UK Landbridge (Dublin-Holyhead),Nordic Freight Lines,2703.0,1051.21,1,Y,0.389,2025-04,1
700479,2025-04-04,UK Landbridge (Dublin-Holyhead),Nordic Freight Lines,1324.0,488.49,1,Y,0.369,2025-04,1
705181,2025-04-04,EU Direct (Rosslare-Dunkirk),Nordic Freight Lines,3167.0,1672.26,1,Y,0.528,2025-04,1
705472,2025-04-04,EU Direct (Rosslare-Dunkirk),Nordic Freight Lines,2585.0,1283.64,1,Y,0.497,2025-04,1
705710,2025-04-04,EU Direct (Rosslare-Dunkirk),Nordic Freight Lines,2764.0,1451.38,2,Y,0.525,2025-04,1
703558,2025-04-04,EU Direct (Dublin-Cherbourg),Atlantic Cargo Ferries,2296.0,1430.34,2,Y,0.623,2025-04,1
705835,2025-04-04,EU Direct (Rosslare-Dunkirk),Nordic Freight Lines,1373.0,633.47,2,Y,0.461,2025-04,1
705959,2025-04-04,EU Direct (Rosslare-Dunkirk),Nordic Freight Lines,620.0,330.14,3,N,0.532,2025-04,0
704198,2025-04-04,EU Direct (Dublin-Cherbourg),Atlantic Cargo Ferries,2260.0,1590.02,3,Y,0.704,2025-04,1
705679,2025-04-05,EU Direct (Rosslare-Dunkirk),Atlantic Cargo Ferries,1374.0,918.52,2,Y,0.669,2025-04,1
701897,2025-04-05,UK Landbridge (Dublin-Holyhead),Celtic Sealink,528.0,212.29,1,Y,0.402,2025-04,1
701204,2025-04-05,UK Landbridge (Dublin-Holyhead),Nordic Freight Lines,2222.0,803.93,2,Y,0.362,2025-04,1
702263,2025-04-05,UK Landbridge (Dublin-Holyhead),Nordic Freight Lines,391.0,140.55,1,Y,0.359,2025-04,1
705024,2025-04-05,EU Direct (Rosslare-Dunkirk),Nordic Freight Lines,2734.0,1367.03,2,Y,0.5,2025-04,1
705348,2025-04-05,EU Direct (Rosslare-Dunkirk),Atlantic Cargo Ferries,2298.0,1523.65,2,Y,0.663,2025-04,1
702540,2025-04-05,UK Landbridge (Dublin-Holyhead),Nordic Freight Lines,917.0,327.87,1,Y,0.358,2025-04,1
704970,2025-04-05,EU Direct (Rosslare-Dunkirk),Nordic Freight Lines,2613.0,1355.94,2,Y,0.519,2025-04,1
702847,2025-04-06,UK Landbridge (Dublin-Holyhead),Nordic Freight Lines,2090.0,738.94,1,Y,0.354,2025-04,1
701490,2025-04-06,UK Landbridge (Dublin-Holyhead),Nordic Freight Lines,2936.0,1037.43,1,Y,0.353,2025-04,1
704822,2025-04-06,EU Direct (Rosslare-Dunkirk),Atlantic Cargo Ferries,1273.0,810.43,2,Y,0.637,2025-04,1
701761,2025-04-07,UK Landbridge (Dublin-Holyhead),Celtic Sealink,2053.0,847.36,1,N,0.413,2025-04,0
703261,2025-04-07,EU Direct (Dublin-Cherbourg),Celtic Sealink,604.0,352.91,3,Y,0.584,2025-04,1
700982,2025-04-07,UK Landbridge (Dublin-Holyhead),Celtic Sealink,1649.0,732.56,1,Y,0.444,2025-04,1
704004,2025-04-07,EU Direct (Dublin-Cherbourg),Atlantic Cargo Ferries,551.0,340.94,2,Y,0.619,2025-04,1
700674,2025-04-07,UK Landbridge (Dublin-Holyhead),Celtic Sealink,1954.0,776.46,1,Y,0.397,2025-04,1
701936,2025-04-07,UK Landbridge (Dublin-Holyhead),Nordic Freight Lines,50.0,20.5,1,Y,0.41,2025-04,1
701663,2025-04-07,UK Landbridge (Dublin-Holyhead),Nordic Freight Lines,1848.0,659.99,1,Y,0.357,2025-04,1
705542,2025-04-08,EU Direct (Rosslare-Dunkirk),Atlantic Cargo Ferries,2030.0,1279.34,2,Y,0.63,2025-04,1
701103,2025-04-08,UK Landbridge (Dublin-Holyhead),Celtic Sealink,2801.0,1122.34,2,Y,0.401,2025-04,1
703199,2025-04-08,EU Direct (Dublin-Cherbourg),Celtic Sealink,1836.0,986.99,1,Y,0.538,2025-04,1
705530,2025-04-08,EU Direct (Rosslare-Dunkirk),Atlantic Cargo Ferries,1366.0,873.12,2,Y,0.639,2025-04,1
705897,2025-04-08,EU Direct (Rosslare-Dunkirk),Nordic Freight Lines,1908.0,1008.98,2,Y,0.529,2025-04,1
701599,2025-04-08,UK Landbridge (Dublin-Holyhead),Nordic Freight Lines,1679.0,664.11,1,Y,0.396,2025-04,1
704006,2025-04-08,EU Direct (Dublin-Cherbourg),Celtic Sealink,1730.0,962.54,1,Y,0.556,2025-04,1
705279,2025-04-08,EU Direct (Rosslare-Dunkirk),Nordic Freight Lines,3132.0,1458.76,2,Y,0.466,2025-04,1
704985,2025-04-09,EU Direct (Rosslare-Dunkirk),Nordic Freight Lines,1311.0,683.59,2,Y,0.521,2025-04,1
700192,2025-04-09,UK Landbridge (Dublin-Holyhead),Nordic Freight Lines,1840.0,695.02,1,Y,0.378,2025-04,1
703287,2025-04-09,EU Direct (Dublin-Cherbourg),Celtic Sealink,2025.0,1149.75,1,Y,0.568,2025-04,1
701474,2025-04-09,UK Landbridge (Dublin-Holyhead),Celtic Sealink,1394.0,570.6,1,Y,0.409,2025-04,1
703588,2025-04-09,EU Direct (Dublin-Cherbourg),Celtic Sealink,2257.0,1329.64,1,Y,0.589,2025-04,1
700204,2025-04-09,UK Landbridge (Dublin-Holyhead),Celtic Sealink,2108.0,866.04,1,Y,0.411,2025-04,1
701523,2025-04-10,UK Landbridge (Dublin-Holyhead),Nordic Freight Lines,1862.0,763.96,1,Y,0.41,2025-04,1
704937,2025-04-10,EU Direct (Rosslare-Dunkirk),Nordic Freight Lines,778.0,391.2,2,Y,0.503,2025-04,1
703870,2025-04-10,EU Direct (Dublin-Cherbourg),Celtic Sealink,122.0,75.49,2,Y,0.619,2025-04,1
702271,2025-04-10,UK Landbridge (Dublin-Holyhead),Celtic Sealink,3991.0,1545.52,1,Y,0.387,2025-04,1
704990,2025-04-10,EU Direct (Rosslare-Dunkirk),Atlantic Cargo Ferries,2326.0,1430.64,2,Y,0.615,2025-04,1
702347,2025-04-10,UK Landbridge (Dublin-Holyhead),Celtic Sealink,2242.0,877.42,1,Y,0.391,2025-04,1
702659,2025-04-10,UK Landbridge (Dublin-Holyhead),Celtic Sealink,2747.0,1104.24,2,Y,0.402,2025-04,1
703373,2025-04-10,EU Direct (Dublin-Cherbourg),Celtic Sealink,3228.0,2006.74,2,Y,0.622,2025-04,1
705842,2025-04-10,EU Direct (Rosslare-Dunkirk),Atlantic Cargo Ferries,2800.0,1894.75,3,Y,0.677,2025-04,1
701653,2025-04-10,UK Landbridge (Dublin-Holyhead),Nordic Freight Lines,947.0,337.34,1,Y,0.356,2025-04,1
705738,2025-04-10,EU Direct (Rosslare-Dunkirk),Atlantic Cargo Ferries,1087.0,632.63,2,Y,0.582,2025-04,1
703605,2025-04-10,EU Direct (Dublin-Cherbourg),Atlantic Cargo Ferries,948.0,664.94,2,Y,0.701,2025-04,1
701277,2025-04-10,UK Landbridge (Dublin-Holyhead),Celtic Sealink,50.0,19.84,1,Y,0.397,2025-04,1
701420,2025-04-10,UK Landbridge (Dublin-Holyhead),Celtic Sealink,2082.0,892.83,1,Y,0.429,2025-04,1
705747,2025-04-10,EU Direct (Rosslare-Dunkirk),Nordic Freight Lines,1520.0,725.88,2,Y,0.478,2025-04,1
702651,2025-04-11,UK Landbridge (Dublin-Holyhead),Nordic Freight Lines,1607.0,585.18,1,N,0.364,2025-04,0
704581,2025-04-11,EU Direct (Dublin-Cherbourg),Atlantic Cargo Ferries,1085.0,773.86,2,Y,0.713,2025-04,1
702338,2025-04-11,UK Landbridge (Dublin-Holyhead),Celtic Sealink,1266.0,492.7,1,Y,0.389,2025-04,1
704040,2025-04-11,EU Direct (Dublin-Cherbourg),Atlantic Cargo Ferries,2341.0,1599.67,3,Y,0.683,2025-04,1
702496,2025-04-11,UK Landbridge (Dublin-Holyhead),Celtic Sealink,2841.0,1102.42,1,Y,0.388,2025-04,1
705666,2025-04-11,EU Direct (Rosslare-Dunkirk),Nordic Freight Lines,618.0,288.87,1,N,0.467,2025-04,0
700498,2025-04-11,UK Landbridge (Dublin-Holyhead),Celtic Sealink,3753.0,1702.36,1,Y,0.454,2025-04,1
700374,2025-04-11,UK Landbridge (Dublin-Holyhead),Nordic Freight Lines,50.0,20.26,1,N,0.405,2025-04,0
700068,2025-04-11,UK Landbridge (Dublin-Holyhead),Nordic Freight Lines,765.0,300.9,1,Y,0.393,2025-04,1
703162,2025-04-11,EU Direct (Dublin-Cherbourg),Celtic Sealink,2922.0,1651.93,2,Y,0.565,2025-04,1
702097,2025-04-11,UK Landbridge (Dublin-Holyhead),Nordic Freight Lines,494.0,197.45,1,N,0.4,2025-04,0
703632,2025-04-12,EU Direct (Dublin-Cherbourg),Celtic Sealink,2104.0,1229.37,2,Y,0.584,2025-04,1
701087,2025-04-12,UK Landbridge (Dublin-Holyhead),Celtic Sealink,1998.0,848.31,1,Y,0.425,2025-04,1
703324,2025-04-12,EU Direct (Dublin-Cherbourg),Atlantic Cargo Ferries,1888.0,1316.65,2,N,0.697,2025-04,0
705926,2025-04-12,EU Direct (Rosslare-Dunkirk),Atlantic Cargo Ferries,2545.0,1650.98,2,Y,0.649,2025-04,1
702981,2025-04-12,EU Direct (Dublin-Cherbourg),Celtic Sealink,2973.0,1790.22,2,Y,0.602,2025-04,1
702009,2025-04-12,UK Landbridge (Dublin-Holyhead),Celtic Sealink,2569.0,1100.98,1,Y,0.429,2025-04,1
705648,2025-04-13,EU Direct (Rosslare-Dunkirk),Nordic Freight Lines,521.0,264.75,2,N,0.508,2025-04,0
704563,2025-04-13,EU Direct (Dublin-Cherbourg),Atlantic Cargo Ferries,1715.0,1153.99,2,Y,0.673,2025-04,1
705160,2025-04-13,EU Direct (Rosslare-Dunkirk),Nordic Freight Lines,2040.0,1016.32,2,Y,0.498,2025-04,1
701834,2025-04-14,UK Landbridge (Dublin-Holyhead),Nordic Freight Lines,2310.0,899.06,1,Y,0.389,2025-04,1
704469,2025-04-14,EU Direct (Dublin-Cherbourg),Celtic Sealink,988.0,579.65,3,N,0.587,2025-04,0
701458,2025-04-14,UK Landbridge (Dublin-Holyhead),Celtic Sealink,2222.0,948.01,1,Y,0.427,2025-04,1
700626,2025-04-14,UK Landbridge (Dublin-Holyhead),Celtic Sealink,2501.0,1064.91,1,Y,0.426,2025-04,1
702200,2025-04-14,UK Landbridge (Dublin-Holyhead),Celtic Sealink,1817.0,732.64,1,N,0.403,2025-04,0
705349,2025-04-14,EU Direct (Rosslare-Dunkirk),Nordic Freight Lines,2603.0,1315.46,2,Y,0.505,2025-04,1
705558,2025-04-14,EU Direct (Rosslare-Dunkirk),Nordic Freight Lines,1475.0,766.46,2,Y,0.52,2025-04,1
700896,2025-04-14,UK Landbridge (Dublin-Holyhead),Celtic Sealink,1729.0,782.79,2,Y,0.453,2025-04,1
702638,2025-04-14,UK Landbridge (Dublin-Holyhead),Celtic Sealink,2278.0,978.88,1,Y,0.43,2025-04,1
704773,2025-04-14,EU Direct (Rosslare-Dunkirk),Atlantic Cargo Ferries,1652.0,1048.07,2,N,0.634,2025-04,0
703722,2025-04-14,EU Direct (Dublin-Cherbourg),Atlantic Cargo Ferries,1748.0,1194.77,3,Y,0.684,2025-04,1
703875,2025-04-14,EU Direct (Dublin-Cherbourg),Celtic Sealink,3027.0,1662.84,2,Y,0.549,2025-04,1
700976,2025-04-15,UK Landbridge (Dublin-Holyhead),Nordic Freight Lines,459.0,162.0,1,Y,0.353,2025-04,1
702090,2025-04-15,UK Landbridge (Dublin-Holyhead),Celtic Sealink,2457.0,998.55,1,Y,0.406,2025-04,1
702113,2025-04-15,UK Landbridge (Dublin-Holyhead),Nordic Freight Lines,1819.0,705.23,1,Y,0.388,2025-04,1
705204,2025-04-16,EU Direct (Rosslare-Dunkirk),Nordic Freight Lines,2405.0,1292.4,2,Y,0.537,2025-04,1
700550,2025-04-16,UK Landbridge (Dublin-Holyhead),Celtic Sealink,2448.0,994.44,1,Y,0.406,2025-04,1
704043,2025-04-16,EU Direct (Dublin-Cherbourg),Celtic Sealink,531.0,283.61,1,N,0.534,2025-04,0
703065,2025-04-16,EU Direct (Dublin-Cherbourg),Atlantic Cargo Ferries,2111.0,1399.41,3,N,0.663,2025-04,0
704435,2025-04-16,EU Direct (Dublin-Cherbourg),Atlantic Cargo Ferries,2344.0,1476.42,2,Y,0.63,2025-04,1
703343,2025-04-16,EU Direct (Dublin-Cherbourg),Celtic Sealink,2334.0,1288.7,2,Y,0.552,2025-04,1
703310,2025-04-16,EU Direct (Dublin-Cherbourg),Celtic Sealink,1037.0,644.88,2,Y,0.622,2025-04,1
704998,2025-04-16,EU Direct (Rosslare-Dunkirk),Atlantic Cargo Ferries,3014.0,1870.71,3,Y,0.621,2025-04,1
701294,2025-04-17,UK Landbridge (Dublin-Holyhead),Nordic Freight Lines,2655.0,994.25,1,Y,0.374,2025-04,1
702644,2025-04-17,UK Landbridge (Dublin-Holyhead),Celtic Sealink,2390.0,957.06,1,Y,0.4,2025-04,1
705342,2025-04-17,EU Direct (Rosslare-Dunkirk),Atlantic Cargo Ferries,1235.0,818.43,2,Y,0.663,2025-04,1
700432,2025-04-17,UK Landbridge (Dublin-Holyhead),Nordic Freight Lines,3310.0,1261.02,1,Y,0.381,2025-04,1
703203,2025-04-17,EU Direct (Dublin-Cherbourg),Atlantic Cargo Ferries,1929.0,1250.16,2,Y,0.648,2025-04,1
702661,2025-04-17,UK Landbridge (Dublin-Holyhead),Celtic Sealink,1923.0,771.86,1,Y,0.401,2025-04,1
700142,2025-04-17,UK Landbridge (Dublin-Holyhead),Nordic Freight Lines,2354.0,872.18,1,N,0.371,2025-04,0
702037,2025-04-17,UK Landbridge (Dublin-Holyhead),Nordic Freight Lines,2151.0,771.46,2,Y,0.359,2025-04,1
705983,2025-04-17,EU Direct (Rosslare-Dunkirk),Atlantic Cargo Ferries,307.0,207.24,2,Y,0.675,2025-04,1
704769,2025-04-17,EU Direct (Rosslare-Dunkirk),Atlantic Cargo Ferries,1114.0,723.61,3,Y,0.65,2025-04,1
701711,2025-04-17,UK Landbridge (Dublin-Holyhead),Celtic Sealink,2390.0,946.74,1,Y,0.396,2025-04,1
702051,2025-04-17,UK Landbridge (Dublin-Holyhead),Nordic Freight Lines,1931.0,713.23,1,Y,0.369,2025-04,1
700955,2025-04-17,UK Landbridge (Dublin-Holyhead),Celtic Sealink,2637.0,1144.82,1,Y,0.434,2025-04,1
703967,2025-04-17,EU Direct (Dublin-Cherbourg),Atlantic Cargo Ferries,244.0,173.23,2,Y,0.71,2025-04,1
702500,2025-04-17,UK Landbridge (Dublin-Holyhead),Nordic Freight Lines,2617.0,979.44,1,N,0.374,2025-04,0
702333,2025-04-18,UK Landbridge (Dublin-Holyhead),Celtic Sealink,2900.0,1213.87,1,Y,0.419,2025-04,1
704424,2025-04-18,EU Direct (Dublin-Cherbourg),Celtic Sealink,1029.0,617.69,2,Y,0.6,2025-04,1
704520,2025-04-18,EU Direct (Dublin-Cherbourg),Celtic Sealink,3217.0,1967.53,2,Y,0.612,2025-04,1
701932,2025-04-18,UK Landbridge (Dublin-Holyhead),Nordic Freight Lines,1560.0,638.81,1,N,0.409,2025-04,0
704449,2025-04-18,EU Direct (Dublin-Cherbourg),Atlantic Cargo Ferries,2473.0,1591.32,2,N,0.643,2025-04,0
700399,2025-04-18,UK Landbridge (Dublin-Holyhead),Nordic Freight Lines,2281.0,863.74,1,Y,0.379,2025-04,1
700356,2025-04-19,UK Landbridge (Dublin-Holyhead),Celtic Sealink,2792.0,1122.19,1,Y,0.402,2025-04,1
704093,2025-04-19,EU Direct (Dublin-Cherbourg),Atlantic Cargo Ferries,1569.0,966.05,3,Y,0.616,2025-04,1
700607,2025-04-19,UK Landbridge (Dublin-Holyhead),Celtic Sealink,1703.0,731.66,1,Y,0.43,2025-04,1
705228,2025-04-19,EU Direct (Rosslare-Dunkirk),Nordic Freight Lines,321.0,162.55,2,Y,0.506,2025-04,1
702151,2025-04-19,UK Landbridge (Dublin-Holyhead),Nordic Freight Lines,685.0,275.03,1,Y,0.402,2025-04,1
701916,2025-04-19,UK Landbridge (Dublin-Holyhead),Nordic Freight Lines,155.0,58.43,1,Y,0.377,2025-04,1
705438,2025-04-19,EU Direct (Rosslare-Dunkirk),Atlantic Cargo Ferries,2121.0,1401.95,1,Y,0.661,2025-04,1
705870,2025-04-19,EU Direct (Rosslare-Dunkirk),Nordic Freight Lines,3192.0,1509.96,2,Y,0.473,2025-04,1
704568,2025-04-20,EU Direct (Dublin-Cherbourg),Atlantic Cargo Ferries,2826.0,1872.27,3,Y,0.663,2025-04,1
703668,2025-04-20,EU Direct (Dublin-Cherbourg),Atlantic Cargo Ferries,1011.0,713.21,2,Y,0.705,2025-04,1
700279,2025-04-20,UK Landbridge (Dublin-Holyhead),Nordic Freight Lines,1922.0,708.65,1,Y,0.369,2025-04,1
700004,2025-04-20,UK Landbridge (Dublin-Holyhead),Celtic Sealink,1245.0,497.41,1,Y,0.4,2025-04,1
700609,2025-04-20,UK Landbridge (Dublin-Holyhead),Nordic Freight Lines,665.0,239.16,1,N,0.36,2025-04,0
703381,2025-04-20,EU Direct (Dublin-Cherbourg),Celtic Sealink,577.0,327.19,2,Y,0.567,2025-04,1
701079,2025-04-20,UK Landbridge (Dublin-Holyhead),Nordic Freight Lines,2873.0,1146.72,1,Y,0.399,2025-04,1
703222,2025-04-20,EU Direct (Dublin-Cherbourg),Celtic Sealink,1302.0,786.45,2,Y,0.604,2025-04,1
700261,2025-04-21,UK Landbridge (Dublin-Holyhead),Nordic Freight Lines,2293.0,872.05,1,Y,0.38,2025-04,1
702466,2025-04-21,UK Landbridge (Dublin-Holyhead),Nordic Freight Lines,2949.0,1096.67,1,Y,0.372,2025-04,1
700263,2025-04-21,UK Landbridge (Dublin-Holyhead),Celtic Sealink,2614.0,1039.27,1,N,0.398,2025-04,0
702909,2025-04-21,EU Direct (Dublin-Cherbourg),Atlantic Cargo Ferries,1461.0,940.11,1,Y,0.643,2025-04,1
701678,2025-04-21,UK Landbridge (Dublin-Holyhead),Celtic Sealink,1458.0,656.14,1,Y,0.45,2025-04,1
702339,2025-04-21,UK Landbridge (Dublin-Holyhead),Celtic Sealink,2778.0,1161.48,1,Y,0.418,2025-04,1
702781,2025-04-21,UK Landbridge (Dublin-Holyhead),Nordic Freight Lines,813.0,323.71,2,Y,0.398,2025-04,1
704009,2025-04-21,EU Direct (Dublin-Cherbourg),Atlantic Cargo Ferries,2890.0,1936.63,2,Y,0.67,2025-04,1
704792,2025-04-21,EU Direct (Rosslare-Dunkirk),Atlantic Cargo Ferries,1362.0,879.73,2,Y,0.646,2025-04,1
703611,2025-04-21,EU Direct (Dublin-Cherbourg),Atlantic Cargo Ferries,1855.0,1176.81,2,Y,0.634,2025-04,1
702311,2025-04-22,UK Landbridge (Dublin-Holyhead),Celtic Sealink,1579.0,682.62,1,Y,0.432,2025-04,1
702753,2025-04-22,UK Landbridge (Dublin-Holyhead),Celtic Sealink,2706.0,1047.63,1,N,0.387,2025-04,0
701722,2025-04-22,UK Landbridge (Dublin-Holyhead),Nordic Freight Lines,1843.0,716.69,1,Y,0.389,2025-04,1
701032,2025-04-22,UK Landbridge (Dublin-Holyhead),Celtic Sealink,2405.0,974.72,1,Y,0.405,2025-04,1
702125,2025-04-22,UK Landbridge (Dublin-Holyhead),Nordic Freight Lines,2585.0,1018.15,1,Y,0.394,2025-04,1
700456,2025-04-22,UK Landbridge (Dublin-Holyhead),Nordic Freight Lines,1057.0,423.09,1,Y,0.4,2025-04,1
700486,2025-04-22,UK Landbridge (Dublin-Holyhead),Celtic Sealink,2898.0,1201.3,1,Y,0.415,2025-04,1
705682,2025-04-22,EU Direct (Rosslare-Dunkirk),Nordic Freight Lines,2499.0,1158.28,2,Y,0.463,2025-04,1
705521,2025-04-22,EU Direct (Rosslare-Dunkirk),Nordic Freight Lines,1856.0,941.73,2,Y,0.507,2025-04,1
700770,2025-04-23,UK Landbridge (Dublin-Holyhead),Nordic Freight Lines,2848.0,1002.8,1,Y,0.352,2025-04,1
705404,2025-04-23,EU Direct (Rosslare-Dunkirk),Atlantic Cargo Ferries,2972.0,1811.3,2,Y,0.609,2025-04,1
700485,2025-04-23,UK Landbridge (Dublin-Holyhead),Nordic Freight Lines,2034.0,779.63,2,Y,0.383,2025-04,1
701687,2025-04-23,UK Landbridge (Dublin-Holyhead),Celtic Sealink,1607.0,635.33,2,Y,0.395,2025-04,1
702026,2025-04-23,UK Landbridge (Dublin-Holyhead),Nordic Freight Lines,1099.0,401.55,1,Y,0.365,2025-04,1
701612,2025-04-23,UK Landbridge (Dublin-Holyhead),Nordic Freight Lines,2450.0,933.45,1,Y,0.381,2025-04,1
705812,2025-04-23,EU Direct (Rosslare-Dunkirk),Atlantic Cargo Ferries,1584.0,1056.97,1,Y,0.667,2025-04,1
702719,2025-04-23,UK Landbridge (Dublin-Holyhead),Nordic Freight Lines,1358.0,501.33,2,Y,0.369,2025-04,1
704015,2025-04-24,EU Direct (Dublin-Cherbourg),Atlantic Cargo Ferries,1937.0,1368.37,2,Y,0.706,2025-04,1
703177,2025-04-24,EU Direct (Dublin-Cherbourg),Celtic Sealink,2570.0,1380.39,2,Y,0.537,2025-04,1
701889,2025-04-24,UK Landbridge (Dublin-Holyhead),Celtic Sealink,749.0,299.92,1,Y,0.4,2025-04,1
702554,2025-04-24,UK Landbridge (Dublin-Holyhead),Nordic Freight Lines,1861.0,657.7,1,Y,0.353,2025-04,1
704622,2025-04-24,EU Direct (Rosslare-Dunkirk),Nordic Freight Lines,1415.0,678.5,1,Y,0.48,2025-04,1
703016,2025-04-24,EU Direct (Dublin-Cherbourg),Atlantic Cargo Ferries,1857.0,1219.94,2,Y,0.657,2025-04,1
703809,2025-04-24,EU Direct (Dublin-Cherbourg),Atlantic Cargo Ferries,1540.0,946.05,2,Y,0.614,2025-04,1
703308,2025-04-24,EU Direct (Dublin-Cherbourg),Atlantic Cargo Ferries,2750.0,1804.33,2,Y,0.656,2025-04,1
700669,2025-04-25,UK Landbridge (Dublin-Holyhead),Celtic Sealink,977.0,432.64,1,Y,0.443,2025-04,1
702316,2025-04-25,UK Landbridge (Dublin-Holyhead),Nordic Freight Lines,2245.0,789.99,1,Y,0.352,2025-04,1
705005,2025-04-25,EU Direct (Rosslare-Dunkirk),Nordic Freight Lines,1082.0,525.01,2,Y,0.485,2025-04,1
701798,2025-04-25,UK Landbridge (Dublin-Holyhead),Celtic Sealink,1528.0,618.94,1,Y,0.405,2025-04,1
702518,2025-04-25,UK Landbridge (Dublin-Holyhead),Celtic Sealink,2107.0,860.17,1,Y,0.408,2025-04,1
701143,2025-04-25,UK Landbridge (Dublin-Holyhead),Nordic Freight Lines,1784.0,658.02,1,N,0.369,2025-04,0
700157,2025-04-25,UK Landbridge (Dublin-Holyhead),Nordic Freight Lines,1439.0,512.35,1,Y,0.356,2025-04,1
701562,2025-04-25,UK Landbridge (Dublin-Holyhead),Celtic Sealink,824.0,363.89,1,Y,0.442,2025-04,1
705700,2025-04-25,EU Direct (Rosslare-Dunkirk),Nordic Freight Lines,1906.0,883.67,2,Y,0.464,2025-04,1
702694,2025-04-25,UK Landbridge (Dublin-Holyhead),Celtic Sealink,1520.0,648.26,1,Y,0.426,2025-04,1
703660,2025-04-25,EU Direct (Dublin-Cherbourg),Atlantic Cargo Ferries,1880.0,1252.01,2,Y,0.666,2025-04,1
701033,2025-04-26,UK Landbridge (Dublin-Holyhead),Nordic Freight Lines,2816.0,1077.34,1,Y,0.383,2025-04,1
704173,2025-04-26,EU Direct (Dublin-Cherbourg),Atlantic Cargo Ferries,2563.0,1576.28,2,Y,0.615,2025-04,1
702662,2025-04-26,UK Landbridge (Dublin-Holyhead),Nordic Freight Lines,1503.0,617.28,1,Y,0.411,2025-04,1
700115,2025-04-26,UK Landbridge (Dublin-Holyhead),Celtic Sealink,718.0,321.49,2,Y,0.448,2025-04,1
705955,2025-04-26,EU Direct (Rosslare-Dunkirk),Atlantic Cargo Ferries,769.0,485.06,2,Y,0.631,2025-04,1
703406,2025-04-26,EU Direct (Dublin-Cherbourg),Celtic Sealink,1036.0,583.1,2,Y,0.563,2025-04,1
703119,2025-04-26,EU Direct (Dublin-Cherbourg),Celtic Sealink,3232.0,1953.31,2,Y,0.604,2025-04,1
705790,2025-04-26,EU Direct (Rosslare-Dunkirk),Atlantic Cargo Ferries,2523.0,1591.42,2,Y,0.631,2025-04,1
705018,2025-04-27,EU Direct (Rosslare-Dunkirk),Nordic Freight Lines,1610.0,766.27,2,Y,0.476,2025-04,1
703160,2025-04-27,EU Direct (Dublin-Cherbourg),Atlantic Cargo Ferries,1612.0,1140.11,1,Y,0.707,2025-04,1
704844,2025-04-27,EU Direct (Rosslare-Dunkirk),Nordic Freight Lines,637.0,296.43,2,Y,0.465,2025-04,1
703375,2025-04-27,EU Direct (Dublin-Cherbourg),Celtic Sealink,1719.0,1018.26,2,Y,0.592,2025-04,1
700446,2025-04-27,UK Landbridge (Dublin-Holyhead),Nordic Freight Lines,1227.0,466.26,1,Y,0.38,2025-04,1
705908,2025-04-27,EU Direct (Rosslare-Dunkirk),Nordic Freight Lines,50.0,24.07,2,Y,0.481,2025-04,1
704827,2025-04-28,EU Direct (Rosslare-Dunkirk),Nordic Freight Lines,4056.0,2109.47,2,Y,0.52,2025-04,1
704728,2025-04-28,EU Direct (Rosslare-Dunkirk),Nordic Freight Lines,1670.0,834.57,2,Y,0.5,2025-04,1
705977,2025-04-28,EU Direct (Rosslare-Dunkirk),Atlantic Cargo Ferries,3115.0,1806.28,3,Y,0.58,2025-04,1
704193,2025-04-28,EU Direct (Dublin-Cherbourg),Celtic Sealink,1951.0,1162.61,1,Y,0.596,2025-04,1
705361,2025-04-28,EU Direct (Rosslare-Dunkirk),Atlantic Cargo Ferries,426.0,278.37,2,Y,0.653,2025-04,1
702789,2025-04-28,UK Landbridge (Dublin-Holyhead),Nordic Freight Lines,1236.0,452.45,1,Y,0.366,2025-04,1
700320,2025-04-29,UK Landbridge (Dublin-Holyhead),Celtic Sealink,208.0,91.62,1,Y,0.44,2025-04,1
704618,2025-04-29,EU Direct (Dublin-Cherbourg),Celtic Sealink,1766.0,949.33,2,Y,0.538,2025-04,1
702896,2025-04-29,EU Direct (Dublin-Cherbourg),Atlantic Cargo Ferries,2315.0,1484.12,2,Y,0.641,2025-04,1
705089,2025-04-29,EU Direct (Rosslare-Dunkirk),Nordic Freight Lines,2165.0,1032.16,2,Y,0.477,2025-04,1
700280,2025-04-29,UK Landbridge (Dublin-Holyhead),Celtic Sealink,1845.0,748.65,1,N,0.406,2025-04,0
705416,2025-04-29,EU Direct (Rosslare-Dunkirk),Atlantic Cargo Ferries,1417.0,923.88,2,Y,0.652,2025-04,1
705077,2025-04-29,EU Direct (Rosslare-Dunkirk),Nordic Freight Lines,2370.0,1251.68,2,Y,0.528,2025-04,1
701117,2025-04-30,UK Landbridge (Dublin-Holyhead),Nordic Freight Lines,2065.0,767.19,1,Y,0.372,2025-04,1
702476,2025-04-30,UK Landbridge (Dublin-Holyhead),Celtic Sealink,2253.0,889.8,1,Y,0.395,2025-04,1
704025,2025-04-30,EU Direct (Dublin-Cherbourg),Celtic Sealink,637.0,341.72,2,Y,0.536,2025-04,1
700820,2025-04-30,UK Landbridge (Dublin-Holyhead),Nordic Freight Lines,1327.0,469.49,1,N,0.354,2025-04,0
701595,2025-04-30,UK Landbridge (Dublin-Holyhead),Nordic Freight Lines,4094.0,1586.4,2,Y,0.387,2025-04,1
705223,2025-04-30,EU Direct (Rosslare-Dunkirk),Nordic Freight Lines,2172.0,1150.85,2,Y,0.53,2025-04,1
705735,2025-04-30,EU Direct (Rosslare-Dunkirk),Nordic Freight Lines,2016.0,1039.07,2,Y,0.515,2025-04,1
703984,2025-04-30,EU Direct (Dublin-Cherbourg),Celtic Sealink,1454.0,864.33,2,Y,0.594,2025-04,1
702175,2025-05-01,UK Landbridge (Dublin-Holyhead),Celtic Sealink,646.0,257.9,1,Y,0.399,2025-05,1
702797,2025-05-01,UK Landbridge (Dublin-Holyhead),Nordic Freight Lines,1654.0,611.06,1,Y,0.369,2025-05,1
700631,2025-05-01,UK Landbridge (Dublin-Holyhead),Celtic Sealink,806.0,332.17,1,N,0.412,2025-05,0
700019,2025-05-01,UK Landbridge (Dublin-Holyhead),Celtic Sealink,2982.0,1345.17,1,Y,0.451,2025-05,1
702085,2025-05-01,UK Landbridge (Dublin-Holyhead),Celtic Sealink,3014.0,1353.01,1,N,0.449,2025-05,0
700285,2025-05-01,UK Landbridge (Dublin-Holyhead),Celtic Sealink,2037.0,910.93,1,Y,0.447,2025-05,1
701682,2025-05-02,UK Landbridge (Dublin-Holyhead),Nordic Freight Lines,2947.0,1198.81,1,Y,0.407,2025-05,1
705159,2025-05-02,EU Direct (Rosslare-Dunkirk),Nordic Freight Lines,611.0,318.11,3,Y,0.521,2025-05,1
703517,2025-05-02,EU Direct (Dublin-Cherbourg),Celtic Sealink,254.0,144.76,2,Y,0.57,2025-05,1
704730,2025-05-02,EU Direct (Rosslare-Dunkirk),Nordic Freight Lines,2973.0,1598.52,1,Y,0.538,2025-05,1
701141,2025-05-02,UK Landbridge (Dublin-Holyhead),Celtic Sealink,1345.0,565.02,1,Y,0.42,2025-05,1
705003,2025-05-02,EU Direct (Rosslare-Dunkirk),Atlantic Cargo Ferries,2208.0,1283.09,2,N,0.581,2025-05,0
705303,2025-05-02,EU Direct (Rosslare-Dunkirk),Nordic Freight Lines,2561.0,1208.47,2,Y,0.472,2025-05,1
705163,2025-05-03,EU Direct (Rosslare-Dunkirk),Nordic Freight Lines,3737.0,1778.81,2,Y,0.476,2025-05,1
701429,2025-05-03,UK Landbridge (Dublin-Holyhead),Celtic Sealink,4311.0,1857.37,1,Y,0.431,2025-05,1
704750,2025-05-03,EU Direct (Rosslare-Dunkirk),Nordic Freight Lines,3753.0,1735.41,2,Y,0.462,2025-05,1
703559,2025-05-03,EU Direct (Dublin-Cherbourg),Celtic Sealink,2739.0,1551.3,2,Y,0.566,2025-05,1
702162,2025-05-03,UK Landbridge (Dublin-Holyhead),Nordic Freight Lines,1344.0,508.83,1,Y,0.379,2025-05,1
705111,2025-05-03,EU Direct (Rosslare-Dunkirk),Nordic Freight Lines,1380.0,682.58,2,Y,0.495,2025-05,1
703076,2025-05-03,EU Direct (Dublin-Cherbourg),Atlantic Cargo Ferries,2439.0,1564.62,2,Y,0.642,2025-05,1
703037,2025-05-03,EU Direct (Dublin-Cherbourg),Atlantic Cargo Ferries,958.0,611.57,2,Y,0.638,2025-05,1
703982,2025-05-03,EU Direct (Dublin-Cherbourg),Atlantic Cargo Ferries,739.0,459.1,2,N,0.621,2025-05,0
704791,2025-05-03,EU Direct (Rosslare-Dunkirk),Atlantic Cargo Ferries,1838.0,1158.34,2,N,0.63,2025-05,0
702021,2025-05-04,UK Landbridge (Dublin-Holyhead),Nordic Freight Lines,2285.0,858.89,1,N,0.376,2025-05,0
704783,2025-05-04,EU Direct (Rosslare-Dunkirk),Nordic Freight Lines,709.0,382.14,2,Y,0.539,2025-05,1
704275,2025-05-04,EU Direct (Dublin-Cherbourg),Celtic Sealink,1991.0,1144.84,2,Y,0.575,2025-05,1
705697,2025-05-05,EU Direct (Rosslare-Dunkirk),Nordic Freight Lines,2223.0,1062.83,2,Y,0.478,2025-05,1
701634,2025-05-05,UK Landbridge (Dublin-Holyhead),Celtic Sealink,874.0,373.58,1,Y,0.427,2025-05,1
701980,2025-05-05,UK Landbridge (Dublin-Holyhead),Nordic Freight Lines,2935.0,1179.03,1,Y,0.402,2025-05,1
703531,2025-05-05,EU Direct (Dublin-Cherbourg),Atlantic Cargo Ferries,3418.0,2149.48,2,Y,0.629,2025-05,1
701163,2025-05-06,UK Landbridge (Dublin-Holyhead),Nordic Freight Lines,1587.0,638.69,1,Y,0.402,2025-05,1
704104,2025-05-06,EU Direct (Dublin-Cherbourg),Celtic Sealink,1229.0,754.66,2,Y,0.614,2025-05,1
703743,2025-05-06,EU Direct (Dublin-Cherbourg),Atlantic Cargo Ferries,2484.0,1720.41,3,Y,0.693,2025-05,1
700643,2025-05-06,UK Landbridge (Dublin-Holyhead),Celtic Sealink,180.0,75.93,1,Y,0.422,2025-05,1
705373,2025-05-06,EU Direct (Rosslare-Dunkirk),Atlantic Cargo Ferries,2233.0,1482.89,2,Y,0.664,2025-05,1
701283,2025-05-06,UK Landbridge (Dublin-Holyhead),Nordic Freight Lines,1754.0,701.19,1,Y,0.4,2025-05,1
701879,2025-05-07,UK Landbridge (Dublin-Holyhead),Celtic Sealink,1717.0,697.49,2,Y,0.406,2025-05,1
704482,2025-05-07,EU Direct (Dublin-Cherbourg),Celtic Sealink,2592.0,1430.13,2,Y,0.552,2025-05,1
700984,2025-05-07,UK Landbridge (Dublin-Holyhead),Nordic Freight Lines,1217.0,449.15,1,N,0.369,2025-05,0
701542,2025-05-07,UK Landbridge (Dublin-Holyhead),Celtic Sealink,2574.0,1133.89,1,Y,0.441,2025-05,1
701594,2025-05-07,UK Landbridge (Dublin-Holyhead),Nordic Freight Lines,2529.0,1013.38,1,Y,0.401,2025-05,1
705205,2025-05-07,EU Direct (Rosslare-Dunkirk),Nordic Freight Lines,2423.0,1270.88,2,Y,0.525,2025-05,1
704410,2025-05-07,EU Direct (Dublin-Cherbourg),Atlantic Cargo Ferries,1079.0,721.6,2,Y,0.669,2025-05,1
704339,2025-05-07,EU Direct (Dublin-Cherbourg),Celtic Sealink,1294.0,759.31,2,Y,0.587,2025-05,1
705198,2025-05-07,EU Direct (Rosslare-Dunkirk),Nordic Freight Lines,1421.0,698.53,3,Y,0.492,2025-05,1
702848,2025-05-08,UK Landbridge (Dublin-Holyhead),Nordic Freight Lines,1562.0,626.01,1,Y,0.401,2025-05,1
701225,2025-05-08,UK Landbridge (Dublin-Holyhead),Celtic Sealink,2442.0,963.34,1,N,0.394,2025-05,0
700180,2025-05-08,UK Landbridge (Dublin-Holyhead),Celtic Sealink,650.0,262.1,1,Y,0.403,2025-05,1
700339,2025-05-08,UK Landbridge (Dublin-Holyhead),Celtic Sealink,2239.0,936.5,1,Y,0.418,2025-05,1
704249,2025-05-08,EU Direct (Dublin-Cherbourg),Atlantic Cargo Ferries,3084.0,1915.52,2,Y,0.621,2025-05,1
701799,2025-05-08,UK Landbridge (Dublin-Holyhead),Nordic Freight Lines,2554.0,924.05,1,Y,0.362,2025-05,1
701534,2025-05-08,UK Landbridge (Dublin-Holyhead),Nordic Freight Lines,1299.0,468.15,1,Y,0.36,2025-05,1
704412,2025-05-09,EU Direct (Dublin-Cherbourg),Celtic Sealink,2073.0,1195.15,1,Y,0.577,2025-05,1
701846,2025-05-09,UK Landbridge (Dublin-Holyhead),Celtic Sealink,988.0,429.44,1,Y,0.435,2025-05,1
705454,2025-05-09,EU Direct (Rosslare-Dunkirk),Nordic Freight Lines,679.0,330.83,2,N,0.487,2025-05,0
700462,2025-05-09,UK Landbridge (Dublin-Holyhead),Nordic Freight Lines,1885.0,749.59,1,Y,0.398,2025-05,1
701303,2025-05-09,UK Landbridge (Dublin-Holyhead),Celtic Sealink,1585.0,685.64,1,Y,0.433,2025-05,1
701105,2025-05-09,UK Landbridge (Dublin-Holyhead),Celtic Sealink,1174.0,470.38,1,Y,0.401,2025-05,1
700091,2025-05-09,UK Landbridge (Dublin-Holyhead),Celtic Sealink,2391.0,958.82,1,Y,0.401,2025-05,1
702264,2025-05-09,UK Landbridge (Dublin-Holyhead),Celtic Sealink,764.0,334.96,1,Y,0.438,2025-05,1
700533,2025-05-09,UK Landbridge (Dublin-Holyhead),Celtic Sealink,2293.0,984.63,1,Y,0.429,2025-05,1
703697,2025-05-10,EU Direct (Dublin-Cherbourg),Celtic Sealink,729.0,439.06,3,Y,0.602,2025-05,1
704942,2025-05-10,EU Direct (Rosslare-Dunkirk),Nordic Freight Lines,803.0,431.85,2,Y,0.538,2025-05,1
701025,2025-05-10,UK Landbridge (Dublin-Holyhead),Nordic Freight Lines,813.0,306.52,1,Y,0.377,2025-05,1
701451,2025-05-10,UK Landbridge (Dublin-Holyhead),Celtic Sealink,50.0,22.36,1,Y,0.447,2025-05,1
703063,2025-05-10,EU Direct (Dublin-Cherbourg),Atlantic Cargo Ferries,3020.0,1873.99,2,N,0.621,2025-05,0
705121,2025-05-11,EU Direct (Rosslare-Dunkirk),Nordic Freight Lines,3223.0,1592.64,3,Y,0.494,2025-05,1
700496,2025-05-11,UK Landbridge (Dublin-Holyhead),Celtic Sealink,2234.0,936.87,1,Y,0.419,2025-05,1
701952,2025-05-11,UK Landbridge (Dublin-Holyhead),Nordic Freight Lines,1882.0,691.18,2,N,0.367,2025-05,0
702066,2025-05-11,UK Landbridge (Dublin-Holyhead),Nordic Freight Lines,1881.0,769.48,1,Y,0.409,2025-05,1
705128,2025-05-11,EU Direct (Rosslare-Dunkirk),Nordic Freight Lines,661.0,338.27,2,Y,0.512,2025-05,1
704823,2025-05-11,EU Direct (Rosslare-Dunkirk),Nordic Freight Lines,1228.0,659.7,2,Y,0.537,2025-05,1
700774,2025-05-12,UK Landbridge (Dublin-Holyhead),Celtic Sealink,3613.0,1633.03,1,Y,0.452,2025-05,1
703312,2025-05-12,EU Direct (Dublin-Cherbourg),Celtic Sealink,1683.0,903.93,3,Y,0.537,2025-05,1
700911,2025-05-12,UK Landbridge (Dublin-Holyhead),Nordic Freight Lines,1677.0,639.75,1,Y,0.381,2025-05,1
704311,2025-05-12,EU Direct (Dublin-Cherbourg),Atlantic Cargo Ferries,573.0,394.35,2,Y,0.688,2025-05,1
704995,2025-05-12,EU Direct (Rosslare-Dunkirk),Nordic Freight Lines,50.0,23.32,2,Y,0.466,2025-05,1
700719,2025-05-12,UK Landbridge (Dublin-Holyhead),Nordic Freight Lines,1554.0,597.73,1,Y,0.385,2025-05,1
701576,2025-05-12,UK Landbridge (Dublin-Holyhead),Celtic Sealink,1889.0,749.13,1,Y,0.397,2025-05,1
701031,2025-05-13,UK Landbridge (Dublin-Holyhead),Celtic Sealink,1794.0,749.79,2,Y,0.418,2025-05,1
702144,2025-05-13,UK Landbridge (Dublin-Holyhead),Celtic Sealink,1511.0,613.97,1,Y,0.406,2025-05,1
700639,2025-05-13,UK Landbridge (Dublin-Holyhead),Nordic Freight Lines,1111.0,420.88,1,Y,0.379,2025-05,1
705447,2025-05-13,EU Direct (Rosslare-Dunkirk),Nordic Freight Lines,1962.0,932.71,2,Y,0.475,2025-05,1
705192,2025-05-13,EU Direct (Rosslare-Dunkirk),Atlantic Cargo Ferries,2410.0,1603.1,2,Y,0.665,2025-05,1
702984,2025-05-13,EU Direct (Dublin-Cherbourg),Celtic Sealink,1993.0,1080.62,2,Y,0.542,2025-05,1
702950,2025-05-13,EU Direct (Dublin-Cherbourg),Atlantic Cargo Ferries,2690.0,1848.65,2,Y,0.687,2025-05,1
700863,2025-05-13,UK Landbridge (Dublin-Holyhead),Nordic Freight Lines,965.0,349.73,1,Y,0.362,2025-05,1
702835,2025-05-13,UK Landbridge (Dublin-Holyhead),Nordic Freight Lines,1335.0,525.65,2,Y,0.394,2025-05,1
701386,2025-05-13,UK Landbridge (Dublin-Holyhead),Celtic Sealink,974.0,386.75,1,Y,0.397,2025-05,1
703449,2025-05-14,EU Direct (Dublin-Cherbourg),Atlantic Cargo Ferries,1729.0,1116.52,2,Y,0.646,2025-05,1
704569,2025-05-14,EU Direct (Dublin-Cherbourg),Atlantic Cargo Ferries,50.0,34.12,2,Y,0.682,2025-05,1
703368,2025-05-14,EU Direct (Dublin-Cherbourg),Celtic Sealink,733.0,445.33,2,Y,0.608,2025-05,1
701732,2025-05-14,UK Landbridge (Dublin-Holyhead),Celtic Sealink,741.0,325.98,1,Y,0.44,2025-05,1
703364,2025-05-14,EU Direct (Dublin-Cherbourg),Atlantic Cargo Ferries,2682.0,1857.11,2,Y,0.692,2025-05,1
705437,2025-05-14,EU Direct (Rosslare-Dunkirk),Atlantic Cargo Ferries,1345.0,787.9,2,Y,0.586,2025-05,1
702319,2025-05-14,UK Landbridge (Dublin-Holyhead),Nordic Freight Lines,1065.0,410.67,1,Y,0.386,2025-05,1
703921,2025-05-14,EU Direct (Dublin-Cherbourg),Celtic Sealink,1083.0,625.45,1,Y,0.578,2025-05,1
703565,2025-05-14,EU Direct (Dublin-Cherbourg),Celtic Sealink,2418.0,1453.83,1,Y,0.601,2025-05,1
702446,2025-05-14,UK Landbridge (Dublin-Holyhead),Nordic Freight Lines,1344.0,506.97,1,Y,0.377,2025-05,1
702815,2025-05-14,UK Landbridge (Dublin-Holyhead),Nordic Freight Lines,1656.0,677.34,1,Y,0.409,2025-05,1
700879,2025-05-14,UK Landbridge (Dublin-Holyhead),Nordic Freight Lines,1881.0,664.92,1,Y,0.353,2025-05,1
703654,2025-05-14,EU Direct (Dublin-Cherbourg),Atlantic Cargo Ferries,2820.0,1966.43,3,N,0.697,2025-05,0
700605,2025-05-15,UK Landbridge (Dublin-Holyhead),Celtic Sealink,1003.0,419.88,1,N,0.419,2025-05,0
700716,2025-05-15,UK Landbridge (Dublin-Holyhead),Nordic Freight Lines,166.0,66.87,1,Y,0.403,2025-05,1
704041,2025-05-15,EU Direct (Dublin-Cherbourg),Atlantic Cargo Ferries,2302.0,1505.72,1,Y,0.654,2025-05,1
703652,2025-05-16,EU Direct (Dublin-Cherbourg),Celtic Sealink,2776.0,1717.48,2,Y,0.619,2025-05,1
705745,2025-05-16,EU Direct (Rosslare-Dunkirk),Nordic Freight Lines,238.0,113.64,3,Y,0.477,2025-05,1
700748,2025-05-16,UK Landbridge (Dublin-Holyhead),Nordic Freight Lines,1755.0,679.11,1,Y,0.387,2025-05,1
702954,2025-05-16,EU Direct (Dublin-Cherbourg),Celtic Sealink,2076.0,1239.82,3,Y,0.597,2025-05,1
705008,2025-05-16,EU Direct (Rosslare-Dunkirk),Atlantic Cargo Ferries,2472.0,1623.74,2,Y,0.657,2025-05,1
704328,2025-05-16,EU Direct (Dublin-Cherbourg),Atlantic Cargo Ferries,2013.0,1330.96,2,Y,0.661,2025-05,1
702784,2025-05-16,UK Landbridge (Dublin-Holyhead),Nordic Freight Lines,2520.0,952.91,1,Y,0.378,2025-05,1
703134,2025-05-16,EU Direct (Dublin-Cherbourg),Celtic Sealink,1809.0,1088.32,2,Y,0.602,2025-05,1
700234,2025-05-16,UK Landbridge (Dublin-Holyhead),Nordic Freight Lines,3081.0,1227.44,2,Y,0.398,2025-05,1
705650,2025-05-16,EU Direct (Rosslare-Dunkirk),Atlantic Cargo Ferries,1854.0,1200.62,2,Y,0.648,2025-05,1
701550,2025-05-16,UK Landbridge (Dublin-Holyhead),Celtic Sealink,2257.0,1022.23,2,Y,0.453,2025-05,1
700223,2025-05-17,UK Landbridge (Dublin-Holyhead),Celtic Sealink,3003.0,1271.77,1,Y,0.423,2025-05,1
704590,2025-05-17,EU Direct (Dublin-Cherbourg),Celtic Sealink,2533.0,1498.73,2,N,0.592,2025-05,0
700193,2025-05-17,UK Landbridge (Dublin-Holyhead),Nordic Freight Lines,2049.0,782.71,1,Y,0.382,2025-05,1
702844,2025-05-17,UK Landbridge (Dublin-Holyhead),Celtic Sealink,1591.0,656.25,1,Y,0.412,2025-05,1
700964,2025-05-17,UK Landbridge (Dublin-Holyhead),Celtic Sealink,3754.0,1554.51,1,Y,0.414,2025-05,1
703391,2025-05-17,EU Direct (Dublin-Cherbourg),Celtic Sealink,788.0,468.72,2,Y,0.595,2025-05,1
705554,2025-05-17,EU Direct (Rosslare-Dunkirk),Nordic Freight Lines,2166.0,1132.4,2,Y,0.523,2025-05,1
705277,2025-05-17,EU Direct (Rosslare-Dunkirk),Atlantic Cargo Ferries,2457.0,1513.15,2,Y,0.616,2025-05,1
705693,2025-05-17,EU Direct (Rosslare-Dunkirk),Nordic Freight Lines,1835.0,882.25,2,Y,0.481,2025-05,1
700998,2025-05-17,UK Landbridge (Dublin-Holyhead),Celtic Sealink,2991.0,1286.07,1,Y,0.43,2025-05,1
702062,2025-05-18,UK Landbridge (Dublin-Holyhead),Celtic Sealink,3674.0,1544.77,1,Y,0.42,2025-05,1
703962,2025-05-18,EU Direct (Dublin-Cherbourg),Atlantic Cargo Ferries,1892.0,1240.28,2,N,0.656,2025-05,0
705829,2025-05-18,EU Direct (Rosslare-Dunkirk),Nordic Freight Lines,1510.0,749.94,3,Y,0.497,2025-05,1
702656,2025-05-18,UK Landbridge (Dublin-Holyhead),Celtic Sealink,1936.0,828.1,1,Y,0.428,2025-05,1
703508,2025-05-18,EU Direct (Dublin-Cherbourg),Atlantic Cargo Ferries,462.0,317.7,2,Y,0.688,2025-05,1
703678,2025-05-18,EU Direct (Dublin-Cherbourg),Celtic Sealink,1177.0,665.57,2,Y,0.565,2025-05,1
702285,2025-05-18,UK Landbridge (Dublin-Holyhead),Celtic Sealink,3014.0,1209.77,1,Y,0.401,2025-05,1
700786,2025-05-18,UK Landbridge (Dublin-Holyhead),Nordic Freight Lines,2149.0,854.4,1,Y,0.398,2025-05,1
705120,2025-05-19,EU Direct (Rosslare-Dunkirk),Nordic Freight Lines,3991.0,2101.77,3,Y,0.527,2025-05,1
704614,2025-05-19,EU Direct (Dublin-Cherbourg),Atlantic Cargo Ferries,2401.0,1561.29,2,N,0.65,2025-05,0
704989,2025-05-19,EU Direct (Rosslare-Dunkirk),Nordic Freight Lines,1199.0,584.96,2,Y,0.488,2025-05,1
703491,2025-05-19,EU Direct (Dublin-Cherbourg),Celtic Sealink,2891.0,1735.05,2,Y,0.6,2025-05,1
702397,2025-05-20,UK Landbridge (Dublin-Holyhead),Nordic Freight Lines,3137.0,1194.91,1,N,0.381,2025-05,0
700606,2025-05-20,UK Landbridge (Dublin-Holyhead),Nordic Freight Lines,2755.0,1010.97,1,Y,0.367,2025-05,1
702678,2025-05-20,UK Landbridge (Dublin-Holyhead),Celtic Sealink,2001.0,795.24,1,Y,0.397,2025-05,1
705775,2025-05-20,EU Direct (Rosslare-Dunkirk),Nordic Freight Lines,1658.0,846.34,2,Y,0.51,2025-05,1
702095,2025-05-20,UK Landbridge (Dublin-Holyhead),Nordic Freight Lines,943.0,361.4,1,Y,0.383,2025-05,1
700324,2025-05-20,UK Landbridge (Dublin-Holyhead),Nordic Freight Lines,2724.0,1055.8,1,Y,0.388,2025-05,1
703228,2025-05-20,EU Direct (Dublin-Cherbourg),Celtic Sealink,1719.0,1007.94,2,Y,0.586,2025-05,1
702006,2025-05-20,UK Landbridge (Dublin-Holyhead),Nordic Freight Lines,2157.0,768.22,1,Y,0.356,2025-05,1
704746,2025-05-20,EU Direct (Rosslare-Dunkirk),Atlantic Cargo Ferries,2240.0,1395.5,3,Y,0.623,2025-05,1
703269,2025-05-21,EU Direct (Dublin-Cherbourg),Celtic Sealink,1412.0,800.66,2,Y,0.567,2025-05,1
703144,2025-05-21,EU Direct (Dublin-Cherbourg),Celtic Sealink,450.0,274.13,2,Y,0.609,2025-05,1
701672,2025-05-21,UK Landbridge (Dublin-Holyhead),Nordic Freight Lines,1659.0,672.9,1,Y,0.406,2025-05,1
705276,2025-05-21,EU Direct (Rosslare-Dunkirk),Nordic Freight Lines,1508.0,716.4,2,Y,0.475,2025-05,1
700531,2025-05-21,UK Landbridge (Dublin-Holyhead),Celtic Sealink,1127.0,488.69,1,Y,0.434,2025-05,1
701731,2025-05-21,UK Landbridge (Dublin-Holyhead),Celtic Sealink,2325.0,972.6,2,Y,0.418,2025-05,1
703966,2025-05-21,EU Direct (Dublin-Cherbourg),Atlantic Cargo Ferries,903.0,569.2,2,Y,0.63,2025-05,1
701120,2025-05-21,UK Landbridge (Dublin-Holyhead),Celtic Sealink,952.0,391.26,1,Y,0.411,2025-05,1
701581,2025-05-22,UK Landbridge (Dublin-Holyhead),Nordic Freight Lines,1659.0,667.29,1,Y,0.402,2025-05,1
703665,2025-05-22,EU Direct (Dublin-Cherbourg),Atlantic Cargo Ferries,332.0,229.98,2,Y,0.693,2025-05,1
704023,2025-05-22,EU Direct (Dublin-Cherbourg),Celtic Sealink,1339.0,785.79,2,N,0.587,2025-05,0
704825,2025-05-22,EU Direct (Rosslare-Dunkirk),Nordic Freight Lines,2072.0,1062.69,2,Y,0.513,2025-05,1
705162,2025-05-22,EU Direct (Rosslare-Dunkirk),Nordic Freight Lines,2362.0,1218.26,2,N,0.516,2025-05,0
702089,2025-05-22,UK Landbridge (Dublin-Holyhead),Nordic Freight Lines,1510.0,565.17,2,Y,0.374,2025-05,1
704895,2025-05-22,EU Direct (Rosslare-Dunkirk),Atlantic Cargo Ferries,771.0,496.01,2,Y,0.643,2025-05,1
703683,2025-05-22,EU Direct (Dublin-Cherbourg),Atlantic Cargo Ferries,461.0,288.54,3,Y,0.626,2025-05,1
704126,2025-05-22,EU Direct (Dublin-Cherbourg),Atlantic Cargo Ferries,1226.0,753.81,2,Y,0.615,2025-05,1
705871,2025-05-22,EU Direct (Rosslare-Dunkirk),Nordic Freight Lines,2779.0,1499.52,3,N,0.54,2025-05,0
705462,2025-05-23,EU Direct (Rosslare-Dunkirk),Nordic Freight Lines,1948.0,1018.7,2,Y,0.523,2025-05,1
701727,2025-05-23,UK Landbridge (Dublin-Holyhead),Nordic Freight Lines,3064.0,1201.77,1,Y,0.392,2025-05,1
704351,2025-05-23,EU Direct (Dublin-Cherbourg),Celtic Sealink,1760.0,957.38,2,Y,0.544,2025-05,1
702380,2025-05-23,UK Landbridge (Dublin-Holyhead),Celtic Sealink,1856.0,753.58,1,Y,0.406,2025-05,1
705478,2025-05-23,EU Direct (Rosslare-Dunkirk),Nordic Freight Lines,898.0,426.43,2,Y,0.475,2025-05,1
703351,2025-05-23,EU Direct (Dublin-Cherbourg),Atlantic Cargo Ferries,1752.0,1093.93,1,Y,0.624,2025-05,1
703994,2025-05-23,EU Direct (Dublin-Cherbourg),Atlantic Cargo Ferries,2033.0,1279.78,3,Y,0.63,2025-05,1
704768,2025-05-23,EU Direct (Rosslare-Dunkirk),Nordic Freight Lines,2870.0,1544.23,2,Y,0.538,2025-05,1
705599,2025-05-23,EU Direct (Rosslare-Dunkirk),Atlantic Cargo Ferries,2311.0,1541.81,2,N,0.667,2025-05,0
700542,2025-05-24,UK Landbridge (Dublin-Holyhead),Nordic Freight Lines,1368.0,490.34,1,Y,0.358,2025-05,1
701002,2025-05-24,UK Landbridge (Dublin-Holyhead),Celtic Sealink,753.0,305.35,1,Y,0.406,2025-05,1
705310,2025-05-24,EU Direct (Rosslare-Dunkirk),Nordic Freight Lines,1705.0,911.01,2,Y,0.534,2025-05,1
704981,2025-05-24,EU Direct (Rosslare-Dunkirk),Nordic Freight Lines,957.0,441.58,2,Y,0.461,2025-05,1
705793,2025-05-24,EU Direct (Rosslare-Dunkirk),Nordic Freight Lines,1734.0,835.28,2,Y,0.482,2025-05,1
700803,2025-05-25,UK Landbridge (Dublin-Holyhead),Celtic Sealink,413.0,170.02,2,Y,0.412,2025-05,1
701828,2025-05-25,UK Landbridge (Dublin-Holyhead),Nordic Freight Lines,1901.0,679.54,1,Y,0.357,2025-05,1
705698,2025-05-25,EU Direct (Rosslare-Dunkirk),Atlantic Cargo Ferries,1565.0,918.03,2,Y,0.587,2025-05,1
702562,2025-05-25,UK Landbridge (Dublin-Holyhead),Nordic Freight Lines,1964.0,741.31,1,Y,0.377,2025-05,1
705814,2025-05-25,EU Direct (Rosslare-Dunkirk),Atlantic Cargo Ferries,367.0,213.2,2,Y,0.581,2025-05,1
704089,2025-05-25,EU Direct (Dublin-Cherbourg),Celtic Sealink,1612.0,915.08,2,Y,0.568,2025-05,1
704889,2025-05-25,EU Direct (Rosslare-Dunkirk),Nordic Freight Lines,1763.0,915.47,2,Y,0.519,2025-05,1
704874,2025-05-25,EU Direct (Rosslare-Dunkirk),Nordic Freight Lines,1934.0,892.12,2,Y,0.461,2025-05,1
702818,2025-05-25,UK Landbridge (Dublin-Holyhead),Nordic Freight Lines,1213.0,457.27,1,Y,0.377,2025-05,1
702150,2025-05-25,UK Landbridge (Dublin-Holyhead),Nordic Freight Lines,1441.0,526.66,1,Y,0.365,2025-05,1
701098,2025-05-25,UK Landbridge (Dublin-Holyhead),Celtic Sealink,2715.0,1087.73,1,Y,0.401,2025-05,1
703839,2025-05-26,EU Direct (Dublin-Cherbourg),Atlantic Cargo Ferries,2299.0,1576.7,2,Y,0.686,2025-05,1
704833,2025-05-26,EU Direct (Rosslare-Dunkirk),Nordic Freight Lines,1102.0,541.46,2,Y,0.491,2025-05,1
703301,2025-05-26,EU Direct (Dublin-Cherbourg),Celtic Sealink,1804.0,1124.44,2,Y,0.623,2025-05,1
701491,2025-05-26,UK Landbridge (Dublin-Holyhead),Celtic Sealink,137.0,61.49,1,Y,0.449,2025-05,1
700185,2025-05-26,UK Landbridge (Dublin-Holyhead),Celtic Sealink,619.0,246.58,1,Y,0.398,2025-05,1
704888,2025-05-26,EU Direct (Rosslare-Dunkirk),Atlantic Cargo Ferries,2248.0,1451.25,2,Y,0.646,2025-05,1
701561,2025-05-26,UK Landbridge (Dublin-Holyhead),Celtic Sealink,1892.0,766.98,1,Y,0.405,2025-05,1
701524,2025-05-27,UK Landbridge (Dublin-Holyhead),Nordic Freight Lines,570.0,209.53,1,Y,0.368,2025-05,1
701621,2025-05-27,UK Landbridge (Dublin-Holyhead),Celtic Sealink,1807.0,812.16,1,Y,0.449,2025-05,1
704036,2025-05-27,EU Direct (Dublin-Cherbourg),Atlantic Cargo Ferries,50.0,32.32,2,Y,0.646,2025-05,1
703403,2025-05-27,EU Direct (Dublin-Cherbourg),Atlantic Cargo Ferries,1986.0,1284.37,2,Y,0.647,2025-05,1
701059,2025-05-27,UK Landbridge (Dublin-Holyhead),Celtic Sealink,50.0,20.1,1,Y,0.402,2025-05,1
705115,2025-05-28,EU Direct (Rosslare-Dunkirk),Nordic Freight Lines,2701.0,1453.41,2,Y,0.538,2025-05,1
701777,2025-05-28,UK Landbridge (Dublin-Holyhead),Nordic Freight Lines,2129.0,799.75,1,Y,0.376,2025-05,1
701037,2025-05-28,UK Landbridge (Dublin-Holyhead),Nordic Freight Lines,2803.0,1049.52,1,N,0.374,2025-05,0
700941,2025-05-28,UK Landbridge (Dublin-Holyhead),Celtic Sealink,3068.0,1312.17,1,Y,0.428,2025-05,1
703862,2025-05-28,EU Direct (Dublin-Cherbourg),Celtic Sealink,835.0,465.62,2,Y,0.558,2025-05,1
705370,2025-05-28,EU Direct (Rosslare-Dunkirk),Atlantic Cargo Ferries,1983.0,1259.77,2,Y,0.635,2025-05,1
703753,2025-05-28,EU Direct (Dublin-Cherbourg),Atlantic Cargo Ferries,1395.0,910.07,2,Y,0.652,2025-05,1
700662,2025-05-28,UK Landbridge (Dublin-Holyhead),Celtic Sealink,2735.0,1158.23,1,Y,0.423,2025-05,1
700188,2025-05-28,UK Landbridge (Dublin-Holyhead),Nordic Freight Lines,1953.0,755.13,2,Y,0.387,2025-05,1
700678,2025-05-29,UK Landbridge (Dublin-Holyhead),Nordic Freight Lines,1935.0,703.62,1,Y,0.364,2025-05,1
703720,2025-05-29,EU Direct (Dublin-Cherbourg),Celtic Sealink,50.0,29.31,2,N,0.586,2025-05,0
702654,2025-05-29,UK Landbridge (Dublin-Holyhead),Nordic Freight Lines,1310.0,474.65,1,Y,0.362,2025-05,1
701710,2025-05-29,UK Landbridge (Dublin-Holyhead),Nordic Freight Lines,2082.0,824.37,1,Y,0.396,2025-05,1
700731,2025-05-29,UK Landbridge (Dublin-Holyhead),Celtic Sealink,2949.0,1333.26,1,Y,0.452,2025-05,1
703794,2025-05-29,EU Direct (Dublin-Cherbourg),Celtic Sealink,2106.0,1265.21,2,Y,0.601,2025-05,1
700365,2025-05-30,UK Landbridge (Dublin-Holyhead),Celtic Sealink,2573.0,1021.23,1,N,0.397,2025-05,0
700546,2025-05-30,UK Landbridge (Dublin-Holyhead),Nordic Freight Lines,1122.0,448.82,2,N,0.4,2025-05,0
704624,2025-05-30,EU Direct (Rosslare-Dunkirk),Nordic Freight Lines,2137.0,1040.37,2,Y,0.487,2025-05,1
704056,2025-05-30,EU Direct (Dublin-Cherbourg),Celtic Sealink,2350.0,1335.31,2,Y,0.568,2025-05,1
704463,2025-05-30,EU Direct (Dublin-Cherbourg),Celtic Sealink,1204.0,717.1,2,Y,0.596,2025-05,1
701014,2025-05-30,UK Landbridge (Dublin-Holyhead),Celtic Sealink,2868.0,1187.62,1,Y,0.414,2025-05,1
700819,2025-05-30,UK Landbridge (Dublin-Holyhead),Nordic Freight Lines,1660.0,662.33,1,Y,0.399,2025-05,1
701566,2025-05-31,UK Landbridge (Dublin-Holyhead),Nordic Freight Lines,3212.0,1249.4,1,Y,0.389,2025-05,1
705191,2025-05-31,EU Direct (Rosslare-Dunkirk),Nordic Freight Lines,1858.0,992.52,2,Y,0.534,2025-05,1
703647,2025-05-31,EU Direct (Dublin-Cherbourg),Celtic Sealink,1754.0,1036.07,2,Y,0.591,2025-05,1
701806,2025-05-31,UK Landbridge (Dublin-Holyhead),Celtic Sealink,1697.0,671.58,1,Y,0.396,2025-05,1
701522,2025-05-31,UK Landbridge (Dublin-Holyhead),Nordic Freight Lines,3421.0,1213.96,1,Y,0.355,2025-05,1
704538,2025-05-31,EU Direct (Dublin-Cherbourg),Celtic Sealink,2507.0,1549.17,1,Y,0.618,2025-05,1
700482,2025-05-31,UK Landbridge (Dublin-Holyhead),Celtic Sealink,3042.0,1221.46,1,Y,0.402,2025-05,1
703549,2025-05-31,EU Direct (Dublin-Cherbourg),Celtic Sealink,1954.0,1216.92,2,Y,0.623,2025-05,1
700474,2025-05-31,UK Landbridge (Dublin-Holyhead),Celtic Sealink,1871.0,786.86,1,Y,0.421,2025-05,1
702212,2025-05-31,UK Landbridge (Dublin-Holyhead),Celtic Sealink,545.0,235.42,1,Y,0.432,2025-05,1
703078,2025-06-01,EU Direct (Dublin-Cherbourg),Atlantic Cargo Ferries,1998.0,1279.23,2,Y,0.64,2025-06,1
701477,2025-06-01,UK Landbridge (Dublin-Holyhead),Celtic Sealink,2118.0,918.1,1,Y,0.433,2025-06,1
704130,2025-06-01,EU Direct (Dublin-Cherbourg),Celtic Sealink,2714.0,1583.47,2,Y,0.583,2025-06,1
701020,2025-06-01,UK Landbridge (Dublin-Holyhead),Celtic Sealink,1796.0,761.17,1,Y,0.424,2025-06,1
700543,2025-06-01,UK Landbridge (Dublin-Holyhead),Celtic Sealink,1313.0,568.37,1,Y,0.433,2025-06,1
701471,2025-06-01,UK Landbridge (Dublin-Holyhead),Celtic Sealink,2417.0,967.68,1,Y,0.4,2025-06,1
700649,2025-06-01,UK Landbridge (Dublin-Holyhead),Nordic Freight Lines,2012.0,809.46,1,Y,0.402,2025-06,1
705080,2025-06-01,EU Direct (Rosslare-Dunkirk),Atlantic Cargo Ferries,2498.0,1552.03,2,Y,0.621,2025-06,1
702591,2025-06-02,UK Landbridge (Dublin-Holyhead),Celtic Sealink,3089.0,1343.5,1,Y,0.435,2025-06,1
704498,2025-06-02,EU Direct (Dublin-Cherbourg),Celtic Sealink,1875.0,1090.07,2,Y,0.581,2025-06,1
705604,2025-06-02,EU Direct (Rosslare-Dunkirk),Nordic Freight Lines,650.0,346.96,2,Y,0.534,2025-06,1
703043,2025-06-02,EU Direct (Dublin-Cherbourg),Celtic Sealink,1185.0,646.76,3,Y,0.546,2025-06,1
702099,2025-06-02,UK Landbridge (Dublin-Holyhead),Nordic Freight Lines,1846.0,664.48,1,Y,0.36,2025-06,1
702506,2025-06-02,UK Landbridge (Dublin-Holyhead),Celtic Sealink,2528.0,1087.6,1,Y,0.43,2025-06,1
702760,2025-06-02,UK Landbridge (Dublin-Holyhead),Celtic Sealink,2085.0,855.63,1,Y,0.41,2025-06,1
705328,2025-06-02,EU Direct (Rosslare-Dunkirk),Nordic Freight Lines,1336.0,644.72,2,Y,0.483,2025-06,1
701773,2025-06-02,UK Landbridge (Dublin-Holyhead),Celtic Sealink,50.0,21.74,1,Y,0.435,2025-06,1
700181,2025-06-02,UK Landbridge (Dublin-Holyhead),Nordic Freight Lines,894.0,334.29,1,Y,0.374,2025-06,1
702404,2025-06-03,UK Landbridge (Dublin-Holyhead),Nordic Freight Lines,50.0,18.76,1,Y,0.375,2025-06,1
704228,2025-06-03,EU Direct (Dublin-Cherbourg),Atlantic Cargo Ferries,2339.0,1637.48,2,Y,0.7,2025-06,1
705794,2025-06-03,EU Direct (Rosslare-Dunkirk),Atlantic Cargo Ferries,2360.0,1453.01,3,Y,0.616,2025-06,1
705597,2025-06-03,EU Direct (Rosslare-Dunkirk),Atlantic Cargo Ferries,1678.0,1052.92,2,Y,0.627,2025-06,1
703749,2025-06-03,EU Direct (Dublin-Cherbourg),Celtic Sealink,373.0,211.34,2,Y,0.567,2025-06,1
700505,2025-06-03,UK Landbridge (Dublin-Holyhead),Celtic Sealink,1057.0,471.0,1,Y,0.446,2025-06,1
703789,2025-06-03,EU Direct (Dublin-Cherbourg),Atlantic Cargo Ferries,1597.0,1106.04,1,Y,0.693,2025-06,1
705345,2025-06-03,EU Direct (Rosslare-Dunkirk),Nordic Freight Lines,2764.0,1318.53,3,Y,0.477,2025-06,1
702215,2025-06-03,UK Landbridge (Dublin-Holyhead),Nordic Freight Lines,230.0,82.78,1,Y,0.36,2025-06,1
702560,2025-06-04,UK Landbridge (Dublin-Holyhead),Nordic Freight Lines,2348.0,833.4,1,Y,0.355,2025-06,1
703969,2025-06-05,EU Direct (Dublin-Cherbourg),Celtic Sealink,2432.0,1383.74,2,Y,0.569,2025-06,1
703892,2025-06-05,EU Direct (Dublin-Cherbourg),Celtic Sealink,842.0,512.02,2,Y,0.608,2025-06,1
704530,2025-06-05,EU Direct (Dublin-Cherbourg),Celtic Sealink,2275.0,1409.09,2,Y,0.619,2025-06,1
703746,2025-06-05,EU Direct (Dublin-Cherbourg),Celtic Sealink,2241.0,1280.51,2,Y,0.571,2025-06,1
703936,2025-06-05,EU Direct (Dublin-Cherbourg),Celtic Sealink,1451.0,859.25,1,Y,0.592,2025-06,1
703040,2025-06-05,EU Direct (Dublin-Cherbourg),Celtic Sealink,2800.0,1662.44,2,Y,0.594,2025-06,1
705065,2025-06-05,EU Direct (Rosslare-Dunkirk),Nordic Freight Lines,1183.0,558.94,2,Y,0.472,2025-06,1
703135,2025-06-05,EU Direct (Dublin-Cherbourg),Celtic Sealink,1080.0,590.92,2,Y,0.547,2025-06,1
701582,2025-06-05,UK Landbridge (Dublin-Holyhead),Celtic Sealink,1258.0,510.34,2,Y,0.406,2025-06,1
700862,2025-06-05,UK Landbridge (Dublin-Holyhead),Nordic Freight Lines,863.0,345.4,1,Y,0.4,2025-06,1
705921,2025-06-05,EU Direct (Rosslare-Dunkirk),Atlantic Cargo Ferries,212.0,140.3,2,Y,0.662,2025-06,1
701472,2025-06-06,UK Landbridge (Dublin-Holyhead),Nordic Freight Lines,1389.0,550.85,1,Y,0.397,2025-06,1
704298,2025-06-06,EU Direct (Dublin-Cherbourg),Celtic Sealink,2509.0,1519.34,2,Y,0.606,2025-06,1
702222,2025-06-06,UK Landbridge (Dublin-Holyhead),Nordic Freight Lines,3215.0,1231.4,1,Y,0.383,2025-06,1
704383,2025-06-06,EU Direct (Dublin-Cherbourg),Atlantic Cargo Ferries,320.0,228.41,2,Y,0.714,2025-06,1
700987,2025-06-06,UK Landbridge (Dublin-Holyhead),Celtic Sealink,2951.0,1235.9,1,N,0.419,2025-06,0
705453,2025-06-06,EU Direct (Rosslare-Dunkirk),Atlantic Cargo Ferries,3408.0,2169.68,2,Y,0.637,2025-06,1
703145,2025-06-06,EU Direct (Dublin-Cherbourg),Atlantic Cargo Ferries,1199.0,741.59,2,Y,0.619,2025-06,1
705823,2025-06-07,EU Direct (Rosslare-Dunkirk),Nordic Freight Lines,1530.0,720.19,2,Y,0.471,2025-06,1
701113,2025-06-07,UK Landbridge (Dublin-Holyhead),Celtic Sealink,1705.0,673.64,1,Y,0.395,2025-06,1
700851,2025-06-07,UK Landbridge (Dublin-Holyhead),Celtic Sealink,2041.0,843.71,1,Y,0.413,2025-06,1
702706,2025-06-07,UK Landbridge (Dublin-Holyhead),Celtic Sealink,1409.0,598.3,1,Y,0.425,2025-06,1
700104,2025-06-07,UK Landbridge (Dublin-Holyhead),Nordic Freight Lines,2192.0,790.59,1,Y,0.361,2025-06,1
705448,2025-06-07,EU Direct (Rosslare-Dunkirk),Nordic Freight Lines,2807.0,1478.37,2,N,0.527,2025-06,0
702094,2025-06-07,UK Landbridge (Dublin-Holyhead),Celtic Sealink,912.0,400.5,1,Y,0.439,2025-06,1
704213,2025-06-07,EU Direct (Dublin-Cherbourg),Atlantic Cargo Ferries,1047.0,723.34,2,Y,0.691,2025-06,1
702563,2025-06-08,UK Landbridge (Dublin-Holyhead),Nordic Freight Lines,2709.0,1104.97,2,Y,0.408,2025-06,1
700015,2025-06-08,UK Landbridge (Dublin-Holyhead),Celtic Sealink,2446.0,1060.95,1,Y,0.434,2025-06,1
704287,2025-06-08,EU Direct (Dublin-Cherbourg),Atlantic Cargo Ferries,2367.0,1673.33,2,Y,0.707,2025-06,1
702799,2025-06-08,UK Landbridge (Dublin-Holyhead),Celtic Sealink,2898.0,1238.2,1,Y,0.427,2025-06,1
702106,2025-06-08,UK Landbridge (Dublin-Holyhead),Nordic Freight Lines,868.0,327.15,1,Y,0.377,2025-06,1
705944,2025-06-08,EU Direct (Rosslare-Dunkirk),Nordic Freight Lines,2855.0,1384.58,2,Y,0.485,2025-06,1
701464,2025-06-09,UK Landbridge (Dublin-Holyhead),Nordic Freight Lines,2506.0,885.18,1,N,0.353,2025-06,0
703975,2025-06-09,EU Direct (Dublin-Cherbourg),Atlantic Cargo Ferries,1826.0,1112.26,2,Y,0.609,2025-06,1
701006,2025-06-09,UK Landbridge (Dublin-Holyhead),Nordic Freight Lines,1279.0,456.75,1,Y,0.357,2025-06,1
702032,2025-06-09,UK Landbridge (Dublin-Holyhead),Nordic Freight Lines,3075.0,1116.87,1,Y,0.363,2025-06,1
703661,2025-06-09,EU Direct (Dublin-Cherbourg),Celtic Sealink,50.0,28.07,2,Y,0.561,2025-06,1
705758,2025-06-09,EU Direct (Rosslare-Dunkirk),Nordic Freight Lines,1729.0,799.32,2,Y,0.462,2025-06,1
701837,2025-06-09,UK Landbridge (Dublin-Holyhead),Nordic Freight Lines,1730.0,692.37,1,Y,0.4,2025-06,1
705603,2025-06-09,EU Direct (Rosslare-Dunkirk),Nordic Freight Lines,1695.0,893.1,2,Y,0.527,2025-06,1
702371,2025-06-10,UK Landbridge (Dublin-Holyhead),Nordic Freight Lines,1325.0,490.74,2,Y,0.37,2025-06,1
700200,2025-06-10,UK Landbridge (Dublin-Holyhead),Nordic Freight Lines,1611.0,623.53,1,Y,0.387,2025-06,1
701588,2025-06-10,UK Landbridge (Dublin-Holyhead),Celtic Sealink,786.0,346.75,1,Y,0.441,2025-06,1
704680,2025-06-10,EU Direct (Rosslare-Dunkirk),Atlantic Cargo Ferries,223.0,137.58,2,Y,0.617,2025-06,1
700552,2025-06-10,UK Landbridge (Dublin-Holyhead),Celtic Sealink,1160.0,514.25,1,Y,0.443,2025-06,1
701311,2025-06-11,UK Landbridge (Dublin-Holyhead),Nordic Freight Lines,2413.0,912.63,1,Y,0.378,2025-06,1
705385,2025-06-11,EU Direct (Rosslare-Dunkirk),Atlantic Cargo Ferries,1798.0,1044.73,2,Y,0.581,2025-06,1
700788,2025-06-11,UK Landbridge (Dublin-Holyhead),Nordic Freight Lines,2231.0,895.7,1,Y,0.401,2025-06,1
702188,2025-06-11,UK Landbridge (Dublin-Holyhead),Celtic Sealink,2213.0,876.43,1,N,0.396,2025-06,0
703953,2025-06-11,EU Direct (Dublin-Cherbourg),Celtic Sealink,327.0,194.62,2,Y,0.595,2025-06,1
702227,2025-06-11,UK Landbridge (Dublin-Holyhead),Celtic Sealink,2897.0,1248.44,2,Y,0.431,2025-06,1
705255,2025-06-11,EU Direct (Rosslare-Dunkirk),Nordic Freight Lines,1682.0,870.86,2,Y,0.518,2025-06,1
704771,2025-06-11,EU Direct (Rosslare-Dunkirk),Atlantic Cargo Ferries,2385.0,1572.73,2,Y,0.659,2025-06,1
704070,2025-06-11,EU Direct (Dublin-Cherbourg),Atlantic Cargo Ferries,2462.0,1582.97,2,Y,0.643,2025-06,1
700081,2025-06-12,UK Landbridge (Dublin-Holyhead),Celtic Sealink,2295.0,932.42,1,Y,0.406,2025-06,1
700094,2025-06-12,UK Landbridge (Dublin-Holyhead),Nordic Freight Lines,1298.0,517.56,1,Y,0.399,2025-06,1
705722,2025-06-12,EU Direct (Rosslare-Dunkirk),Nordic Freight Lines,2774.0,1397.95,2,Y,0.504,2025-06,1
702725,2025-06-12,UK Landbridge (Dublin-Holyhead),Nordic Freight Lines,236.0,83.31,1,Y,0.353,2025-06,1
700989,2025-06-12,UK Landbridge (Dublin-Holyhead),Celtic Sealink,1764.0,767.32,2,Y,0.435,2025-06,1
705508,2025-06-12,EU Direct (Rosslare-Dunkirk),Atlantic Cargo Ferries,948.0,591.61,2,Y,0.624,2025-06,1
703643,2025-06-12,EU Direct (Dublin-Cherbourg),Celtic Sealink,2130.0,1310.35,2,Y,0.615,2025-06,1
701935,2025-06-12,UK Landbridge (Dublin-Holyhead),Nordic Freight Lines,50.0,18.76,1,Y,0.375,2025-06,1
701180,2025-06-12,UK Landbridge (Dublin-Holyhead),Nordic Freight Lines,2246.0,790.62,2,Y,0.352,2025-06,1
705388,2025-06-13,EU Direct (Rosslare-Dunkirk),Atlantic Cargo Ferries,2348.0,1475.49,2,Y,0.628,2025-06,1
701696,2025-06-13,UK Landbridge (Dublin-Holyhead),Nordic Freight Lines,1944.0,782.71,1,Y,0.403,2025-06,1
705874,2025-06-13,EU Direct (Rosslare-Dunkirk),Nordic Freight Lines,1251.0,591.71,2,Y,0.473,2025-06,1
700973,2025-06-13,UK Landbridge (Dublin-Holyhead),Nordic Freight Lines,2774.0,1045.99,1,Y,0.377,2025-06,1
701999,2025-06-13,UK Landbridge (Dublin-Holyhead),Celtic Sealink,1734.0,691.04,2,Y,0.399,2025-06,1
704364,2025-06-13,EU Direct (Dublin-Cherbourg),Celtic Sealink,2023.0,1263.44,1,Y,0.625,2025-06,1
705386,2025-06-13,EU Direct (Rosslare-Dunkirk),Atlantic Cargo Ferries,1311.0,770.29,2,Y,0.588,2025-06,1
700150,2025-06-13,UK Landbridge (Dublin-Holyhead),Celtic Sealink,1612.0,701.47,1,Y,0.435,2025-06,1
703527,2025-06-13,EU Direct (Dublin-Cherbourg),Celtic Sealink,2142.0,1253.05,2,Y,0.585,2025-06,1
700132,2025-06-13,UK Landbridge (Dublin-Holyhead),Celtic Sealink,1366.0,586.09,2,N,0.429,2025-06,0
703598,2025-06-13,EU Direct (Dublin-Cherbourg),Celtic Sealink,2345.0,1259.72,2,Y,0.537,2025-06,1
704341,2025-06-14,EU Direct (Dublin-Cherbourg),Celtic Sealink,2013.0,1157.96,1,Y,0.575,2025-06,1
700739,2025-06-14,UK Landbridge (Dublin-Holyhead),Celtic Sealink,1121.0,437.87,1,Y,0.391,2025-06,1
701520,2025-06-14,UK Landbridge (Dublin-Holyhead),Nordic Freight Lines,712.0,270.62,1,Y,0.38,2025-06,1
705107,2025-06-14,EU Direct (Rosslare-Dunkirk),Nordic Freight Lines,1388.0,696.93,2,Y,0.502,2025-06,1
701181,2025-06-14,UK Landbridge (Dublin-Holyhead),Celtic Sealink,1073.0,415.85,1,Y,0.388,2025-06,1
704442,2025-06-14,EU Direct (Dublin-Cherbourg),Celtic Sealink,3947.0,2392.39,2,Y,0.606,2025-06,1
701718,2025-06-14,UK Landbridge (Dublin-Holyhead),Celtic Sealink,1768.0,800.98,1,Y,0.453,2025-06,1
705296,2025-06-14,EU Direct (Rosslare-Dunkirk),Nordic Freight Lines,3029.0,1631.6,2,Y,0.539,2025-06,1
700644,2025-06-14,UK Landbridge (Dublin-Holyhead),Nordic Freight Lines,1835.0,647.54,1,Y,0.353,2025-06,1
704842,2025-06-15,EU Direct (Rosslare-Dunkirk),Nordic Freight Lines,2008.0,954.45,2,Y,0.475,2025-06,1
704864,2025-06-15,EU Direct (Rosslare-Dunkirk),Atlantic Cargo Ferries,2331.0,1513.72,3,Y,0.649,2025-06,1
704451,2025-06-15,EU Direct (Dublin-Cherbourg),Celtic Sealink,1439.0,893.27,2,Y,0.621,2025-06,1
701787,2025-06-15,UK Landbridge (Dublin-Holyhead),Celtic Sealink,2326.0,943.59,2,Y,0.406,2025-06,1
703995,2025-06-15,EU Direct (Dublin-Cherbourg),Atlantic Cargo Ferries,50.0,33.09,2,Y,0.662,2025-06,1
703093,2025-06-15,EU Direct (Dublin-Cherbourg),Celtic Sealink,1793.0,1013.08,2,Y,0.565,2025-06,1
703397,2025-06-16,EU Direct (Dublin-Cherbourg),Celtic Sealink,729.0,402.14,2,Y,0.552,2025-06,1
701913,2025-06-16,UK Landbridge (Dublin-Holyhead),Nordic Freight Lines,2536.0,902.5,1,Y,0.356,2025-06,1
700906,2025-06-16,UK Landbridge (Dublin-Holyhead),Nordic Freight Lines,2156.0,861.1,1,Y,0.399,2025-06,1
701431,2025-06-16,UK Landbridge (Dublin-Holyhead),Nordic Freight Lines,2847.0,1111.48,1,N,0.39,2025-06,0
702273,2025-06-16,UK Landbridge (Dublin-Holyhead),Celtic Sealink,2755.0,1157.28,2,Y,0.42,2025-06,1
701205,2025-06-16,UK Landbridge (Dublin-Holyhead),Celtic Sealink,1860.0,724.49,1,Y,0.39,2025-06,1
704562,2025-06-16,EU Direct (Dublin-Cherbourg),Atlantic Cargo Ferries,1338.0,865.54,2,Y,0.647,2025-06,1
700370,2025-06-17,UK Landbridge (Dublin-Holyhead),Nordic Freight Lines,1262.0,446.96,1,Y,0.354,2025-06,1
703086,2025-06-17,EU Direct (Dublin-Cherbourg),Atlantic Cargo Ferries,2353.0,1441.13,3,Y,0.612,2025-06,1
701920,2025-06-18,UK Landbridge (Dublin-Holyhead),Nordic Freight Lines,1036.0,372.39,2,Y,0.359,2025-06,1
704968,2025-06-18,EU Direct (Rosslare-Dunkirk),Atlantic Cargo Ferries,1624.0,1056.56,2,N,0.651,2025-06,0
705086,2025-06-18,EU Direct (Rosslare-Dunkirk),Nordic Freight Lines,1929.0,904.39,2,N,0.469,2025-06,0
700584,2025-06-18,UK Landbridge (Dublin-Holyhead),Celtic Sealink,1285.0,582.82,1,Y,0.454,2025-06,1
704127,2025-06-18,EU Direct (Dublin-Cherbourg),Atlantic Cargo Ferries,2363.0,1476.44,2,Y,0.625,2025-06,1
705732,2025-06-18,EU Direct (Rosslare-Dunkirk),Nordic Freight Lines,2016.0,970.21,2,Y,0.481,2025-06,1
704607,2025-06-18,EU Direct (Dublin-Cherbourg),Celtic Sealink,1319.0,794.17,2,Y,0.602,2025-06,1
701207,2025-06-18,UK Landbridge (Dublin-Holyhead),Celtic Sealink,2236.0,978.13,1,Y,0.437,2025-06,1
700140,2025-06-18,UK Landbridge (Dublin-Holyhead),Nordic Freight Lines,1792.0,656.48,1,Y,0.366,2025-06,1
705411,2025-06-18,EU Direct (Rosslare-Dunkirk),Atlantic Cargo Ferries,2798.0,1689.84,2,Y,0.604,2025-06,1
702971,2025-06-19,EU Direct (Dublin-Cherbourg),Atlantic Cargo Ferries,2972.0,1967.43,2,Y,0.662,2025-06,1
702874,2025-06-19,UK Landbridge (Dublin-Holyhead),Nordic Freight Lines,1926.0,759.14,1,Y,0.394,2025-06,1
704316,2025-06-19,EU Direct (Dublin-Cherbourg),Atlantic Cargo Ferries,2796.0,1742.48,2,Y,0.623,2025-06,1
705694,2025-06-19,EU Direct (Rosslare-Dunkirk),Nordic Freight Lines,1089.0,577.01,2,Y,0.53,2025-06,1
703807,2025-06-19,EU Direct (Dublin-Cherbourg),Atlantic Cargo Ferries,1609.0,1030.61,3,Y,0.641,2025-06,1
701956,2025-06-20,UK Landbridge (Dublin-Holyhead),Nordic Freight Lines,1437.0,506.35,1,Y,0.352,2025-06,1
701391,2025-06-20,UK Landbridge (Dublin-Holyhead),Nordic Freight Lines,3187.0,1165.59,2,Y,0.366,2025-06,1
705144,2025-06-20,EU Direct (Rosslare-Dunkirk),Atlantic Cargo Ferries,65.0,41.69,2,Y,0.641,2025-06,1
704382,2025-06-20,EU Direct (Dublin-Cherbourg),Celtic Sealink,1593.0,945.8,2,Y,0.594,2025-06,1
704938,2025-06-20,EU Direct (Rosslare-Dunkirk),Nordic Freight Lines,641.0,337.64,2,Y,0.527,2025-06,1
704394,2025-06-20,EU Direct (Dublin-Cherbourg),Atlantic Cargo Ferries,2180.0,1352.03,2,N,0.62,2025-06,0
705939,2025-06-20,EU Direct (Rosslare-Dunkirk),Nordic Freight Lines,1960.0,1033.72,2,Y,0.527,2025-06,1
702325,2025-06-20,UK Landbridge (Dublin-Holyhead),Nordic Freight Lines,2874.0,1171.34,1,N,0.408,2025-06,0
700944,2025-06-21,UK Landbridge (Dublin-Holyhead),Celtic Sealink,1926.0,750.65,1,Y,0.39,2025-06,1
705768,2025-06-21,EU Direct (Rosslare-Dunkirk),Nordic Freight Lines,841.0,434.87,2,N,0.517,2025-06,0
704182,2025-06-21,EU Direct (Dublin-Cherbourg),Celtic Sealink,347.0,204.11,2,N,0.588,2025-06,0
705494,2025-06-21,EU Direct (Rosslare-Dunkirk),Atlantic Cargo Ferries,270.0,159.84,2,Y,0.592,2025-06,1
700395,2025-06-21,UK Landbridge (Dublin-Holyhead),Nordic Freight Lines,683.0,271.14,1,Y,0.397,2025-06,1
705013,2025-06-21,EU Direct (Rosslare-Dunkirk),Atlantic Cargo Ferries,1087.0,694.41,2,Y,0.639,2025-06,1
704780,2025-06-22,EU Direct (Rosslare-Dunkirk),Nordic Freight Lines,2520.0,1297.93,2,Y,0.515,2025-06,1
700910,2025-06-22,UK Landbridge (Dublin-Holyhead),Nordic Freight Lines,2169.0,876.67,2,Y,0.404,2025-06,1
701010,2025-06-22,UK Landbridge (Dublin-Holyhead),Celtic Sealink,1009.0,422.11,1,Y,0.418,2025-06,1
703132,2025-06-22,EU Direct (Dublin-Cherbourg),Atlantic Cargo Ferries,4300.0,2986.68,2,Y,0.695,2025-06,1
701707,2025-06-22,UK Landbridge (Dublin-Holyhead),Celtic Sealink,2929.0,1223.31,1,Y,0.418,2025-06,1
705315,2025-06-22,EU Direct (Rosslare-Dunkirk),Atlantic Cargo Ferries,2823.0,1756.59,2,Y,0.622,2025-06,1
702534,2025-06-22,UK Landbridge (Dublin-Holyhead),Nordic Freight Lines,2777.0,1032.34,1,Y,0.372,2025-06,1
702349,2025-06-22,UK Landbridge (Dublin-Holyhead),Nordic Freight Lines,3459.0,1269.32,1,Y,0.367,2025-06,1
704236,2025-06-22,EU Direct (Dublin-Cherbourg),Atlantic Cargo Ferries,1460.0,1003.95,2,Y,0.688,2025-06,1
704918,2025-06-23,EU Direct (Rosslare-Dunkirk),Atlantic Cargo Ferries,2220.0,1422.05,2,Y,0.641,2025-06,1
705036,2025-06-23,EU Direct (Rosslare-Dunkirk),Atlantic Cargo Ferries,1387.0,806.11,2,Y,0.581,2025-06,1
703410,2025-06-23,EU Direct (Dublin-Cherbourg),Atlantic Cargo Ferries,3183.0,2157.26,2,Y,0.678,2025-06,1
705041,2025-06-23,EU Direct (Rosslare-Dunkirk),Atlantic Cargo Ferries,1248.0,722.6,1,Y,0.579,2025-06,1
702698,2025-06-23,UK Landbridge (Dublin-Holyhead),Celtic Sealink,1767.0,750.74,1,Y,0.425,2025-06,1
702837,2025-06-23,UK Landbridge (Dublin-Holyhead),Celtic Sealink,90.0,35.77,1,Y,0.397,2025-06,1
700413,2025-06-23,UK Landbridge (Dublin-Holyhead),Celtic Sealink,352.0,139.12,1,Y,0.395,2025-06,1
700921,2025-06-23,UK Landbridge (Dublin-Holyhead),Nordic Freight Lines,2124.0,818.83,1,Y,0.386,2025-06,1
705426,2025-06-23,EU Direct (Rosslare-Dunkirk),Atlantic Cargo Ferries,2279.0,1325.11,1,Y,0.581,2025-06,1
701450,2025-06-23,UK Landbridge (Dublin-Holyhead),Nordic Freight Lines,1407.0,548.52,1,Y,0.39,2025-06,1
701102,2025-06-23,UK Landbridge (Dublin-Holyhead),Celtic Sealink,1598.0,632.11,1,Y,0.396,2025-06,1
704868,2025-06-23,EU Direct (Rosslare-Dunkirk),Atlantic Cargo Ferries,1032.0,664.18,2,N,0.644,2025-06,0
701452,2025-06-23,UK Landbridge (Dublin-Holyhead),Celtic Sealink,1717.0,697.13,1,Y,0.406,2025-06,1
704441,2025-06-23,EU Direct (Dublin-Cherbourg),Celtic Sealink,198.0,117.85,2,Y,0.595,2025-06,1
702495,2025-06-23,UK Landbridge (Dublin-Holyhead),Nordic Freight Lines,3196.0,1227.89,1,Y,0.384,2025-06,1
703590,2025-06-24,EU Direct (Dublin-Cherbourg),Celtic Sealink,2018.0,1232.35,2,Y,0.611,2025-06,1
704653,2025-06-24,EU Direct (Rosslare-Dunkirk),Nordic Freight Lines,3185.0,1596.86,2,Y,0.501,2025-06,1
703977,2025-06-24,EU Direct (Dublin-Cherbourg),Celtic Sealink,1260.0,724.3,2,Y,0.575,2025-06,1
700563,2025-06-24,UK Landbridge (Dublin-Holyhead),Celtic Sealink,2876.0,1205.3,1,Y,0.419,2025-06,1
705069,2025-06-24,EU Direct (Rosslare-Dunkirk),Atlantic Cargo Ferries,400.0,243.48,2,Y,0.609,2025-06,1
702394,2025-06-25,UK Landbridge (Dublin-Holyhead),Celtic Sealink,2781.0,1121.94,1,Y,0.403,2025-06,1
700856,2025-06-25,UK Landbridge (Dublin-Holyhead),Nordic Freight Lines,2747.0,1119.24,1,Y,0.407,2025-06,1
702881,2025-06-25,EU Direct (Dublin-Cherbourg),Atlantic Cargo Ferries,1400.0,925.58,2,Y,0.661,2025-06,1
701301,2025-06-25,UK Landbridge (Dublin-Holyhead),Celtic Sealink,1022.0,401.36,1,Y,0.393,2025-06,1
703672,2025-06-25,EU Direct (Dublin-Cherbourg),Atlantic Cargo Ferries,286.0,185.64,2,Y,0.649,2025-06,1
704314,2025-06-25,EU Direct (Dublin-Cherbourg),Celtic Sealink,2710.0,1674.81,2,Y,0.618,2025-06,1
703627,2025-06-25,EU Direct (Dublin-Cherbourg),Celtic Sealink,3741.0,2143.98,1,Y,0.573,2025-06,1
704260,2025-06-25,EU Direct (Dublin-Cherbourg),Celtic Sealink,2618.0,1614.41,2,Y,0.617,2025-06,1
704034,2025-06-25,EU Direct (Dublin-Cherbourg),Atlantic Cargo Ferries,1977.0,1308.51,2,Y,0.662,2025-06,1
701467,2025-06-25,UK Landbridge (Dublin-Holyhead),Nordic Freight Lines,1884.0,700.05,1,Y,0.372,2025-06,1
701011,2025-06-26,UK Landbridge (Dublin-Holyhead),Celtic Sealink,201.0,88.67,1,Y,0.441,2025-06,1
702795,2025-06-26,UK Landbridge (Dublin-Holyhead),Celtic Sealink,2548.0,1134.83,1,Y,0.445,2025-06,1
704336,2025-06-26,EU Direct (Dublin-Cherbourg),Atlantic Cargo Ferries,1916.0,1259.08,1,Y,0.657,2025-06,1
703350,2025-06-26,EU Direct (Dublin-Cherbourg),Celtic Sealink,50.0,30.88,2,Y,0.618,2025-06,1
704800,2025-06-26,EU Direct (Rosslare-Dunkirk),Nordic Freight Lines,101.0,47.48,1,Y,0.47,2025-06,1
703813,2025-06-26,EU Direct (Dublin-Cherbourg),Celtic Sealink,1747.0,1012.16,2,Y,0.579,2025-06,1
703876,2025-06-26,EU Direct (Dublin-Cherbourg),Celtic Sealink,2033.0,1269.5,2,Y,0.624,2025-06,1
702871,2025-06-26,UK Landbridge (Dublin-Holyhead),Celtic Sealink,987.0,433.86,1,Y,0.44,2025-06,1
704971,2025-06-26,EU Direct (Rosslare-Dunkirk),Nordic Freight Lines,2634.0,1362.33,2,Y,0.517,2025-06,1
700047,2025-06-26,UK Landbridge (Dublin-Holyhead),Celtic Sealink,2038.0,867.83,1,Y,0.426,2025-06,1
700791,2025-06-26,UK Landbridge (Dublin-Holyhead),Nordic Freight Lines,2919.0,1068.59,1,Y,0.366,2025-06,1
701335,2025-06-27,UK Landbridge (Dublin-Holyhead),Nordic Freight Lines,1628.0,656.29,1,Y,0.403,2025-06,1
705267,2025-06-27,EU Direct (Rosslare-Dunkirk),Nordic Freight Lines,3279.0,1559.69,2,Y,0.476,2025-06,1
703688,2025-06-27,EU Direct (Dublin-Cherbourg),Atlantic Cargo Ferries,1736.0,1155.98,2,Y,0.666,2025-06,1
700523,2025-06-27,UK Landbridge (Dublin-Holyhead),Nordic Freight Lines,2185.0,813.8,1,Y,0.372,2025-06,1
705933,2025-06-27,EU Direct (Rosslare-Dunkirk),Atlantic Cargo Ferries,1277.0,801.81,2,Y,0.628,2025-06,1
700379,2025-06-27,UK Landbridge (Dublin-Holyhead),Nordic Freight Lines,2310.0,952.31,1,Y,0.412,2025-06,1
704925,2025-06-27,EU Direct (Rosslare-Dunkirk),Nordic Freight Lines,2218.0,1043.29,2,Y,0.47,2025-06,1
703495,2025-06-28,EU Direct (Dublin-Cherbourg),Atlantic Cargo Ferries,1883.0,1222.98,2,Y,0.649,2025-06,1
700641,2025-06-28,UK Landbridge (Dublin-Holyhead),Nordic Freight Lines,2097.0,850.52,1,Y,0.406,2025-06,1
705974,2025-06-28,EU Direct (Rosslare-Dunkirk),Atlantic Cargo Ferries,2721.0,1586.3,2,Y,0.583,2025-06,1
705363,2025-06-28,EU Direct (Rosslare-Dunkirk),Nordic Freight Lines,1879.0,1000.44,2,Y,0.532,2025-06,1
700476,2025-06-28,UK Landbridge (Dublin-Holyhead),Nordic Freight Lines,1399.0,499.06,1,Y,0.357,2025-06,1
703095,2025-06-28,EU Direct (Dublin-Cherbourg),Atlantic Cargo Ferries,460.0,301.89,2,Y,0.656,2025-06,1
704400,2025-06-29,EU Direct (Dublin-Cherbourg),Celtic Sealink,1859.0,1072.08,2,Y,0.577,2025-06,1
702598,2025-06-29,UK Landbridge (Dublin-Holyhead),Celtic Sealink,495.0,221.41,1,Y,0.447,2025-06,1
705383,2025-06-29,EU Direct (Rosslare-Dunkirk),Atlantic Cargo Ferries,2455.0,1452.18,2,Y,0.592,2025-06,1
703061,2025-06-29,EU Direct (Dublin-Cherbourg),Atlantic Cargo Ferries,1639.0,1097.75,2,N,0.67,2025-06,0
701233,2025-06-29,UK Landbridge (Dublin-Holyhead),Nordic Freight Lines,1951.0,709.65,1,Y,0.364,2025-06,1
700059,2025-06-29,UK Landbridge (Dublin-Holyhead),Celtic Sealink,2759.0,1158.33,1,Y,0.42,2025-06,1
702233,2025-06-29,UK Landbridge (Dublin-Holyhead),Celtic Sealink,1387.0,601.28,1,Y,0.434,2025-06,1
703015,2025-06-29,EU Direct (Dublin-Cherbourg),Atlantic Cargo Ferries,1748.0,1090.71,2,Y,0.624,2025-06,1
705651,2025-06-29,EU Direct (Rosslare-Dunkirk),Nordic Freight Lines,3033.0,1503.11,2,Y,0.496,2025-06,1
705427,2025-06-30,EU Direct (Rosslare-Dunkirk),Atlantic Cargo Ferries,632.0,418.4,1,Y,0.662,2025-06,1
702599,2025-06-30,UK Landbridge (Dublin-Holyhead),Nordic Freight Lines,2039.0,727.02,1,Y,0.357,2025-06,1
704281,2025-06-30,EU Direct (Dublin-Cherbourg),Atlantic Cargo Ferries,2614.0,1780.08,2,N,0.681,2025-06,0
701584,2025-06-30,UK Landbridge (Dublin-Holyhead),Nordic Freight Lines,3587.0,1286.11,2,Y,0.359,2025-06,1
704848,2025-06-30,EU Direct (Rosslare-Dunkirk),Atlantic Cargo Ferries,850.0,509.87,2,Y,0.6,2025-06,1
701483,2025-06-30,UK Landbridge (Dublin-Holyhead),Nordic Freight Lines,2404.0,895.22,1,Y,0.372,2025-06,1
702721,2025-06-30,UK Landbridge (Dublin-Holyhead),Celtic Sealink,1362.0,603.12,1,N,0.443,2025-06,0
700729,2025-06-30,UK Landbridge (Dublin-Holyhead),Nordic Freight Lines,1534.0,568.09,2,Y,0.37,2025-06,1
702671,2025-07-01,UK Landbridge (Dublin-Holyhead),Nordic Freight Lines,1798.0,647.33,1,Y,0.36,2025-07,1
701387,2025-07-01,UK Landbridge (Dublin-Holyhead),Celtic Sealink,1049.0,452.79,1,Y,0.432,2025-07,1
704876,2025-07-01,EU Direct (Rosslare-Dunkirk),Atlantic Cargo Ferries,1764.0,1120.84,1,Y,0.635,2025-07,1
702035,2025-07-01,UK Landbridge (Dublin-Holyhead),Celtic Sealink,1561.0,620.39,1,Y,0.397,2025-07,1
700210,2025-07-02,UK Landbridge (Dublin-Holyhead),Nordic Freight Lines,50.0,19.95,1,Y,0.399,2025-07,1
702860,2025-07-02,UK Landbridge (Dublin-Holyhead),Celtic Sealink,498.0,216.49,1,Y,0.435,2025-07,1
700815,2025-07-02,UK Landbridge (Dublin-Holyhead),Nordic Freight Lines,2127.0,754.24,1,Y,0.355,2025-07,1
704063,2025-07-02,EU Direct (Dublin-Cherbourg),Celtic Sealink,1045.0,586.33,2,Y,0.561,2025-07,1
701703,2025-07-02,UK Landbridge (Dublin-Holyhead),Nordic Freight Lines,1692.0,682.5,1,Y,0.403,2025-07,1
704737,2025-07-02,EU Direct (Rosslare-Dunkirk),Atlantic Cargo Ferries,1193.0,736.21,2,Y,0.617,2025-07,1
704961,2025-07-02,EU Direct (Rosslare-Dunkirk),Nordic Freight Lines,2619.0,1266.83,1,Y,0.484,2025-07,1
703348,2025-07-02,EU Direct (Dublin-Cherbourg),Celtic Sealink,1919.0,1030.84,2,Y,0.537,2025-07,1
700330,2025-07-02,UK Landbridge (Dublin-Holyhead),Celtic Sealink,2039.0,839.69,1,Y,0.412,2025-07,1
701149,2025-07-02,UK Landbridge (Dublin-Holyhead),Nordic Freight Lines,1118.0,394.17,1,N,0.353,2025-07,0
702071,2025-07-02,UK Landbridge (Dublin-Holyhead),Celtic Sealink,735.0,307.95,1,Y,0.419,2025-07,1
704097,2025-07-02,EU Direct (Dublin-Cherbourg),Celtic Sealink,1192.0,654.54,2,Y,0.549,2025-07,1
704479,2025-07-02,EU Direct (Dublin-Cherbourg),Atlantic Cargo Ferries,1240.0,797.45,2,Y,0.643,2025-07,1
702472,2025-07-02,UK Landbridge (Dublin-Holyhead),Nordic Freight Lines,603.0,215.5,1,N,0.357,2025-07,0
701193,2025-07-03,UK Landbridge (Dublin-Holyhead),Celtic Sealink,1585.0,682.65,1,N,0.431,2025-07,0
704488,2025-07-03,EU Direct (Dublin-Cherbourg),Atlantic Cargo Ferries,2228.0,1555.73,2,Y,0.698,2025-07,1
705490,2025-07-03,EU Direct (Rosslare-Dunkirk),Atlantic Cargo Ferries,897.0,573.76,2,Y,0.64,2025-07,1
705047,2025-07-03,EU Direct (Rosslare-Dunkirk),Atlantic Cargo Ferries,3427.0,2182.63,1,Y,0.637,2025-07,1
701403,2025-07-03,UK Landbridge (Dublin-Holyhead),Nordic Freight Lines,1496.0,529.62,1,Y,0.354,2025-07,1
700685,2025-07-03,UK Landbridge (Dublin-Holyhead),Nordic Freight Lines,2063.0,738.57,1,N,0.358,2025-07,0
704682,2025-07-03,EU Direct (Rosslare-Dunkirk),Atlantic Cargo Ferries,1830.0,1096.59,1,Y,0.599,2025-07,1
704001,2025-07-03,EU Direct (Dublin-Cherbourg),Celtic Sealink,1602.0,903.8,1,Y,0.564,2025-07,1
700424,2025-07-03,UK Landbridge (Dublin-Holyhead),Nordic Freight Lines,1855.0,668.37,1,Y,0.36,2025-07,1
701708,2025-07-03,UK Landbridge (Dublin-Holyhead),Celtic Sealink,2000.0,894.67,1,Y,0.447,2025-07,1
702833,2025-07-04,UK Landbridge (Dublin-Holyhead),Celtic Sealink,498.0,219.39,1,Y,0.441,2025-07,1
704309,2025-07-04,EU Direct (Dublin-Cherbourg),Atlantic Cargo Ferries,2143.0,1424.26,2,Y,0.665,2025-07,1
705245,2025-07-04,EU Direct (Rosslare-Dunkirk),Atlantic Cargo Ferries,1015.0,641.05,1,Y,0.632,2025-07,1
703277,2025-07-04,EU Direct (Dublin-Cherbourg),Atlantic Cargo Ferries,2388.0,1608.4,2,Y,0.674,2025-07,1
703802,2025-07-04,EU Direct (Dublin-Cherbourg),Celtic Sealink,1455.0,842.86,2,Y,0.579,2025-07,1
705106,2025-07-04,EU Direct (Rosslare-Dunkirk),Nordic Freight Lines,1750.0,900.25,2,Y,0.514,2025-07,1
700807,2025-07-04,UK Landbridge (Dublin-Holyhead),Nordic Freight Lines,2300.0,909.97,1,Y,0.396,2025-07,1
705678,2025-07-04,EU Direct (Rosslare-Dunkirk),Nordic Freight Lines,2292.0,1112.23,2,Y,0.485,2025-07,1
703237,2025-07-04,EU Direct (Dublin-Cherbourg),Atlantic Cargo Ferries,722.0,510.72,2,Y,0.707,2025-07,1
700965,2025-07-04,UK Landbridge (Dublin-Holyhead),Nordic Freight Lines,2265.0,828.07,1,Y,0.366,2025-07,1
700121,2025-07-04,UK Landbridge (Dublin-Holyhead),Celtic Sealink,921.0,374.2,1,Y,0.406,2025-07,1
705436,2025-07-05,EU Direct (Rosslare-Dunkirk),Nordic Freight Lines,1586.0,815.42,2,Y,0.514,2025-07,1
702812,2025-07-05,UK Landbridge (Dublin-Holyhead),Celtic Sealink,248.0,107.87,1,Y,0.435,2025-07,1
705935,2025-07-05,EU Direct (Rosslare-Dunkirk),Nordic Freight Lines,704.0,351.9,3,Y,0.5,2025-07,1
705774,2025-07-05,EU Direct (Rosslare-Dunkirk),Nordic Freight Lines,1076.0,519.56,2,Y,0.483,2025-07,1
702639,2025-07-05,UK Landbridge (Dublin-Holyhead),Nordic Freight Lines,1411.0,512.76,1,Y,0.363,2025-07,1
700340,2025-07-05,UK Landbridge (Dublin-Holyhead),Nordic Freight Lines,1596.0,637.59,1,N,0.399,2025-07,0
702193,2025-07-05,UK Landbridge (Dublin-Holyhead),Nordic Freight Lines,1625.0,657.04,1,Y,0.404,2025-07,1
701142,2025-07-05,UK Landbridge (Dublin-Holyhead),Nordic Freight Lines,1926.0,753.84,1,Y,0.391,2025-07,1
705480,2025-07-05,EU Direct (Rosslare-Dunkirk),Nordic Freight Lines,1680.0,833.91,2,Y,0.496,2025-07,1
700579,2025-07-06,UK Landbridge (Dublin-Holyhead),Nordic Freight Lines,3748.0,1508.06,1,Y,0.402,2025-07,1
700908,2025-07-06,UK Landbridge (Dublin-Holyhead),Nordic Freight Lines,121.0,45.14,1,Y,0.373,2025-07,1
703786,2025-07-06,EU Direct (Dublin-Cherbourg),Celtic Sealink,1950.0,1151.82,2,Y,0.591,2025-07,1
700732,2025-07-06,UK Landbridge (Dublin-Holyhead),Celtic Sealink,767.0,314.45,1,Y,0.41,2025-07,1
701868,2025-07-06,UK Landbridge (Dublin-Holyhead),Nordic Freight Lines,2488.0,882.81,1,Y,0.355,2025-07,1
704161,2025-07-06,EU Direct (Dublin-Cherbourg),Atlantic Cargo Ferries,2599.0,1839.88,3,N,0.708,2025-07,0
704531,2025-07-07,EU Direct (Dublin-Cherbourg),Celtic Sealink,1161.0,661.56,2,Y,0.57,2025-07,1
700824,2025-07-07,UK Landbridge (Dublin-Holyhead),Celtic Sealink,2087.0,806.81,1,Y,0.387,2025-07,1
700080,2025-07-07,UK Landbridge (Dublin-Holyhead),Nordic Freight Lines,2478.0,898.19,1,Y,0.362,2025-07,1
704226,2025-07-07,EU Direct (Dublin-Cherbourg),Atlantic Cargo Ferries,1889.0,1231.38,2,Y,0.652,2025-07,1
704475,2025-07-07,EU Direct (Dublin-Cherbourg),Atlantic Cargo Ferries,2677.0,1787.15,2,Y,0.668,2025-07,1
702579,2025-07-07,UK Landbridge (Dublin-Holyhead),Celtic Sealink,3496.0,1584.49,1,Y,0.453,2025-07,1
705140,2025-07-07,EU Direct (Rosslare-Dunkirk),Atlantic Cargo Ferries,2086.0,1235.29,2,N,0.592,2025-07,0
705585,2025-07-07,EU Direct (Rosslare-Dunkirk),Atlantic Cargo Ferries,657.0,426.54,2,Y,0.649,2025-07,1
704199,2025-07-08,EU Direct (Dublin-Cherbourg),Atlantic Cargo Ferries,1306.0,800.33,2,Y,0.613,2025-07,1
705853,2025-07-08,EU Direct (Rosslare-Dunkirk),Atlantic Cargo Ferries,1461.0,895.99,1,Y,0.613,2025-07,1
702112,2025-07-08,UK Landbridge (Dublin-Holyhead),Celtic Sealink,949.0,380.58,1,Y,0.401,2025-07,1
702759,2025-07-08,UK Landbridge (Dublin-Holyhead),Nordic Freight Lines,2504.0,990.5,1,Y,0.396,2025-07,1
704505,2025-07-08,EU Direct (Dublin-Cherbourg),Celtic Sealink,2089.0,1158.25,2,N,0.554,2025-07,0
701533,2025-07-08,UK Landbridge (Dublin-Holyhead),Celtic Sealink,1461.0,627.1,1,Y,0.429,2025-07,1
703452,2025-07-09,EU Direct (Dublin-Cherbourg),Atlantic Cargo Ferries,1352.0,928.02,2,N,0.686,2025-07,0
701318,2025-07-09,UK Landbridge (Dublin-Holyhead),Celtic Sealink,2647.0,1078.41,1,Y,0.407,2025-07,1
702998,2025-07-09,EU Direct (Dublin-Cherbourg),Atlantic Cargo Ferries,1403.0,928.79,2,Y,0.662,2025-07,1
705067,2025-07-09,EU Direct (Rosslare-Dunkirk),Atlantic Cargo Ferries,1240.0,834.62,2,Y,0.673,2025-07,1
703947,2025-07-09,EU Direct (Dublin-Cherbourg),Atlantic Cargo Ferries,383.0,253.01,2,N,0.661,2025-07,0
705230,2025-07-09,EU Direct (Rosslare-Dunkirk),Nordic Freight Lines,1446.0,717.8,2,Y,0.496,2025-07,1
700534,2025-07-09,UK Landbridge (Dublin-Holyhead),Celtic Sealink,1181.0,520.32,1,Y,0.441,2025-07,1
705524,2025-07-10,EU Direct (Rosslare-Dunkirk),Atlantic Cargo Ferries,1249.0,839.85,2,Y,0.672,2025-07,1
701078,2025-07-10,UK Landbridge (Dublin-Holyhead),Nordic Freight Lines,1830.0,736.7,1,Y,0.403,2025-07,1
700822,2025-07-10,UK Landbridge (Dublin-Holyhead),Nordic Freight Lines,2049.0,736.86,1,Y,0.36,2025-07,1
704461,2025-07-10,EU Direct (Dublin-Cherbourg),Atlantic Cargo Ferries,2088.0,1362.55,2,Y,0.653,2025-07,1
705979,2025-07-10,EU Direct (Rosslare-Dunkirk),Atlantic Cargo Ferries,1678.0,973.0,3,Y,0.58,2025-07,1
703560,2025-07-10,EU Direct (Dublin-Cherbourg),Atlantic Cargo Ferries,1798.0,1281.46,2,Y,0.713,2025-07,1
700569,2025-07-11,UK Landbridge (Dublin-Holyhead),Nordic Freight Lines,2644.0,1024.56,1,Y,0.388,2025-07,1
705108,2025-07-11,EU Direct (Rosslare-Dunkirk),Nordic Freight Lines,1325.0,678.77,3,Y,0.512,2025-07,1
701793,2025-07-11,UK Landbridge (Dublin-Holyhead),Celtic Sealink,2825.0,1275.49,1,Y,0.452,2025-07,1
700134,2025-07-11,UK Landbridge (Dublin-Holyhead),Nordic Freight Lines,2013.0,769.24,2,Y,0.382,2025-07,1
700042,2025-07-11,UK Landbridge (Dublin-Holyhead),Nordic Freight Lines,2165.0,826.28,1,Y,0.382,2025-07,1
704215,2025-07-12,EU Direct (Dublin-Cherbourg),Atlantic Cargo Ferries,1615.0,1118.92,1,N,0.693,2025-07,0
700082,2025-07-12,UK Landbridge (Dublin-Holyhead),Nordic Freight Lines,2121.0,841.39,1,Y,0.397,2025-07,1
703805,2025-07-12,EU Direct (Dublin-Cherbourg),Celtic Sealink,647.0,370.15,2,Y,0.572,2025-07,1
704136,2025-07-12,EU Direct (Dublin-Cherbourg),Atlantic Cargo Ferries,50.0,35.62,2,Y,0.712,2025-07,1
704304,2025-07-12,EU Direct (Dublin-Cherbourg),Celtic Sealink,635.0,363.07,2,Y,0.572,2025-07,1
701036,2025-07-12,UK Landbridge (Dublin-Holyhead),Nordic Freight Lines,3798.0,1335.82,2,Y,0.352,2025-07,1
705856,2025-07-12,EU Direct (Rosslare-Dunkirk),Atlantic Cargo Ferries,1322.0,842.49,2,Y,0.637,2025-07,1
702145,2025-07-12,UK Landbridge (Dublin-Holyhead),Nordic Freight Lines,2014.0,827.46,1,Y,0.411,2025-07,1
705991,2025-07-12,EU Direct (Rosslare-Dunkirk),Nordic Freight Lines,1953.0,970.95,2,Y,0.497,2025-07,1
704254,2025-07-12,EU Direct (Dublin-Cherbourg),Atlantic Cargo Ferries,1162.0,747.55,2,Y,0.643,2025-07,1
701161,2025-07-12,UK Landbridge (Dublin-Holyhead),Nordic Freight Lines,2505.0,944.24,1,Y,0.377,2025-07,1
704301,2025-07-13,EU Direct (Dublin-Cherbourg),Celtic Sealink,1899.0,1068.79,2,Y,0.563,2025-07,1
702328,2025-07-13,UK Landbridge (Dublin-Holyhead),Nordic Freight Lines,1405.0,540.36,1,Y,0.385,2025-07,1
704649,2025-07-13,EU Direct (Rosslare-Dunkirk),Nordic Freight Lines,1475.0,706.51,2,Y,0.479,2025-07,1
702928,2025-07-13,EU Direct (Dublin-Cherbourg),Celtic Sealink,2733.0,1544.75,2,Y,0.565,2025-07,1
701019,2025-07-13,UK Landbridge (Dublin-Holyhead),Nordic Freight Lines,1446.0,537.01,1,Y,0.371,2025-07,1
705858,2025-07-13,EU Direct (Rosslare-Dunkirk),Atlantic Cargo Ferries,350.0,211.97,2,Y,0.606,2025-07,1
702335,2025-07-13,UK Landbridge (Dublin-Holyhead),Celtic Sealink,2409.0,1047.8,1,Y,0.435,2025-07,1
702284,2025-07-14,UK Landbridge (Dublin-Holyhead),Celtic Sealink,1846.0,795.36,1,Y,0.431,2025-07,1
700625,2025-07-14,UK Landbridge (Dublin-Holyhead),Nordic Freight Lines,5175.0,1841.21,2,Y,0.356,2025-07,1
703224,2025-07-14,EU Direct (Dublin-Cherbourg),Celtic Sealink,1384.0,835.53,2,Y,0.604,2025-07,1
704656,2025-07-14,EU Direct (Rosslare-Dunkirk),Nordic Freight Lines,1674.0,801.69,2,Y,0.479,2025-07,1
701990,2025-07-14,UK Landbridge (Dublin-Holyhead),Nordic Freight Lines,1734.0,660.52,1,Y,0.381,2025-07,1
701596,2025-07-14,UK Landbridge (Dublin-Holyhead),Nordic Freight Lines,1013.0,414.54,1,Y,0.409,2025-07,1
704106,2025-07-14,EU Direct (Dublin-Cherbourg),Celtic Sealink,1868.0,1083.54,2,Y,0.58,2025-07,1
700218,2025-07-14,UK Landbridge (Dublin-Holyhead),Nordic Freight Lines,1066.0,418.84,2,Y,0.393,2025-07,1
701893,2025-07-14,UK Landbridge (Dublin-Holyhead),Celtic Sealink,1445.0,589.38,2,Y,0.408,2025-07,1
703378,2025-07-14,EU Direct (Dublin-Cherbourg),Atlantic Cargo Ferries,989.0,609.56,2,Y,0.616,2025-07,1
702458,2025-07-14,UK Landbridge (Dublin-Holyhead),Nordic Freight Lines,1384.0,531.7,1,Y,0.384,2025-07,1
704175,2025-07-14,EU Direct (Dublin-Cherbourg),Atlantic Cargo Ferries,2985.0,2121.78,2,Y,0.711,2025-07,1
703263,2025-07-15,EU Direct (Dublin-Cherbourg),Celtic Sealink,1309.0,779.06,2,Y,0.595,2025-07,1
703635,2025-07-15,EU Direct (Dublin-Cherbourg),Celtic Sealink,2961.0,1725.87,2,Y,0.583,2025-07,1
703842,2025-07-15,EU Direct (Dublin-Cherbourg),Celtic Sealink,2078.0,1252.09,2,Y,0.603,2025-07,1
705610,2025-07-15,EU Direct (Rosslare-Dunkirk),Nordic Freight Lines,2090.0,1003.9,2,Y,0.48,2025-07,1
703260,2025-07-15,EU Direct (Dublin-Cherbourg),Atlantic Cargo Ferries,1820.0,1161.97,2,Y,0.638,2025-07,1
702807,2025-07-15,UK Landbridge (Dublin-Holyhead),Celtic Sealink,1973.0,776.99,1,N,0.394,2025-07,0
702773,2025-07-16,UK Landbridge (Dublin-Holyhead),Celtic Sealink,2685.0,1173.35,1,N,0.437,2025-07,0
705868,2025-07-16,EU Direct (Rosslare-Dunkirk),Nordic Freight Lines,1710.0,902.0,1,Y,0.527,2025-07,1
701911,2025-07-16,UK Landbridge (Dublin-Holyhead),Celtic Sealink,1831.0,720.31,1,Y,0.393,2025-07,1
704024,2025-07-16,EU Direct (Dublin-Cherbourg),Celtic Sealink,2237.0,1314.11,2,N,0.587,2025-07,0
705124,2025-07-16,EU Direct (Rosslare-Dunkirk),Atlantic Cargo Ferries,1228.0,714.56,1,Y,0.582,2025-07,1
704982,2025-07-16,EU Direct (Rosslare-Dunkirk),Atlantic Cargo Ferries,1712.0,1012.73,1,Y,0.592,2025-07,1
702679,2025-07-16,UK Landbridge (Dublin-Holyhead),Celtic Sealink,1799.0,756.97,1,Y,0.421,2025-07,1
703279,2025-07-16,EU Direct (Dublin-Cherbourg),Atlantic Cargo Ferries,1738.0,1101.88,2,Y,0.634,2025-07,1
704446,2025-07-16,EU Direct (Dublin-Cherbourg),Atlantic Cargo Ferries,2891.0,2048.11,2,Y,0.708,2025-07,1
702246,2025-07-16,UK Landbridge (Dublin-Holyhead),Celtic Sealink,2038.0,819.69,1,Y,0.402,2025-07,1
700700,2025-07-17,UK Landbridge (Dublin-Holyhead),Celtic Sealink,1826.0,775.9,2,Y,0.425,2025-07,1
701706,2025-07-17,UK Landbridge (Dublin-Holyhead),Celtic Sealink,1711.0,741.15,1,Y,0.433,2025-07,1
700061,2025-07-17,UK Landbridge (Dublin-Holyhead),Nordic Freight Lines,897.0,343.97,1,Y,0.383,2025-07,1
701590,2025-07-17,UK Landbridge (Dublin-Holyhead),Nordic Freight Lines,50.0,20.31,1,Y,0.406,2025-07,1
703686,2025-07-17,EU Direct (Dublin-Cherbourg),Celtic Sealink,2624.0,1603.56,3,Y,0.611,2025-07,1
705254,2025-07-17,EU Direct (Rosslare-Dunkirk),Atlantic Cargo Ferries,1602.0,967.2,2,Y,0.604,2025-07,1
703907,2025-07-17,EU Direct (Dublin-Cherbourg),Atlantic Cargo Ferries,1042.0,701.87,2,Y,0.674,2025-07,1
700072,2025-07-17,UK Landbridge (Dublin-Holyhead),Celtic Sealink,2043.0,855.86,2,Y,0.419,2025-07,1
702866,2025-07-17,UK Landbridge (Dublin-Holyhead),Celtic Sealink,2523.0,1044.96,1,Y,0.414,2025-07,1
704312,2025-07-17,EU Direct (Dublin-Cherbourg),Celtic Sealink,548.0,318.83,2,Y,0.582,2025-07,1
700736,2025-07-17,UK Landbridge (Dublin-Holyhead),Celtic Sealink,1439.0,608.45,1,Y,0.423,2025-07,1
701281,2025-07-18,UK Landbridge (Dublin-Holyhead),Nordic Freight Lines,1080.0,419.09,1,Y,0.388,2025-07,1
703255,2025-07-18,EU Direct (Dublin-Cherbourg),Celtic Sealink,2177.0,1190.72,2,Y,0.547,2025-07,1
701428,2025-07-18,UK Landbridge (Dublin-Holyhead),Celtic Sealink,2225.0,987.24,1,Y,0.444,2025-07,1
705534,2025-07-18,EU Direct (Rosslare-Dunkirk),Nordic Freight Lines,956.0,502.72,2,Y,0.526,2025-07,1
703444,2025-07-18,EU Direct (Dublin-Cherbourg),Atlantic Cargo Ferries,4443.0,2738.66,2,Y,0.616,2025-07,1
700471,2025-07-18,UK Landbridge (Dublin-Holyhead),Nordic Freight Lines,1566.0,608.55,1,Y,0.389,2025-07,1
704575,2025-07-18,EU Direct (Dublin-Cherbourg),Atlantic Cargo Ferries,1680.0,1197.46,2,Y,0.713,2025-07,1
705265,2025-07-19,EU Direct (Rosslare-Dunkirk),Nordic Freight Lines,829.0,426.92,2,Y,0.515,2025-07,1
702362,2025-07-19,UK Landbridge (Dublin-Holyhead),Celtic Sealink,1077.0,475.32,1,Y,0.441,2025-07,1
704809,2025-07-19,EU Direct (Rosslare-Dunkirk),Atlantic Cargo Ferries,50.0,29.48,2,Y,0.59,2025-07,1
703902,2025-07-19,EU Direct (Dublin-Cherbourg),Atlantic Cargo Ferries,1661.0,1182.53,2,Y,0.712,2025-07,1
702198,2025-07-19,UK Landbridge (Dublin-Holyhead),Celtic Sealink,1114.0,500.82,1,Y,0.45,2025-07,1
700535,2025-07-20,UK Landbridge (Dublin-Holyhead),Nordic Freight Lines,2652.0,1011.23,1,Y,0.381,2025-07,1
701389,2025-07-20,UK Landbridge (Dublin-Holyhead),Nordic Freight Lines,3166.0,1137.58,2,Y,0.359,2025-07,1
705123,2025-07-20,EU Direct (Rosslare-Dunkirk),Nordic Freight Lines,1030.0,492.19,3,Y,0.478,2025-07,1
700425,2025-07-20,UK Landbridge (Dublin-Holyhead),Celtic Sealink,2871.0,1175.71,1,Y,0.41,2025-07,1
700652,2025-07-20,UK Landbridge (Dublin-Holyhead),Nordic Freight Lines,1073.0,420.27,1,Y,0.392,2025-07,1
703922,2025-07-20,EU Direct (Dublin-Cherbourg),Atlantic Cargo Ferries,1795.0,1094.07,3,Y,0.61,2025-07,1
701394,2025-07-20,UK Landbridge (Dublin-Holyhead),Celtic Sealink,850.0,356.34,1,N,0.419,2025-07,0
701624,2025-07-20,UK Landbridge (Dublin-Holyhead),Nordic Freight Lines,878.0,322.38,1,Y,0.367,2025-07,1
701159,2025-07-21,UK Landbridge (Dublin-Holyhead),Celtic Sealink,407.0,167.98,1,Y,0.413,2025-07,1
704501,2025-07-21,EU Direct (Dublin-Cherbourg),Atlantic Cargo Ferries,3419.0,2204.2,2,Y,0.645,2025-07,1
704798,2025-07-21,EU Direct (Rosslare-Dunkirk),Nordic Freight Lines,1771.0,904.72,1,Y,0.511,2025-07,1
702082,2025-07-21,UK Landbridge (Dublin-Holyhead),Celtic Sealink,1724.0,722.6,1,N,0.419,2025-07,0
703352,2025-07-21,EU Direct (Dublin-Cherbourg),Celtic Sealink,1225.0,711.65,2,Y,0.581,2025-07,1
704011,2025-07-22,EU Direct (Dublin-Cherbourg),Atlantic Cargo Ferries,176.0,111.34,2,Y,0.633,2025-07,1
703965,2025-07-22,EU Direct (Dublin-Cherbourg),Celtic Sealink,297.0,164.64,2,Y,0.554,2025-07,1
703168,2025-07-22,EU Direct (Dublin-Cherbourg),Atlantic Cargo Ferries,2816.0,1903.57,2,Y,0.676,2025-07,1
705546,2025-07-22,EU Direct (Rosslare-Dunkirk),Atlantic Cargo Ferries,1935.0,1301.14,2,Y,0.672,2025-07,1
705947,2025-07-22,EU Direct (Rosslare-Dunkirk),Atlantic Cargo Ferries,1790.0,1051.72,2,Y,0.588,2025-07,1
702903,2025-07-22,EU Direct (Dublin-Cherbourg),Atlantic Cargo Ferries,2708.0,1782.92,2,Y,0.658,2025-07,1
702907,2025-07-22,EU Direct (Dublin-Cherbourg),Celtic Sealink,1124.0,627.9,1,Y,0.559,2025-07,1
703675,2025-07-23,EU Direct (Dublin-Cherbourg),Celtic Sealink,2991.0,1637.58,2,Y,0.548,2025-07,1
705056,2025-07-23,EU Direct (Rosslare-Dunkirk),Nordic Freight Lines,2826.0,1367.42,2,Y,0.484,2025-07,1
701505,2025-07-23,UK Landbridge (Dublin-Holyhead),Celtic Sealink,2213.0,986.07,1,Y,0.446,2025-07,1
701293,2025-07-23,UK Landbridge (Dublin-Holyhead),Celtic Sealink,1480.0,644.84,1,Y,0.436,2025-07,1
703800,2025-07-23,EU Direct (Dublin-Cherbourg),Celtic Sealink,410.0,232.3,1,Y,0.567,2025-07,1
700568,2025-07-23,UK Landbridge (Dublin-Holyhead),Nordic Freight Lines,956.0,361.88,2,Y,0.379,2025-07,1
705224,2025-07-23,EU Direct (Rosslare-Dunkirk),Atlantic Cargo Ferries,1102.0,708.06,2,N,0.643,2025-07,0
702425,2025-07-23,UK Landbridge (Dublin-Holyhead),Nordic Freight Lines,2789.0,1074.04,1,Y,0.385,2025-07,1
703963,2025-07-23,EU Direct (Dublin-Cherbourg),Celtic Sealink,2185.0,1204.66,2,Y,0.551,2025-07,1
703420,2025-07-24,EU Direct (Dublin-Cherbourg),Celtic Sealink,2364.0,1376.81,2,Y,0.582,2025-07,1
700778,2025-07-24,UK Landbridge (Dublin-Holyhead),Nordic Freight Lines,1031.0,366.59,1,N,0.356,2025-07,0
704561,2025-07-24,EU Direct (Dublin-Cherbourg),Atlantic Cargo Ferries,2247.0,1482.17,2,Y,0.66,2025-07,1
702839,2025-07-24,UK Landbridge (Dublin-Holyhead),Nordic Freight Lines,1816.0,680.44,1,Y,0.375,2025-07,1
700325,2025-07-24,UK Landbridge (Dublin-Holyhead),Nordic Freight Lines,1554.0,602.73,1,N,0.388,2025-07,0
703096,2025-07-24,EU Direct (Dublin-Cherbourg),Celtic Sealink,1367.0,759.1,2,Y,0.555,2025-07,1
705076,2025-07-24,EU Direct (Rosslare-Dunkirk),Nordic Freight Lines,1695.0,911.16,2,Y,0.538,2025-07,1
705716,2025-07-24,EU Direct (Rosslare-Dunkirk),Nordic Freight Lines,4171.0,2030.94,2,Y,0.487,2025-07,1
700759,2025-07-24,UK Landbridge (Dublin-Holyhead),Celtic Sealink,2916.0,1281.94,1,Y,0.44,2025-07,1
705795,2025-07-24,EU Direct (Rosslare-Dunkirk),Nordic Freight Lines,1269.0,661.03,3,Y,0.521,2025-07,1
700741,2025-07-25,UK Landbridge (Dublin-Holyhead),Nordic Freight Lines,650.0,244.03,1,Y,0.375,2025-07,1
704999,2025-07-25,EU Direct (Rosslare-Dunkirk),Atlantic Cargo Ferries,1594.0,1064.55,2,Y,0.668,2025-07,1
705898,2025-07-25,EU Direct (Rosslare-Dunkirk),Nordic Freight Lines,1770.0,858.91,2,Y,0.485,2025-07,1
701605,2025-07-25,UK Landbridge (Dublin-Holyhead),Nordic Freight Lines,2583.0,928.39,1,Y,0.359,2025-07,1
701884,2025-07-25,UK Landbridge (Dublin-Holyhead),Nordic Freight Lines,677.0,261.01,1,Y,0.386,2025-07,1
705715,2025-07-25,EU Direct (Rosslare-Dunkirk),Atlantic Cargo Ferries,2861.0,1866.7,2,Y,0.652,2025-07,1
703532,2025-07-25,EU Direct (Dublin-Cherbourg),Celtic Sealink,1437.0,894.8,2,Y,0.623,2025-07,1
704830,2025-07-25,EU Direct (Rosslare-Dunkirk),Nordic Freight Lines,1409.0,755.81,1,Y,0.536,2025-07,1
703608,2025-07-26,EU Direct (Dublin-Cherbourg),Atlantic Cargo Ferries,2293.0,1567.91,2,Y,0.684,2025-07,1
700529,2025-07-26,UK Landbridge (Dublin-Holyhead),Celtic Sealink,1509.0,644.01,1,Y,0.427,2025-07,1
700175,2025-07-26,UK Landbridge (Dublin-Holyhead),Nordic Freight Lines,2111.0,857.51,1,Y,0.406,2025-07,1
703676,2025-07-26,EU Direct (Dublin-Cherbourg),Celtic Sealink,3820.0,2189.12,2,Y,0.573,2025-07,1
700110,2025-07-27,UK Landbridge (Dublin-Holyhead),Celtic Sealink,2271.0,991.32,1,Y,0.437,2025-07,1
700196,2025-07-27,UK Landbridge (Dublin-Holyhead),Celtic Sealink,1331.0,515.67,1,Y,0.387,2025-07,1
704681,2025-07-27,EU Direct (Rosslare-Dunkirk),Nordic Freight Lines,2336.0,1105.36,2,Y,0.473,2025-07,1
701613,2025-07-27,UK Landbridge (Dublin-Holyhead),Nordic Freight Lines,1018.0,382.4,2,Y,0.376,2025-07,1
704683,2025-07-27,EU Direct (Rosslare-Dunkirk),Nordic Freight Lines,1423.0,764.49,2,Y,0.537,2025-07,1
703857,2025-07-27,EU Direct (Dublin-Cherbourg),Atlantic Cargo Ferries,1596.0,988.14,2,Y,0.619,2025-07,1
701108,2025-07-27,UK Landbridge (Dublin-Holyhead),Nordic Freight Lines,872.0,356.48,1,Y,0.409,2025-07,1
705212,2025-07-27,EU Direct (Rosslare-Dunkirk),Nordic Freight Lines,2581.0,1310.67,1,Y,0.508,2025-07,1
702072,2025-07-27,UK Landbridge (Dublin-Holyhead),Nordic Freight Lines,542.0,213.36,1,Y,0.394,2025-07,1
700001,2025-07-27,UK Landbridge (Dublin-Holyhead),Nordic Freight Lines,2776.0,1052.81,1,Y,0.379,2025-07,1
701399,2025-07-27,UK Landbridge (Dublin-Holyhead),Celtic Sealink,2972.0,1202.33,1,Y,0.405,2025-07,1
704042,2025-07-28,EU Direct (Dublin-Cherbourg),Celtic Sealink,1999.0,1118.88,3,Y,0.56,2025-07,1
704250,2025-07-28,EU Direct (Dublin-Cherbourg),Celtic Sealink,2019.0,1207.25,2,Y,0.598,2025-07,1
704325,2025-07-28,EU Direct (Dublin-Cherbourg),Atlantic Cargo Ferries,2937.0,1933.64,1,Y,0.658,2025-07,1
705248,2025-07-28,EU Direct (Rosslare-Dunkirk),Nordic Freight Lines,2549.0,1263.95,2,Y,0.496,2025-07,1
702979,2025-07-28,EU Direct (Dublin-Cherbourg),Atlantic Cargo Ferries,863.0,594.81,2,Y,0.689,2025-07,1
705894,2025-07-28,EU Direct (Rosslare-Dunkirk),Nordic Freight Lines,1429.0,740.59,1,N,0.518,2025-07,0
701094,2025-07-29,UK Landbridge (Dublin-Holyhead),Nordic Freight Lines,1399.0,551.08,1,Y,0.394,2025-07,1
704572,2025-07-29,EU Direct (Dublin-Cherbourg),Celtic Sealink,1580.0,959.57,2,Y,0.607,2025-07,1
702849,2025-07-29,UK Landbridge (Dublin-Holyhead),Nordic Freight Lines,3167.0,1168.98,1,Y,0.369,2025-07,1
705322,2025-07-29,EU Direct (Rosslare-Dunkirk),Atlantic Cargo Ferries,1296.0,854.82,2,Y,0.66,2025-07,1
702265,2025-07-29,UK Landbridge (Dublin-Holyhead),Celtic Sealink,737.0,305.69,1,Y,0.415,2025-07,1
701497,2025-07-29,UK Landbridge (Dublin-Holyhead),Nordic Freight Lines,1382.0,523.65,1,Y,0.379,2025-07,1
701309,2025-07-29,UK Landbridge (Dublin-Holyhead),Celtic Sealink,844.0,375.45,1,Y,0.445,2025-07,1
705864,2025-07-29,EU Direct (Rosslare-Dunkirk),Atlantic Cargo Ferries,2101.0,1229.21,2,Y,0.585,2025-07,1
701220,2025-07-29,UK Landbridge (Dublin-Holyhead),Nordic Freight Lines,2421.0,931.95,1,Y,0.385,2025-07,1
702093,2025-07-29,UK Landbridge (Dublin-Holyhead),Nordic Freight Lines,775.0,296.69,1,Y,0.383,2025-07,1
704722,2025-07-30,EU Direct (Rosslare-Dunkirk),Atlantic Cargo Ferries,2414.0,1583.69,2,Y,0.656,2025-07,1
704324,2025-07-30,EU Direct (Dublin-Cherbourg),Celtic Sealink,1901.0,1133.58,2,Y,0.596,2025-07,1
704706,2025-07-30,EU Direct (Rosslare-Dunkirk),Atlantic Cargo Ferries,1358.0,819.53,2,Y,0.603,2025-07,1
701536,2025-07-30,UK Landbridge (Dublin-Holyhead),Celtic Sealink,960.0,389.31,1,Y,0.406,2025-07,1
700368,2025-07-31,UK Landbridge (Dublin-Holyhead),Celtic Sealink,668.0,285.49,1,Y,0.427,2025-07,1
701620,2025-07-31,UK Landbridge (Dublin-Holyhead),Celtic Sealink,3643.0,1515.47,1,Y,0.416,2025-07,1
703431,2025-07-31,EU Direct (Dublin-Cherbourg),Celtic Sealink,700.0,434.4,2,Y,0.621,2025-07,1
702568,2025-07-31,UK Landbridge (Dublin-Holyhead),Nordic Freight Lines,1310.0,516.96,1,Y,0.395,2025-07,1
703937,2025-07-31,EU Direct (Dublin-Cherbourg),Atlantic Cargo Ferries,1825.0,1281.66,2,Y,0.702,2025-07,1
700120,2025-07-31,UK Landbridge (Dublin-Holyhead),Nordic Freight Lines,2017.0,801.32,1,Y,0.397,2025-07,1
705639,2025-08-01,EU Direct (Rosslare-Dunkirk),Atlantic Cargo Ferries,2883.0,1940.74,2,Y,0.673,2025-08,1
705214,2025-08-01,EU Direct (Rosslare-Dunkirk),Atlantic Cargo Ferries,3789.0,2390.07,2,Y,0.631,2025-08,1
702618,2025-08-01,UK Landbridge (Dublin-Holyhead),Celtic Sealink,2233.0,958.34,1,Y,0.429,2025-08,1
700454,2025-08-01,UK Landbridge (Dublin-Holyhead),Celtic Sealink,1155.0,520.39,1,Y,0.451,2025-08,1
704965,2025-08-01,EU Direct (Rosslare-Dunkirk),Nordic Freight Lines,3258.0,1727.21,3,Y,0.53,2025-08,1
703958,2025-08-01,EU Direct (Dublin-Cherbourg),Atlantic Cargo Ferries,1959.0,1302.04,1,Y,0.665,2025-08,1
703130,2025-08-01,EU Direct (Dublin-Cherbourg),Atlantic Cargo Ferries,1078.0,718.13,2,Y,0.666,2025-08,1
702291,2025-08-01,UK Landbridge (Dublin-Holyhead),Nordic Freight Lines,1967.0,724.66,1,Y,0.368,2025-08,1
704597,2025-08-01,EU Direct (Dublin-Cherbourg),Celtic Sealink,1716.0,1031.77,2,Y,0.601,2025-08,1
701347,2025-08-02,UK Landbridge (Dublin-Holyhead),Nordic Freight Lines,1519.0,577.85,1,Y,0.38,2025-08,1
701097,2025-08-02,UK Landbridge (Dublin-Holyhead),Celtic Sealink,1790.0,717.59,1,Y,0.401,2025-08,1
701650,2025-08-02,UK Landbridge (Dublin-Holyhead),Celtic Sealink,2253.0,878.54,1,Y,0.39,2025-08,1
700835,2025-08-02,UK Landbridge (Dublin-Holyhead),Nordic Freight Lines,1729.0,657.88,1,Y,0.38,2025-08,1
704172,2025-08-02,EU Direct (Dublin-Cherbourg),Atlantic Cargo Ferries,369.0,256.57,2,Y,0.695,2025-08,1
701659,2025-08-02,UK Landbridge (Dublin-Holyhead),Celtic Sealink,2661.0,1196.2,1,Y,0.45,2025-08,1
704090,2025-08-02,EU Direct (Dublin-Cherbourg),Atlantic Cargo Ferries,50.0,33.11,2,N,0.662,2025-08,0
704244,2025-08-02,EU Direct (Dublin-Cherbourg),Atlantic Cargo Ferries,1453.0,990.64,2,Y,0.682,2025-08,1
702990,2025-08-02,EU Direct (Dublin-Cherbourg),Atlantic Cargo Ferries,1875.0,1309.35,3,Y,0.698,2025-08,1
702825,2025-08-02,UK Landbridge (Dublin-Holyhead),Celtic Sealink,2087.0,889.2,1,N,0.426,2025-08,0
700615,2025-08-02,UK Landbridge (Dublin-Holyhead),Nordic Freight Lines,1866.0,660.56,1,Y,0.354,2025-08,1
704553,2025-08-03,EU Direct (Dublin-Cherbourg),Atlantic Cargo Ferries,2514.0,1716.08,2,Y,0.683,2025-08,1
700108,2025-08-03,UK Landbridge (Dublin-Holyhead),Celtic Sealink,2989.0,1194.7,1,Y,0.4,2025-08,1
702978,2025-08-03,EU Direct (Dublin-Cherbourg),Celtic Sealink,488.0,265.71,2,Y,0.544,2025-08,1
700857,2025-08-03,UK Landbridge (Dublin-Holyhead),Celtic Sealink,1977.0,870.89,1,Y,0.441,2025-08,1
700843,2025-08-03,UK Landbridge (Dublin-Holyhead),Nordic Freight Lines,319.0,128.91,1,N,0.404,2025-08,0
705393,2025-08-03,EU Direct (Rosslare-Dunkirk),Nordic Freight Lines,2151.0,1017.15,2,Y,0.473,2025-08,1
701829,2025-08-03,UK Landbridge (Dublin-Holyhead),Nordic Freight Lines,1475.0,598.77,1,Y,0.406,2025-08,1
705557,2025-08-03,EU Direct (Rosslare-Dunkirk),Nordic Freight Lines,50.0,26.83,2,Y,0.537,2025-08,1
701747,2025-08-03,UK Landbridge (Dublin-Holyhead),Celtic Sealink,2072.0,861.75,1,Y,0.416,2025-08,1
705083,2025-08-03,EU Direct (Rosslare-Dunkirk),Atlantic Cargo Ferries,332.0,212.99,2,Y,0.642,2025-08,1
705909,2025-08-03,EU Direct (Rosslare-Dunkirk),Nordic Freight Lines,2626.0,1302.26,2,Y,0.496,2025-08,1
701270,2025-08-03,UK Landbridge (Dublin-Holyhead),Nordic Freight Lines,1842.0,725.58,1,Y,0.394,2025-08,1
704554,2025-08-03,EU Direct (Dublin-Cherbourg),Atlantic Cargo Ferries,1665.0,1013.45,2,Y,0.609,2025-08,1
701183,2025-08-04,UK Landbridge (Dublin-Holyhead),Celtic Sealink,2143.0,884.08,1,Y,0.413,2025-08,1
700603,2025-08-04,UK Landbridge (Dublin-Holyhead),Celtic Sealink,2098.0,892.88,1,Y,0.426,2025-08,1
700966,2025-08-04,UK Landbridge (Dublin-Holyhead),Celtic Sealink,1515.0,610.26,1,N,0.403,2025-08,0
701528,2025-08-04,UK Landbridge (Dublin-Holyhead),Celtic Sealink,1040.0,434.52,1,Y,0.418,2025-08,1
701377,2025-08-04,UK Landbridge (Dublin-Holyhead),Nordic Freight Lines,2776.0,1038.62,1,Y,0.374,2025-08,1
704526,2025-08-04,EU Direct (Dublin-Cherbourg),Celtic Sealink,1291.0,759.13,3,Y,0.588,2025-08,1
703039,2025-08-04,EU Direct (Dublin-Cherbourg),Atlantic Cargo Ferries,50.0,34.36,2,Y,0.687,2025-08,1
703211,2025-08-04,EU Direct (Dublin-Cherbourg),Celtic Sealink,1515.0,822.68,2,Y,0.543,2025-08,1
701538,2025-08-04,UK Landbridge (Dublin-Holyhead),Celtic Sealink,3433.0,1488.42,1,Y,0.434,2025-08,1
700216,2025-08-04,UK Landbridge (Dublin-Holyhead),Celtic Sealink,3846.0,1511.21,1,Y,0.393,2025-08,1
701719,2025-08-04,UK Landbridge (Dublin-Holyhead),Celtic Sealink,2131.0,863.58,1,Y,0.405,2025-08,1
705890,2025-08-04,EU Direct (Rosslare-Dunkirk),Nordic Freight Lines,50.0,26.89,2,Y,0.538,2025-08,1
704814,2025-08-04,EU Direct (Rosslare-Dunkirk),Nordic Freight Lines,2282.0,1231.98,3,N,0.54,2025-08,0
700897,2025-08-05,UK Landbridge (Dublin-Holyhead),Celtic Sealink,2937.0,1298.19,1,Y,0.442,2025-08,1
703501,2025-08-05,EU Direct (Dublin-Cherbourg),Atlantic Cargo Ferries,826.0,543.35,2,Y,0.658,2025-08,1
700484,2025-08-05,UK Landbridge (Dublin-Holyhead),Celtic Sealink,50.0,21.07,1,Y,0.421,2025-08,1
700276,2025-08-05,UK Landbridge (Dublin-Holyhead),Celtic Sealink,1705.0,764.73,1,Y,0.449,2025-08,1
703701,2025-08-05,EU Direct (Dublin-Cherbourg),Atlantic Cargo Ferries,4025.0,2824.96,2,Y,0.702,2025-08,1
703376,2025-08-05,EU Direct (Dublin-Cherbourg),Atlantic Cargo Ferries,1722.0,1175.9,2,Y,0.683,2025-08,1
701190,2025-08-05,UK Landbridge (Dublin-Holyhead),Celtic Sealink,1737.0,718.55,1,Y,0.414,2025-08,1
701354,2025-08-05,UK Landbridge (Dublin-Holyhead),Nordic Freight Lines,2522.0,955.59,1,Y,0.379,2025-08,1
701494,2025-08-05,UK Landbridge (Dublin-Holyhead),Celtic Sealink,3086.0,1210.43,2,Y,0.392,2025-08,1
702464,2025-08-05,UK Landbridge (Dublin-Holyhead),Nordic Freight Lines,1719.0,626.29,1,Y,0.364,2025-08,1
703390,2025-08-06,EU Direct (Dublin-Cherbourg),Celtic Sealink,1484.0,886.7,2,Y,0.598,2025-08,1
702999,2025-08-06,EU Direct (Dublin-Cherbourg),Celtic Sealink,1656.0,1007.93,2,Y,0.609,2025-08,1
703380,2025-08-06,EU Direct (Dublin-Cherbourg),Atlantic Cargo Ferries,1600.0,980.77,2,Y,0.613,2025-08,1
703307,2025-08-06,EU Direct (Dublin-Cherbourg),Atlantic Cargo Ferries,2090.0,1369.17,3,Y,0.655,2025-08,1
703717,2025-08-06,EU Direct (Dublin-Cherbourg),Atlantic Cargo Ferries,919.0,568.57,2,Y,0.619,2025-08,1
700571,2025-08-06,UK Landbridge (Dublin-Holyhead),Celtic Sealink,2307.0,915.35,1,Y,0.397,2025-08,1
703926,2025-08-06,EU Direct (Dublin-Cherbourg),Celtic Sealink,1313.0,738.7,2,Y,0.563,2025-08,1
701254,2025-08-06,UK Landbridge (Dublin-Holyhead),Celtic Sealink,1056.0,458.72,1,Y,0.434,2025-08,1
704582,2025-08-07,EU Direct (Dublin-Cherbourg),Celtic Sealink,2137.0,1266.08,2,Y,0.592,2025-08,1
701415,2025-08-07,UK Landbridge (Dublin-Holyhead),Nordic Freight Lines,666.0,254.58,1,Y,0.382,2025-08,1
705512,2025-08-07,EU Direct (Rosslare-Dunkirk),Atlantic Cargo Ferries,1893.0,1206.55,2,Y,0.637,2025-08,1
701052,2025-08-07,UK Landbridge (Dublin-Holyhead),Celtic Sealink,2782.0,1103.33,1,Y,0.397,2025-08,1
700880,2025-08-07,UK Landbridge (Dublin-Holyhead),Nordic Freight Lines,908.0,333.11,2,Y,0.367,2025-08,1
703824,2025-08-07,EU Direct (Dublin-Cherbourg),Celtic Sealink,1744.0,972.59,3,Y,0.558,2025-08,1
705879,2025-08-07,EU Direct (Rosslare-Dunkirk),Nordic Freight Lines,155.0,82.3,2,Y,0.531,2025-08,1
702667,2025-08-07,UK Landbridge (Dublin-Holyhead),Nordic Freight Lines,2182.0,779.48,1,Y,0.357,2025-08,1
702141,2025-08-07,UK Landbridge (Dublin-Holyhead),Celtic Sealink,2539.0,994.21,1,Y,0.392,2025-08,1
705297,2025-08-08,EU Direct (Rosslare-Dunkirk),Atlantic Cargo Ferries,309.0,207.58,2,Y,0.672,2025-08,1
702110,2025-08-08,UK Landbridge (Dublin-Holyhead),Celtic Sealink,3207.0,1396.4,1,Y,0.435,2025-08,1
703861,2025-08-08,EU Direct (Dublin-Cherbourg),Atlantic Cargo Ferries,1632.0,995.58,2,Y,0.61,2025-08,1
701342,2025-08-08,UK Landbridge (Dublin-Holyhead),Celtic Sealink,1588.0,661.06,1,Y,0.416,2025-08,1
703640,2025-08-08,EU Direct (Dublin-Cherbourg),Atlantic Cargo Ferries,2652.0,1634.56,2,Y,0.616,2025-08,1
703208,2025-08-08,EU Direct (Dublin-Cherbourg),Atlantic Cargo Ferries,2800.0,1912.04,3,Y,0.683,2025-08,1
700930,2025-08-08,UK Landbridge (Dublin-Holyhead),Celtic Sealink,1903.0,750.8,1,N,0.395,2025-08,0
702031,2025-08-08,UK Landbridge (Dublin-Holyhead),Nordic Freight Lines,1500.0,545.91,1,Y,0.364,2025-08,1
702209,2025-08-08,UK Landbridge (Dublin-Holyhead),Nordic Freight Lines,1454.0,595.49,1,Y,0.41,2025-08,1
700041,2025-08-09,UK Landbridge (Dublin-Holyhead),Nordic Freight Lines,874.0,313.43,1,Y,0.359,2025-08,1
701314,2025-08-09,UK Landbridge (Dublin-Holyhead),Nordic Freight Lines,2520.0,899.23,1,Y,0.357,2025-08,1
703649,2025-08-09,EU Direct (Dublin-Cherbourg),Celtic Sealink,1001.0,625.78,2,Y,0.625,2025-08,1
701409,2025-08-09,UK Landbridge (Dublin-Holyhead),Celtic Sealink,443.0,178.0,2,Y,0.402,2025-08,1
702637,2025-08-09,UK Landbridge (Dublin-Holyhead),Nordic Freight Lines,1676.0,647.74,1,Y,0.386,2025-08,1
700590,2025-08-09,UK Landbridge (Dublin-Holyhead),Nordic Freight Lines,2765.0,978.58,1,Y,0.354,2025-08,1
701154,2025-08-09,UK Landbridge (Dublin-Holyhead),Celtic Sealink,1750.0,764.79,1,Y,0.437,2025-08,1
702846,2025-08-09,UK Landbridge (Dublin-Holyhead),Nordic Freight Lines,2468.0,966.09,1,Y,0.391,2025-08,1
703799,2025-08-09,EU Direct (Dublin-Cherbourg),Celtic Sealink,748.0,411.52,2,Y,0.55,2025-08,1
703525,2025-08-09,EU Direct (Dublin-Cherbourg),Celtic Sealink,2728.0,1529.26,2,Y,0.561,2025-08,1
703412,2025-08-10,EU Direct (Dublin-Cherbourg),Celtic Sealink,744.0,426.5,2,N,0.573,2025-08,0
701839,2025-08-10,UK Landbridge (Dublin-Holyhead),Celtic Sealink,1760.0,762.05,1,Y,0.433,2025-08,1
704269,2025-08-10,EU Direct (Dublin-Cherbourg),Celtic Sealink,50.0,28.37,2,Y,0.567,2025-08,1
702005,2025-08-10,UK Landbridge (Dublin-Holyhead),Nordic Freight Lines,1686.0,649.22,1,Y,0.385,2025-08,1
700013,2025-08-11,UK Landbridge (Dublin-Holyhead),Nordic Freight Lines,2385.0,930.11,1,Y,0.39,2025-08,1
705466,2025-08-11,EU Direct (Rosslare-Dunkirk),Nordic Freight Lines,1445.0,765.78,2,Y,0.53,2025-08,1
700514,2025-08-11,UK Landbridge (Dublin-Holyhead),Celtic Sealink,1719.0,760.27,1,Y,0.442,2025-08,1
703834,2025-08-11,EU Direct (Dublin-Cherbourg),Celtic Sealink,2271.0,1274.46,1,Y,0.561,2025-08,1
700230,2025-08-11,UK Landbridge (Dublin-Holyhead),Nordic Freight Lines,950.0,378.83,1,Y,0.399,2025-08,1
704953,2025-08-11,EU Direct (Rosslare-Dunkirk),Nordic Freight Lines,873.0,442.82,1,Y,0.507,2025-08,1
701810,2025-08-11,UK Landbridge (Dublin-Holyhead),Nordic Freight Lines,140.0,57.39,1,Y,0.41,2025-08,1
702690,2025-08-11,UK Landbridge (Dublin-Holyhead),Nordic Freight Lines,1622.0,654.85,2,Y,0.404,2025-08,1
701899,2025-08-11,UK Landbridge (Dublin-Holyhead),Nordic Freight Lines,1995.0,799.2,2,Y,0.401,2025-08,1
702964,2025-08-11,EU Direct (Dublin-Cherbourg),Celtic Sealink,1847.0,1107.99,2,Y,0.6,2025-08,1
700660,2025-08-11,UK Landbridge (Dublin-Holyhead),Nordic Freight Lines,1428.0,527.25,1,Y,0.369,2025-08,1
704348,2025-08-12,EU Direct (Dublin-Cherbourg),Atlantic Cargo Ferries,1487.0,1032.6,2,N,0.694,2025-08,0
700874,2025-08-12,UK Landbridge (Dublin-Holyhead),Nordic Freight Lines,2752.0,1097.88,2,Y,0.399,2025-08,1
704134,2025-08-12,EU Direct (Dublin-Cherbourg),Atlantic Cargo Ferries,1459.0,1032.08,1,Y,0.707,2025-08,1
703815,2025-08-12,EU Direct (Dublin-Cherbourg),Celtic Sealink,2922.0,1596.0,2,Y,0.546,2025-08,1
701051,2025-08-12,UK Landbridge (Dublin-Holyhead),Nordic Freight Lines,2664.0,1080.65,1,Y,0.406,2025-08,1
702709,2025-08-12,UK Landbridge (Dublin-Holyhead),Nordic Freight Lines,743.0,292.94,1,Y,0.394,2025-08,1
701062,2025-08-12,UK Landbridge (Dublin-Holyhead),Nordic Freight Lines,3090.0,1153.39,1,Y,0.373,2025-08,1
703080,2025-08-12,EU Direct (Dublin-Cherbourg),Celtic Sealink,1943.0,1146.04,3,Y,0.59,2025-08,1
700868,2025-08-12,UK Landbridge (Dublin-Holyhead),Nordic Freight Lines,389.0,138.32,1,Y,0.356,2025-08,1
705923,2025-08-12,EU Direct (Rosslare-Dunkirk),Atlantic Cargo Ferries,3356.0,2152.43,2,Y,0.641,2025-08,1
700903,2025-08-12,UK Landbridge (Dublin-Holyhead),Nordic Freight Lines,1816.0,724.44,2,Y,0.399,2025-08,1
704670,2025-08-13,EU Direct (Rosslare-Dunkirk),Nordic Freight Lines,157.0,74.24,2,Y,0.473,2025-08,1
702470,2025-08-13,UK Landbridge (Dublin-Holyhead),Celtic Sealink,2628.0,1162.06,1,Y,0.442,2025-08,1
705074,2025-08-13,EU Direct (Rosslare-Dunkirk),Atlantic Cargo Ferries,1747.0,1093.33,2,Y,0.626,2025-08,1
703983,2025-08-13,EU Direct (Dublin-Cherbourg),Atlantic Cargo Ferries,1356.0,875.95,2,Y,0.646,2025-08,1
703153,2025-08-13,EU Direct (Dublin-Cherbourg),Atlantic Cargo Ferries,1532.0,1013.97,3,Y,0.662,2025-08,1
703460,2025-08-13,EU Direct (Dublin-Cherbourg),Atlantic Cargo Ferries,745.0,468.1,2,Y,0.628,2025-08,1
702573,2025-08-13,UK Landbridge (Dublin-Holyhead),Celtic Sealink,1241.0,481.11,1,Y,0.388,2025-08,1
702555,2025-08-13,UK Landbridge (Dublin-Holyhead),Celtic Sealink,1047.0,464.49,1,Y,0.444,2025-08,1
703421,2025-08-13,EU Direct (Dublin-Cherbourg),Atlantic Cargo Ferries,787.0,533.07,3,Y,0.677,2025-08,1
703940,2025-08-14,EU Direct (Dublin-Cherbourg),Celtic Sealink,51.0,31.31,2,Y,0.614,2025-08,1
704481,2025-08-14,EU Direct (Dublin-Cherbourg),Celtic Sealink,1526.0,941.5,2,Y,0.617,2025-08,1
701835,2025-08-14,UK Landbridge (Dublin-Holyhead),Celtic Sealink,262.0,103.69,1,Y,0.396,2025-08,1
703586,2025-08-14,EU Direct (Dublin-Cherbourg),Atlantic Cargo Ferries,2143.0,1389.46,2,N,0.648,2025-08,0
704884,2025-08-14,EU Direct (Rosslare-Dunkirk),Atlantic Cargo Ferries,1164.0,688.2,2,Y,0.591,2025-08,1
702088,2025-08-14,UK Landbridge (Dublin-Holyhead),Celtic Sealink,3337.0,1397.0,1,Y,0.419,2025-08,1
700039,2025-08-15,UK Landbridge (Dublin-Holyhead),Nordic Freight Lines,2162.0,789.48,1,Y,0.365,2025-08,1
703711,2025-08-15,EU Direct (Dublin-Cherbourg),Celtic Sealink,1337.0,714.88,2,Y,0.535,2025-08,1
700833,2025-08-15,UK Landbridge (Dublin-Holyhead),Nordic Freight Lines,2372.0,936.3,1,Y,0.395,2025-08,1
703742,2025-08-15,EU Direct (Dublin-Cherbourg),Atlantic Cargo Ferries,692.0,465.6,2,Y,0.673,2025-08,1
705273,2025-08-15,EU Direct (Rosslare-Dunkirk),Atlantic Cargo Ferries,1961.0,1156.32,2,Y,0.59,2025-08,1
701926,2025-08-16,UK Landbridge (Dublin-Holyhead),Nordic Freight Lines,2365.0,956.58,1,Y,0.404,2025-08,1
703184,2025-08-16,EU Direct (Dublin-Cherbourg),Celtic Sealink,1144.0,705.37,2,N,0.617,2025-08,0
700224,2025-08-16,UK Landbridge (Dublin-Holyhead),Celtic Sealink,195.0,81.63,1,Y,0.419,2025-08,1
703960,2025-08-16,EU Direct (Dublin-Cherbourg),Atlantic Cargo Ferries,1430.0,879.73,1,Y,0.615,2025-08,1
705020,2025-08-16,EU Direct (Rosslare-Dunkirk),Atlantic Cargo Ferries,395.0,255.03,2,Y,0.646,2025-08,1
702552,2025-08-17,UK Landbridge (Dublin-Holyhead),Nordic Freight Lines,96.0,36.3,1,Y,0.378,2025-08,1
700075,2025-08-17,UK Landbridge (Dublin-Holyhead),Nordic Freight Lines,3305.0,1177.98,1,Y,0.356,2025-08,1
703355,2025-08-17,EU Direct (Dublin-Cherbourg),Celtic Sealink,3425.0,1901.87,2,Y,0.555,2025-08,1
701661,2025-08-17,UK Landbridge (Dublin-Holyhead),Celtic Sealink,1672.0,678.14,1,N,0.406,2025-08,0
702533,2025-08-17,UK Landbridge (Dublin-Holyhead),Nordic Freight Lines,2069.0,796.42,1,Y,0.385,2025-08,1
702934,2025-08-17,EU Direct (Dublin-Cherbourg),Celtic Sealink,1676.0,950.47,2,Y,0.567,2025-08,1
701046,2025-08-17,UK Landbridge (Dublin-Holyhead),Celtic Sealink,2572.0,1018.44,1,Y,0.396,2025-08,1
701741,2025-08-17,UK Landbridge (Dublin-Holyhead),Nordic Freight Lines,1752.0,670.01,1,Y,0.382,2025-08,1
703634,2025-08-17,EU Direct (Dublin-Cherbourg),Celtic Sealink,1038.0,560.34,2,Y,0.54,2025-08,1
705339,2025-08-17,EU Direct (Rosslare-Dunkirk),Nordic Freight Lines,1748.0,894.69,2,Y,0.512,2025-08,1
704160,2025-08-17,EU Direct (Dublin-Cherbourg),Atlantic Cargo Ferries,3161.0,2160.62,2,Y,0.684,2025-08,1
704948,2025-08-17,EU Direct (Rosslare-Dunkirk),Nordic Freight Lines,1678.0,852.18,2,Y,0.508,2025-08,1
705726,2025-08-17,EU Direct (Rosslare-Dunkirk),Nordic Freight Lines,3252.0,1642.07,2,N,0.505,2025-08,0
705317,2025-08-18,EU Direct (Rosslare-Dunkirk),Nordic Freight Lines,1454.0,759.77,2,Y,0.523,2025-08,1
701282,2025-08-18,UK Landbridge (Dublin-Holyhead),Nordic Freight Lines,1147.0,438.92,1,Y,0.383,2025-08,1
705148,2025-08-18,EU Direct (Rosslare-Dunkirk),Nordic Freight Lines,2390.0,1216.97,3,N,0.509,2025-08,0
703180,2025-08-19,EU Direct (Dublin-Cherbourg),Celtic Sealink,2158.0,1166.05,2,Y,0.54,2025-08,1
705547,2025-08-19,EU Direct (Rosslare-Dunkirk),Atlantic Cargo Ferries,1953.0,1208.13,2,Y,0.619,2025-08,1
701129,2025-08-19,UK Landbridge (Dublin-Holyhead),Celtic Sealink,1630.0,677.87,1,Y,0.416,2025-08,1
705709,2025-08-19,EU Direct (Rosslare-Dunkirk),Nordic Freight Lines,1839.0,943.97,2,Y,0.513,2025-08,1
702887,2025-08-19,EU Direct (Dublin-Cherbourg),Celtic Sealink,1816.0,1054.87,2,Y,0.581,2025-08,1
705987,2025-08-19,EU Direct (Rosslare-Dunkirk),Nordic Freight Lines,738.0,372.78,2,Y,0.505,2025-08,1
705514,2025-08-19,EU Direct (Rosslare-Dunkirk),Nordic Freight Lines,50.0,25.73,2,Y,0.515,2025-08,1
704354,2025-08-19,EU Direct (Dublin-Cherbourg),Atlantic Cargo Ferries,2544.0,1783.51,2,Y,0.701,2025-08,1
702882,2025-08-19,EU Direct (Dublin-Cherbourg),Atlantic Cargo Ferries,3613.0,2407.29,2,Y,0.666,2025-08,1
701803,2025-08-19,UK Landbridge (Dublin-Holyhead),Celtic Sealink,1021.0,441.11,1,Y,0.432,2025-08,1
701833,2025-08-19,UK Landbridge (Dublin-Holyhead),Celtic Sealink,1577.0,715.21,1,Y,0.454,2025-08,1
703176,2025-08-19,EU Direct (Dublin-Cherbourg),Atlantic Cargo Ferries,1482.0,931.24,2,Y,0.628,2025-08,1
702583,2025-08-19,UK Landbridge (Dublin-Holyhead),Nordic Freight Lines,1657.0,629.24,1,Y,0.38,2025-08,1
700470,2025-08-20,UK Landbridge (Dublin-Holyhead),Nordic Freight Lines,1779.0,652.5,1,Y,0.367,2025-08,1
701167,2025-08-20,UK Landbridge (Dublin-Holyhead),Celtic Sealink,669.0,280.28,2,Y,0.419,2025-08,1
701989,2025-08-20,UK Landbridge (Dublin-Holyhead),Nordic Freight Lines,1908.0,706.58,1,Y,0.37,2025-08,1
702652,2025-08-20,UK Landbridge (Dublin-Holyhead),Celtic Sealink,1352.0,526.02,1,Y,0.389,2025-08,1
700027,2025-08-20,UK Landbridge (Dublin-Holyhead),Celtic Sealink,2343.0,926.52,1,Y,0.395,2025-08,1
703750,2025-08-20,EU Direct (Dublin-Cherbourg),Celtic Sealink,1039.0,620.02,2,Y,0.597,2025-08,1
704939,2025-08-20,EU Direct (Rosslare-Dunkirk),Atlantic Cargo Ferries,1073.0,640.52,1,Y,0.597,2025-08,1
705085,2025-08-20,EU Direct (Rosslare-Dunkirk),Nordic Freight Lines,260.0,127.68,2,N,0.491,2025-08,0
703639,2025-08-20,EU Direct (Dublin-Cherbourg),Atlantic Cargo Ferries,3160.0,2138.52,2,Y,0.677,2025-08,1
700284,2025-08-21,UK Landbridge (Dublin-Holyhead),Nordic Freight Lines,1685.0,671.51,1,Y,0.399,2025-08,1
700202,2025-08-21,UK Landbridge (Dublin-Holyhead),Nordic Freight Lines,50.0,18.48,1,Y,0.37,2025-08,1
702510,2025-08-21,UK Landbridge (Dublin-Holyhead),Nordic Freight Lines,1711.0,693.62,1,Y,0.405,2025-08,1
704413,2025-08-21,EU Direct (Dublin-Cherbourg),Celtic Sealink,4080.0,2532.69,2,Y,0.621,2025-08,1
705995,2025-08-21,EU Direct (Rosslare-Dunkirk),Atlantic Cargo Ferries,1217.0,813.97,2,Y,0.669,2025-08,1
702700,2025-08-22,UK Landbridge (Dublin-Holyhead),Celtic Sealink,2379.0,986.94,1,Y,0.415,2025-08,1
700372,2025-08-22,UK Landbridge (Dublin-Holyhead),Nordic Freight Lines,1917.0,693.35,1,Y,0.362,2025-08,1
702401,2025-08-22,UK Landbridge (Dublin-Holyhead),Celtic Sealink,2321.0,946.68,1,Y,0.408,2025-08,1
704525,2025-08-22,EU Direct (Dublin-Cherbourg),Celtic Sealink,2233.0,1316.19,1,Y,0.589,2025-08,1
705942,2025-08-22,EU Direct (Rosslare-Dunkirk),Nordic Freight Lines,3834.0,1898.23,2,Y,0.495,2025-08,1
704610,2025-08-22,EU Direct (Dublin-Cherbourg),Celtic Sealink,2123.0,1144.17,2,Y,0.539,2025-08,1
703591,2025-08-22,EU Direct (Dublin-Cherbourg),Atlantic Cargo Ferries,2405.0,1716.1,2,Y,0.714,2025-08,1
704900,2025-08-22,EU Direct (Rosslare-Dunkirk),Atlantic Cargo Ferries,1998.0,1251.76,1,Y,0.627,2025-08,1
700229,2025-08-22,UK Landbridge (Dublin-Holyhead),Celtic Sealink,1730.0,764.18,1,Y,0.442,2025-08,1
705746,2025-08-22,EU Direct (Rosslare-Dunkirk),Atlantic Cargo Ferries,1477.0,857.84,2,Y,0.581,2025-08,1
703587,2025-08-22,EU Direct (Dublin-Cherbourg),Celtic Sealink,3390.0,1871.62,3,Y,0.552,2025-08,1
702820,2025-08-23,UK Landbridge (Dublin-Holyhead),Nordic Freight Lines,3248.0,1269.41,1,Y,0.391,2025-08,1
704609,2025-08-23,EU Direct (Dublin-Cherbourg),Atlantic Cargo Ferries,2691.0,1812.35,1,Y,0.673,2025-08,1
701061,2025-08-23,UK Landbridge (Dublin-Holyhead),Nordic Freight Lines,2288.0,908.43,1,Y,0.397,2025-08,1
700545,2025-08-23,UK Landbridge (Dublin-Holyhead),Celtic Sealink,2734.0,1171.34,1,Y,0.428,2025-08,1
700283,2025-08-23,UK Landbridge (Dublin-Holyhead),Nordic Freight Lines,50.0,19.19,1,Y,0.384,2025-08,1
701221,2025-08-23,UK Landbridge (Dublin-Holyhead),Nordic Freight Lines,1448.0,569.58,1,Y,0.393,2025-08,1
703897,2025-08-23,EU Direct (Dublin-Cherbourg),Celtic Sealink,2639.0,1440.64,2,Y,0.546,2025-08,1
701651,2025-08-23,UK Landbridge (Dublin-Holyhead),Nordic Freight Lines,2407.0,986.18,1,Y,0.41,2025-08,1
704331,2025-08-23,EU Direct (Dublin-Cherbourg),Celtic Sealink,2698.0,1558.57,2,Y,0.578,2025-08,1
704203,2025-08-23,EU Direct (Dublin-Cherbourg),Celtic Sealink,1499.0,914.38,1,Y,0.61,2025-08,1
704243,2025-08-23,EU Direct (Dublin-Cherbourg),Atlantic Cargo Ferries,3129.0,1975.82,3,Y,0.631,2025-08,1
702557,2025-08-23,UK Landbridge (Dublin-Holyhead),Nordic Freight Lines,2384.0,883.65,1,Y,0.371,2025-08,1
703918,2025-08-23,EU Direct (Dublin-Cherbourg),Atlantic Cargo Ferries,1067.0,651.32,2,Y,0.61,2025-08,1
704019,2025-08-24,EU Direct (Dublin-Cherbourg),Atlantic Cargo Ferries,1219.0,785.16,1,Y,0.644,2025-08,1
705981,2025-08-24,EU Direct (Rosslare-Dunkirk),Nordic Freight Lines,2424.0,1146.62,2,N,0.473,2025-08,0
704288,2025-08-24,EU Direct (Dublin-Cherbourg),Celtic Sealink,1035.0,620.33,2,N,0.599,2025-08,0
702073,2025-08-24,UK Landbridge (Dublin-Holyhead),Celtic Sealink,2257.0,944.98,1,Y,0.419,2025-08,1
704915,2025-08-24,EU Direct (Rosslare-Dunkirk),Nordic Freight Lines,1497.0,762.47,2,Y,0.509,2025-08,1
702426,2025-08-24,UK Landbridge (Dublin-Holyhead),Celtic Sealink,1137.0,456.5,1,Y,0.401,2025-08,1
703670,2025-08-25,EU Direct (Dublin-Cherbourg),Atlantic Cargo Ferries,2148.0,1330.42,2,N,0.619,2025-08,0
705624,2025-08-25,EU Direct (Rosslare-Dunkirk),Nordic Freight Lines,2415.0,1146.48,2,Y,0.475,2025-08,1
704374,2025-08-25,EU Direct (Dublin-Cherbourg),Atlantic Cargo Ferries,2161.0,1472.96,3,Y,0.682,2025-08,1
703244,2025-08-25,EU Direct (Dublin-Cherbourg),Atlantic Cargo Ferries,2389.0,1688.33,2,Y,0.707,2025-08,1
701585,2025-08-25,UK Landbridge (Dublin-Holyhead),Nordic Freight Lines,2131.0,825.1,1,Y,0.387,2025-08,1
703952,2025-08-26,EU Direct (Dublin-Cherbourg),Celtic Sealink,2378.0,1427.48,2,Y,0.6,2025-08,1
702933,2025-08-26,EU Direct (Dublin-Cherbourg),Atlantic Cargo Ferries,2775.0,1834.24,2,Y,0.661,2025-08,1
704629,2025-08-26,EU Direct (Rosslare-Dunkirk),Atlantic Cargo Ferries,2749.0,1696.97,2,Y,0.617,2025-08,1
700212,2025-08-26,UK Landbridge (Dublin-Holyhead),Celtic Sealink,702.0,292.92,1,Y,0.417,2025-08,1
700221,2025-08-26,UK Landbridge (Dublin-Holyhead),Nordic Freight Lines,1598.0,603.48,2,Y,0.378,2025-08,1
703577,2025-08-27,EU Direct (Dublin-Cherbourg),Atlantic Cargo Ferries,2403.0,1680.8,2,Y,0.699,2025-08,1
701973,2025-08-27,UK Landbridge (Dublin-Holyhead),Nordic Freight Lines,927.0,343.56,1,Y,0.371,2025-08,1
702940,2025-08-27,EU Direct (Dublin-Cherbourg),Celtic Sealink,1960.0,1123.16,3,Y,0.573,2025-08,1
703034,2025-08-27,EU Direct (Dublin-Cherbourg),Atlantic Cargo Ferries,895.0,598.63,2,Y,0.669,2025-08,1
703159,2025-08-27,EU Direct (Dublin-Cherbourg),Atlantic Cargo Ferries,396.0,280.71,2,Y,0.709,2025-08,1
701119,2025-08-27,UK Landbridge (Dublin-Holyhead),Celtic Sealink,1774.0,743.43,1,N,0.419,2025-08,0
703929,2025-08-27,EU Direct (Dublin-Cherbourg),Celtic Sealink,2259.0,1329.68,2,Y,0.589,2025-08,1
700461,2025-08-27,UK Landbridge (Dublin-Holyhead),Celtic Sealink,1986.0,847.29,1,Y,0.427,2025-08,1
705827,2025-08-27,EU Direct (Rosslare-Dunkirk),Nordic Freight Lines,722.0,368.19,1,Y,0.51,2025-08,1
700918,2025-08-27,UK Landbridge (Dublin-Holyhead),Celtic Sealink,1981.0,881.43,1,Y,0.445,2025-08,1
701578,2025-08-28,UK Landbridge (Dublin-Holyhead),Nordic Freight Lines,2354.0,887.01,1,Y,0.377,2025-08,1
703828,2025-08-28,EU Direct (Dublin-Cherbourg),Atlantic Cargo Ferries,2474.0,1616.75,2,Y,0.653,2025-08,1
700316,2025-08-28,UK Landbridge (Dublin-Holyhead),Nordic Freight Lines,1893.0,733.04,1,Y,0.387,2025-08,1
702710,2025-08-28,UK Landbridge (Dublin-Holyhead),Celtic Sealink,775.0,321.93,1,Y,0.415,2025-08,1
703191,2025-08-28,EU Direct (Dublin-Cherbourg),Atlantic Cargo Ferries,3081.0,2165.85,1,Y,0.703,2025-08,1
704303,2025-08-28,EU Direct (Dublin-Cherbourg),Atlantic Cargo Ferries,1787.0,1184.41,2,Y,0.663,2025-08,1
700913,2025-08-28,UK Landbridge (Dublin-Holyhead),Nordic Freight Lines,1737.0,619.91,1,Y,0.357,2025-08,1
704278,2025-08-28,EU Direct (Dublin-Cherbourg),Atlantic Cargo Ferries,612.0,376.16,3,Y,0.615,2025-08,1
700598,2025-08-28,UK Landbridge (Dublin-Holyhead),Nordic Freight Lines,703.0,271.14,1,Y,0.386,2025-08,1
704935,2025-08-29,EU Direct (Rosslare-Dunkirk),Nordic Freight Lines,2544.0,1217.75,2,N,0.479,2025-08,0
700103,2025-08-29,UK Landbridge (Dublin-Holyhead),Nordic Freight Lines,1682.0,594.76,1,N,0.354,2025-08,0
705982,2025-08-29,EU Direct (Rosslare-Dunkirk),Nordic Freight Lines,211.0,97.42,2,Y,0.462,2025-08,1
704858,2025-08-29,EU Direct (Rosslare-Dunkirk),Nordic Freight Lines,1193.0,560.8,2,Y,0.47,2025-08,1
701640,2025-08-29,UK Landbridge (Dublin-Holyhead),Nordic Freight Lines,50.0,19.44,1,Y,0.389,2025-08,1
701525,2025-08-29,UK Landbridge (Dublin-Holyhead),Celtic Sealink,1492.0,617.99,1,Y,0.414,2025-08,1
703083,2025-08-29,EU Direct (Dublin-Cherbourg),Atlantic Cargo Ferries,1676.0,1032.67,2,Y,0.616,2025-08,1
700329,2025-08-29,UK Landbridge (Dublin-Holyhead),Celtic Sealink,2362.0,942.99,1,Y,0.399,2025-08,1
705937,2025-08-29,EU Direct (Rosslare-Dunkirk),Nordic Freight Lines,2141.0,1001.14,2,Y,0.468,2025-08,1
704576,2025-08-30,EU Direct (Dublin-Cherbourg),Celtic Sealink,1699.0,908.2,2,Y,0.535,2025-08,1
705777,2025-08-30,EU Direct (Rosslare-Dunkirk),Atlantic Cargo Ferries,3612.0,2362.28,2,Y,0.654,2025-08,1
704071,2025-08-30,EU Direct (Dublin-Cherbourg),Atlantic Cargo Ferries,913.0,593.92,2,Y,0.651,2025-08,1
705705,2025-08-30,EU Direct (Rosslare-Dunkirk),Atlantic Cargo Ferries,371.0,237.34,2,Y,0.64,2025-08,1
700203,2025-08-30,UK Landbridge (Dublin-Holyhead),Celtic Sealink,2342.0,971.15,1,Y,0.415,2025-08,1
702136,2025-08-30,UK Landbridge (Dublin-Holyhead),Celtic Sealink,2714.0,1223.91,1,Y,0.451,2025-08,1
704407,2025-08-31,EU Direct (Dublin-Cherbourg),Celtic Sealink,1334.0,729.45,2,Y,0.547,2025-08,1
700182,2025-08-31,UK Landbridge (Dublin-Holyhead),Nordic Freight Lines,2475.0,982.52,1,Y,0.397,2025-08,1
704242,2025-08-31,EU Direct (Dublin-Cherbourg),Atlantic Cargo Ferries,1431.0,892.62,2,Y,0.624,2025-08,1
705486,2025-08-31,EU Direct (Rosslare-Dunkirk),Atlantic Cargo Ferries,2395.0,1520.42,2,Y,0.635,2025-08,1
700428,2025-08-31,UK Landbridge (Dublin-Holyhead),Celtic Sealink,1731.0,785.15,2,Y,0.454,2025-08,1
705643,2025-08-31,EU Direct (Rosslare-Dunkirk),Atlantic Cargo Ferries,1784.0,1114.19,2,Y,0.625,2025-08,1
701090,2025-08-31,UK Landbridge (Dublin-Holyhead),Nordic Freight Lines,418.0,151.11,1,N,0.362,2025-08,0
700251,2025-09-01,UK Landbridge (Dublin-Holyhead),Nordic Freight Lines,1117.0,452.67,1,Y,0.405,2025-09,1
701951,2025-09-01,UK Landbridge (Dublin-Holyhead),Celtic Sealink,1640.0,714.79,1,Y,0.436,2025-09,1
705902,2025-09-01,EU Direct (Rosslare-Dunkirk),Nordic Freight Lines,1332.0,713.81,2,Y,0.536,2025-09,1
704598,2025-09-01,EU Direct (Dublin-Cherbourg),Atlantic Cargo Ferries,3141.0,1953.06,2,Y,0.622,2025-09,1
704747,2025-09-01,EU Direct (Rosslare-Dunkirk),Atlantic Cargo Ferries,3126.0,2000.73,1,Y,0.64,2025-09,1
705095,2025-09-02,EU Direct (Rosslare-Dunkirk),Nordic Freight Lines,1349.0,635.02,2,Y,0.471,2025-09,1
702438,2025-09-02,UK Landbridge (Dublin-Holyhead),Nordic Freight Lines,2741.0,1052.18,1,Y,0.384,2025-09,1
704320,2025-09-02,EU Direct (Dublin-Cherbourg),Atlantic Cargo Ferries,475.0,328.44,2,Y,0.691,2025-09,1
701275,2025-09-02,UK Landbridge (Dublin-Holyhead),Nordic Freight Lines,3663.0,1375.72,1,Y,0.376,2025-09,1
703104,2025-09-02,EU Direct (Dublin-Cherbourg),Atlantic Cargo Ferries,551.0,372.1,2,Y,0.675,2025-09,1
702800,2025-09-02,UK Landbridge (Dublin-Holyhead),Nordic Freight Lines,2758.0,1009.06,1,Y,0.366,2025-09,1
701679,2025-09-02,UK Landbridge (Dublin-Holyhead),Nordic Freight Lines,1235.0,468.93,1,Y,0.38,2025-09,1
703483,2025-09-02,EU Direct (Dublin-Cherbourg),Atlantic Cargo Ferries,2490.0,1660.91,2,Y,0.667,2025-09,1
701114,2025-09-03,UK Landbridge (Dublin-Holyhead),Nordic Freight Lines,3299.0,1241.82,1,Y,0.376,2025-09,1
701772,2025-09-03,UK Landbridge (Dublin-Holyhead),Celtic Sealink,1739.0,715.69,1,N,0.412,2025-09,0
700636,2025-09-03,UK Landbridge (Dublin-Holyhead),Nordic Freight Lines,1574.0,634.91,1,Y,0.403,2025-09,1
700527,2025-09-03,UK Landbridge (Dublin-Holyhead),Celtic Sealink,2031.0,843.77,1,Y,0.415,2025-09,1
702601,2025-09-03,UK Landbridge (Dublin-Holyhead),Nordic Freight Lines,2045.0,755.97,1,Y,0.37,2025-09,1
701715,2025-09-03,UK Landbridge (Dublin-Holyhead),Celtic Sealink,479.0,195.91,2,Y,0.409,2025-09,1
700805,2025-09-03,UK Landbridge (Dublin-Holyhead),Celtic Sealink,1530.0,604.94,1,Y,0.395,2025-09,1
702597,2025-09-03,UK Landbridge (Dublin-Holyhead),Nordic Freight Lines,1246.0,499.97,1,Y,0.401,2025-09,1
705915,2025-09-03,EU Direct (Rosslare-Dunkirk),Nordic Freight Lines,1567.0,745.82,2,Y,0.476,2025-09,1
703264,2025-09-04,EU Direct (Dublin-Cherbourg),Celtic Sealink,2754.0,1575.35,2,Y,0.572,2025-09,1
702649,2025-09-04,UK Landbridge (Dublin-Holyhead),Nordic Freight Lines,1103.0,421.88,1,Y,0.382,2025-09,1
704956,2025-09-04,EU Direct (Rosslare-Dunkirk),Nordic Freight Lines,1243.0,597.81,2,N,0.481,2025-09,0
701939,2025-09-04,UK Landbridge (Dublin-Holyhead),Nordic Freight Lines,1626.0,615.45,1,Y,0.379,2025-09,1
705353,2025-09-04,EU Direct (Rosslare-Dunkirk),Atlantic Cargo Ferries,1645.0,1019.84,2,Y,0.62,2025-09,1
705244,2025-09-04,EU Direct (Rosslare-Dunkirk),Atlantic Cargo Ferries,3079.0,1835.75,2,Y,0.596,2025-09,1
701081,2025-09-04,UK Landbridge (Dublin-Holyhead),Nordic Freight Lines,3138.0,1270.45,2,Y,0.405,2025-09,1
702075,2025-09-04,UK Landbridge (Dublin-Holyhead),Nordic Freight Lines,2362.0,892.66,1,N,0.378,2025-09,0
704027,2025-09-04,EU Direct (Dublin-Cherbourg),Celtic Sealink,821.0,474.21,2,Y,0.578,2025-09,1
703934,2025-09-04,EU Direct (Dublin-Cherbourg),Atlantic Cargo Ferries,2853.0,1994.54,2,Y,0.699,2025-09,1
705257,2025-09-04,EU Direct (Rosslare-Dunkirk),Nordic Freight Lines,2013.0,1020.64,3,Y,0.507,2025-09,1
703740,2025-09-04,EU Direct (Dublin-Cherbourg),Atlantic Cargo Ferries,2932.0,2077.52,2,Y,0.709,2025-09,1
701315,2025-09-05,UK Landbridge (Dublin-Holyhead),Celtic Sealink,1756.0,783.62,1,Y,0.446,2025-09,1
703298,2025-09-05,EU Direct (Dublin-Cherbourg),Celtic Sealink,738.0,429.68,3,Y,0.582,2025-09,1
701941,2025-09-05,UK Landbridge (Dublin-Holyhead),Celtic Sealink,2816.0,1181.01,1,Y,0.419,2025-09,1
705400,2025-09-05,EU Direct (Rosslare-Dunkirk),Nordic Freight Lines,1193.0,572.11,2,Y,0.48,2025-09,1
700387,2025-09-05,UK Landbridge (Dublin-Holyhead),Celtic Sealink,938.0,422.22,1,Y,0.45,2025-09,1
701844,2025-09-05,UK Landbridge (Dublin-Holyhead),Celtic Sealink,3210.0,1321.17,1,Y,0.412,2025-09,1
701903,2025-09-06,UK Landbridge (Dublin-Holyhead),Nordic Freight Lines,2082.0,823.74,1,Y,0.396,2025-09,1
702017,2025-09-06,UK Landbridge (Dublin-Holyhead),Nordic Freight Lines,1504.0,566.16,1,Y,0.376,2025-09,1
704521,2025-09-06,EU Direct (Dublin-Cherbourg),Celtic Sealink,2452.0,1367.6,2,Y,0.558,2025-09,1
700129,2025-09-06,UK Landbridge (Dublin-Holyhead),Celtic Sealink,844.0,350.14,1,Y,0.415,2025-09,1
704710,2025-09-06,EU Direct (Rosslare-Dunkirk),Atlantic Cargo Ferries,2193.0,1356.68,2,Y,0.619,2025-09,1
700404,2025-09-06,UK Landbridge (Dublin-Holyhead),Celtic Sealink,2801.0,1251.18,1,Y,0.447,2025-09,1
704770,2025-09-06,EU Direct (Rosslare-Dunkirk),Atlantic Cargo Ferries,1992.0,1223.73,2,N,0.614,2025-09,0
700089,2025-09-06,UK Landbridge (Dublin-Holyhead),Celtic Sealink,1553.0,623.45,1,Y,0.401,2025-09,1
704933,2025-09-06,EU Direct (Rosslare-Dunkirk),Nordic Freight Lines,1744.0,929.65,2,Y,0.533,2025-09,1
704802,2025-09-06,EU Direct (Rosslare-Dunkirk),Atlantic Cargo Ferries,2124.0,1390.87,2,Y,0.655,2025-09,1
703340,2025-09-07,EU Direct (Dublin-Cherbourg),Atlantic Cargo Ferries,2401.0,1541.48,1,Y,0.642,2025-09,1
703051,2025-09-07,EU Direct (Dublin-Cherbourg),Celtic Sealink,50.0,26.97,2,Y,0.539,2025-09,1
700024,2025-09-07,UK Landbridge (Dublin-Holyhead),Nordic Freight Lines,1963.0,805.17,1,Y,0.41,2025-09,1
700799,2025-09-07,UK Landbridge (Dublin-Holyhead),Celtic Sealink,2020.0,893.06,1,Y,0.442,2025-09,1
704595,2025-09-07,EU Direct (Dublin-Cherbourg),Atlantic Cargo Ferries,2167.0,1475.91,2,Y,0.681,2025-09,1
703257,2025-09-07,EU Direct (Dublin-Cherbourg),Atlantic Cargo Ferries,1423.0,908.65,2,Y,0.639,2025-09,1
701430,2025-09-07,UK Landbridge (Dublin-Holyhead),Nordic Freight Lines,2827.0,1069.25,2,Y,0.378,2025-09,1
703210,2025-09-08,EU Direct (Dublin-Cherbourg),Celtic Sealink,50.0,29.02,2,N,0.58,2025-09,0
702852,2025-09-08,UK Landbridge (Dublin-Holyhead),Celtic Sealink,2964.0,1191.38,1,Y,0.402,2025-09,1
703930,2025-09-08,EU Direct (Dublin-Cherbourg),Celtic Sealink,1735.0,1018.0,2,N,0.587,2025-09,0
705035,2025-09-08,EU Direct (Rosslare-Dunkirk),Nordic Freight Lines,1326.0,636.32,2,Y,0.48,2025-09,1
704168,2025-09-08,EU Direct (Dublin-Cherbourg),Celtic Sealink,1169.0,647.02,2,N,0.553,2025-09,0
705888,2025-09-08,EU Direct (Rosslare-Dunkirk),Atlantic Cargo Ferries,2795.0,1764.58,3,Y,0.631,2025-09,1
701130,2025-09-08,UK Landbridge (Dublin-Holyhead),Nordic Freight Lines,1618.0,601.34,1,Y,0.372,2025-09,1
705316,2025-09-08,EU Direct (Rosslare-Dunkirk),Atlantic Cargo Ferries,2640.0,1658.25,3,Y,0.628,2025-09,1
703563,2025-09-08,EU Direct (Dublin-Cherbourg),Atlantic Cargo Ferries,1352.0,867.41,2,Y,0.642,2025-09,1
701964,2025-09-08,UK Landbridge (Dublin-Holyhead),Celtic Sealink,1302.0,528.01,1,Y,0.406,2025-09,1
703407,2025-09-08,EU Direct (Dublin-Cherbourg),Atlantic Cargo Ferries,1187.0,745.0,2,Y,0.628,2025-09,1
703006,2025-09-08,EU Direct (Dublin-Cherbourg),Atlantic Cargo Ferries,2452.0,1654.87,2,Y,0.675,2025-09,1
704164,2025-09-09,EU Direct (Dublin-Cherbourg),Celtic Sealink,1516.0,930.93,3,Y,0.614,2025-09,1
700344,2025-09-09,UK Landbridge (Dublin-Holyhead),Celtic Sealink,1255.0,562.4,1,Y,0.448,2025-09,1
704356,2025-09-09,EU Direct (Dublin-Cherbourg),Atlantic Cargo Ferries,916.0,641.74,3,Y,0.701,2025-09,1
701041,2025-09-09,UK Landbridge (Dublin-Holyhead),Nordic Freight Lines,1202.0,469.04,1,Y,0.39,2025-09,1
700602,2025-09-10,UK Landbridge (Dublin-Holyhead),Nordic Freight Lines,3490.0,1376.34,1,Y,0.394,2025-09,1
705561,2025-09-10,EU Direct (Rosslare-Dunkirk),Nordic Freight Lines,1218.0,569.31,2,N,0.467,2025-09,0
705379,2025-09-10,EU Direct (Rosslare-Dunkirk),Nordic Freight Lines,1767.0,891.44,2,Y,0.504,2025-09,1
701818,2025-09-10,UK Landbridge (Dublin-Holyhead),Nordic Freight Lines,2652.0,1067.17,1,Y,0.402,2025-09,1
701667,2025-09-10,UK Landbridge (Dublin-Holyhead),Nordic Freight Lines,1747.0,629.34,1,Y,0.36,2025-09,1
705291,2025-09-10,EU Direct (Rosslare-Dunkirk),Atlantic Cargo Ferries,344.0,214.33,2,Y,0.623,2025-09,1
700441,2025-09-10,UK Landbridge (Dublin-Holyhead),Celtic Sealink,1213.0,487.61,1,Y,0.402,2025-09,1
703516,2025-09-10,EU Direct (Dublin-Cherbourg),Celtic Sealink,1850.0,1014.72,2,Y,0.548,2025-09,1
700318,2025-09-10,UK Landbridge (Dublin-Holyhead),Celtic Sealink,3168.0,1295.19,1,N,0.409,2025-09,0
705221,2025-09-11,EU Direct (Rosslare-Dunkirk),Atlantic Cargo Ferries,3021.0,1875.83,2,N,0.621,2025-09,0
704949,2025-09-11,EU Direct (Rosslare-Dunkirk),Atlantic Cargo Ferries,2100.0,1274.37,2,Y,0.607,2025-09,1
704409,2025-09-11,EU Direct (Dublin-Cherbourg),Atlantic Cargo Ferries,471.0,296.65,2,Y,0.63,2025-09,1
703047,2025-09-11,EU Direct (Dublin-Cherbourg),Atlantic Cargo Ferries,1264.0,788.12,2,N,0.624,2025-09,0
705302,2025-09-11,EU Direct (Rosslare-Dunkirk),Atlantic Cargo Ferries,271.0,182.57,2,Y,0.674,2025-09,1
703716,2025-09-12,EU Direct (Dublin-Cherbourg),Atlantic Cargo Ferries,3472.0,2435.89,2,Y,0.702,2025-09,1
702594,2025-09-12,UK Landbridge (Dublin-Holyhead),Nordic Freight Lines,949.0,342.47,1,N,0.361,2025-09,0
704559,2025-09-12,EU Direct (Dublin-Cherbourg),Celtic Sealink,1060.0,574.47,2,Y,0.542,2025-09,1
705670,2025-09-12,EU Direct (Rosslare-Dunkirk),Atlantic Cargo Ferries,2386.0,1447.58,2,Y,0.607,2025-09,1
702717,2025-09-13,UK Landbridge (Dublin-Holyhead),Nordic Freight Lines,1383.0,495.65,1,Y,0.358,2025-09,1
703580,2025-09-13,EU Direct (Dublin-Cherbourg),Atlantic Cargo Ferries,2800.0,1959.61,2,Y,0.7,2025-09,1
702527,2025-09-13,UK Landbridge (Dublin-Holyhead),Celtic Sealink,2436.0,1011.62,1,Y,0.415,2025-09,1
700521,2025-09-13,UK Landbridge (Dublin-Holyhead),Celtic Sealink,1000.0,452.33,1,N,0.452,2025-09,0
702157,2025-09-13,UK Landbridge (Dublin-Holyhead),Nordic Freight Lines,2386.0,906.02,1,Y,0.38,2025-09,1
704086,2025-09-14,EU Direct (Dublin-Cherbourg),Celtic Sealink,1652.0,1002.26,3,Y,0.607,2025-09,1
700236,2025-09-14,UK Landbridge (Dublin-Holyhead),Nordic Freight Lines,2707.0,995.67,1,Y,0.368,2025-09,1
702945,2025-09-14,EU Direct (Dublin-Cherbourg),Atlantic Cargo Ferries,50.0,34.25,2,Y,0.685,2025-09,1
704749,2025-09-14,EU Direct (Rosslare-Dunkirk),Atlantic Cargo Ferries,1257.0,747.64,1,Y,0.595,2025-09,1
701750,2025-09-14,UK Landbridge (Dublin-Holyhead),Celtic Sealink,3527.0,1437.94,1,Y,0.408,2025-09,1
700703,2025-09-14,UK Landbridge (Dublin-Holyhead),Nordic Freight Lines,676.0,260.16,2,Y,0.385,2025-09,1
705102,2025-09-14,EU Direct (Rosslare-Dunkirk),Atlantic Cargo Ferries,1934.0,1146.51,3,Y,0.593,2025-09,1
701089,2025-09-14,UK Landbridge (Dublin-Holyhead),Celtic Sealink,50.0,19.47,1,Y,0.389,2025-09,1
702488,2025-09-14,UK Landbridge (Dublin-Holyhead),Nordic Freight Lines,1037.0,408.43,1,Y,0.394,2025-09,1
705289,2025-09-14,EU Direct (Rosslare-Dunkirk),Nordic Freight Lines,1730.0,874.31,2,Y,0.505,2025-09,1
700304,2025-09-15,UK Landbridge (Dublin-Holyhead),Nordic Freight Lines,951.0,366.31,1,Y,0.385,2025-09,1
700246,2025-09-15,UK Landbridge (Dublin-Holyhead),Celtic Sealink,600.0,259.49,1,Y,0.432,2025-09,1
705285,2025-09-15,EU Direct (Rosslare-Dunkirk),Nordic Freight Lines,2528.0,1289.17,2,Y,0.51,2025-09,1
702386,2025-09-15,UK Landbridge (Dublin-Holyhead),Nordic Freight Lines,1345.0,553.0,1,Y,0.411,2025-09,1
701262,2025-09-15,UK Landbridge (Dublin-Holyhead),Nordic Freight Lines,2495.0,926.2,1,Y,0.371,2025-09,1
705708,2025-09-15,EU Direct (Rosslare-Dunkirk),Atlantic Cargo Ferries,3649.0,2282.81,2,Y,0.626,2025-09,1
704672,2025-09-16,EU Direct (Rosslare-Dunkirk),Nordic Freight Lines,333.0,179.61,3,Y,0.539,2025-09,1
705863,2025-09-16,EU Direct (Rosslare-Dunkirk),Atlantic Cargo Ferries,2326.0,1394.69,2,Y,0.6,2025-09,1
701972,2025-09-16,UK Landbridge (Dublin-Holyhead),Celtic Sealink,1176.0,501.95,1,Y,0.427,2025-09,1
700238,2025-09-16,UK Landbridge (Dublin-Holyhead),Celtic Sealink,3167.0,1258.37,1,Y,0.397,2025-09,1
705213,2025-09-16,EU Direct (Rosslare-Dunkirk),Nordic Freight Lines,2747.0,1440.38,2,Y,0.524,2025-09,1
702004,2025-09-16,UK Landbridge (Dublin-Holyhead),Nordic Freight Lines,2127.0,786.07,2,Y,0.37,2025-09,1
701251,2025-09-17,UK Landbridge (Dublin-Holyhead),Celtic Sealink,548.0,216.36,1,Y,0.395,2025-09,1
704786,2025-09-17,EU Direct (Rosslare-Dunkirk),Atlantic Cargo Ferries,1985.0,1293.34,2,Y,0.652,2025-09,1
703570,2025-09-17,EU Direct (Dublin-Cherbourg),Atlantic Cargo Ferries,2019.0,1292.21,2,Y,0.64,2025-09,1
704060,2025-09-17,EU Direct (Dublin-Cherbourg),Celtic Sealink,1164.0,689.48,2,Y,0.592,2025-09,1
704584,2025-09-17,EU Direct (Dublin-Cherbourg),Celtic Sealink,1733.0,1037.94,2,Y,0.599,2025-09,1
704659,2025-09-17,EU Direct (Rosslare-Dunkirk),Nordic Freight Lines,2537.0,1291.11,2,Y,0.509,2025-09,1
700721,2025-09-17,UK Landbridge (Dublin-Holyhead),Celtic Sealink,1057.0,443.33,1,Y,0.419,2025-09,1
703780,2025-09-17,EU Direct (Dublin-Cherbourg),Celtic Sealink,2335.0,1337.98,2,Y,0.573,2025-09,1
703156,2025-09-17,EU Direct (Dublin-Cherbourg),Atlantic Cargo Ferries,3235.0,2087.02,2,Y,0.645,2025-09,1
702755,2025-09-18,UK Landbridge (Dublin-Holyhead),Nordic Freight Lines,1409.0,532.0,1,Y,0.378,2025-09,1
701140,2025-09-18,UK Landbridge (Dublin-Holyhead),Celtic Sealink,200.0,77.76,1,N,0.389,2025-09,0
703791,2025-09-18,EU Direct (Dublin-Cherbourg),Atlantic Cargo Ferries,1922.0,1321.32,2,Y,0.687,2025-09,1
700403,2025-09-18,UK Landbridge (Dublin-Holyhead),Celtic Sealink,1585.0,681.14,1,Y,0.43,2025-09,1
701203,2025-09-18,UK Landbridge (Dublin-Holyhead),Celtic Sealink,2559.0,1038.73,2,Y,0.406,2025-09,1
700576,2025-09-18,UK Landbridge (Dublin-Holyhead),Nordic Freight Lines,1976.0,724.69,1,Y,0.367,2025-09,1
704021,2025-09-18,EU Direct (Dublin-Cherbourg),Atlantic Cargo Ferries,698.0,480.08,2,Y,0.688,2025-09,1
703434,2025-09-18,EU Direct (Dublin-Cherbourg),Celtic Sealink,2909.0,1699.65,2,N,0.584,2025-09,0
701971,2025-09-18,UK Landbridge (Dublin-Holyhead),Nordic Freight Lines,2134.0,864.0,1,Y,0.405,2025-09,1
700561,2025-09-18,UK Landbridge (Dublin-Holyhead),Nordic Freight Lines,3071.0,1119.35,2,Y,0.364,2025-09,1
704959,2025-09-18,EU Direct (Rosslare-Dunkirk),Nordic Freight Lines,203.0,107.68,1,N,0.53,2025-09,0
700564,2025-09-19,UK Landbridge (Dublin-Holyhead),Celtic Sealink,3397.0,1462.71,1,N,0.431,2025-09,0
703845,2025-09-19,EU Direct (Dublin-Cherbourg),Atlantic Cargo Ferries,2340.0,1601.56,3,Y,0.684,2025-09,1
705999,2025-09-19,EU Direct (Rosslare-Dunkirk),Atlantic Cargo Ferries,1940.0,1158.28,2,Y,0.597,2025-09,1
701012,2025-09-19,UK Landbridge (Dublin-Holyhead),Celtic Sealink,2819.0,1158.9,1,Y,0.411,2025-09,1
702373,2025-09-19,UK Landbridge (Dublin-Holyhead),Nordic Freight Lines,2374.0,880.21,1,N,0.371,2025-09,0
704166,2025-09-19,EU Direct (Dublin-Cherbourg),Celtic Sealink,2060.0,1239.58,2,Y,0.602,2025-09,1
703575,2025-09-19,EU Direct (Dublin-Cherbourg),Celtic Sealink,1263.0,779.98,2,Y,0.618,2025-09,1
700688,2025-09-19,UK Landbridge (Dublin-Holyhead),Celtic Sealink,1522.0,609.6,1,Y,0.401,2025-09,1
700105,2025-09-19,UK Landbridge (Dublin-Holyhead),Nordic Freight Lines,1010.0,403.91,1,Y,0.4,2025-09,1
704657,2025-09-19,EU Direct (Rosslare-Dunkirk),Nordic Freight Lines,1787.0,924.66,2,Y,0.517,2025-09,1
703847,2025-09-19,EU Direct (Dublin-Cherbourg),Atlantic Cargo Ferries,50.0,32.92,1,Y,0.658,2025-09,1
700794,2025-09-19,UK Landbridge (Dublin-Holyhead),Celtic Sealink,3128.0,1336.02,1,Y,0.427,2025-09,1
702118,2025-09-19,UK Landbridge (Dublin-Holyhead),Celtic Sealink,2665.0,1158.81,1,N,0.435,2025-09,0
704362,2025-09-20,EU Direct (Dublin-Cherbourg),Celtic Sealink,1379.0,828.42,2,Y,0.601,2025-09,1
701160,2025-09-20,UK Landbridge (Dublin-Holyhead),Nordic Freight Lines,2311.0,910.79,2,Y,0.394,2025-09,1
705620,2025-09-20,EU Direct (Rosslare-Dunkirk),Nordic Freight Lines,1345.0,664.19,2,Y,0.494,2025-09,1
702327,2025-09-20,UK Landbridge (Dublin-Holyhead),Nordic Freight Lines,4008.0,1464.48,2,Y,0.365,2025-09,1
700789,2025-09-20,UK Landbridge (Dublin-Holyhead),Celtic Sealink,1097.0,424.29,1,Y,0.387,2025-09,1
702576,2025-09-20,UK Landbridge (Dublin-Holyhead),Celtic Sealink,471.0,193.05,1,Y,0.41,2025-09,1
705904,2025-09-21,EU Direct (Rosslare-Dunkirk),Atlantic Cargo Ferries,1067.0,650.11,2,Y,0.609,2025-09,1
702321,2025-09-21,UK Landbridge (Dublin-Holyhead),Nordic Freight Lines,1916.0,709.56,1,Y,0.37,2025-09,1
702905,2025-09-21,EU Direct (Dublin-Cherbourg),Celtic Sealink,1173.0,661.41,2,Y,0.564,2025-09,1
703695,2025-09-22,EU Direct (Dublin-Cherbourg),Celtic Sealink,2462.0,1318.35,2,Y,0.535,2025-09,1
702607,2025-09-22,UK Landbridge (Dublin-Holyhead),Celtic Sealink,2368.0,986.83,1,Y,0.417,2025-09,1
700100,2025-09-22,UK Landbridge (Dublin-Holyhead),Celtic Sealink,2530.0,1136.97,1,Y,0.449,2025-09,1
701855,2025-09-22,UK Landbridge (Dublin-Holyhead),Celtic Sealink,1149.0,512.14,1,Y,0.446,2025-09,1
700557,2025-09-22,UK Landbridge (Dublin-Holyhead),Nordic Freight Lines,2196.0,850.26,1,Y,0.387,2025-09,1
700845,2025-09-23,UK Landbridge (Dublin-Holyhead),Nordic Freight Lines,2328.0,820.33,1,Y,0.352,2025-09,1
703957,2025-09-23,EU Direct (Dublin-Cherbourg),Celtic Sealink,2281.0,1407.23,3,Y,0.617,2025-09,1
701796,2025-09-23,UK Landbridge (Dublin-Holyhead),Celtic Sealink,2506.0,1002.57,1,Y,0.4,2025-09,1
701111,2025-09-23,UK Landbridge (Dublin-Holyhead),Nordic Freight Lines,1382.0,557.24,1,Y,0.403,2025-09,1
704565,2025-09-23,EU Direct (Dublin-Cherbourg),Celtic Sealink,50.0,28.84,2,Y,0.577,2025-09,1
700447,2025-09-23,UK Landbridge (Dublin-Holyhead),Nordic Freight Lines,1618.0,589.56,2,Y,0.364,2025-09,1
703636,2025-09-23,EU Direct (Dublin-Cherbourg),Atlantic Cargo Ferries,614.0,380.04,2,Y,0.619,2025-09,1
703033,2025-09-23,EU Direct (Dublin-Cherbourg),Celtic Sealink,1688.0,983.52,2,Y,0.583,2025-09,1
701304,2025-09-24,UK Landbridge (Dublin-Holyhead),Nordic Freight Lines,565.0,224.5,1,Y,0.397,2025-09,1
704489,2025-09-24,EU Direct (Dublin-Cherbourg),Celtic Sealink,2128.0,1219.24,2,Y,0.573,2025-09,1
704793,2025-09-24,EU Direct (Rosslare-Dunkirk),Nordic Freight Lines,2164.0,1050.48,2,Y,0.485,2025-09,1
704000,2025-09-24,EU Direct (Dublin-Cherbourg),Atlantic Cargo Ferries,1696.0,1176.5,2,Y,0.694,2025-09,1
704964,2025-09-24,EU Direct (Rosslare-Dunkirk),Atlantic Cargo Ferries,2413.0,1550.29,1,Y,0.642,2025-09,1
702415,2025-09-24,UK Landbridge (Dublin-Holyhead),Nordic Freight Lines,2536.0,1017.11,1,Y,0.401,2025-09,1
703339,2025-09-24,EU Direct (Dublin-Cherbourg),Atlantic Cargo Ferries,577.0,356.82,3,N,0.618,2025-09,0
704663,2025-09-24,EU Direct (Rosslare-Dunkirk),Nordic Freight Lines,2265.0,1057.81,2,Y,0.467,2025-09,1
703362,2025-09-25,EU Direct (Dublin-Cherbourg),Celtic Sealink,1541.0,939.94,2,N,0.61,2025-09,0
703747,2025-09-25,EU Direct (Dublin-Cherbourg),Celtic Sealink,2755.0,1666.86,2,Y,0.605,2025-09,1
701255,2025-09-25,UK Landbridge (Dublin-Holyhead),Nordic Freight Lines,1248.0,478.65,1,Y,0.384,2025-09,1
702596,2025-09-25,UK Landbridge (Dublin-Holyhead),Nordic Freight Lines,1991.0,708.27,1,Y,0.356,2025-09,1
704524,2025-09-25,EU Direct (Dublin-Cherbourg),Atlantic Cargo Ferries,984.0,685.37,2,Y,0.697,2025-09,1
701328,2025-09-25,UK Landbridge (Dublin-Holyhead),Nordic Freight Lines,1725.0,652.43,1,Y,0.378,2025-09,1
701229,2025-09-25,UK Landbridge (Dublin-Holyhead),Celtic Sealink,2517.0,1071.56,1,Y,0.426,2025-09,1
702159,2025-09-25,UK Landbridge (Dublin-Holyhead),Nordic Freight Lines,374.0,146.35,1,Y,0.391,2025-09,1
703336,2025-09-25,EU Direct (Dublin-Cherbourg),Celtic Sealink,1864.0,1090.71,2,Y,0.585,2025-09,1
703557,2025-09-25,EU Direct (Dublin-Cherbourg),Celtic Sealink,2135.0,1230.04,2,Y,0.576,2025-09,1
703546,2025-09-25,EU Direct (Dublin-Cherbourg),Atlantic Cargo Ferries,2479.0,1740.01,2,Y,0.702,2025-09,1
702317,2025-09-26,UK Landbridge (Dublin-Holyhead),Nordic Freight Lines,2046.0,766.58,1,Y,0.375,2025-09,1
700327,2025-09-26,UK Landbridge (Dublin-Holyhead),Nordic Freight Lines,1418.0,530.16,1,Y,0.374,2025-09,1
705130,2025-09-26,EU Direct (Rosslare-Dunkirk),Nordic Freight Lines,948.0,467.09,2,Y,0.493,2025-09,1
701814,2025-09-26,UK Landbridge (Dublin-Holyhead),Celtic Sealink,3193.0,1309.13,2,Y,0.41,2025-09,1
702247,2025-09-26,UK Landbridge (Dublin-Holyhead),Celtic Sealink,1688.0,742.63,1,Y,0.44,2025-09,1
705463,2025-09-26,EU Direct (Rosslare-Dunkirk),Atlantic Cargo Ferries,1398.0,917.72,2,Y,0.656,2025-09,1
700948,2025-09-26,UK Landbridge (Dublin-Holyhead),Celtic Sealink,3099.0,1320.92,1,Y,0.426,2025-09,1
704276,2025-09-26,EU Direct (Dublin-Cherbourg),Atlantic Cargo Ferries,1525.0,980.28,2,Y,0.643,2025-09,1
703409,2025-09-26,EU Direct (Dublin-Cherbourg),Atlantic Cargo Ferries,987.0,620.35,2,Y,0.629,2025-09,1
702503,2025-09-26,UK Landbridge (Dublin-Holyhead),Nordic Freight Lines,1185.0,461.82,1,Y,0.39,2025-09,1
701373,2025-09-27,UK Landbridge (Dublin-Holyhead),Celtic Sealink,794.0,351.53,1,Y,0.443,2025-09,1
700159,2025-09-27,UK Landbridge (Dublin-Holyhead),Celtic Sealink,605.0,236.36,1,Y,0.391,2025-09,1
702714,2025-09-27,UK Landbridge (Dublin-Holyhead),Nordic Freight Lines,1642.0,629.04,2,Y,0.383,2025-09,1
701439,2025-09-27,UK Landbridge (Dublin-Holyhead),Celtic Sealink,3056.0,1300.95,1,Y,0.426,2025-09,1
703498,2025-09-27,EU Direct (Dublin-Cherbourg),Celtic Sealink,2332.0,1279.47,2,Y,0.549,2025-09,1
705996,2025-09-28,EU Direct (Rosslare-Dunkirk),Atlantic Cargo Ferries,2378.0,1538.91,2,Y,0.647,2025-09,1
701351,2025-09-28,UK Landbridge (Dublin-Holyhead),Nordic Freight Lines,2741.0,1084.86,1,Y,0.396,2025-09,1
701422,2025-09-28,UK Landbridge (Dublin-Holyhead),Celtic Sealink,2770.0,1223.08,1,N,0.442,2025-09,0
704751,2025-09-28,EU Direct (Rosslare-Dunkirk),Atlantic Cargo Ferries,2822.0,1683.54,2,Y,0.597,2025-09,1
700291,2025-09-28,UK Landbridge (Dublin-Holyhead),Nordic Freight Lines,1941.0,738.71,1,Y,0.381,2025-09,1
701289,2025-09-29,UK Landbridge (Dublin-Holyhead),Celtic Sealink,1522.0,678.4,1,Y,0.446,2025-09,1
700768,2025-09-29,UK Landbridge (Dublin-Holyhead),Nordic Freight Lines,50.0,20.47,2,Y,0.409,2025-09,1
702474,2025-09-29,UK Landbridge (Dublin-Holyhead),Celtic Sealink,2268.0,1015.14,1,Y,0.448,2025-09,1
700364,2025-09-29,UK Landbridge (Dublin-Holyhead),Nordic Freight Lines,3401.0,1315.33,1,Y,0.387,2025-09,1
704677,2025-09-29,EU Direct (Rosslare-Dunkirk),Nordic Freight Lines,1940.0,1045.75,2,Y,0.539,2025-09,1
704963,2025-09-29,EU Direct (Rosslare-Dunkirk),Nordic Freight Lines,2819.0,1375.79,2,Y,0.488,2025-09,1
704753,2025-09-29,EU Direct (Rosslare-Dunkirk),Nordic Freight Lines,276.0,136.64,2,N,0.495,2025-09,0
704477,2025-09-30,EU Direct (Dublin-Cherbourg),Atlantic Cargo Ferries,761.0,488.13,2,Y,0.641,2025-09,1
705387,2025-09-30,EU Direct (Rosslare-Dunkirk),Nordic Freight Lines,3572.0,1911.84,2,Y,0.535,2025-09,1
700503,2025-09-30,UK Landbridge (Dublin-Holyhead),Celtic Sealink,2315.0,1049.22,1,Y,0.453,2025-09,1
705509,2025-09-30,EU Direct (Rosslare-Dunkirk),Nordic Freight Lines,2406.0,1220.0,1,Y,0.507,2025-09,1
703617,2025-09-30,EU Direct (Dublin-Cherbourg),Celtic Sealink,826.0,468.27,1,Y,0.567,2025-09,1
701008,2025-10-01,UK Landbridge (Dublin-Holyhead),Celtic Sealink,719.0,289.12,1,Y,0.402,2025-10,1
703105,2025-10-01,EU Direct (Dublin-Cherbourg),Atlantic Cargo Ferries,157.0,102.15,3,Y,0.651,2025-10,1
702991,2025-10-01,EU Direct (Dublin-Cherbourg),Celtic Sealink,1370.0,809.66,3,Y,0.591,2025-10,1
705570,2025-10-01,EU Direct (Rosslare-Dunkirk),Atlantic Cargo Ferries,576.0,334.83,2,Y,0.581,2025-10,1
700162,2025-10-01,UK Landbridge (Dublin-Holyhead),Celtic Sealink,2632.0,1139.24,1,Y,0.433,2025-10,1
700829,2025-10-01,UK Landbridge (Dublin-Holyhead),Nordic Freight Lines,50.0,18.51,1,N,0.37,2025-10,0
700022,2025-10-01,UK Landbridge (Dublin-Holyhead),Celtic Sealink,1340.0,518.9,1,Y,0.387,2025-10,1
701338,2025-10-01,UK Landbridge (Dublin-Holyhead),Celtic Sealink,829.0,373.9,1,Y,0.451,2025-10,1
701447,2025-10-01,UK Landbridge (Dublin-Holyhead),Celtic Sealink,2747.0,1176.24,2,Y,0.428,2025-10,1
704904,2025-10-02,EU Direct (Rosslare-Dunkirk),Nordic Freight Lines,2899.0,1558.16,2,Y,0.537,2025-10,1
702429,2025-10-02,UK Landbridge (Dublin-Holyhead),Celtic Sealink,1477.0,579.17,1,Y,0.392,2025-10,1
705769,2025-10-02,EU Direct (Rosslare-Dunkirk),Nordic Freight Lines,2700.0,1386.09,2,Y,0.513,2025-10,1
701512,2025-10-02,UK Landbridge (Dublin-Holyhead),Nordic Freight Lines,3497.0,1353.39,1,Y,0.387,2025-10,1
700034,2025-10-02,UK Landbridge (Dublin-Holyhead),Celtic Sealink,1879.0,795.5,1,Y,0.423,2025-10,1
701915,2025-10-02,UK Landbridge (Dublin-Holyhead),Nordic Freight Lines,656.0,240.5,1,Y,0.367,2025-10,1
703454,2025-10-02,EU Direct (Dublin-Cherbourg),Celtic Sealink,1603.0,947.99,2,Y,0.591,2025-10,1
704186,2025-10-02,EU Direct (Dublin-Cherbourg),Atlantic Cargo Ferries,1833.0,1204.37,2,Y,0.657,2025-10,1
705319,2025-10-02,EU Direct (Rosslare-Dunkirk),Atlantic Cargo Ferries,231.0,155.89,2,Y,0.675,2025-10,1
702359,2025-10-02,UK Landbridge (Dublin-Holyhead),Celtic Sealink,2880.0,1126.74,2,Y,0.391,2025-10,1
701418,2025-10-02,UK Landbridge (Dublin-Holyhead),Nordic Freight Lines,2861.0,1155.49,1,Y,0.404,2025-10,1
702306,2025-10-02,UK Landbridge (Dublin-Holyhead),Celtic Sealink,1870.0,733.33,1,Y,0.392,2025-10,1
703712,2025-10-02,EU Direct (Dublin-Cherbourg),Atlantic Cargo Ferries,760.0,521.41,2,Y,0.686,2025-10,1
700090,2025-10-03,UK Landbridge (Dublin-Holyhead),Nordic Freight Lines,217.0,82.67,1,Y,0.381,2025-10,1
702266,2025-10-03,UK Landbridge (Dublin-Holyhead),Celtic Sealink,749.0,317.63,1,Y,0.424,2025-10,1
700301,2025-10-03,UK Landbridge (Dublin-Holyhead),Nordic Freight Lines,3260.0,1196.08,1,Y,0.367,2025-10,1
703117,2025-10-03,EU Direct (Dublin-Cherbourg),Atlantic Cargo Ferries,1705.0,1066.49,1,N,0.626,2025-10,0
700963,2025-10-03,UK Landbridge (Dublin-Holyhead),Celtic Sealink,1572.0,640.01,1,Y,0.407,2025-10,1
700532,2025-10-04,UK Landbridge (Dublin-Holyhead),Nordic Freight Lines,3059.0,1156.22,1,Y,0.378,2025-10,1
702967,2025-10-04,EU Direct (Dublin-Cherbourg),Celtic Sealink,1280.0,774.36,2,Y,0.605,2025-10,1
703950,2025-10-04,EU Direct (Dublin-Cherbourg),Celtic Sealink,3087.0,1881.2,2,Y,0.609,2025-10,1
700934,2025-10-04,UK Landbridge (Dublin-Holyhead),Celtic Sealink,2991.0,1347.06,1,Y,0.45,2025-10,1
700760,2025-10-04,UK Landbridge (Dublin-Holyhead),Nordic Freight Lines,50.0,20.42,1,Y,0.408,2025-10,1
705264,2025-10-04,EU Direct (Rosslare-Dunkirk),Atlantic Cargo Ferries,2493.0,1671.0,2,Y,0.67,2025-10,1
705058,2025-10-05,EU Direct (Rosslare-Dunkirk),Atlantic Cargo Ferries,3888.0,2434.24,1,Y,0.626,2025-10,1
702689,2025-10-05,UK Landbridge (Dublin-Holyhead),Nordic Freight Lines,2760.0,1116.34,1,Y,0.404,2025-10,1
701296,2025-10-05,UK Landbridge (Dublin-Holyhead),Celtic Sealink,2650.0,1168.5,1,Y,0.441,2025-10,1
705575,2025-10-05,EU Direct (Rosslare-Dunkirk),Nordic Freight Lines,1603.0,842.76,2,Y,0.526,2025-10,1
700014,2025-10-06,UK Landbridge (Dublin-Holyhead),Celtic Sealink,2354.0,1059.89,1,Y,0.45,2025-10,1
702752,2025-10-06,UK Landbridge (Dublin-Holyhead),Celtic Sealink,2005.0,908.81,1,Y,0.453,2025-10,1
705552,2025-10-06,EU Direct (Rosslare-Dunkirk),Nordic Freight Lines,1664.0,892.9,2,Y,0.537,2025-10,1
702422,2025-10-06,UK Landbridge (Dublin-Holyhead),Nordic Freight Lines,1116.0,433.19,1,N,0.388,2025-10,0
703008,2025-10-06,EU Direct (Dublin-Cherbourg),Celtic Sealink,1785.0,1042.28,2,Y,0.584,2025-10,1
701468,2025-10-07,UK Landbridge (Dublin-Holyhead),Celtic Sealink,824.0,329.81,1,Y,0.4,2025-10,1
700581,2025-10-07,UK Landbridge (Dublin-Holyhead),Nordic Freight Lines,2996.0,1229.21,1,Y,0.41,2025-10,1
704723,2025-10-07,EU Direct (Rosslare-Dunkirk),Atlantic Cargo Ferries,1031.0,658.69,2,Y,0.639,2025-10,1
705630,2025-10-07,EU Direct (Rosslare-Dunkirk),Nordic Freight Lines,2120.0,1139.57,2,Y,0.538,2025-10,1
702704,2025-10-07,UK Landbridge (Dublin-Holyhead),Celtic Sealink,2648.0,1144.39,1,Y,0.432,2025-10,1
701565,2025-10-07,UK Landbridge (Dublin-Holyhead),Nordic Freight Lines,689.0,244.28,1,Y,0.355,2025-10,1
703054,2025-10-07,EU Direct (Dublin-Cherbourg),Atlantic Cargo Ferries,751.0,510.04,2,Y,0.679,2025-10,1
702436,2025-10-07,UK Landbridge (Dublin-Holyhead),Celtic Sealink,1434.0,611.37,1,Y,0.426,2025-10,1
704286,2025-10-07,EU Direct (Dublin-Cherbourg),Atlantic Cargo Ferries,2233.0,1370.85,3,Y,0.614,2025-10,1
705009,2025-10-07,EU Direct (Rosslare-Dunkirk),Nordic Freight Lines,1233.0,589.84,2,Y,0.478,2025-10,1
700152,2025-10-07,UK Landbridge (Dublin-Holyhead),Celtic Sealink,1665.0,728.57,1,Y,0.438,2025-10,1
703811,2025-10-07,EU Direct (Dublin-Cherbourg),Celtic Sealink,1699.0,990.86,2,Y,0.583,2025-10,1
700526,2025-10-07,UK Landbridge (Dublin-Holyhead),Celtic Sealink,2756.0,1081.83,1,Y,0.393,2025-10,1
704921,2025-10-08,EU Direct (Rosslare-Dunkirk),Nordic Freight Lines,1134.0,601.66,2,Y,0.531,2025-10,1
705640,2025-10-08,EU Direct (Rosslare-Dunkirk),Nordic Freight Lines,4029.0,2080.12,2,Y,0.516,2025-10,1
702970,2025-10-08,EU Direct (Dublin-Cherbourg),Atlantic Cargo Ferries,1702.0,1171.66,2,Y,0.688,2025-10,1
701970,2025-10-08,UK Landbridge (Dublin-Holyhead),Nordic Freight Lines,2858.0,1067.65,1,Y,0.374,2025-10,1
701369,2025-10-08,UK Landbridge (Dublin-Holyhead),Celtic Sealink,2097.0,857.46,1,Y,0.409,2025-10,1
700816,2025-10-08,UK Landbridge (Dublin-Holyhead),Celtic Sealink,901.0,389.56,2,Y,0.432,2025-10,1
701807,2025-10-08,UK Landbridge (Dublin-Holyhead),Celtic Sealink,1976.0,817.98,1,Y,0.414,2025-10,1
703614,2025-10-08,EU Direct (Dublin-Cherbourg),Atlantic Cargo Ferries,2991.0,2044.67,2,Y,0.684,2025-10,1
705518,2025-10-09,EU Direct (Rosslare-Dunkirk),Nordic Freight Lines,911.0,464.52,2,Y,0.51,2025-10,1
702363,2025-10-09,UK Landbridge (Dublin-Holyhead),Celtic Sealink,485.0,204.01,1,Y,0.421,2025-10,1
704307,2025-10-09,EU Direct (Dublin-Cherbourg),Atlantic Cargo Ferries,1247.0,778.43,2,Y,0.624,2025-10,1
700429,2025-10-09,UK Landbridge (Dublin-Holyhead),Celtic Sealink,2717.0,1197.46,1,Y,0.441,2025-10,1
703326,2025-10-09,EU Direct (Dublin-Cherbourg),Atlantic Cargo Ferries,1505.0,987.32,2,Y,0.656,2025-10,1
704891,2025-10-09,EU Direct (Rosslare-Dunkirk),Atlantic Cargo Ferries,1038.0,615.79,2,Y,0.593,2025-10,1
703607,2025-10-09,EU Direct (Dublin-Cherbourg),Atlantic Cargo Ferries,4199.0,2566.03,3,Y,0.611,2025-10,1
702684,2025-10-09,UK Landbridge (Dublin-Holyhead),Nordic Freight Lines,2696.0,973.09,1,Y,0.361,2025-10,1
703859,2025-10-09,EU Direct (Dublin-Cherbourg),Celtic Sealink,2866.0,1641.51,2,Y,0.573,2025-10,1
700802,2025-10-09,UK Landbridge (Dublin-Holyhead),Nordic Freight Lines,3031.0,1086.83,2,Y,0.359,2025-10,1
704673,2025-10-09,EU Direct (Rosslare-Dunkirk),Atlantic Cargo Ferries,1722.0,1047.29,2,Y,0.608,2025-10,1
704759,2025-10-10,EU Direct (Rosslare-Dunkirk),Atlantic Cargo Ferries,2316.0,1446.83,2,Y,0.625,2025-10,1
700070,2025-10-10,UK Landbridge (Dublin-Holyhead),Celtic Sealink,1681.0,757.07,1,Y,0.45,2025-10,1
702606,2025-10-10,UK Landbridge (Dublin-Holyhead),Nordic Freight Lines,1854.0,736.2,1,Y,0.397,2025-10,1
703249,2025-10-10,EU Direct (Dublin-Cherbourg),Celtic Sealink,2149.0,1248.51,2,Y,0.581,2025-10,1
703671,2025-10-11,EU Direct (Dublin-Cherbourg),Celtic Sealink,2438.0,1506.48,2,Y,0.618,2025-10,1
700167,2025-10-12,UK Landbridge (Dublin-Holyhead),Nordic Freight Lines,1784.0,662.96,2,Y,0.372,2025-10,1
703209,2025-10-12,EU Direct (Dublin-Cherbourg),Celtic Sealink,2217.0,1234.97,2,Y,0.557,2025-10,1
701597,2025-10-12,UK Landbridge (Dublin-Holyhead),Celtic Sealink,1064.0,471.39,2,Y,0.443,2025-10,1
703595,2025-10-12,EU Direct (Dublin-Cherbourg),Celtic Sealink,1941.0,1193.81,2,N,0.615,2025-10,0
702091,2025-10-12,UK Landbridge (Dublin-Holyhead),Celtic Sealink,1480.0,595.77,1,Y,0.403,2025-10,1
704896,2025-10-12,EU Direct (Rosslare-Dunkirk),Nordic Freight Lines,2831.0,1372.42,1,Y,0.485,2025-10,1
702617,2025-10-12,UK Landbridge (Dublin-Holyhead),Celtic Sealink,2700.0,1057.64,1,Y,0.392,2025-10,1
703909,2025-10-12,EU Direct (Dublin-Cherbourg),Atlantic Cargo Ferries,1858.0,1312.04,2,N,0.706,2025-10,0
701686,2025-10-12,UK Landbridge (Dublin-Holyhead),Celtic Sealink,1493.0,623.27,1,Y,0.417,2025-10,1
701641,2025-10-12,UK Landbridge (Dublin-Holyhead),Nordic Freight Lines,2694.0,1109.25,2,Y,0.412,2025-10,1
702177,2025-10-12,UK Landbridge (Dublin-Holyhead),Nordic Freight Lines,826.0,339.45,1,Y,0.411,2025-10,1
703389,2025-10-13,EU Direct (Dublin-Cherbourg),Atlantic Cargo Ferries,3147.0,1930.57,2,Y,0.613,2025-10,1
702738,2025-10-13,UK Landbridge (Dublin-Holyhead),Nordic Freight Lines,258.0,91.8,1,Y,0.356,2025-10,1
701241,2025-10-13,UK Landbridge (Dublin-Holyhead),Nordic Freight Lines,2415.0,911.82,1,Y,0.378,2025-10,1
700360,2025-10-13,UK Landbridge (Dublin-Holyhead),Nordic Freight Lines,2170.0,847.71,1,Y,0.391,2025-10,1
703509,2025-10-13,EU Direct (Dublin-Cherbourg),Celtic Sealink,1149.0,660.43,2,Y,0.575,2025-10,1
702985,2025-10-13,EU Direct (Dublin-Cherbourg),Celtic Sealink,1612.0,883.97,2,Y,0.548,2025-10,1
703629,2025-10-13,EU Direct (Dublin-Cherbourg),Atlantic Cargo Ferries,3227.0,2179.17,2,Y,0.675,2025-10,1
704345,2025-10-13,EU Direct (Dublin-Cherbourg),Atlantic Cargo Ferries,1223.0,757.5,2,Y,0.619,2025-10,1
700634,2025-10-13,UK Landbridge (Dublin-Holyhead),Celtic Sealink,1427.0,575.83,1,Y,0.404,2025-10,1
701959,2025-10-14,UK Landbridge (Dublin-Holyhead),Nordic Freight Lines,1892.0,708.46,1,Y,0.374,2025-10,1
701331,2025-10-14,UK Landbridge (Dublin-Holyhead),Celtic Sealink,1865.0,822.0,1,Y,0.441,2025-10,1
702368,2025-10-14,UK Landbridge (Dublin-Holyhead),Nordic Freight Lines,3309.0,1361.9,1,Y,0.412,2025-10,1
705839,2025-10-14,EU Direct (Rosslare-Dunkirk),Atlantic Cargo Ferries,1834.0,1081.46,1,Y,0.59,2025-10,1
701357,2025-10-14,UK Landbridge (Dublin-Holyhead),Celtic Sealink,1491.0,619.6,1,Y,0.416,2025-10,1
705193,2025-10-14,EU Direct (Rosslare-Dunkirk),Nordic Freight Lines,3213.0,1736.56,2,Y,0.54,2025-10,1
700745,2025-10-14,UK Landbridge (Dublin-Holyhead),Nordic Freight Lines,2587.0,1024.24,1,Y,0.396,2025-10,1
701368,2025-10-15,UK Landbridge (Dublin-Holyhead),Celtic Sealink,648.0,267.81,1,Y,0.413,2025-10,1
705564,2025-10-15,EU Direct (Rosslare-Dunkirk),Atlantic Cargo Ferries,3154.0,1826.39,3,Y,0.579,2025-10,1
700828,2025-10-15,UK Landbridge (Dublin-Holyhead),Nordic Freight Lines,2803.0,1059.95,1,Y,0.378,2025-10,1
703494,2025-10-15,EU Direct (Dublin-Cherbourg),Celtic Sealink,1273.0,712.54,2,Y,0.56,2025-10,1
704467,2025-10-15,EU Direct (Dublin-Cherbourg),Celtic Sealink,1328.0,830.65,2,N,0.625,2025-10,0
705357,2025-10-15,EU Direct (Rosslare-Dunkirk),Atlantic Cargo Ferries,2830.0,1802.16,2,N,0.637,2025-10,0
701792,2025-10-15,UK Landbridge (Dublin-Holyhead),Nordic Freight Lines,1275.0,525.71,1,Y,0.412,2025-10,1
703550,2025-10-15,EU Direct (Dublin-Cherbourg),Celtic Sealink,1107.0,646.03,1,Y,0.584,2025-10,1
704327,2025-10-15,EU Direct (Dublin-Cherbourg),Celtic Sealink,846.0,464.9,1,Y,0.55,2025-10,1
703372,2025-10-15,EU Direct (Dublin-Cherbourg),Celtic Sealink,1681.0,989.04,2,Y,0.588,2025-10,1
701544,2025-10-15,UK Landbridge (Dublin-Holyhead),Celtic Sealink,499.0,199.75,1,Y,0.4,2025-10,1
700772,2025-10-16,UK Landbridge (Dublin-Holyhead),Nordic Freight Lines,544.0,221.6,1,Y,0.407,2025-10,1
701509,2025-10-16,UK Landbridge (Dublin-Holyhead),Nordic Freight Lines,1746.0,652.53,1,Y,0.374,2025-10,1
700058,2025-10-16,UK Landbridge (Dublin-Holyhead),Nordic Freight Lines,2035.0,749.53,1,N,0.368,2025-10,0
704754,2025-10-16,EU Direct (Rosslare-Dunkirk),Atlantic Cargo Ferries,1415.0,837.92,2,Y,0.592,2025-10,1
702958,2025-10-16,EU Direct (Dublin-Cherbourg),Celtic Sealink,2065.0,1185.08,2,Y,0.574,2025-10,1
701875,2025-10-16,UK Landbridge (Dublin-Holyhead),Nordic Freight Lines,2735.0,1097.9,1,Y,0.401,2025-10,1
705526,2025-10-16,EU Direct (Rosslare-Dunkirk),Nordic Freight Lines,2308.0,1245.33,2,Y,0.54,2025-10,1
705027,2025-10-16,EU Direct (Rosslare-Dunkirk),Nordic Freight Lines,1754.0,889.05,2,Y,0.507,2025-10,1
703970,2025-10-16,EU Direct (Dublin-Cherbourg),Atlantic Cargo Ferries,1860.0,1221.7,1,Y,0.657,2025-10,1
705808,2025-10-16,EU Direct (Rosslare-Dunkirk),Atlantic Cargo Ferries,1027.0,598.81,2,Y,0.583,2025-10,1
704452,2025-10-16,EU Direct (Dublin-Cherbourg),Atlantic Cargo Ferries,2533.0,1685.38,3,N,0.665,2025-10,0
705176,2025-10-17,EU Direct (Rosslare-Dunkirk),Nordic Freight Lines,3016.0,1551.81,2,Y,0.515,2025-10,1
701848,2025-10-17,UK Landbridge (Dublin-Holyhead),Nordic Freight Lines,1707.0,683.17,1,Y,0.4,2025-10,1
703819,2025-10-17,EU Direct (Dublin-Cherbourg),Atlantic Cargo Ferries,50.0,35.46,2,Y,0.709,2025-10,1
704434,2025-10-17,EU Direct (Dublin-Cherbourg),Celtic Sealink,1294.0,767.54,2,Y,0.593,2025-10,1
700240,2025-10-17,UK Landbridge (Dublin-Holyhead),Celtic Sealink,638.0,261.48,1,Y,0.41,2025-10,1
703314,2025-10-17,EU Direct (Dublin-Cherbourg),Atlantic Cargo Ferries,2239.0,1542.7,2,Y,0.689,2025-10,1
701701,2025-10-17,UK Landbridge (Dublin-Holyhead),Nordic Freight Lines,1395.0,526.16,1,Y,0.377,2025-10,1
702243,2025-10-17,UK Landbridge (Dublin-Holyhead),Celtic Sealink,2189.0,921.15,1,Y,0.421,2025-10,1
704496,2025-10-17,EU Direct (Dublin-Cherbourg),Celtic Sealink,2802.0,1559.07,3,N,0.556,2025-10,0
705591,2025-10-17,EU Direct (Rosslare-Dunkirk),Atlantic Cargo Ferries,2101.0,1313.04,2,Y,0.625,2025-10,1
704184,2025-10-17,EU Direct (Dublin-Cherbourg),Atlantic Cargo Ferries,1078.0,699.43,2,N,0.649,2025-10,0
701668,2025-10-17,UK Landbridge (Dublin-Holyhead),Celtic Sealink,2985.0,1187.48,1,Y,0.398,2025-10,1
700787,2025-10-17,UK Landbridge (Dublin-Holyhead),Nordic Freight Lines,1909.0,734.97,1,Y,0.385,2025-10,1
700168,2025-10-18,UK Landbridge (Dublin-Holyhead),Nordic Freight Lines,1464.0,589.17,1,Y,0.402,2025-10,1
702008,2025-10-18,UK Landbridge (Dublin-Holyhead),Nordic Freight Lines,3164.0,1197.51,1,Y,0.378,2025-10,1
705131,2025-10-18,EU Direct (Rosslare-Dunkirk),Nordic Freight Lines,55.0,28.42,2,Y,0.517,2025-10,1
703302,2025-10-18,EU Direct (Dublin-Cherbourg),Celtic Sealink,134.0,82.79,2,Y,0.618,2025-10,1
705831,2025-10-18,EU Direct (Rosslare-Dunkirk),Atlantic Cargo Ferries,2203.0,1434.39,2,Y,0.651,2025-10,1
700895,2025-10-18,UK Landbridge (Dublin-Holyhead),Nordic Freight Lines,1769.0,672.06,1,Y,0.38,2025-10,1
705766,2025-10-18,EU Direct (Rosslare-Dunkirk),Atlantic Cargo Ferries,2543.0,1514.32,2,Y,0.595,2025-10,1
700030,2025-10-18,UK Landbridge (Dublin-Holyhead),Celtic Sealink,2451.0,951.14,1,Y,0.388,2025-10,1
702043,2025-10-19,UK Landbridge (Dublin-Holyhead),Celtic Sealink,2120.0,864.08,1,Y,0.408,2025-10,1
704395,2025-10-19,EU Direct (Dublin-Cherbourg),Celtic Sealink,815.0,488.02,3,Y,0.599,2025-10,1
700499,2025-10-19,UK Landbridge (Dublin-Holyhead),Celtic Sealink,50.0,21.11,1,Y,0.422,2025-10,1
700343,2025-10-19,UK Landbridge (Dublin-Holyhead),Celtic Sealink,1189.0,467.49,1,Y,0.393,2025-10,1
701751,2025-10-19,UK Landbridge (Dublin-Holyhead),Nordic Freight Lines,2322.0,920.39,2,Y,0.396,2025-10,1
705663,2025-10-19,EU Direct (Rosslare-Dunkirk),Atlantic Cargo Ferries,1778.0,1143.73,2,Y,0.643,2025-10,1
700158,2025-10-19,UK Landbridge (Dublin-Holyhead),Celtic Sealink,579.0,260.87,1,Y,0.451,2025-10,1
702239,2025-10-19,UK Landbridge (Dublin-Holyhead),Celtic Sealink,2416.0,945.37,2,Y,0.391,2025-10,1
705164,2025-10-19,EU Direct (Rosslare-Dunkirk),Nordic Freight Lines,2288.0,1176.36,2,Y,0.514,2025-10,1
704536,2025-10-20,EU Direct (Dublin-Cherbourg),Celtic Sealink,1682.0,914.7,2,Y,0.544,2025-10,1
703242,2025-10-20,EU Direct (Dublin-Cherbourg),Atlantic Cargo Ferries,330.0,211.74,2,Y,0.642,2025-10,1
704846,2025-10-20,EU Direct (Rosslare-Dunkirk),Atlantic Cargo Ferries,1877.0,1094.15,2,Y,0.583,2025-10,1
705044,2025-10-20,EU Direct (Rosslare-Dunkirk),Atlantic Cargo Ferries,1313.0,866.58,2,Y,0.66,2025-10,1
704631,2025-10-20,EU Direct (Rosslare-Dunkirk),Nordic Freight Lines,307.0,156.23,2,Y,0.509,2025-10,1
702982,2025-10-20,EU Direct (Dublin-Cherbourg),Atlantic Cargo Ferries,2065.0,1421.2,2,Y,0.688,2025-10,1
705098,2025-10-20,EU Direct (Rosslare-Dunkirk),Nordic Freight Lines,521.0,248.19,3,Y,0.476,2025-10,1
700888,2025-10-21,UK Landbridge (Dublin-Holyhead),Celtic Sealink,1188.0,498.76,1,Y,0.42,2025-10,1
703943,2025-10-21,EU Direct (Dublin-Cherbourg),Celtic Sealink,4178.0,2560.48,2,Y,0.613,2025-10,1
704941,2025-10-21,EU Direct (Rosslare-Dunkirk),Atlantic Cargo Ferries,2312.0,1387.57,2,Y,0.6,2025-10,1
704873,2025-10-21,EU Direct (Rosslare-Dunkirk),Atlantic Cargo Ferries,3958.0,2621.1,3,Y,0.662,2025-10,1
704807,2025-10-21,EU Direct (Rosslare-Dunkirk),Atlantic Cargo Ferries,2648.0,1530.33,2,Y,0.578,2025-10,1
705916,2025-10-21,EU Direct (Rosslare-Dunkirk),Atlantic Cargo Ferries,2129.0,1245.71,2,Y,0.585,2025-10,1
703804,2025-10-21,EU Direct (Dublin-Cherbourg),Celtic Sealink,2165.0,1189.31,3,Y,0.549,2025-10,1
703487,2025-10-22,EU Direct (Dublin-Cherbourg),Celtic Sealink,1752.0,1061.77,2,Y,0.606,2025-10,1
702757,2025-10-22,UK Landbridge (Dublin-Holyhead),Celtic Sealink,1614.0,700.01,1,Y,0.434,2025-10,1
704885,2025-10-22,EU Direct (Rosslare-Dunkirk),Atlantic Cargo Ferries,488.0,320.22,2,Y,0.656,2025-10,1
700996,2025-10-22,UK Landbridge (Dublin-Holyhead),Celtic Sealink,367.0,142.58,1,Y,0.389,2025-10,1
701266,2025-10-22,UK Landbridge (Dublin-Holyhead),Celtic Sealink,50.0,20.71,1,Y,0.414,2025-10,1
704540,2025-10-22,EU Direct (Dublin-Cherbourg),Celtic Sealink,2708.0,1526.41,2,Y,0.564,2025-10,1
705042,2025-10-22,EU Direct (Rosslare-Dunkirk),Nordic Freight Lines,2991.0,1391.29,2,Y,0.465,2025-10,1
703513,2025-10-22,EU Direct (Dublin-Cherbourg),Atlantic Cargo Ferries,2477.0,1654.53,2,Y,0.668,2025-10,1
705354,2025-10-22,EU Direct (Rosslare-Dunkirk),Atlantic Cargo Ferries,834.0,556.73,2,Y,0.668,2025-10,1
701938,2025-10-22,UK Landbridge (Dublin-Holyhead),Nordic Freight Lines,1870.0,748.83,1,Y,0.4,2025-10,1
705787,2025-10-22,EU Direct (Rosslare-Dunkirk),Atlantic Cargo Ferries,72.0,42.41,1,Y,0.589,2025-10,1
700691,2025-10-22,UK Landbridge (Dublin-Holyhead),Celtic Sealink,3430.0,1439.52,1,Y,0.42,2025-10,1
704852,2025-10-23,EU Direct (Rosslare-Dunkirk),Nordic Freight Lines,1475.0,717.54,2,Y,0.486,2025-10,1
700624,2025-10-23,UK Landbridge (Dublin-Holyhead),Celtic Sealink,2222.0,903.93,1,Y,0.407,2025-10,1
700366,2025-10-23,UK Landbridge (Dublin-Holyhead),Nordic Freight Lines,2268.0,840.85,1,Y,0.371,2025-10,1
705951,2025-10-23,EU Direct (Rosslare-Dunkirk),Atlantic Cargo Ferries,2557.0,1635.94,2,Y,0.64,2025-10,1
704100,2025-10-23,EU Direct (Dublin-Cherbourg),Celtic Sealink,2168.0,1174.89,2,Y,0.542,2025-10,1
703294,2025-10-23,EU Direct (Dublin-Cherbourg),Atlantic Cargo Ferries,2268.0,1395.02,3,Y,0.615,2025-10,1
705798,2025-10-23,EU Direct (Rosslare-Dunkirk),Atlantic Cargo Ferries,1362.0,865.3,2,Y,0.635,2025-10,1
705857,2025-10-23,EU Direct (Rosslare-Dunkirk),Atlantic Cargo Ferries,2384.0,1595.31,2,Y,0.669,2025-10,1
702961,2025-10-23,EU Direct (Dublin-Cherbourg),Celtic Sealink,1733.0,940.92,2,Y,0.543,2025-10,1
704945,2025-10-24,EU Direct (Rosslare-Dunkirk),Atlantic Cargo Ferries,1752.0,1182.81,2,Y,0.675,2025-10,1
702498,2025-10-24,UK Landbridge (Dublin-Holyhead),Nordic Freight Lines,1761.0,706.29,2,Y,0.401,2025-10,1
702900,2025-10-24,EU Direct (Dublin-Cherbourg),Celtic Sealink,2324.0,1280.11,2,Y,0.551,2025-10,1
705659,2025-10-24,EU Direct (Rosslare-Dunkirk),Atlantic Cargo Ferries,2340.0,1540.03,2,Y,0.658,2025-10,1
702423,2025-10-24,UK Landbridge (Dublin-Holyhead),Celtic Sealink,1804.0,712.84,1,Y,0.395,2025-10,1
703620,2025-10-25,EU Direct (Dublin-Cherbourg),Atlantic Cargo Ferries,2582.0,1813.28,2,Y,0.702,2025-10,1
704214,2025-10-25,EU Direct (Dublin-Cherbourg),Atlantic Cargo Ferries,2354.0,1471.84,1,Y,0.625,2025-10,1
701292,2025-10-25,UK Landbridge (Dublin-Holyhead),Nordic Freight Lines,1148.0,414.85,1,Y,0.361,2025-10,1
700278,2025-10-25,UK Landbridge (Dublin-Holyhead),Celtic Sealink,1636.0,643.5,2,Y,0.393,2025-10,1
705641,2025-10-25,EU Direct (Rosslare-Dunkirk),Nordic Freight Lines,3145.0,1695.96,1,Y,0.539,2025-10,1
702994,2025-10-25,EU Direct (Dublin-Cherbourg),Celtic Sealink,2677.0,1475.48,2,N,0.551,2025-10,0
703767,2025-10-25,EU Direct (Dublin-Cherbourg),Celtic Sealink,698.0,385.08,3,Y,0.552,2025-10,1
703267,2025-10-25,EU Direct (Dublin-Cherbourg),Celtic Sealink,2135.0,1316.45,2,N,0.617,2025-10,0
705492,2025-10-25,EU Direct (Rosslare-Dunkirk),Atlantic Cargo Ferries,1985.0,1189.59,2,Y,0.599,2025-10,1
700455,2025-10-25,UK Landbridge (Dublin-Holyhead),Celtic Sealink,1863.0,781.68,1,Y,0.42,2025-10,1
702707,2025-10-25,UK Landbridge (Dublin-Holyhead),Nordic Freight Lines,927.0,334.26,1,Y,0.361,2025-10,1
700704,2025-10-26,UK Landbridge (Dublin-Holyhead),Nordic Freight Lines,2789.0,982.26,1,Y,0.352,2025-10,1
700971,2025-10-26,UK Landbridge (Dublin-Holyhead),Celtic Sealink,1640.0,718.04,1,Y,0.438,2025-10,1
704978,2025-10-26,EU Direct (Rosslare-Dunkirk),Atlantic Cargo Ferries,1729.0,1025.35,2,Y,0.593,2025-10,1
701688,2025-10-26,UK Landbridge (Dublin-Holyhead),Celtic Sealink,783.0,334.63,1,Y,0.427,2025-10,1
705804,2025-10-26,EU Direct (Rosslare-Dunkirk),Atlantic Cargo Ferries,253.0,146.26,2,Y,0.578,2025-10,1
704049,2025-10-26,EU Direct (Dublin-Cherbourg),Atlantic Cargo Ferries,2982.0,2037.01,3,Y,0.683,2025-10,1
704986,2025-10-26,EU Direct (Rosslare-Dunkirk),Nordic Freight Lines,1375.0,688.67,1,Y,0.501,2025-10,1
705605,2025-10-27,EU Direct (Rosslare-Dunkirk),Atlantic Cargo Ferries,3372.0,2257.81,2,Y,0.67,2025-10,1
701319,2025-10-27,UK Landbridge (Dublin-Holyhead),Nordic Freight Lines,1856.0,707.96,1,Y,0.381,2025-10,1
704220,2025-10-27,EU Direct (Dublin-Cherbourg),Atlantic Cargo Ferries,120.0,75.98,2,Y,0.633,2025-10,1
705729,2025-10-27,EU Direct (Rosslare-Dunkirk),Atlantic Cargo Ferries,1772.0,1193.61,1,Y,0.674,2025-10,1
704711,2025-10-27,EU Direct (Rosslare-Dunkirk),Atlantic Cargo Ferries,994.0,668.37,2,Y,0.672,2025-10,1
702135,2025-10-28,UK Landbridge (Dublin-Holyhead),Nordic Freight Lines,2737.0,997.93,1,Y,0.365,2025-10,1
702539,2025-10-28,UK Landbridge (Dublin-Holyhead),Celtic Sealink,988.0,411.74,1,Y,0.417,2025-10,1
700035,2025-10-28,UK Landbridge (Dublin-Holyhead),Nordic Freight Lines,2208.0,893.34,1,Y,0.405,2025-10,1
700507,2025-10-28,UK Landbridge (Dublin-Holyhead),Nordic Freight Lines,2748.0,984.54,1,Y,0.358,2025-10,1
704329,2025-10-28,EU Direct (Dublin-Cherbourg),Celtic Sealink,2072.0,1244.34,2,N,0.601,2025-10,0
703115,2025-10-28,EU Direct (Dublin-Cherbourg),Atlantic Cargo Ferries,1587.0,1090.89,2,Y,0.687,2025-10,1
703653,2025-10-28,EU Direct (Dublin-Cherbourg),Atlantic Cargo Ferries,1321.0,846.6,2,Y,0.641,2025-10,1
702526,2025-10-28,UK Landbridge (Dublin-Holyhead),Celtic Sealink,50.0,21.31,1,N,0.426,2025-10,0
704255,2025-10-28,EU Direct (Dublin-Cherbourg),Celtic Sealink,635.0,382.51,2,N,0.602,2025-10,0
701838,2025-10-29,UK Landbridge (Dublin-Holyhead),Celtic Sealink,1406.0,595.98,1,Y,0.424,2025-10,1
705247,2025-10-29,EU Direct (Rosslare-Dunkirk),Atlantic Cargo Ferries,2785.0,1751.02,3,Y,0.629,2025-10,1
703756,2025-10-29,EU Direct (Dublin-Cherbourg),Celtic Sealink,1512.0,816.05,2,Y,0.54,2025-10,1
703256,2025-10-29,EU Direct (Dublin-Cherbourg),Atlantic Cargo Ferries,1682.0,1140.69,3,Y,0.678,2025-10,1
700352,2025-10-29,UK Landbridge (Dublin-Holyhead),Celtic Sealink,1349.0,604.7,1,Y,0.448,2025-10,1
701406,2025-10-29,UK Landbridge (Dublin-Holyhead),Nordic Freight Lines,2074.0,741.97,1,Y,0.358,2025-10,1
702582,2025-10-30,UK Landbridge (Dublin-Holyhead),Nordic Freight Lines,1943.0,723.58,1,Y,0.372,2025-10,1
701213,2025-10-30,UK Landbridge (Dublin-Holyhead),Celtic Sealink,51.0,21.62,1,Y,0.424,2025-10,1
701775,2025-10-30,UK Landbridge (Dublin-Holyhead),Celtic Sealink,1231.0,540.11,1,Y,0.439,2025-10,1
704779,2025-10-30,EU Direct (Rosslare-Dunkirk),Nordic Freight Lines,1162.0,589.52,2,Y,0.507,2025-10,1
700850,2025-10-30,UK Landbridge (Dublin-Holyhead),Nordic Freight Lines,3154.0,1272.42,1,N,0.403,2025-10,0
703838,2025-10-30,EU Direct (Dublin-Cherbourg),Celtic Sealink,3008.0,1860.39,2,Y,0.618,2025-10,1
701984,2025-10-30,UK Landbridge (Dublin-Holyhead),Celtic Sealink,1550.0,671.2,1,Y,0.433,2025-10,1
700502,2025-10-30,UK Landbridge (Dublin-Holyhead),Celtic Sealink,2606.0,1125.27,1,Y,0.432,2025-10,1
702925,2025-10-30,EU Direct (Dublin-Cherbourg),Celtic Sealink,2872.0,1720.66,3,Y,0.599,2025-10,1
700003,2025-10-31,UK Landbridge (Dublin-Holyhead),Nordic Freight Lines,1709.0,666.05,1,Y,0.39,2025-10,1
704211,2025-10-31,EU Direct (Dublin-Cherbourg),Celtic Sealink,3449.0,2046.58,2,Y,0.593,2025-10,1
702953,2025-10-31,EU Direct (Dublin-Cherbourg),Celtic Sealink,1371.0,814.4,3,Y,0.594,2025-10,1
702406,2025-10-31,UK Landbridge (Dublin-Holyhead),Nordic Freight Lines,2016.0,786.23,1,Y,0.39,2025-10,1
702168,2025-10-31,UK Landbridge (Dublin-Holyhead),Celtic Sealink,2125.0,937.26,1,N,0.441,2025-10,0
702323,2025-10-31,UK Landbridge (Dublin-Holyhead),Celtic Sealink,3384.0,1403.79,1,Y,0.415,2025-10,1
700877,2025-10-31,UK Landbridge (Dublin-Holyhead),Nordic Freight Lines,1125.0,436.07,1,Y,0.388,2025-10,1
701636,2025-10-31,UK Landbridge (Dublin-Holyhead),Nordic Freight Lines,1913.0,715.3,1,Y,0.374,2025-10,1
702270,2025-10-31,UK Landbridge (Dublin-Holyhead),Celtic Sealink,3033.0,1362.44,1,Y,0.449,2025-10,1
702078,2025-10-31,UK Landbridge (Dublin-Holyhead),Nordic Freight Lines,2154.0,757.62,1,N,0.352,2025-10,0
700293,2025-10-31,UK Landbridge (Dublin-Holyhead),Celtic Sealink,1435.0,562.69,2,Y,0.392,2025-10,1
702774,2025-10-31,UK Landbridge (Dublin-Holyhead),Nordic Freight Lines,1336.0,527.77,1,Y,0.395,2025-10,1
701515,2025-11-01,UK Landbridge (Dublin-Holyhead),Celtic Sealink,1826.0,805.36,1,Y,0.441,2025-11,1
700322,2025-11-01,UK Landbridge (Dublin-Holyhead),Nordic Freight Lines,2454.0,904.74,1,N,0.369,2025-11,0
704522,2025-11-01,EU Direct (Dublin-Cherbourg),Celtic Sealink,129.0,74.83,2,Y,0.58,2025-11,1
702038,2025-11-01,UK Landbridge (Dublin-Holyhead),Celtic Sealink,2498.0,969.36,1,Y,0.388,2025-11,1
701558,2025-11-01,UK Landbridge (Dublin-Holyhead),Celtic Sealink,1472.0,656.71,1,Y,0.446,2025-11,1
700633,2025-11-01,UK Landbridge (Dublin-Holyhead),Nordic Freight Lines,1100.0,429.29,2,Y,0.39,2025-11,1
702895,2025-11-01,EU Direct (Dublin-Cherbourg),Celtic Sealink,2082.0,1177.12,2,Y,0.565,2025-11,1
702983,2025-11-01,EU Direct (Dublin-Cherbourg),Atlantic Cargo Ferries,627.0,390.9,2,Y,0.623,2025-11,1
702653,2025-11-01,UK Landbridge (Dublin-Holyhead),Nordic Freight Lines,2808.0,1136.4,1,Y,0.405,2025-11,1
701644,2025-11-01,UK Landbridge (Dublin-Holyhead),Celtic Sealink,2412.0,1025.78,1,Y,0.425,2025-11,1
700582,2025-11-02,UK Landbridge (Dublin-Holyhead),Nordic Freight Lines,2411.0,862.48,1,Y,0.358,2025-11,1
701187,2025-11-02,UK Landbridge (Dublin-Holyhead),Celtic Sealink,2804.0,1103.07,2,Y,0.393,2025-11,1
700207,2025-11-02,UK Landbridge (Dublin-Holyhead),Nordic Freight Lines,730.0,266.42,1,N,0.365,2025-11,0
703321,2025-11-02,EU Direct (Dublin-Cherbourg),Celtic Sealink,50.0,29.67,2,Y,0.593,2025-11,1
705028,2025-11-02,EU Direct (Rosslare-Dunkirk),Atlantic Cargo Ferries,2327.0,1441.59,2,Y,0.62,2025-11,1
702242,2025-11-02,UK Landbridge (Dublin-Holyhead),Nordic Freight Lines,5043.0,1964.54,1,Y,0.39,2025-11,1
705177,2025-11-02,EU Direct (Rosslare-Dunkirk),Atlantic Cargo Ferries,1083.0,645.9,1,Y,0.596,2025-11,1
705535,2025-11-02,EU Direct (Rosslare-Dunkirk),Atlantic Cargo Ferries,1734.0,1167.61,2,Y,0.673,2025-11,1
705850,2025-11-02,EU Direct (Rosslare-Dunkirk),Nordic Freight Lines,276.0,139.24,2,N,0.504,2025-11,0
702478,2025-11-03,UK Landbridge (Dublin-Holyhead),Celtic Sealink,169.0,70.1,1,N,0.415,2025-11,0
702433,2025-11-03,UK Landbridge (Dublin-Holyhead),Nordic Freight Lines,704.0,275.04,1,N,0.391,2025-11,0
704414,2025-11-03,EU Direct (Dublin-Cherbourg),Celtic Sealink,3217.0,1855.35,3,Y,0.577,2025-11,1
704285,2025-11-03,EU Direct (Dublin-Cherbourg),Celtic Sealink,1938.0,1059.29,2,Y,0.547,2025-11,1
705362,2025-11-03,EU Direct (Rosslare-Dunkirk),Atlantic Cargo Ferries,1902.0,1138.15,2,Y,0.598,2025-11,1
705350,2025-11-03,EU Direct (Rosslare-Dunkirk),Nordic Freight Lines,2649.0,1414.73,2,Y,0.534,2025-11,1
704877,2025-11-03,EU Direct (Rosslare-Dunkirk),Atlantic Cargo Ferries,2251.0,1488.42,2,Y,0.661,2025-11,1
705048,2025-11-03,EU Direct (Rosslare-Dunkirk),Atlantic Cargo Ferries,1890.0,1218.46,2,Y,0.645,2025-11,1
700119,2025-11-03,UK Landbridge (Dublin-Holyhead),Nordic Freight Lines,1277.0,454.37,1,N,0.356,2025-11,0
705623,2025-11-03,EU Direct (Rosslare-Dunkirk),Nordic Freight Lines,1513.0,732.84,2,Y,0.484,2025-11,1
704811,2025-11-03,EU Direct (Rosslare-Dunkirk),Nordic Freight Lines,993.0,532.46,2,N,0.536,2025-11,0
705781,2025-11-03,EU Direct (Rosslare-Dunkirk),Atlantic Cargo Ferries,2679.0,1786.73,3,Y,0.667,2025-11,1
701724,2025-11-04,UK Landbridge (Dublin-Holyhead),Nordic Freight Lines,3040.0,1116.56,1,Y,0.367,2025-11,1
704880,2025-11-04,EU Direct (Rosslare-Dunkirk),Nordic Freight Lines,3109.0,1611.7,2,Y,0.518,2025-11,1
701853,2025-11-04,UK Landbridge (Dublin-Holyhead),Nordic Freight Lines,1711.0,691.91,1,Y,0.404,2025-11,1
701075,2025-11-04,UK Landbridge (Dublin-Holyhead),Nordic Freight Lines,2747.0,993.42,1,N,0.362,2025-11,0
703235,2025-11-04,EU Direct (Dublin-Cherbourg),Celtic Sealink,1857.0,1122.13,2,Y,0.604,2025-11,1
702262,2025-11-04,UK Landbridge (Dublin-Holyhead),Nordic Freight Lines,2888.0,1150.04,1,Y,0.398,2025-11,1
704047,2025-11-04,EU Direct (Dublin-Cherbourg),Celtic Sealink,2820.0,1657.88,2,Y,0.588,2025-11,1
704272,2025-11-04,EU Direct (Dublin-Cherbourg),Atlantic Cargo Ferries,2626.0,1830.26,2,Y,0.697,2025-11,1
702830,2025-11-05,UK Landbridge (Dublin-Holyhead),Nordic Freight Lines,2880.0,1153.19,1,Y,0.4,2025-11,1
705788,2025-11-05,EU Direct (Rosslare-Dunkirk),Nordic Freight Lines,2591.0,1369.52,2,Y,0.529,2025-11,1
704308,2025-11-05,EU Direct (Dublin-Cherbourg),Atlantic Cargo Ferries,2323.0,1636.25,1,Y,0.704,2025-11,1
701898,2025-11-05,UK Landbridge (Dublin-Holyhead),Nordic Freight Lines,657.0,242.86,1,Y,0.37,2025-11,1
700713,2025-11-05,UK Landbridge (Dublin-Holyhead),Celtic Sealink,1746.0,704.43,1,Y,0.403,2025-11,1
703041,2025-11-06,EU Direct (Dublin-Cherbourg),Celtic Sealink,1713.0,938.27,2,Y,0.548,2025-11,1
705568,2025-11-06,EU Direct (Rosslare-Dunkirk),Atlantic Cargo Ferries,2265.0,1533.14,3,N,0.677,2025-11,0
704032,2025-11-06,EU Direct (Dublin-Cherbourg),Atlantic Cargo Ferries,3132.0,2170.07,3,Y,0.693,2025-11,1
705460,2025-11-06,EU Direct (Rosslare-Dunkirk),Nordic Freight Lines,2326.0,1075.96,2,Y,0.463,2025-11,1
703276,2025-11-07,EU Direct (Dublin-Cherbourg),Atlantic Cargo Ferries,3260.0,2038.37,2,Y,0.625,2025-11,1
702525,2025-11-07,UK Landbridge (Dublin-Holyhead),Nordic Freight Lines,82.0,31.83,1,N,0.388,2025-11,0
703392,2025-11-07,EU Direct (Dublin-Cherbourg),Atlantic Cargo Ferries,523.0,352.7,1,Y,0.674,2025-11,1
701574,2025-11-07,UK Landbridge (Dublin-Holyhead),Celtic Sealink,2188.0,850.34,1,Y,0.389,2025-11,1
702577,2025-11-08,UK Landbridge (Dublin-Holyhead),Celtic Sealink,821.0,326.37,1,Y,0.398,2025-11,1
701424,2025-11-08,UK Landbridge (Dublin-Holyhead),Nordic Freight Lines,50.0,19.27,1,N,0.385,2025-11,0
705506,2025-11-08,EU Direct (Rosslare-Dunkirk),Atlantic Cargo Ferries,2030.0,1298.49,2,Y,0.64,2025-11,1
702393,2025-11-08,UK Landbridge (Dublin-Holyhead),Nordic Freight Lines,1810.0,714.69,2,Y,0.395,2025-11,1
701455,2025-11-08,UK Landbridge (Dublin-Holyhead),Nordic Freight Lines,1755.0,675.79,2,Y,0.385,2025-11,1
702322,2025-11-08,UK Landbridge (Dublin-Holyhead),Nordic Freight Lines,1259.0,473.23,1,N,0.376,2025-11,0
702878,2025-11-08,UK Landbridge (Dublin-Holyhead),Celtic Sealink,2302.0,906.18,1,Y,0.394,2025-11,1
700797,2025-11-08,UK Landbridge (Dublin-Holyhead),Nordic Freight Lines,2754.0,1093.15,1,Y,0.397,2025-11,1
705586,2025-11-08,EU Direct (Rosslare-Dunkirk),Atlantic Cargo Ferries,2494.0,1633.02,2,Y,0.655,2025-11,1
702283,2025-11-08,UK Landbridge (Dublin-Holyhead),Nordic Freight Lines,3116.0,1164.97,1,Y,0.374,2025-11,1
703064,2025-11-09,EU Direct (Dublin-Cherbourg),Celtic Sealink,1270.0,697.38,3,N,0.549,2025-11,0
704083,2025-11-09,EU Direct (Dublin-Cherbourg),Celtic Sealink,2353.0,1266.25,2,Y,0.538,2025-11,1
703399,2025-11-09,EU Direct (Dublin-Cherbourg),Atlantic Cargo Ferries,2665.0,1865.79,2,Y,0.7,2025-11,1
705280,2025-11-09,EU Direct (Rosslare-Dunkirk),Atlantic Cargo Ferries,3415.0,2256.82,2,Y,0.661,2025-11,1
705061,2025-11-09,EU Direct (Rosslare-Dunkirk),Nordic Freight Lines,1863.0,1006.9,1,Y,0.54,2025-11,1
705580,2025-11-09,EU Direct (Rosslare-Dunkirk),Atlantic Cargo Ferries,3122.0,1904.12,1,Y,0.61,2025-11,1
704784,2025-11-09,EU Direct (Rosslare-Dunkirk),Atlantic Cargo Ferries,4177.0,2625.6,2,Y,0.629,2025-11,1
700610,2025-11-09,UK Landbridge (Dublin-Holyhead),Nordic Freight Lines,2367.0,843.14,1,Y,0.356,2025-11,1
704396,2025-11-09,EU Direct (Dublin-Cherbourg),Celtic Sealink,2996.0,1832.72,2,Y,0.612,2025-11,1
703734,2025-11-10,EU Direct (Dublin-Cherbourg),Celtic Sealink,3450.0,2063.04,2,Y,0.598,2025-11,1
701444,2025-11-10,UK Landbridge (Dublin-Holyhead),Nordic Freight Lines,2671.0,967.69,2,Y,0.362,2025-11,1
702014,2025-11-10,UK Landbridge (Dublin-Holyhead),Nordic Freight Lines,3112.0,1190.86,1,Y,0.383,2025-11,1
703458,2025-11-10,EU Direct (Dublin-Cherbourg),Atlantic Cargo Ferries,456.0,315.0,2,N,0.691,2025-11,0
703664,2025-11-10,EU Direct (Dublin-Cherbourg),Atlantic Cargo Ferries,3088.0,2153.38,3,Y,0.697,2025-11,1
704294,2025-11-10,EU Direct (Dublin-Cherbourg),Atlantic Cargo Ferries,50.0,32.17,2,N,0.643,2025-11,0
701930,2025-11-10,UK Landbridge (Dublin-Holyhead),Nordic Freight Lines,2624.0,1064.54,1,N,0.406,2025-11,0
701346,2025-11-11,UK Landbridge (Dublin-Holyhead),Nordic Freight Lines,2285.0,898.42,2,Y,0.393,2025-11,1
701196,2025-11-11,UK Landbridge (Dublin-Holyhead),Nordic Freight Lines,1543.0,603.69,2,Y,0.391,2025-11,1
702608,2025-11-11,UK Landbridge (Dublin-Holyhead),Nordic Freight Lines,437.0,154.53,1,Y,0.354,2025-11,1
705596,2025-11-11,EU Direct (Rosslare-Dunkirk),Nordic Freight Lines,392.0,183.52,3,Y,0.468,2025-11,1
705016,2025-11-11,EU Direct (Rosslare-Dunkirk),Nordic Freight Lines,204.0,101.74,2,Y,0.499,2025-11,1
705707,2025-11-12,EU Direct (Rosslare-Dunkirk),Atlantic Cargo Ferries,1753.0,1139.41,2,Y,0.65,2025-11,1
702716,2025-11-12,UK Landbridge (Dublin-Holyhead),Celtic Sealink,2877.0,1122.19,1,Y,0.39,2025-11,1
700727,2025-11-12,UK Landbridge (Dublin-Holyhead),Celtic Sealink,2155.0,901.55,1,Y,0.418,2025-11,1
705945,2025-11-12,EU Direct (Rosslare-Dunkirk),Atlantic Cargo Ferries,1761.0,1141.63,3,Y,0.648,2025-11,1
705374,2025-11-12,EU Direct (Rosslare-Dunkirk),Nordic Freight Lines,780.0,377.89,2,N,0.484,2025-11,0
705662,2025-11-12,EU Direct (Rosslare-Dunkirk),Nordic Freight Lines,1470.0,693.06,2,Y,0.471,2025-11,1
703283,2025-11-12,EU Direct (Dublin-Cherbourg),Celtic Sealink,3494.0,2077.98,2,Y,0.595,2025-11,1
703827,2025-11-12,EU Direct (Dublin-Cherbourg),Celtic Sealink,50.0,30.84,2,N,0.617,2025-11,0
700398,2025-11-12,UK Landbridge (Dublin-Holyhead),Celtic Sealink,1406.0,548.86,1,N,0.39,2025-11,0
702129,2025-11-12,UK Landbridge (Dublin-Holyhead),Nordic Freight Lines,1434.0,586.52,1,Y,0.409,2025-11,1
702902,2025-11-13,EU Direct (Dublin-Cherbourg),Atlantic Cargo Ferries,1565.0,1097.13,3,Y,0.701,2025-11,1
702353,2025-11-13,UK Landbridge (Dublin-Holyhead),Celtic Sealink,2785.0,1114.09,1,Y,0.4,2025-11,1
700153,2025-11-13,UK Landbridge (Dublin-Holyhead),Nordic Freight Lines,2919.0,1093.18,1,Y,0.375,2025-11,1
700933,2025-11-13,UK Landbridge (Dublin-Holyhead),Celtic Sealink,2995.0,1260.57,2,Y,0.421,2025-11,1
704291,2025-11-13,EU Direct (Dublin-Cherbourg),Celtic Sealink,1682.0,1022.18,2,N,0.608,2025-11,0
700242,2025-11-13,UK Landbridge (Dublin-Holyhead),Celtic Sealink,1547.0,640.73,1,Y,0.414,2025-11,1
703507,2025-11-13,EU Direct (Dublin-Cherbourg),Atlantic Cargo Ferries,1942.0,1358.46,2,Y,0.7,2025-11,1
703323,2025-11-13,EU Direct (Dublin-Cherbourg),Atlantic Cargo Ferries,4224.0,2935.85,2,Y,0.695,2025-11,1
701299,2025-11-13,UK Landbridge (Dublin-Holyhead),Celtic Sealink,1548.0,602.79,1,Y,0.389,2025-11,1
702111,2025-11-13,UK Landbridge (Dublin-Holyhead),Celtic Sealink,1305.0,565.71,1,Y,0.433,2025-11,1
701779,2025-11-13,UK Landbridge (Dublin-Holyhead),Nordic Freight Lines,839.0,316.97,2,Y,0.378,2025-11,1
703190,2025-11-14,EU Direct (Dublin-Cherbourg),Celtic Sealink,3802.0,2041.41,1,Y,0.537,2025-11,1
700450,2025-11-14,UK Landbridge (Dublin-Holyhead),Nordic Freight Lines,2207.0,892.13,1,Y,0.404,2025-11,1
700402,2025-11-14,UK Landbridge (Dublin-Holyhead),Celtic Sealink,786.0,307.6,1,Y,0.391,2025-11,1
700274,2025-11-14,UK Landbridge (Dublin-Holyhead),Celtic Sealink,2175.0,882.52,1,Y,0.406,2025-11,1
702947,2025-11-14,EU Direct (Dublin-Cherbourg),Celtic Sealink,841.0,473.4,2,Y,0.563,2025-11,1
704831,2025-11-14,EU Direct (Rosslare-Dunkirk),Atlantic Cargo Ferries,2615.0,1749.59,2,Y,0.669,2025-11,1
702298,2025-11-14,UK Landbridge (Dublin-Holyhead),Nordic Freight Lines,2082.0,786.67,1,Y,0.378,2025-11,1
705375,2025-11-14,EU Direct (Rosslare-Dunkirk),Nordic Freight Lines,2069.0,1061.53,2,Y,0.513,2025-11,1
705368,2025-11-14,EU Direct (Rosslare-Dunkirk),Nordic Freight Lines,589.0,293.02,2,Y,0.497,2025-11,1
701273,2025-11-15,UK Landbridge (Dublin-Holyhead),Celtic Sealink,1382.0,552.12,1,Y,0.4,2025-11,1
703946,2025-11-15,EU Direct (Dublin-Cherbourg),Atlantic Cargo Ferries,1911.0,1327.85,2,Y,0.695,2025-11,1
703024,2025-11-15,EU Direct (Dublin-Cherbourg),Atlantic Cargo Ferries,2584.0,1582.66,2,Y,0.612,2025-11,1
703679,2025-11-15,EU Direct (Dublin-Cherbourg),Atlantic Cargo Ferries,4112.0,2657.06,3,Y,0.646,2025-11,1
704962,2025-11-15,EU Direct (Rosslare-Dunkirk),Nordic Freight Lines,475.0,245.15,2,Y,0.516,2025-11,1
700257,2025-11-15,UK Landbridge (Dublin-Holyhead),Celtic Sealink,968.0,381.85,1,Y,0.394,2025-11,1
700205,2025-11-15,UK Landbridge (Dublin-Holyhead),Celtic Sealink,1121.0,460.4,1,Y,0.411,2025-11,1
702699,2025-11-15,UK Landbridge (Dublin-Holyhead),Nordic Freight Lines,2127.0,783.9,1,Y,0.369,2025-11,1
703836,2025-11-15,EU Direct (Dublin-Cherbourg),Atlantic Cargo Ferries,2503.0,1774.76,2,Y,0.709,2025-11,1
700814,2025-11-15,UK Landbridge (Dublin-Holyhead),Nordic Freight Lines,914.0,332.56,1,Y,0.364,2025-11,1
704702,2025-11-16,EU Direct (Rosslare-Dunkirk),Nordic Freight Lines,3150.0,1590.99,2,Y,0.505,2025-11,1
703784,2025-11-16,EU Direct (Dublin-Cherbourg),Celtic Sealink,2192.0,1258.58,2,Y,0.574,2025-11,1
701242,2025-11-16,UK Landbridge (Dublin-Holyhead),Celtic Sealink,2289.0,919.87,1,Y,0.402,2025-11,1
703060,2025-11-16,EU Direct (Dublin-Cherbourg),Celtic Sealink,2235.0,1352.55,1,Y,0.605,2025-11,1
703215,2025-11-16,EU Direct (Dublin-Cherbourg),Atlantic Cargo Ferries,2546.0,1793.53,1,Y,0.704,2025-11,1
703844,2025-11-16,EU Direct (Dublin-Cherbourg),Celtic Sealink,2414.0,1383.73,1,Y,0.573,2025-11,1
705063,2025-11-16,EU Direct (Rosslare-Dunkirk),Atlantic Cargo Ferries,528.0,315.4,2,N,0.597,2025-11,0
702087,2025-11-16,UK Landbridge (Dublin-Holyhead),Celtic Sealink,803.0,350.71,1,Y,0.437,2025-11,1
705034,2025-11-17,EU Direct (Rosslare-Dunkirk),Atlantic Cargo Ferries,2016.0,1290.76,2,Y,0.64,2025-11,1
702793,2025-11-17,UK Landbridge (Dublin-Holyhead),Nordic Freight Lines,1616.0,636.79,2,Y,0.394,2025-11,1
700758,2025-11-17,UK Landbridge (Dublin-Holyhead),Nordic Freight Lines,1571.0,610.89,1,Y,0.389,2025-11,1
701726,2025-11-17,UK Landbridge (Dublin-Holyhead),Nordic Freight Lines,1302.0,485.31,1,N,0.373,2025-11,0
705158,2025-11-17,EU Direct (Rosslare-Dunkirk),Atlantic Cargo Ferries,50.0,33.37,2,Y,0.667,2025-11,1
700658,2025-11-17,UK Landbridge (Dublin-Holyhead),Celtic Sealink,2450.0,1061.34,1,Y,0.433,2025-11,1
703924,2025-11-17,EU Direct (Dublin-Cherbourg),Celtic Sealink,3064.0,1818.78,2,Y,0.594,2025-11,1
704788,2025-11-17,EU Direct (Rosslare-Dunkirk),Atlantic Cargo Ferries,1646.0,1040.29,2,Y,0.632,2025-11,1
702509,2025-11-17,UK Landbridge (Dublin-Holyhead),Nordic Freight Lines,50.0,17.98,1,Y,0.36,2025-11,1
704483,2025-11-17,EU Direct (Dublin-Cherbourg),Atlantic Cargo Ferries,1768.0,1079.02,2,Y,0.61,2025-11,1
702870,2025-11-17,UK Landbridge (Dublin-Holyhead),Nordic Freight Lines,1132.0,461.45,2,Y,0.408,2025-11,1
700292,2025-11-18,UK Landbridge (Dublin-Holyhead),Nordic Freight Lines,2375.0,868.33,1,Y,0.366,2025-11,1
705583,2025-11-18,EU Direct (Rosslare-Dunkirk),Atlantic Cargo Ferries,1099.0,717.1,3,Y,0.653,2025-11,1
700738,2025-11-18,UK Landbridge (Dublin-Holyhead),Celtic Sealink,50.0,20.63,1,Y,0.413,2025-11,1
702279,2025-11-18,UK Landbridge (Dublin-Holyhead),Nordic Freight Lines,1920.0,691.29,1,Y,0.36,2025-11,1
702077,2025-11-18,UK Landbridge (Dublin-Holyhead),Nordic Freight Lines,3186.0,1212.02,1,Y,0.38,2025-11,1
700440,2025-11-19,UK Landbridge (Dublin-Holyhead),Celtic Sealink,2747.0,1111.83,2,Y,0.405,2025-11,1
702351,2025-11-19,UK Landbridge (Dublin-Holyhead),Nordic Freight Lines,2698.0,1064.71,1,Y,0.395,2025-11,1
703919,2025-11-19,EU Direct (Dublin-Cherbourg),Celtic Sealink,412.0,232.89,2,Y,0.565,2025-11,1
700084,2025-11-19,UK Landbridge (Dublin-Holyhead),Nordic Freight Lines,2480.0,994.08,1,Y,0.401,2025-11,1
702854,2025-11-19,UK Landbridge (Dublin-Holyhead),Nordic Freight Lines,50.0,18.05,1,Y,0.361,2025-11,1
705661,2025-11-20,EU Direct (Rosslare-Dunkirk),Atlantic Cargo Ferries,533.0,324.39,2,Y,0.609,2025-11,1
701176,2025-11-20,UK Landbridge (Dublin-Holyhead),Celtic Sealink,1864.0,764.68,1,Y,0.41,2025-11,1
703763,2025-11-20,EU Direct (Dublin-Cherbourg),Atlantic Cargo Ferries,1758.0,1216.49,3,Y,0.692,2025-11,1
701762,2025-11-20,UK Landbridge (Dublin-Holyhead),Nordic Freight Lines,2172.0,772.44,1,Y,0.356,2025-11,1
702405,2025-11-20,UK Landbridge (Dublin-Holyhead),Nordic Freight Lines,2834.0,1047.51,1,Y,0.37,2025-11,1
704219,2025-11-20,EU Direct (Dublin-Cherbourg),Celtic Sealink,789.0,450.81,2,N,0.571,2025-11,0
701586,2025-11-20,UK Landbridge (Dublin-Holyhead),Celtic Sealink,2249.0,999.86,1,Y,0.445,2025-11,1
703273,2025-11-20,EU Direct (Dublin-Cherbourg),Celtic Sealink,1813.0,1068.78,2,N,0.59,2025-11,0
702683,2025-11-20,UK Landbridge (Dublin-Holyhead),Nordic Freight Lines,2388.0,972.91,2,Y,0.407,2025-11,1
702517,2025-11-21,UK Landbridge (Dublin-Holyhead),Nordic Freight Lines,2795.0,1129.37,1,Y,0.404,2025-11,1
700252,2025-11-21,UK Landbridge (Dublin-Holyhead),Celtic Sealink,2463.0,967.03,1,Y,0.393,2025-11,1
700852,2025-11-21,UK Landbridge (Dublin-Holyhead),Celtic Sealink,1666.0,652.0,1,N,0.391,2025-11,0
700386,2025-11-21,UK Landbridge (Dublin-Holyhead),Celtic Sealink,1089.0,486.46,2,Y,0.447,2025-11,1
705134,2025-11-21,EU Direct (Rosslare-Dunkirk),Atlantic Cargo Ferries,1141.0,752.29,2,Y,0.659,2025-11,1
703917,2025-11-21,EU Direct (Dublin-Cherbourg),Celtic Sealink,1966.0,1193.42,3,N,0.607,2025-11,0
703377,2025-11-21,EU Direct (Dublin-Cherbourg),Celtic Sealink,2957.0,1719.76,2,Y,0.582,2025-11,1
701416,2025-11-21,UK Landbridge (Dublin-Holyhead),Celtic Sealink,1316.0,533.73,1,N,0.406,2025-11,0
705087,2025-11-21,EU Direct (Rosslare-Dunkirk),Atlantic Cargo Ferries,286.0,189.05,2,Y,0.661,2025-11,1
701138,2025-11-22,UK Landbridge (Dublin-Holyhead),Nordic Freight Lines,1548.0,625.05,1,Y,0.404,2025-11,1
704355,2025-11-22,EU Direct (Dublin-Cherbourg),Celtic Sealink,1255.0,759.85,3,Y,0.605,2025-11,1
705441,2025-11-22,EU Direct (Rosslare-Dunkirk),Atlantic Cargo Ferries,1816.0,1198.23,2,N,0.66,2025-11,0
703028,2025-11-22,EU Direct (Dublin-Cherbourg),Celtic Sealink,2792.0,1518.37,2,Y,0.544,2025-11,1
701238,2025-11-22,UK Landbridge (Dublin-Holyhead),Celtic Sealink,2099.0,844.39,1,Y,0.402,2025-11,1
702449,2025-11-22,UK Landbridge (Dublin-Holyhead),Nordic Freight Lines,895.0,365.46,1,N,0.408,2025-11,0
704092,2025-11-22,EU Direct (Dublin-Cherbourg),Atlantic Cargo Ferries,3055.0,2122.41,2,Y,0.695,2025-11,1
701101,2025-11-22,UK Landbridge (Dublin-Holyhead),Nordic Freight Lines,2496.0,929.54,1,N,0.372,2025-11,0
702917,2025-11-22,EU Direct (Dublin-Cherbourg),Atlantic Cargo Ferries,960.0,600.99,2,Y,0.626,2025-11,1
704271,2025-11-22,EU Direct (Dublin-Cherbourg),Celtic Sealink,3498.0,2102.26,2,Y,0.601,2025-11,1
702524,2025-11-22,UK Landbridge (Dublin-Holyhead),Nordic Freight Lines,1345.0,550.64,1,Y,0.409,2025-11,1
701813,2025-11-22,UK Landbridge (Dublin-Holyhead),Celtic Sealink,1812.0,791.0,1,Y,0.437,2025-11,1
702911,2025-11-22,EU Direct (Dublin-Cherbourg),Celtic Sealink,1963.0,1055.47,2,Y,0.538,2025-11,1
704973,2025-11-22,EU Direct (Rosslare-Dunkirk),Nordic Freight Lines,2014.0,1006.22,1,N,0.5,2025-11,0
700258,2025-11-23,UK Landbridge (Dublin-Holyhead),Nordic Freight Lines,2534.0,919.35,1,Y,0.363,2025-11,1
704757,2025-11-23,EU Direct (Rosslare-Dunkirk),Nordic Freight Lines,2626.0,1350.87,2,Y,0.514,2025-11,1
703347,2025-11-23,EU Direct (Dublin-Cherbourg),Celtic Sealink,3035.0,1792.07,2,Y,0.59,2025-11,1
704734,2025-11-23,EU Direct (Rosslare-Dunkirk),Nordic Freight Lines,2814.0,1424.23,2,Y,0.506,2025-11,1
703582,2025-11-23,EU Direct (Dublin-Cherbourg),Atlantic Cargo Ferries,3326.0,2089.65,1,Y,0.628,2025-11,1
702357,2025-11-23,UK Landbridge (Dublin-Holyhead),Nordic Freight Lines,842.0,340.29,1,N,0.404,2025-11,0
702148,2025-11-23,UK Landbridge (Dublin-Holyhead),Celtic Sealink,1321.0,581.9,1,N,0.44,2025-11,0
700968,2025-11-24,UK Landbridge (Dublin-Holyhead),Celtic Sealink,461.0,189.65,1,Y,0.411,2025-11,1
700890,2025-11-24,UK Landbridge (Dublin-Holyhead),Nordic Freight Lines,2262.0,842.12,1,Y,0.372,2025-11,1
705235,2025-11-24,EU Direct (Rosslare-Dunkirk),Nordic Freight Lines,1195.0,595.16,2,Y,0.498,2025-11,1
701177,2025-11-24,UK Landbridge (Dublin-Holyhead),Nordic Freight Lines,2236.0,888.26,1,Y,0.397,2025-11,1
702623,2025-11-24,UK Landbridge (Dublin-Holyhead),Celtic Sealink,2142.0,891.16,1,Y,0.416,2025-11,1
702968,2025-11-24,EU Direct (Dublin-Cherbourg),Celtic Sealink,3496.0,2149.99,2,Y,0.615,2025-11,1
702758,2025-11-24,UK Landbridge (Dublin-Holyhead),Celtic Sealink,1905.0,785.3,1,Y,0.412,2025-11,1
702891,2025-11-24,EU Direct (Dublin-Cherbourg),Atlantic Cargo Ferries,1014.0,693.79,2,Y,0.684,2025-11,1
704180,2025-11-25,EU Direct (Dublin-Cherbourg),Atlantic Cargo Ferries,3069.0,2022.39,2,Y,0.659,2025-11,1
700443,2025-11-25,UK Landbridge (Dublin-Holyhead),Celtic Sealink,2546.0,1085.78,2,Y,0.426,2025-11,1
703345,2025-11-25,EU Direct (Dublin-Cherbourg),Atlantic Cargo Ferries,2438.0,1724.59,3,Y,0.707,2025-11,1
702001,2025-11-25,UK Landbridge (Dublin-Holyhead),Nordic Freight Lines,1452.0,516.62,1,Y,0.356,2025-11,1
705762,2025-11-25,EU Direct (Rosslare-Dunkirk),Atlantic Cargo Ferries,952.0,567.05,1,N,0.596,2025-11,0
705541,2025-11-25,EU Direct (Rosslare-Dunkirk),Nordic Freight Lines,50.0,24.22,2,Y,0.484,2025-11,1
702267,2025-11-25,UK Landbridge (Dublin-Holyhead),Celtic Sealink,2218.0,953.88,1,Y,0.43,2025-11,1
705344,2025-11-25,EU Direct (Rosslare-Dunkirk),Atlantic Cargo Ferries,1615.0,1042.15,2,Y,0.645,2025-11,1
704689,2025-11-25,EU Direct (Rosslare-Dunkirk),Nordic Freight Lines,254.0,137.0,2,Y,0.539,2025-11,1
703371,2025-11-25,EU Direct (Dublin-Cherbourg),Celtic Sealink,1807.0,1105.2,1,Y,0.612,2025-11,1
703745,2025-11-25,EU Direct (Dublin-Cherbourg),Celtic Sealink,1880.0,1110.56,2,Y,0.591,2025-11,1
704882,2025-11-26,EU Direct (Rosslare-Dunkirk),Atlantic Cargo Ferries,2058.0,1285.04,2,Y,0.624,2025-11,1
705049,2025-11-26,EU Direct (Rosslare-Dunkirk),Nordic Freight Lines,1036.0,493.94,2,N,0.477,2025-11,0
700559,2025-11-26,UK Landbridge (Dublin-Holyhead),Nordic Freight Lines,2517.0,990.69,1,Y,0.394,2025-11,1
700988,2025-11-26,UK Landbridge (Dublin-Holyhead),Nordic Freight Lines,2950.0,1133.18,1,Y,0.384,2025-11,1
702897,2025-11-26,EU Direct (Dublin-Cherbourg),Celtic Sealink,2361.0,1448.64,2,Y,0.614,2025-11,1
703690,2025-11-26,EU Direct (Dublin-Cherbourg),Atlantic Cargo Ferries,796.0,509.05,1,Y,0.64,2025-11,1
702587,2025-11-26,UK Landbridge (Dublin-Holyhead),Nordic Freight Lines,1488.0,533.46,2,Y,0.359,2025-11,1
702740,2025-11-26,UK Landbridge (Dublin-Holyhead),Celtic Sealink,1715.0,735.28,1,Y,0.429,2025-11,1
704208,2025-11-27,EU Direct (Dublin-Cherbourg),Atlantic Cargo Ferries,2033.0,1429.82,2,Y,0.703,2025-11,1
702348,2025-11-27,UK Landbridge (Dublin-Holyhead),Nordic Freight Lines,3528.0,1365.01,1,Y,0.387,2025-11,1
704302,2025-11-27,EU Direct (Dublin-Cherbourg),Celtic Sealink,1719.0,934.75,3,Y,0.544,2025-11,1
703696,2025-11-27,EU Direct (Dublin-Cherbourg),Celtic Sealink,1038.0,625.41,2,Y,0.603,2025-11,1
703911,2025-11-27,EU Direct (Dublin-Cherbourg),Celtic Sealink,1378.0,861.55,2,Y,0.625,2025-11,1
701635,2025-11-27,UK Landbridge (Dublin-Holyhead),Celtic Sealink,857.0,354.16,1,Y,0.413,2025-11,1
703898,2025-11-27,EU Direct (Dublin-Cherbourg),Atlantic Cargo Ferries,2172.0,1482.51,3,Y,0.683,2025-11,1
703152,2025-11-28,EU Direct (Dublin-Cherbourg),Celtic Sealink,2845.0,1660.84,2,N,0.584,2025-11,0
704195,2025-11-28,EU Direct (Dublin-Cherbourg),Atlantic Cargo Ferries,767.0,470.64,2,Y,0.614,2025-11,1
702369,2025-11-28,UK Landbridge (Dublin-Holyhead),Celtic Sealink,2259.0,884.35,1,Y,0.391,2025-11,1
704794,2025-11-28,EU Direct (Rosslare-Dunkirk),Nordic Freight Lines,653.0,311.68,2,Y,0.477,2025-11,1
700481,2025-11-28,UK Landbridge (Dublin-Holyhead),Celtic Sealink,1767.0,787.32,1,Y,0.446,2025-11,1
703448,2025-11-28,EU Direct (Dublin-Cherbourg),Atlantic Cargo Ferries,1322.0,823.93,2,Y,0.623,2025-11,1
701362,2025-11-28,UK Landbridge (Dublin-Holyhead),Celtic Sealink,2487.0,1033.74,1,Y,0.416,2025-11,1
703759,2025-11-28,EU Direct (Dublin-Cherbourg),Atlantic Cargo Ferries,2129.0,1364.14,1,Y,0.641,2025-11,1
701882,2025-11-28,UK Landbridge (Dublin-Holyhead),Nordic Freight Lines,2201.0,780.4,1,Y,0.355,2025-11,1
703259,2025-11-28,EU Direct (Dublin-Cherbourg),Atlantic Cargo Ferries,926.0,647.53,2,Y,0.699,2025-11,1
702893,2025-11-29,EU Direct (Dublin-Cherbourg),Atlantic Cargo Ferries,303.0,192.29,2,Y,0.635,2025-11,1
703331,2025-11-29,EU Direct (Dublin-Cherbourg),Atlantic Cargo Ferries,2543.0,1750.23,2,Y,0.688,2025-11,1
700950,2025-11-29,UK Landbridge (Dublin-Holyhead),Nordic Freight Lines,2369.0,960.76,1,Y,0.406,2025-11,1
701954,2025-11-29,UK Landbridge (Dublin-Holyhead),Nordic Freight Lines,1886.0,762.95,1,Y,0.405,2025-11,1
701928,2025-11-29,UK Landbridge (Dublin-Holyhead),Nordic Freight Lines,529.0,191.71,1,Y,0.362,2025-11,1
703042,2025-11-29,EU Direct (Dublin-Cherbourg),Atlantic Cargo Ferries,1096.0,689.21,2,N,0.629,2025-11,0
705718,2025-11-29,EU Direct (Rosslare-Dunkirk),Nordic Freight Lines,598.0,303.34,2,Y,0.507,2025-11,1
703196,2025-11-29,EU Direct (Dublin-Cherbourg),Atlantic Cargo Ferries,2882.0,1759.24,2,Y,0.61,2025-11,1
704204,2025-11-30,EU Direct (Dublin-Cherbourg),Celtic Sealink,2700.0,1570.63,2,Y,0.582,2025-11,1
705785,2025-11-30,EU Direct (Rosslare-Dunkirk),Atlantic Cargo Ferries,1710.0,1147.11,2,Y,0.671,2025-11,1
705532,2025-11-30,EU Direct (Rosslare-Dunkirk),Nordic Freight Lines,1866.0,908.86,2,Y,0.487,2025-11,1
701226,2025-11-30,UK Landbridge (Dublin-Holyhead),Celtic Sealink,639.0,252.95,1,Y,0.396,2025-11,1
703238,2025-11-30,EU Direct (Dublin-Cherbourg),Atlantic Cargo Ferries,301.0,203.89,1,N,0.677,2025-11,0
701825,2025-11-30,UK Landbridge (Dublin-Holyhead),Nordic Freight Lines,1530.0,551.16,1,Y,0.36,2025-11,1
700648,2025-11-30,UK Landbridge (Dublin-Holyhead),Celtic Sealink,1744.0,717.99,1,N,0.412,2025-11,0
705188,2025-12-01,EU Direct (Rosslare-Dunkirk),Atlantic Cargo Ferries,3496.0,2156.88,2,Y,0.617,2025-12,1
703505,2025-12-01,EU Direct (Dublin-Cherbourg),Celtic Sealink,2533.0,1584.5,2,Y,0.626,2025-12,1
705770,2025-12-01,EU Direct (Rosslare-Dunkirk),Nordic Freight Lines,3127.0,1465.99,2,Y,0.469,2025-12,1
704165,2025-12-01,EU Direct (Dublin-Cherbourg),Celtic Sealink,644.0,385.36,1,Y,0.598,2025-12,1
700321,2025-12-01,UK Landbridge (Dublin-Holyhead),Celtic Sealink,2915.0,1201.35,1,Y,0.412,2025-12,1
704639,2025-12-01,EU Direct (Rosslare-Dunkirk),Nordic Freight Lines,503.0,234.72,2,Y,0.467,2025-12,1
703628,2025-12-01,EU Direct (Dublin-Cherbourg),Atlantic Cargo Ferries,1802.0,1213.7,2,N,0.674,2025-12,0
700272,2025-12-02,UK Landbridge (Dublin-Holyhead),Celtic Sealink,1829.0,740.34,2,Y,0.405,2025-12,1
701243,2025-12-02,UK Landbridge (Dublin-Holyhead),Celtic Sealink,1632.0,678.97,1,Y,0.416,2025-12,1
705656,2025-12-02,EU Direct (Rosslare-Dunkirk),Nordic Freight Lines,903.0,468.49,2,Y,0.519,2025-12,1
705957,2025-12-02,EU Direct (Rosslare-Dunkirk),Nordic Freight Lines,1913.0,961.71,2,Y,0.503,2025-12,1
704270,2025-12-02,EU Direct (Dublin-Cherbourg),Celtic Sealink,1358.0,742.83,2,Y,0.547,2025-12,1
705481,2025-12-02,EU Direct (Rosslare-Dunkirk),Nordic Freight Lines,3019.0,1527.42,2,N,0.506,2025-12,0
701146,2025-12-02,UK Landbridge (Dublin-Holyhead),Celtic Sealink,2636.0,1086.78,1,Y,0.412,2025-12,1
702631,2025-12-02,UK Landbridge (Dublin-Holyhead),Nordic Freight Lines,2106.0,869.3,1,Y,0.413,2025-12,1
701556,2025-12-03,UK Landbridge (Dublin-Holyhead),Nordic Freight Lines,1647.0,666.61,1,Y,0.405,2025-12,1
702387,2025-12-03,UK Landbridge (Dublin-Holyhead),Celtic Sealink,454.0,179.9,2,Y,0.396,2025-12,1
705326,2025-12-03,EU Direct (Rosslare-Dunkirk),Atlantic Cargo Ferries,909.0,550.43,2,Y,0.606,2025-12,1
702455,2025-12-03,UK Landbridge (Dublin-Holyhead),Nordic Freight Lines,1140.0,457.39,1,Y,0.401,2025-12,1
705810,2025-12-03,EU Direct (Rosslare-Dunkirk),Atlantic Cargo Ferries,50.0,32.67,2,Y,0.653,2025-12,1
700743,2025-12-03,UK Landbridge (Dublin-Holyhead),Nordic Freight Lines,2372.0,960.19,1,Y,0.405,2025-12,1
704694,2025-12-03,EU Direct (Rosslare-Dunkirk),Nordic Freight Lines,3963.0,1954.65,2,N,0.493,2025-12,0
700510,2025-12-03,UK Landbridge (Dublin-Holyhead),Celtic Sealink,1437.0,627.13,1,Y,0.436,2025-12,1
700661,2025-12-04,UK Landbridge (Dublin-Holyhead),Celtic Sealink,2363.0,941.19,1,Y,0.398,2025-12,1
700038,2025-12-04,UK Landbridge (Dublin-Holyhead),Nordic Freight Lines,1917.0,691.49,1,Y,0.361,2025-12,1
702276,2025-12-04,UK Landbridge (Dublin-Holyhead),Nordic Freight Lines,1286.0,480.38,1,Y,0.374,2025-12,1
704667,2025-12-04,EU Direct (Rosslare-Dunkirk),Atlantic Cargo Ferries,2346.0,1556.61,2,N,0.664,2025-12,0
700045,2025-12-04,UK Landbridge (Dublin-Holyhead),Celtic Sealink,1493.0,601.42,2,Y,0.403,2025-12,1
703773,2025-12-04,EU Direct (Dublin-Cherbourg),Celtic Sealink,107.0,59.76,2,Y,0.559,2025-12,1
704212,2025-12-04,EU Direct (Dublin-Cherbourg),Atlantic Cargo Ferries,1929.0,1211.07,3,Y,0.628,2025-12,1
703808,2025-12-04,EU Direct (Dublin-Cherbourg),Atlantic Cargo Ferries,911.0,593.43,2,Y,0.651,2025-12,1
702580,2025-12-04,UK Landbridge (Dublin-Holyhead),Celtic Sealink,2625.0,1158.37,1,Y,0.441,2025-12,1
702117,2025-12-05,UK Landbridge (Dublin-Holyhead),Nordic Freight Lines,804.0,297.46,1,Y,0.37,2025-12,1
704875,2025-12-05,EU Direct (Rosslare-Dunkirk),Nordic Freight Lines,2407.0,1127.76,2,Y,0.469,2025-12,1
704002,2025-12-05,EU Direct (Dublin-Cherbourg),Celtic Sealink,850.0,512.38,2,Y,0.603,2025-12,1
704901,2025-12-05,EU Direct (Rosslare-Dunkirk),Nordic Freight Lines,2393.0,1268.56,1,Y,0.53,2025-12,1
702040,2025-12-05,UK Landbridge (Dublin-Holyhead),Nordic Freight Lines,3374.0,1228.88,1,Y,0.364,2025-12,1
705145,2025-12-06,EU Direct (Rosslare-Dunkirk),Nordic Freight Lines,2168.0,1080.01,2,Y,0.498,2025-12,1
702482,2025-12-06,UK Landbridge (Dublin-Holyhead),Nordic Freight Lines,2095.0,807.92,1,Y,0.386,2025-12,1
703698,2025-12-06,EU Direct (Dublin-Cherbourg),Atlantic Cargo Ferries,2596.0,1695.92,2,Y,0.653,2025-12,1
701675,2025-12-06,UK Landbridge (Dublin-Holyhead),Celtic Sealink,1149.0,509.27,1,Y,0.443,2025-12,1
702100,2025-12-06,UK Landbridge (Dublin-Holyhead),Celtic Sealink,2382.0,1040.82,1,N,0.437,2025-12,0
704082,2025-12-06,EU Direct (Dublin-Cherbourg),Atlantic Cargo Ferries,1997.0,1290.31,2,Y,0.646,2025-12,1
703864,2025-12-06,EU Direct (Dublin-Cherbourg),Atlantic Cargo Ferries,1741.0,1221.86,2,Y,0.702,2025-12,1
705381,2025-12-06,EU Direct (Rosslare-Dunkirk),Atlantic Cargo Ferries,1914.0,1288.86,2,Y,0.673,2025-12,1
701419,2025-12-06,UK Landbridge (Dublin-Holyhead),Nordic Freight Lines,3240.0,1321.84,1,Y,0.408,2025-12,1
705911,2025-12-07,EU Direct (Rosslare-Dunkirk),Nordic Freight Lines,1091.0,535.52,1,Y,0.491,2025-12,1
700771,2025-12-07,UK Landbridge (Dublin-Holyhead),Celtic Sealink,1555.0,679.75,1,Y,0.437,2025-12,1
702096,2025-12-07,UK Landbridge (Dublin-Holyhead),Nordic Freight Lines,1756.0,687.28,1,Y,0.391,2025-12,1
705806,2025-12-07,EU Direct (Rosslare-Dunkirk),Nordic Freight Lines,2137.0,987.56,2,Y,0.462,2025-12,1
704487,2025-12-07,EU Direct (Dublin-Cherbourg),Celtic Sealink,1599.0,877.28,2,Y,0.549,2025-12,1
705867,2025-12-07,EU Direct (Rosslare-Dunkirk),Nordic Freight Lines,2065.0,984.31,2,Y,0.477,2025-12,1
700116,2025-12-07,UK Landbridge (Dublin-Holyhead),Nordic Freight Lines,992.0,383.14,1,N,0.386,2025-12,0
703341,2025-12-07,EU Direct (Dublin-Cherbourg),Atlantic Cargo Ferries,2456.0,1670.72,2,Y,0.68,2025-12,1
703062,2025-12-07,EU Direct (Dublin-Cherbourg),Celtic Sealink,2491.0,1358.59,2,Y,0.545,2025-12,1
704871,2025-12-07,EU Direct (Rosslare-Dunkirk),Atlantic Cargo Ferries,1188.0,742.54,1,Y,0.625,2025-12,1
705294,2025-12-08,EU Direct (Rosslare-Dunkirk),Atlantic Cargo Ferries,2796.0,1681.23,2,Y,0.601,2025-12,1
702315,2025-12-08,UK Landbridge (Dublin-Holyhead),Celtic Sealink,2148.0,923.95,1,Y,0.43,2025-12,1
702692,2025-12-08,UK Landbridge (Dublin-Holyhead),Nordic Freight Lines,3139.0,1117.64,1,Y,0.356,2025-12,1
700540,2025-12-08,UK Landbridge (Dublin-Holyhead),Celtic Sealink,50.0,22.05,1,Y,0.441,2025-12,1
705598,2025-12-08,EU Direct (Rosslare-Dunkirk),Atlantic Cargo Ferries,3002.0,1865.19,2,Y,0.621,2025-12,1
704658,2025-12-08,EU Direct (Rosslare-Dunkirk),Nordic Freight Lines,2634.0,1307.54,2,Y,0.496,2025-12,1
701139,2025-12-08,UK Landbridge (Dublin-Holyhead),Celtic Sealink,50.0,20.56,1,Y,0.411,2025-12,1
702278,2025-12-09,UK Landbridge (Dublin-Holyhead),Celtic Sealink,1553.0,621.02,1,Y,0.4,2025-12,1
700775,2025-12-09,UK Landbridge (Dublin-Holyhead),Nordic Freight Lines,1953.0,762.06,1,Y,0.39,2025-12,1
705719,2025-12-09,EU Direct (Rosslare-Dunkirk),Atlantic Cargo Ferries,3204.0,2143.3,1,Y,0.669,2025-12,1
700313,2025-12-09,UK Landbridge (Dublin-Holyhead),Nordic Freight Lines,307.0,109.65,2,Y,0.357,2025-12,1
705459,2025-12-09,EU Direct (Rosslare-Dunkirk),Atlantic Cargo Ferries,1772.0,1135.45,2,Y,0.641,2025-12,1
700937,2025-12-09,UK Landbridge (Dublin-Holyhead),Nordic Freight Lines,1160.0,476.11,1,Y,0.41,2025-12,1
704958,2025-12-09,EU Direct (Rosslare-Dunkirk),Nordic Freight Lines,2412.0,1255.49,2,Y,0.521,2025-12,1
705200,2025-12-09,EU Direct (Rosslare-Dunkirk),Nordic Freight Lines,1081.0,523.3,2,N,0.484,2025-12,0
703113,2025-12-09,EU Direct (Dublin-Cherbourg),Celtic Sealink,1845.0,985.21,2,N,0.534,2025-12,0
704402,2025-12-09,EU Direct (Dublin-Cherbourg),Celtic Sealink,3780.0,2154.98,2,Y,0.57,2025-12,1
700311,2025-12-09,UK Landbridge (Dublin-Holyhead),Nordic Freight Lines,1665.0,668.61,1,Y,0.402,2025-12,1
703485,2025-12-10,EU Direct (Dublin-Cherbourg),Celtic Sealink,2484.0,1384.52,2,Y,0.557,2025-12,1
702810,2025-12-10,UK Landbridge (Dublin-Holyhead),Celtic Sealink,1545.0,651.74,1,Y,0.422,2025-12,1
704586,2025-12-10,EU Direct (Dublin-Cherbourg),Celtic Sealink,1859.0,1077.35,2,Y,0.58,2025-12,1
704289,2025-12-10,EU Direct (Dublin-Cherbourg),Celtic Sealink,1645.0,962.99,2,Y,0.585,2025-12,1
701286,2025-12-10,UK Landbridge (Dublin-Holyhead),Celtic Sealink,1769.0,741.19,1,Y,0.419,2025-12,1
700960,2025-12-10,UK Landbridge (Dublin-Holyhead),Nordic Freight Lines,1247.0,443.57,1,Y,0.356,2025-12,1
701947,2025-12-10,UK Landbridge (Dublin-Holyhead),Celtic Sealink,228.0,101.58,1,Y,0.446,2025-12,1
701280,2025-12-10,UK Landbridge (Dublin-Holyhead),Nordic Freight Lines,2747.0,1009.21,1,Y,0.367,2025-12,1
700762,2025-12-10,UK Landbridge (Dublin-Holyhead),Celtic Sealink,1917.0,845.83,1,Y,0.441,2025-12,1
700735,2025-12-10,UK Landbridge (Dublin-Holyhead),Celtic Sealink,2307.0,911.5,1,Y,0.395,2025-12,1
705392,2025-12-10,EU Direct (Rosslare-Dunkirk),Nordic Freight Lines,2180.0,1015.24,2,Y,0.466,2025-12,1
702739,2025-12-10,UK Landbridge (Dublin-Holyhead),Celtic Sealink,1702.0,671.36,1,Y,0.394,2025-12,1
701746,2025-12-10,UK Landbridge (Dublin-Holyhead),Celtic Sealink,2000.0,786.46,1,N,0.393,2025-12,0
703087,2025-12-10,EU Direct (Dublin-Cherbourg),Celtic Sealink,1722.0,1058.84,3,Y,0.615,2025-12,1
704688,2025-12-10,EU Direct (Rosslare-Dunkirk),Atlantic Cargo Ferries,2036.0,1181.95,2,Y,0.581,2025-12,1
705461,2025-12-10,EU Direct (Rosslare-Dunkirk),Atlantic Cargo Ferries,1469.0,893.08,2,Y,0.608,2025-12,1
705543,2025-12-10,EU Direct (Rosslare-Dunkirk),Atlantic Cargo Ferries,1548.0,1045.24,2,Y,0.675,2025-12,1
705699,2025-12-11,EU Direct (Rosslare-Dunkirk),Atlantic Cargo Ferries,3767.0,2335.22,2,Y,0.62,2025-12,1
704061,2025-12-11,EU Direct (Dublin-Cherbourg),Atlantic Cargo Ferries,948.0,653.72,2,Y,0.69,2025-12,1
704826,2025-12-11,EU Direct (Rosslare-Dunkirk),Atlantic Cargo Ferries,1331.0,894.26,2,Y,0.672,2025-12,1
702161,2025-12-11,UK Landbridge (Dublin-Holyhead),Celtic Sealink,742.0,287.61,1,Y,0.388,2025-12,1
704854,2025-12-11,EU Direct (Rosslare-Dunkirk),Nordic Freight Lines,2554.0,1329.22,1,Y,0.52,2025-12,1
701987,2025-12-11,UK Landbridge (Dublin-Holyhead),Nordic Freight Lines,2626.0,942.28,2,Y,0.359,2025-12,1
702410,2025-12-11,UK Landbridge (Dublin-Holyhead),Celtic Sealink,2285.0,917.91,1,Y,0.402,2025-12,1
702727,2025-12-12,UK Landbridge (Dublin-Holyhead),Nordic Freight Lines,1748.0,654.12,1,Y,0.374,2025-12,1
704951,2025-12-12,EU Direct (Rosslare-Dunkirk),Atlantic Cargo Ferries,2365.0,1474.66,2,Y,0.624,2025-12,1
705704,2025-12-12,EU Direct (Rosslare-Dunkirk),Atlantic Cargo Ferries,1797.0,1197.63,2,Y,0.666,2025-12,1
701815,2025-12-12,UK Landbridge (Dublin-Holyhead),Celtic Sealink,2419.0,1037.8,2,Y,0.429,2025-12,1
702688,2025-12-12,UK Landbridge (Dublin-Holyhead),Celtic Sealink,911.0,373.32,1,Y,0.41,2025-12,1
705767,2025-12-12,EU Direct (Rosslare-Dunkirk),Nordic Freight Lines,158.0,79.33,3,Y,0.502,2025-12,1
704077,2025-12-12,EU Direct (Dublin-Cherbourg),Atlantic Cargo Ferries,2565.0,1603.09,2,Y,0.625,2025-12,1
704365,2025-12-12,EU Direct (Dublin-Cherbourg),Atlantic Cargo Ferries,1295.0,921.07,2,Y,0.711,2025-12,1
701886,2025-12-12,UK Landbridge (Dublin-Holyhead),Nordic Freight Lines,1976.0,710.16,1,Y,0.359,2025-12,1
700197,2025-12-12,UK Landbridge (Dublin-Holyhead),Celtic Sealink,2186.0,869.87,2,Y,0.398,2025-12,1
702453,2025-12-13,UK Landbridge (Dublin-Holyhead),Celtic Sealink,2924.0,1184.84,1,Y,0.405,2025-12,1
704890,2025-12-13,EU Direct (Rosslare-Dunkirk),Nordic Freight Lines,2006.0,980.29,1,Y,0.489,2025-12,1
704018,2025-12-13,EU Direct (Dublin-Cherbourg),Atlantic Cargo Ferries,3130.0,1988.71,2,Y,0.635,2025-12,1
700137,2025-12-13,UK Landbridge (Dublin-Holyhead),Celtic Sealink,1307.0,551.18,2,Y,0.422,2025-12,1
703915,2025-12-13,EU Direct (Dublin-Cherbourg),Celtic Sealink,1012.0,598.66,2,Y,0.592,2025-12,1
702301,2025-12-13,UK Landbridge (Dublin-Holyhead),Celtic Sealink,2876.0,1153.24,1,Y,0.401,2025-12,1
702083,2025-12-13,UK Landbridge (Dublin-Holyhead),Nordic Freight Lines,2578.0,911.04,1,Y,0.353,2025-12,1
700163,2025-12-13,UK Landbridge (Dublin-Holyhead),Celtic Sealink,1383.0,552.25,1,Y,0.399,2025-12,1
704265,2025-12-13,EU Direct (Dublin-Cherbourg),Celtic Sealink,404.0,230.02,2,Y,0.569,2025-12,1
705606,2025-12-14,EU Direct (Rosslare-Dunkirk),Nordic Freight Lines,2073.0,1027.99,3,Y,0.496,2025-12,1
700974,2025-12-14,UK Landbridge (Dublin-Holyhead),Nordic Freight Lines,3024.0,1162.26,1,N,0.384,2025-12,0
703232,2025-12-14,EU Direct (Dublin-Cherbourg),Atlantic Cargo Ferries,1007.0,639.57,2,Y,0.635,2025-12,1
705815,2025-12-14,EU Direct (Rosslare-Dunkirk),Atlantic Cargo Ferries,2900.0,1836.82,3,Y,0.633,2025-12,1
700478,2025-12-14,UK Landbridge (Dublin-Holyhead),Nordic Freight Lines,2291.0,871.05,1,Y,0.38,2025-12,1
701028,2025-12-14,UK Landbridge (Dublin-Holyhead),Celtic Sealink,1327.0,588.41,1,Y,0.443,2025-12,1
703342,2025-12-14,EU Direct (Dublin-Cherbourg),Celtic Sealink,1433.0,846.65,2,Y,0.591,2025-12,1
700826,2025-12-15,UK Landbridge (Dublin-Holyhead),Celtic Sealink,2389.0,944.37,1,Y,0.395,2025-12,1
701752,2025-12-15,UK Landbridge (Dublin-Holyhead),Nordic Freight Lines,50.0,18.17,1,Y,0.363,2025-12,1
704050,2025-12-15,EU Direct (Dublin-Cherbourg),Atlantic Cargo Ferries,2897.0,2057.25,2,Y,0.71,2025-12,1
702741,2025-12-15,UK Landbridge (Dublin-Holyhead),Nordic Freight Lines,1259.0,514.47,1,Y,0.409,2025-12,1
703036,2025-12-15,EU Direct (Dublin-Cherbourg),Celtic Sealink,2584.0,1487.73,2,Y,0.576,2025-12,1
704401,2025-12-15,EU Direct (Dublin-Cherbourg),Atlantic Cargo Ferries,1667.0,1103.6,1,Y,0.662,2025-12,1
704485,2025-12-15,EU Direct (Dublin-Cherbourg),Atlantic Cargo Ferries,1129.0,714.86,2,Y,0.633,2025-12,1
703335,2025-12-15,EU Direct (Dublin-Cherbourg),Celtic Sealink,2850.0,1638.75,2,Y,0.575,2025-12,1
705112,2025-12-16,EU Direct (Rosslare-Dunkirk),Atlantic Cargo Ferries,1409.0,872.21,2,N,0.619,2025-12,0
703829,2025-12-16,EU Direct (Dublin-Cherbourg),Atlantic Cargo Ferries,2616.0,1783.17,2,Y,0.682,2025-12,1
702044,2025-12-16,UK Landbridge (Dublin-Holyhead),Nordic Freight Lines,1171.0,475.29,1,Y,0.406,2025-12,1
702028,2025-12-16,UK Landbridge (Dublin-Holyhead),Celtic Sealink,2006.0,789.57,1,Y,0.394,2025-12,1
702987,2025-12-16,EU Direct (Dublin-Cherbourg),Celtic Sealink,2593.0,1555.57,1,Y,0.6,2025-12,1
700139,2025-12-16,UK Landbridge (Dublin-Holyhead),Nordic Freight Lines,2302.0,815.37,2,Y,0.354,2025-12,1
702910,2025-12-16,EU Direct (Dublin-Cherbourg),Celtic Sealink,1362.0,758.77,2,Y,0.557,2025-12,1
700303,2025-12-17,UK Landbridge (Dublin-Holyhead),Nordic Freight Lines,1085.0,441.52,2,Y,0.407,2025-12,1
704976,2025-12-17,EU Direct (Rosslare-Dunkirk),Nordic Freight Lines,1862.0,905.11,2,Y,0.486,2025-12,1
703017,2025-12-17,EU Direct (Dublin-Cherbourg),Celtic Sealink,278.0,167.75,2,Y,0.603,2025-12,1
703359,2025-12-17,EU Direct (Dublin-Cherbourg),Celtic Sealink,2498.0,1340.02,2,Y,0.536,2025-12,1
700156,2025-12-17,UK Landbridge (Dublin-Holyhead),Nordic Freight Lines,3469.0,1245.31,1,N,0.359,2025-12,0
702705,2025-12-17,UK Landbridge (Dublin-Holyhead),Nordic Freight Lines,2175.0,827.34,2,Y,0.38,2025-12,1
701279,2025-12-17,UK Landbridge (Dublin-Holyhead),Nordic Freight Lines,695.0,253.76,1,Y,0.365,2025-12,1
701384,2025-12-17,UK Landbridge (Dublin-Holyhead),Celtic Sealink,1730.0,687.99,1,Y,0.398,2025-12,1
705845,2025-12-17,EU Direct (Rosslare-Dunkirk),Nordic Freight Lines,1702.0,901.27,2,Y,0.53,2025-12,1
701393,2025-12-18,UK Landbridge (Dublin-Holyhead),Celtic Sealink,2105.0,823.19,1,Y,0.391,2025-12,1
705378,2025-12-18,EU Direct (Rosslare-Dunkirk),Nordic Freight Lines,50.0,26.92,2,Y,0.538,2025-12,1
705030,2025-12-19,EU Direct (Rosslare-Dunkirk),Nordic Freight Lines,1407.0,687.98,2,Y,0.489,2025-12,1
700415,2025-12-19,UK Landbridge (Dublin-Holyhead),Celtic Sealink,567.0,251.13,1,Y,0.443,2025-12,1
704055,2025-12-19,EU Direct (Dublin-Cherbourg),Atlantic Cargo Ferries,3737.0,2581.72,2,Y,0.691,2025-12,1
700512,2025-12-19,UK Landbridge (Dublin-Holyhead),Nordic Freight Lines,2100.0,800.17,1,Y,0.381,2025-12,1
704785,2025-12-19,EU Direct (Rosslare-Dunkirk),Nordic Freight Lines,2325.0,1177.65,2,Y,0.507,2025-12,1
703795,2025-12-19,EU Direct (Dublin-Cherbourg),Celtic Sealink,2093.0,1201.69,3,Y,0.574,2025-12,1
703102,2025-12-19,EU Direct (Dublin-Cherbourg),Celtic Sealink,1566.0,888.43,2,Y,0.567,2025-12,1
703798,2025-12-19,EU Direct (Dublin-Cherbourg),Atlantic Cargo Ferries,174.0,115.66,2,N,0.665,2025-12,0
704752,2025-12-19,EU Direct (Rosslare-Dunkirk),Atlantic Cargo Ferries,1171.0,713.64,2,Y,0.609,2025-12,1
705138,2025-12-19,EU Direct (Rosslare-Dunkirk),Atlantic Cargo Ferries,1560.0,915.2,2,Y,0.587,2025-12,1
702681,2025-12-20,UK Landbridge (Dublin-Holyhead),Celtic Sealink,1700.0,689.56,1,Y,0.406,2025-12,1
704828,2025-12-20,EU Direct (Rosslare-Dunkirk),Nordic Freight Lines,1375.0,683.43,2,N,0.497,2025-12,0
700487,2025-12-20,UK Landbridge (Dublin-Holyhead),Nordic Freight Lines,212.0,82.43,1,Y,0.389,2025-12,1
704107,2025-12-20,EU Direct (Dublin-Cherbourg),Atlantic Cargo Ferries,3429.0,2406.22,2,Y,0.702,2025-12,1
703600,2025-12-20,EU Direct (Dublin-Cherbourg),Atlantic Cargo Ferries,2693.0,1897.61,2,Y,0.705,2025-12,1
702512,2025-12-20,UK Landbridge (Dublin-Holyhead),Nordic Freight Lines,2611.0,1004.97,1,Y,0.385,2025-12,1
705493,2025-12-20,EU Direct (Rosslare-Dunkirk),Nordic Freight Lines,347.0,162.86,3,Y,0.469,2025-12,1
703018,2025-12-20,EU Direct (Dublin-Cherbourg),Atlantic Cargo Ferries,4019.0,2626.77,1,Y,0.654,2025-12,1
705238,2025-12-20,EU Direct (Rosslare-Dunkirk),Nordic Freight Lines,1587.0,748.26,2,Y,0.471,2025-12,1
701755,2025-12-20,UK Landbridge (Dublin-Holyhead),Celtic Sealink,1276.0,554.59,1,Y,0.435,2025-12,1
700742,2025-12-21,UK Landbridge (Dublin-Holyhead),Celtic Sealink,2544.0,1126.3,1,Y,0.443,2025-12,1
702154,2025-12-21,UK Landbridge (Dublin-Holyhead),Nordic Freight Lines,1864.0,755.4,1,Y,0.405,2025-12,1
704031,2025-12-21,EU Direct (Dublin-Cherbourg),Atlantic Cargo Ferries,608.0,429.45,2,Y,0.706,2025-12,1
700947,2025-12-21,UK Landbridge (Dublin-Holyhead),Celtic Sealink,1218.0,530.17,1,Y,0.435,2025-12,1
703048,2025-12-21,EU Direct (Dublin-Cherbourg),Atlantic Cargo Ferries,50.0,34.72,3,Y,0.694,2025-12,1
703796,2025-12-22,EU Direct (Dublin-Cherbourg),Celtic Sealink,50.0,28.65,2,Y,0.573,2025-12,1
701339,2025-12-22,UK Landbridge (Dublin-Holyhead),Celtic Sealink,1980.0,785.0,1,Y,0.396,2025-12,1
700841,2025-12-22,UK Landbridge (Dublin-Holyhead),Nordic Freight Lines,1179.0,465.75,1,Y,0.395,2025-12,1
704405,2025-12-22,EU Direct (Dublin-Cherbourg),Atlantic Cargo Ferries,338.0,208.24,2,Y,0.616,2025-12,1
702052,2025-12-22,UK Landbridge (Dublin-Holyhead),Nordic Freight Lines,2019.0,827.95,1,Y,0.41,2025-12,1
704081,2025-12-22,EU Direct (Dublin-Cherbourg),Celtic Sealink,2394.0,1447.93,2,Y,0.605,2025-12,1
704652,2025-12-22,EU Direct (Rosslare-Dunkirk),Nordic Freight Lines,2818.0,1310.72,2,Y,0.465,2025-12,1
704696,2025-12-22,EU Direct (Rosslare-Dunkirk),Nordic Freight Lines,1418.0,695.0,2,Y,0.49,2025-12,1
704763,2025-12-22,EU Direct (Rosslare-Dunkirk),Nordic Freight Lines,2751.0,1322.5,2,Y,0.481,2025-12,1
704987,2025-12-23,EU Direct (Rosslare-Dunkirk),Nordic Freight Lines,1537.0,772.28,2,Y,0.502,2025-12,1
703469,2025-12-23,EU Direct (Dublin-Cherbourg),Celtic Sealink,300.0,184.32,2,Y,0.614,2025-12,1
705201,2025-12-23,EU Direct (Rosslare-Dunkirk),Nordic Freight Lines,2075.0,1041.53,2,Y,0.502,2025-12,1
702511,2025-12-23,UK Landbridge (Dublin-Holyhead),Celtic Sealink,3317.0,1433.83,1,Y,0.432,2025-12,1
700932,2025-12-23,UK Landbridge (Dublin-Holyhead),Celtic Sealink,1097.0,485.96,1,Y,0.443,2025-12,1
700300,2025-12-23,UK Landbridge (Dublin-Holyhead),Nordic Freight Lines,1675.0,644.01,1,Y,0.384,2025-12,1
703728,2025-12-23,EU Direct (Dublin-Cherbourg),Atlantic Cargo Ferries,1473.0,960.46,2,Y,0.652,2025-12,1
700618,2025-12-23,UK Landbridge (Dublin-Holyhead),Nordic Freight Lines,850.0,314.57,1,Y,0.37,2025-12,1
701630,2025-12-23,UK Landbridge (Dublin-Holyhead),Celtic Sealink,50.0,22.41,1,Y,0.448,2025-12,1
705664,2025-12-23,EU Direct (Rosslare-Dunkirk),Nordic Freight Lines,1300.0,679.41,1,N,0.523,2025-12,0
701918,2025-12-23,UK Landbridge (Dublin-Holyhead),Celtic Sealink,2185.0,970.15,1,Y,0.444,2025-12,1
703092,2025-12-24,EU Direct (Dublin-Cherbourg),Atlantic Cargo Ferries,1051.0,729.99,1,Y,0.695,2025-12,1
704450,2025-12-24,EU Direct (Dublin-Cherbourg),Celtic Sealink,3361.0,1892.15,2,N,0.563,2025-12,0
700809,2025-12-24,UK Landbridge (Dublin-Holyhead),Celtic Sealink,2624.0,1070.16,1,Y,0.408,2025-12,1
703049,2025-12-24,EU Direct (Dublin-Cherbourg),Celtic Sealink,363.0,210.76,2,Y,0.581,2025-12,1
700872,2025-12-24,UK Landbridge (Dublin-Holyhead),Celtic Sealink,1669.0,740.0,1,Y,0.443,2025-12,1
702280,2025-12-24,UK Landbridge (Dublin-Holyhead),Celtic Sealink,2596.0,1120.07,1,Y,0.431,2025-12,1
702336,2025-12-24,UK Landbridge (Dublin-Holyhead),Celtic Sealink,1382.0,586.29,1,Y,0.424,2025-12,1
704988,2025-12-24,EU Direct (Rosslare-Dunkirk),Atlantic Cargo Ferries,2643.0,1673.99,1,Y,0.633,2025-12,1
705739,2025-12-24,EU Direct (Rosslare-Dunkirk),Atlantic Cargo Ferries,1320.0,791.95,2,Y,0.6,2025-12,1
702197,2025-12-25,UK Landbridge (Dublin-Holyhead),Celtic Sealink,1246.0,554.48,2,Y,0.445,2025-12,1
702350,2025-12-25,UK Landbridge (Dublin-Holyhead),Nordic Freight Lines,478.0,195.62,1,Y,0.409,2025-12,1
701100,2025-12-25,UK Landbridge (Dublin-Holyhead),Nordic Freight Lines,1905.0,784.73,1,Y,0.412,2025-12,1
702657,2025-12-25,UK Landbridge (Dublin-Holyhead),Nordic Freight Lines,899.0,326.73,1,Y,0.363,2025-12,1
703414,2025-12-25,EU Direct (Dublin-Cherbourg),Celtic Sealink,174.0,95.48,2,Y,0.549,2025-12,1
702463,2025-12-25,UK Landbridge (Dublin-Holyhead),Celtic Sealink,995.0,428.62,1,Y,0.431,2025-12,1
705834,2025-12-25,EU Direct (Rosslare-Dunkirk),Atlantic Cargo Ferries,1864.0,1127.91,2,Y,0.605,2025-12,1
704118,2025-12-25,EU Direct (Dublin-Cherbourg),Atlantic Cargo Ferries,2899.0,1910.62,2,N,0.659,2025-12,0
700392,2025-12-25,UK Landbridge (Dublin-Holyhead),Celtic Sealink,1835.0,788.37,1,Y,0.43,2025-12,1
705971,2025-12-25,EU Direct (Rosslare-Dunkirk),Nordic Freight Lines,450.0,232.37,1,Y,0.516,2025-12,1
705618,2025-12-26,EU Direct (Rosslare-Dunkirk),Atlantic Cargo Ferries,2193.0,1333.6,2,Y,0.608,2025-12,1
700290,2025-12-26,UK Landbridge (Dublin-Holyhead),Celtic Sealink,1732.0,746.38,1,Y,0.431,2025-12,1
703151,2025-12-26,EU Direct (Dublin-Cherbourg),Atlantic Cargo Ferries,2979.0,2002.26,1,Y,0.672,2025-12,1
703370,2025-12-26,EU Direct (Dublin-Cherbourg),Celtic Sealink,1812.0,1118.75,2,Y,0.617,2025-12,1
700275,2025-12-26,UK Landbridge (Dublin-Holyhead),Nordic Freight Lines,1466.0,580.63,1,Y,0.396,2025-12,1
703014,2025-12-26,EU Direct (Dublin-Cherbourg),Atlantic Cargo Ferries,2917.0,1965.65,2,Y,0.674,2025-12,1
705764,2025-12-26,EU Direct (Rosslare-Dunkirk),Nordic Freight Lines,1055.0,528.98,2,Y,0.501,2025-12,1
703890,2025-12-26,EU Direct (Dublin-Cherbourg),Celtic Sealink,1532.0,930.37,2,Y,0.607,2025-12,1
702158,2025-12-26,UK Landbridge (Dublin-Holyhead),Nordic Freight Lines,2311.0,822.84,1,Y,0.356,2025-12,1
703496,2025-12-26,EU Direct (Dublin-Cherbourg),Atlantic Cargo Ferries,1537.0,975.65,2,N,0.635,2025-12,0
703316,2025-12-26,EU Direct (Dublin-Cherbourg),Atlantic Cargo Ferries,3048.0,2077.33,2,Y,0.682,2025-12,1
702395,2025-12-26,UK Landbridge (Dublin-Holyhead),Nordic Freight Lines,1820.0,704.1,1,Y,0.387,2025-12,1
703456,2025-12-26,EU Direct (Dublin-Cherbourg),Atlantic Cargo Ferries,1253.0,778.73,2,Y,0.621,2025-12,1
700891,2025-12-27,UK Landbridge (Dublin-Holyhead),Nordic Freight Lines,2073.0,783.8,1,Y,0.378,2025-12,1
700917,2025-12-27,UK Landbridge (Dublin-Holyhead),Nordic Freight Lines,2654.0,971.08,1,Y,0.366,2025-12,1
705992,2025-12-27,EU Direct (Rosslare-Dunkirk),Nordic Freight Lines,1481.0,739.64,2,Y,0.499,2025-12,1
702457,2025-12-27,UK Landbridge (Dublin-Holyhead),Celtic Sealink,680.0,299.21,2,Y,0.44,2025-12,1
702020,2025-12-28,UK Landbridge (Dublin-Holyhead),Celtic Sealink,2014.0,839.29,1,N,0.417,2025-12,0
701055,2025-12-28,UK Landbridge (Dublin-Holyhead),Nordic Freight Lines,1689.0,651.65,1,Y,0.386,2025-12,1
702295,2025-12-28,UK Landbridge (Dublin-Holyhead),Nordic Freight Lines,2550.0,995.25,1,Y,0.39,2025-12,1
700287,2025-12-28,UK Landbridge (Dublin-Holyhead),Celtic Sealink,1179.0,500.75,1,Y,0.425,2025-12,1
705270,2025-12-29,EU Direct (Rosslare-Dunkirk),Nordic Freight Lines,732.0,360.39,2,Y,0.492,2025-12,1
701638,2025-12-29,UK Landbridge (Dublin-Holyhead),Celtic Sealink,785.0,339.76,1,Y,0.433,2025-12,1
705236,2025-12-29,EU Direct (Rosslare-Dunkirk),Atlantic Cargo Ferries,2674.0,1698.74,1,Y,0.635,2025-12,1
702092,2025-12-29,UK Landbridge (Dublin-Holyhead),Celtic Sealink,1141.0,441.7,1,Y,0.387,2025-12,1
704886,2025-12-29,EU Direct (Rosslare-Dunkirk),Atlantic Cargo Ferries,1957.0,1196.62,2,Y,0.611,2025-12,1
700621,2025-12-29,UK Landbridge (Dublin-Holyhead),Celtic Sealink,1693.0,714.64,1,Y,0.422,2025-12,1
701371,2025-12-29,UK Landbridge (Dublin-Holyhead),Celtic Sealink,1330.0,534.63,1,Y,0.402,2025-12,1
705072,2025-12-29,EU Direct (Rosslare-Dunkirk),Nordic Freight Lines,2556.0,1244.35,2,Y,0.487,2025-12,1
704282,2025-12-29,EU Direct (Dublin-Cherbourg),Celtic Sealink,50.0,28.96,2,Y,0.579,2025-12,1
701044,2025-12-30,UK Landbridge (Dublin-Holyhead),Celtic Sealink,2759.0,1132.25,1,Y,0.41,2025-12,1
701992,2025-12-30,UK Landbridge (Dublin-Holyhead),Celtic Sealink,1536.0,641.8,1,Y,0.418,2025-12,1
704804,2025-12-30,EU Direct (Rosslare-Dunkirk),Atlantic Cargo Ferries,587.0,356.97,2,Y,0.608,2025-12,1
701945,2025-12-30,UK Landbridge (Dublin-Holyhead),Nordic Freight Lines,2179.0,853.32,1,Y,0.392,2025-12,1
703669,2025-12-30,EU Direct (Dublin-Cherbourg),Celtic Sealink,3461.0,1980.68,2,Y,0.572,2025-12,1
704570,2025-12-30,EU Direct (Dublin-Cherbourg),Celtic Sealink,2020.0,1117.67,2,Y,0.553,2025-12,1
704635,2025-12-30,EU Direct (Rosslare-Dunkirk),Nordic Freight Lines,877.0,466.51,2,Y,0.532,2025-12,1
702988,2025-12-30,EU Direct (Dublin-Cherbourg),Celtic Sealink,1286.0,775.13,2,Y,0.603,2025-12,1
705001,2025-12-30,EU Direct (Rosslare-Dunkirk),Nordic Freight Lines,1907.0,1008.4,3,Y,0.529,2025-12,1
704899,2025-12-30,EU Direct (Rosslare-Dunkirk),Atlantic Cargo Ferries,2140.0,1247.52,2,Y,0.583,2025-12,1
702792,2025-12-30,UK Landbridge (Dublin-Holyhead),Nordic Freight Lines,172.0,66.72,1,N,0.388,2025-12,0
705553,2025-12-30,EU Direct (Rosslare-Dunkirk),Atlantic Cargo Ferries,1307.0,872.05,2,Y,0.667,2025-12,1
703988,2025-12-30,EU Direct (Dublin-Cherbourg),Atlantic Cargo Ferries,2611.0,1770.46,1,Y,0.678,2025-12,1
700214,2025-12-30,UK Landbridge (Dublin-Holyhead),Celtic Sealink,1264.0,540.95,1,Y,0.428,2025-12,1
703271,2025-12-31,EU Direct (Dublin-Cherbourg),Celtic Sealink,1017.0,634.44,2,Y,0.624,2025-12,1
702783,2025-12-31,UK Landbridge (Dublin-Holyhead),Celtic Sealink,2858.0,1243.03,1,Y,0.435,2025-12,1
705039,2025-12-31,EU Direct (Rosslare-Dunkirk),Atlantic Cargo Ferries,1981.0,1227.57,2,Y,0.62,2025-12,1
702435,2025-12-31,UK Landbridge (Dublin-Holyhead),Celtic Sealink,741.0,294.01,1,Y,0.397,2025-12,1
701457,2025-12-31,UK Landbridge (Dublin-Holyhead),Celtic Sealink,1659.0,745.69,1,Y,0.449,2025-12,1
704323,2025-12-31,EU Direct (Dublin-Cherbourg),Celtic Sealink,2473.0,1406.74,2,Y,0.569,2025-12,1
