ShipmentID,ShipDate,Route,Carrier,WeightKg,Cost,TransitDays,OnTime
703298,2025-09-05,EU Direct (Dublin-Cherbourg),Celtic Sealink,738.0,429.68,3,Y
701647,2025-01-14,UK Landbridge (Dublin-Holyhead),Nordic Freight Lines,1694.0,649.78,1,Y
701824,2024-08-21,UK Landbridge (Dublin-Holyhead),Celtic Sealink,1701.0,721.71,1,Y
700161,2024-08-21,UK Landbridge (Dublin-Holyhead),Nordic Freight Lines,1768.0,677.96,,N
705395,2024-07-28,EU Direct (Rosslare-Dunkirk),Nordic Freight Lines,1335.0,707.37,2,Y
703724,2024-12-27,EU Direct (Dublin-Cherbourg),Celtic Sealink,1561.0,960.17,2,Y
702976,2024-05-19,EU Direct (Dublin-Cherbourg),Atlantic Cargo Ferries,721.0,458.05,2,Y
700764,2024-06-10,UK Landbridge (Dublin-Holyhead),Celtic Sealink,1772.0,690.44,1,Y
701661,2025-08-17,UK Landbridge (Dublin-Holyhead),Celtic Sealink,1672.0,678.14,1,N
700541,2024-07-13,UK Landbridge (Dublin-Holyhead),Celtic Sealink,2892.0,1160.5,1,Y
703253,2025-01-12,EU Direct (Dublin-Cherbourg),Celtic Sealink,4137.0,2265.21,3,Y
702760,2025-06-02,UK Landbridge (Dublin-Holyhead),Celtic Sealink,2085.0,855.63,1,Y
704676,2024-02-28,EU Direct (Rosslare-Dunkirk),Nordic Freight Lines,1395.0,732.79,2,Y
700869,2024-08-12,UK Landbridge (Dublin-Holyhead),Nordic Freight Lines,2440.0,941.53,1,Y
703749,2025-06-03,EU Direct (Dublin-Cherbourg),Celtic Sealink,373.0,211.34,,Y
702903,2025-07-22,EU Direct (Dublin-Cherbourg),Atlantic Cargo Ferries,2708.0,1782.92,2,Y
701488,2024-11-12,UK Landbridge (Dublin-Holyhead),Celtic Sealink,2752.0,1145.41,1,N
704963,2025-09-29,EU Direct (Rosslare-Dunkirk),Nordic Freight Lines,2819.0,1375.79,2,Y
700549,2024-05-31,UK Landbridge (Dublin-Holyhead),Nordic Freight Lines,50,17.77,1,Y
703628,2025-12-01,EU Direct (Dublin-Cherbourg),Atlantic Cargo Ferries,1802.0,1213.7,2,N
704901,2025-12-05,EU Direct (Rosslare-Dunkirk),Nordic Freight Lines,2393.0,1268.56,1,Y
701436,2024-01-19,UK Landbridge (Dublin-Holyhead),Celtic Sealink,790.0,331.16,1,Y
705655,2024-06-08,EU Direct (Rosslare-Dunkirk),Atlantic Cargo Ferries,1891.0,1185.52,2,Y
703260,2025-07-15,EU Direct (Dublin-Cherbourg),Atlantic Cargo Ferries,1820.0,1161.97,2,Y
700612,2024-12-20,UK Landbridge (Dublin-Holyhead),Nordic Freight Lines,3220.0,1167.37,1,N
701383,2024-09-24,UK Landbridge (Dublin-Holyhead),Nordic Freight Lines,2410.0,882.92,1,Y
702519,2025-02-22,UK Landbridge (Dublin-Holyhead),Nordic Freight Lines,1890.0,743.4,1,Y
703285,2024-08-16,EU Direct (Dublin-Cherbourg),Celtic Sealink,2009.0,1149.7,2,Y
704260,2025-06-25,EU Direct (Dublin-Cherbourg),Celtic Sealink,2618.0,1614.41,2,Y
703436,2025-01-12,EU Direct (Dublin-Cherbourg),Celtic Sealink,2540.0,1565.66,2,Y
700708,2024-03-18,UK Landbridge (Dublin-Holyhead),Nordic Freight Lines,1932.0,740.14,1,Y
702873,2024-04-03,UK Landbridge (Dublin-Holyhead),Celtic Sealink,3158.0,1397.24,1,Y
705052,2024-10-21,EU Direct (Rosslare-Dunkirk),Atlantic Cargo Ferries,1790.0,1058.46,3,Y
701544,2025-10-15,UK Landbridge (Dublin-Holyhead),Celtic Sealink,499.0,199.75,1,Y
700326,2025-04-04,UK Landbridge (Dublin-Holyhead),CELTIC SEALINK,2335.0,914.5,2,Y
703929,2025-08-27,EU Direct (Dublin-Cherbourg),Celtic Sealink,2259.0,1329.68,2,Y
700917,2025-12-27,UK Landbridge (Dublin-Holyhead),Nordic Freight Lines,2654.0,971.08,1,Y
700068,2025-04-11,UK Landbridge (Dublin-Holyhead),Nordic Freight Lines,765.0,300.9,1,Y
703252,2024-05-22,EU Direct (Dublin-Cherbourg),Celtic Sealink,3277.0,1856.61,2,Y
703215,2025-11-16,EU Direct (Dublin-Cherbourg),Atlantic Cargo Ferries,2546.0,1793.53,1,Y
704753,2025-09-29,EU Direct (Rosslare-Dunkirk),Nordic Freight Lines,276.0,136.64,2,N
701075,2025-11-04,UK Landbridge (Dublin-Holyhead),Nordic Freight Lines,2747.0,993.42,1,N
704349,2024-04-26,EU Direct (Dublin-Cherbourg),Atlantic Cargo Ferries,2245.0,1528.47,2,N
705024,2025-04-05,EU Direct (Rosslare-Dunkirk),Nordic Freight Lines,2734.0,1367.03,2,Y
700429,2025-10-09,UK Landbridge (Dublin-Holyhead),Celtic Sealink,2717.0,1197.46,1,Y
701397,2025-01-08,UK Landbridge (Dublin-Holyhead),Celtic Sealink,3524.0,1465.92,1,Y
702023,2024-10-23,UK Landbridge (Dublin-Holyhead),NORDIC FREIGHT LINES,284.0,106.88,1,N
700358,2025-02-24,UK Landbridge (Dublin-Holyhead),Nordic Freight Lines,1892.0,694.23,1,Y
704766,2024-08-02,EU Direct (Rosslare-Dunkirk),atlantic cargo ferries,1538.0,970.05,2,Y
700628,2024-01-14,UK Landbridge (Dublin-Holyhead),Nordic Freight Lines,2313.0,923.2,1,Y
701378,2024-12-16,UK Landbridge (Dublin-Holyhead),Nordic Freight Lines,1510.0,549.12,1,Y
702495,2025-06-23,UK Landbridge (Dublin-Holyhead),Nordic Freight Lines,3196.0,1227.89,1,Y
702468,2024-05-25,UK Landbridge (Dublin-Holyhead),Nordic Freight Lines,3223.0,1239.99,1,Y
704641,2024-07-15,EU Direct (Rosslare-Dunkirk),Atlantic Cargo Ferries,1252.0,754.32,2,N
701461,2025-01-19,UK Landbridge (Dublin-Holyhead),Nordic Freight Lines,1702.0,629.39,1,Y
700515,2024-07-02,UK Landbridge (Dublin-Holyhead),Nordic Freight Lines,768.0,297.64,1,N
704876,2025-07-01,EU Direct (Rosslare-Dunkirk),Atlantic Cargo Ferries,1764.0,1120.84,1,Y
703710,2025-02-07,EU Direct (Dublin-Cherbourg),Atlantic Cargo Ferries,2403.0,1711.59,2,Y
705368,2025-11-14,EU Direct (Rosslare-Dunkirk),Nordic Freight Lines,589.0,293.02,2,Y
700298,2024-10-23,UK Landbridge (Dublin-Holyhead), Nordic Freight Lines ,3756.0,1475.97,1,Y
704087,2025-02-16,EU Direct (Dublin-Cherbourg), Atlantic Cargo Ferries ,1718.0,1125.45,2,Y
703163,2024-07-23,EU Direct (Dublin-Cherbourg),Atlantic Cargo Ferries,1881.0,1319.49,2,Y
702032,2025-06-09,UK Landbridge (Dublin-Holyhead),Nordic Freight Lines,3075.0,1116.87,1,Y
703456,2025-12-26,EU Direct (Dublin-Cherbourg),Atlantic Cargo Ferries,1253.0,778.73,2,Y
700574,2025-02-12,UK Landbridge (Dublin-Holyhead),NORDIC FREIGHT LINES,1768.0,665.73,1,Y
704755,2025-03-04,EU Direct (Rosslare-Dunkirk),Atlantic Cargo Ferries,2499.0,1523.39,2,Y
702840,2024-10-04,UK Landbridge (Dublin-Holyhead),Celtic Sealink,1347.0,590.99,1,Y
704995,2025-05-12,EU Direct (Rosslare-Dunkirk),Nordic Freight Lines,50,23.32,2,Y
702839,2025-07-24,UK Landbridge (Dublin-Holyhead),Nordic Freight Lines,1816.0,680.44,1,Y
701414,2024-01-07,UK Landbridge (Dublin-Holyhead),NORDIC FREIGHT LINES,2773.0,1061.39,1,Y
702422,2025-10-06,UK Landbridge (Dublin-Holyhead),Nordic Freight Lines,1116.0,433.19,1,N
704931,2025-01-26,EU Direct (Rosslare-Dunkirk),Nordic Freight Lines,794.0,382.99,2,Y
700801,2025-02-24,UK Landbridge (Dublin-Holyhead),Nordic Freight Lines,1423.0,559.25,1,Y
702980,2024-09-24,EU Direct (Dublin-Cherbourg),celtic sealink,612.0,351.85,2,Y
700623,2024-11-08,UK Landbridge (Dublin-Holyhead),CELTIC SEALINK,3642.0,1419.48,1,Y
702887,2025-08-19,EU Direct (Dublin-Cherbourg),Celtic Sealink,1816.0,1054.87,2,Y
700690,2024-05-14,UK Landbridge (Dublin-Holyhead),Nordic Freight Lines,2803.0,1112.68,1,Y
700638,2025-03-17,UK Landbridge (Dublin-Holyhead),Nordic Freight Lines,2661.0,1024.41,1,Y
704553,2025-08-03,EU Direct (Dublin-Cherbourg),Atlantic Cargo Ferries,2514.0,1716.08,2,Y
703653,2025-10-28,EU Direct (Dublin-Cherbourg),Atlantic Cargo Ferries,1321.0,846.6,2,Y
703112,2024-01-30,EU Direct (Dublin-Cherbourg),Celtic Sealink,478.0,257.9,2,Y
703846,2024-03-25,EU Direct (Dublin-Cherbourg),Celtic Sealink,1031.0,642.13,3,Y
701166,2024-01-20,UK Landbridge (Dublin-Holyhead),celtic sealink,1900.0,850.81,1,Y
703440,2024-01-17,EU Direct (Dublin-Cherbourg),Atlantic Cargo Ferries,1839.0,1183.09,3,Y
705015,2024-05-18,EU Direct (Rosslare-Dunkirk),Atlantic Cargo Ferries,2139.0,1407.4,2,Y
704649,2025-07-13,EU Direct (Rosslare-Dunkirk),Nordic Freight Lines,1475.0,706.51,2,Y
705628,2024-03-29,EU Direct (Rosslare-Dunkirk),Nordic Freight Lines,1741.0,938.75,2,N
702924,2024-07-20,EU Direct (Dublin-Cherbourg),Atlantic Cargo Ferries,1231.0,765.22,2,Y
703612,2025-01-19,EU Direct (Dublin-Cherbourg),Celtic Sealink,1150.0,646.08,2,Y
701514,2024-06-13,UK Landbridge (Dublin-Holyhead),Nordic Freight Lines,1344.0,507.23,1,Y
700616,2024-07-30,UK Landbridge (Dublin-Holyhead),Celtic Sealink,3044.0,1184.94,1,Y
702114,2025-01-31,UK Landbridge (Dublin-Holyhead),Nordic Freight Lines,2635.0,1026.28,1,Y
705001,2025-12-30,EU Direct (Rosslare-Dunkirk),Nordic Freight Lines,1907.0,1008.4,3,Y
703342,2025-12-14,EU Direct (Dublin-Cherbourg),Celtic Sealink,1433.0,846.65,2,Y
704674,2024-06-07,EU Direct (Rosslare-Dunkirk),Atlantic Cargo Ferries,1456.0,862.55,2,Y
701419,2025-12-06,UK Landbridge (Dublin-Holyhead),Nordic Freight Lines,3240.0,1321.84,1,Y
701381,2024-05-30,UK Landbridge (Dublin-Holyhead),Celtic Sealink,932.0,410.37,1,Y
702733,2024-04-26,UK Landbridge (Dublin-Holyhead),Nordic Freight Lines,2436.0,971.88,1,Y
702378,2024-10-08,UK Landbridge (Dublin-Holyhead),Celtic Sealink,50,20.75,1,Y
702128,2024-06-08,UK Landbridge (Dublin-Holyhead),Nordic Freight Lines,747.0,271.18,1,Y
700647,2024-04-08,UK Landbridge (Dublin-Holyhead),Celtic Sealink,3922.0,1585.03,1,Y
700496,2025-05-11,UK Landbridge (Dublin-Holyhead),Celtic Sealink,2234.0,936.87,1,Y
702776,2024-07-11,UK Landbridge (Dublin-Holyhead),Nordic Freight Lines,1235.0,435.19,1,Y
703641,2024-11-17,EU Direct (Dublin-Cherbourg),Atlantic Cargo Ferries,2047.0,1397.72,2,Y
703819,2025-10-17,EU Direct (Dublin-Cherbourg),Atlantic Cargo Ferries,50,35.46,2,Y
700735,2025-12-10,UK Landbridge (Dublin-Holyhead),Celtic Sealink,2307.0,911.5,1,Y
701229,2025-09-25,UK Landbridge (Dublin-Holyhead),Celtic Sealink,2517.0,1071.56,1,Y
703998,2024-12-04,EU Direct (Dublin-Cherbourg),Atlantic Cargo Ferries,847.0,589.5,3,Y
702043,2025-10-19,UK Landbridge (Dublin-Holyhead),Celtic Sealink,2120.0,864.08,1,Y
701835,2025-08-14,UK Landbridge (Dublin-Holyhead),Celtic Sealink,262.0,103.69,1,Y
701626,2024-03-22,UK Landbridge (Dublin-Holyhead),Nordic Freight Lines,2584.0,1036.05,1,Y
703385,2025-03-09,EU Direct (Dublin-Cherbourg),Celtic Sealink,2625.0,1622.21,2,Y
703565,2025-05-14,EU Direct (Dublin-Cherbourg),Celtic Sealink,2418.0,1453.83,1,Y
701560,2024-12-10,UK Landbridge (Dublin-Holyhead),Celtic Sealink,1120.0,475.36,1,Y
702129,2025-11-12,UK Landbridge (Dublin-Holyhead),Nordic Freight Lines,1434.0,586.52,1,Y
701150,2024-03-01,UK Landbridge (Dublin-Holyhead),Celtic Sealink,2422.0,964.31,1,Y
702712,2024-04-07,UK Landbridge (Dublin-Holyhead),Celtic Sealink,965.0,381.56,1,Y
700216,2025-08-04,UK Landbridge (Dublin-Holyhead),Celtic Sealink,3846.0,1511.21,1,Y
702695,2024-03-24,UK Landbridge (Dublin-Holyhead),Nordic Freight Lines,466.0,175.36,1,Y
704817,2024-12-27,EU Direct (Rosslare-Dunkirk),Atlantic Cargo Ferries,2477.0,1584.89,1,Y
705185,2024-09-28,EU Direct (Rosslare-Dunkirk), Atlantic Cargo Ferries ,1160.0,739.65,2,Y
702616,2025-02-25,UK Landbridge (Dublin-Holyhead),Celtic Sealink,2499.0,1096.29,1,Y
702354,2024-10-04,UK Landbridge (Dublin-Holyhead),Nordic Freight Lines,332.0,123.65,1,Y
700599,2024-08-23,UK Landbridge (Dublin-Holyhead),Celtic Sealink,2323.0,951.42,1,Y
703534,2024-11-09,EU Direct (Dublin-Cherbourg),Atlantic Cargo Ferries,2557.0,1587.22,2,Y
704438,2024-01-17,EU Direct (Dublin-Cherbourg),Celtic Sealink,988.0,562.17,2,Y
701546,2025-03-07,UK Landbridge (Dublin-Holyhead),Nordic Freight Lines,1368.0,544.43,1,N
703312,2025-05-12,EU Direct (Dublin-Cherbourg),Celtic Sealink,1683.0,903.93,3,Y
702089,2025-05-22,UK Landbridge (Dublin-Holyhead),Nordic Freight Lines,1510.0,565.17,2,Y
701306,2024-02-29,UK Landbridge (Dublin-Holyhead),Celtic Sealink,1634.0,698.73,1,Y
703541,2024-09-24,EU Direct (Dublin-Cherbourg),Atlantic Cargo Ferries,2079.0,1345.92,2,Y
700287,2025-12-28,UK Landbridge (Dublin-Holyhead),Celtic Sealink,1179.0,500.75,1,Y
701540,2024-02-03,UK Landbridge (Dublin-Holyhead),Nordic Freight Lines,1930.0,782.05,1,Y
700731,2025-05-29,UK Landbridge (Dublin-Holyhead),Celtic Sealink,2949.0,1333.26,1,Y
704052,2024-02-03,EU Direct (Dublin-Cherbourg),Celtic Sealink,3377.0,1893.77,2,Y
703058,2024-04-09,EU Direct (Dublin-Cherbourg),Atlantic Cargo Ferries,210.0,135.46,1,Y
702213,2024-07-26,UK Landbridge (Dublin-Holyhead),Nordic Freight Lines,1771.0,701.41,1,Y
703667,2024-07-29,EU Direct (Dublin-Cherbourg),Atlantic Cargo Ferries,1895.0,1197.53,2,Y
703892,2025-06-05,EU Direct (Dublin-Cherbourg),Celtic Sealink,842.0,512.02,,Y
705407,2024-04-28,EU Direct (Rosslare-Dunkirk),Atlantic Cargo Ferries,2051.0,1185.18,1,Y
700046,2024-07-21,UK Landbridge (Dublin-Holyhead),Nordic Freight Lines,1244.0,439.19,1,Y
705349,2025-04-14,EU Direct (Rosslare-Dunkirk),Nordic Freight Lines,2603.0,1315.46,2,Y
702135,2025-10-28,UK Landbridge (Dublin-Holyhead),Nordic Freight Lines,2737.0,997.93,1,Y
702881,2025-06-25,EU Direct (Dublin-Cherbourg),Atlantic Cargo Ferries,1400.0,925.58,2,Y
704491,2024-03-06,EU Direct (Dublin-Cherbourg),Atlantic Cargo Ferries,963.0,624.76,2,Y
703005,2025-03-08,EU Direct (Dublin-Cherbourg),Atlantic Cargo Ferries,1059.0,656.45,2,Y
702424,2024-05-20,UK Landbridge (Dublin-Holyhead),Nordic Freight Lines,3558.0,1342.99,1,Y
704934,2024-03-04,EU Direct (Rosslare-Dunkirk),Nordic Freight Lines,932.0,455.79,2,Y
701495,2024-12-18,UK Landbridge (Dublin-Holyhead),Celtic Sealink,1516.0,681.86,1,Y
701718,2025-06-14,UK Landbridge (Dublin-Holyhead),Celtic Sealink,1768.0,800.98,1,Y
705200,2025-12-09,EU Direct (Rosslare-Dunkirk),Nordic Freight Lines,1081.0,523.3,2,N
705772,2024-06-04,EU Direct (Rosslare-Dunkirk),Nordic Freight Lines,1192.0,551.17,3,Y
703114,2025-03-30,EU Direct (Dublin-Cherbourg),Atlantic Cargo Ferries,2019.0,1247.51,2,Y
702765,2024-12-12,UK Landbridge (Dublin-Holyhead),Celtic Sealink,1277.0,529.36,1,Y
702149,2024-03-16,UK Landbridge (Dublin-Holyhead),Celtic Sealink,2647.0,1149.42,1,N
704681,2025-07-27,EU Direct (Rosslare-Dunkirk),Nordic Freight Lines,2336.0,1105.36,2,Y
700948,2025-09-26,UK Landbridge (Dublin-Holyhead),Celtic Sealink,3099.0,1320.92,1,Y
705887,2025-03-27,EU Direct (Rosslare-Dunkirk),Nordic Freight Lines,825.0,429.66,2,Y
700507,2025-10-28,UK Landbridge (Dublin-Holyhead),Nordic Freight Lines,2748.0,984.54,1,Y
701406,2025-10-29,UK Landbridge (Dublin-Holyhead),Nordic Freight Lines,2074.0,741.97,1,Y
702711,2024-08-09,UK Landbridge (Dublin-Holyhead),nordic freight lines,2249.0,800.35,1,N
705138,2025-12-19,EU Direct (Rosslare-Dunkirk),Atlantic Cargo Ferries,1560.0,915.2,2,Y
702614,2024-09-12,UK Landbridge (Dublin-Holyhead),Celtic Sealink,3207.0,1363.1,1,Y
704339,2025-05-07,EU Direct (Dublin-Cherbourg), Celtic Sealink ,1294.0,759.31,2,Y
704637,2024-09-02,EU Direct (Rosslare-Dunkirk),Nordic Freight Lines,1341.0,692.86,2,Y
705077,2025-04-29,EU Direct (Rosslare-Dunkirk),Nordic Freight Lines,2370.0,1251.68,2,Y
703919,2025-11-19,EU Direct (Dublin-Cherbourg),Celtic Sealink,412.0,232.89,2,Y
703993,2024-10-09,EU Direct (Dublin-Cherbourg),Atlantic Cargo Ferries,703.0,457.56,2,Y
701568,2024-08-16,UK Landbridge (Dublin-Holyhead),Nordic Freight Lines,3385.0,1233.78,1,Y
705636,2024-01-21,EU Direct (Rosslare-Dunkirk),Atlantic Cargo Ferries,3595.0,2287.97,1,Y
701986,2024-02-15,UK Landbridge (Dublin-Holyhead),Celtic Sealink,2644.0,1171.78,2,Y
701460,2024-09-24,UK Landbridge (Dublin-Holyhead),Nordic Freight Lines,2463.0,886.46,1,N
703739,2024-04-12,EU Direct (Dublin-Cherbourg),Celtic Sealink,2761.0,1614.52,2,Y
705518,2025-10-09,EU Direct (Rosslare-Dunkirk),Nordic Freight Lines,911.0,464.52,2,Y
703872,2024-05-07,EU Direct (Dublin-Cherbourg),Atlantic Cargo Ferries,460.0,301.35,3,Y
701123,2024-04-27,UK Landbridge (Dublin-Holyhead),Celtic Sealink,1605.0,684.92,2,Y
700718,2025-03-25,UK Landbridge (Dublin-Holyhead),Celtic Sealink,2077.0,862.98,1,Y
701459,2024-07-26,UK Landbridge (Dublin-Holyhead),Celtic Sealink,1698.0,671.72,2,Y
701067,2024-10-23,UK Landbridge (Dublin-Holyhead),Nordic Freight Lines,1526.0,552.79,1,Y
705264,2025-10-04,EU Direct (Rosslare-Dunkirk), Atlantic Cargo Ferries ,2493.0,1671.0,2,Y
704228,2025-06-03,EU Direct (Dublin-Cherbourg),Atlantic Cargo Ferries,2339.0,1637.48,2,Y
705565,2024-08-03,EU Direct (Rosslare-Dunkirk),Nordic Freight Lines,2710.0,1400.4,2,Y
705430,2024-08-26,EU Direct (Rosslare-Dunkirk), Nordic Freight Lines ,2364.0,1130.39,2,Y
704576,2025-08-30,EU Direct (Dublin-Cherbourg),Celtic Sealink,1699.0,908.2,2,Y
704218,2024-02-20,EU Direct (Dublin-Cherbourg),Celtic Sealink,683.0,396.15,2,Y
701018,2024-09-03,UK Landbridge (Dublin-Holyhead),Celtic Sealink,1822.0,760.17,1,Y
705176,2025-10-17,EU Direct (Rosslare-Dunkirk),Nordic Freight Lines,3016.0,1551.81,2,Y
703933,2025-03-21,EU Direct (Dublin-Cherbourg),Celtic Sealink,1972.0,1142.55,2,Y
703386,2024-10-24,EU Direct (Dublin-Cherbourg), Atlantic Cargo Ferries ,2529.0,1628.16,2,Y
704123,2024-08-08,EU Direct (Dublin-Cherbourg),Atlantic Cargo Ferries,1274.0,905.1,2,Y
701595,2025-04-30,UK Landbridge (Dublin-Holyhead),Nordic Freight Lines,4094.0,1586.4,2,Y
704344,2024-10-22,EU Direct (Dublin-Cherbourg),Atlantic Cargo Ferries,881.0,611.67,2,Y
705168,2025-01-17,EU Direct (Rosslare-Dunkirk),Nordic Freight Lines,1319.0,621.1,2,Y
701946,2024-03-28,UK Landbridge (Dublin-Holyhead),Nordic Freight Lines,1228.0,504.79,1,Y
703660,2025-04-25,EU Direct (Dublin-Cherbourg),Atlantic Cargo Ferries,1880.0,1252.01,2,Y
700609,2025-04-20,UK Landbridge (Dublin-Holyhead),Nordic Freight Lines,665.0,239.16,1,N
703355,2025-08-17,EU Direct (Dublin-Cherbourg),Celtic Sealink,3425.0,1901.87,2,Y
704786,2025-09-17,EU Direct (Rosslare-Dunkirk),Atlantic Cargo Ferries,1985.0,1293.34,2,Y
705491,2024-07-27,EU Direct (Rosslare-Dunkirk),Atlantic Cargo Ferries,1704.0,1103.2,2,Y
702992,2025-01-07,EU Direct (Dublin-Cherbourg),Celtic Sealink,1535.0,866.46,2,Y
701850,2024-08-06,UK Landbridge (Dublin-Holyhead),Celtic Sealink,789.0,326.83,1,Y
703301,2025-05-26,EU Direct (Dublin-Cherbourg),Celtic Sealink,1804.0,1124.44,2,Y
700435,2024-01-24,UK Landbridge (Dublin-Holyhead),Celtic Sealink,2097.0,929.25,1,N
702369,2025-11-28,UK Landbridge (Dublin-Holyhead),Celtic Sealink,2259.0,884.35,1,Y
703601,2024-05-01,EU Direct (Dublin-Cherbourg),Atlantic Cargo Ferries,1677.0,1161.36,2,N
700613,2025-02-26,UK Landbridge (Dublin-Holyhead),Nordic Freight Lines,1431.0,558.38,1,N
705626,2025-02-25,EU Direct (Rosslare-Dunkirk),Nordic Freight Lines,995.0,514.15,1,Y
703790,2024-11-09,EU Direct (Dublin-Cherbourg),CELTIC SEALINK,2379.0,1429.22,,Y
704548,2024-07-26,EU Direct (Dublin-Cherbourg),Atlantic Cargo Ferries,2236.0,1590.69,2,Y
702217,2024-07-10,UK Landbridge (Dublin-Holyhead),Celtic Sealink,993.0,427.3,1,Y
704534,2024-04-17,EU Direct (Dublin-Cherbourg),Celtic Sealink,527.0,308.24,2,Y
702544,2024-04-18,UK Landbridge (Dublin-Holyhead),Celtic Sealink,1587.0,639.02,1,Y
704384,2024-09-07,EU Direct (Dublin-Cherbourg),Atlantic Cargo Ferries,3298.0,2110.67,,N
703481,2024-07-03,EU Direct (Dublin-Cherbourg),Celtic Sealink,1818.0,1082.74,2,Y
702895,2025-11-01,EU Direct (Dublin-Cherbourg),Celtic Sealink,2082.0,1177.12,2,Y
705011,2025-01-20,EU Direct (Rosslare-Dunkirk),Atlantic Cargo Ferries,1609.0,938.78,2,Y
705748,2024-10-14,EU Direct (Rosslare-Dunkirk),Nordic Freight Lines,2221.0,1124.91,2,Y
705141,2024-03-01,EU Direct (Rosslare-Dunkirk),Atlantic Cargo Ferries,2550.0,1577.13,2,Y
705799,2025-02-09,EU Direct (Rosslare-Dunkirk),Nordic Freight Lines,1931.0,979.57,2,Y
701011,2025-06-26,UK Landbridge (Dublin-Holyhead),Celtic Sealink,201.0,88.67,1,Y
701368,2025-10-15,UK Landbridge (Dublin-Holyhead),Celtic Sealink,648.0,267.81,1,Y
703615,2025-01-11,EU Direct (Dublin-Cherbourg),Celtic Sealink,970.0,520.07,2,Y
702179,2024-11-02,UK Landbridge (Dublin-Holyhead),Celtic Sealink,2246.0,974.11,2,Y
704032,2025-11-06,EU Direct (Dublin-Cherbourg),Atlantic Cargo Ferries,3132.0,2170.07,3,Y
700027,2025-08-20,UK Landbridge (Dublin-Holyhead),Celtic Sealink,2343.0,926.52,1,Y
702916,2024-08-27,EU Direct (Dublin-Cherbourg),Atlantic Cargo Ferries,1297.0,869.14,2,Y
702526,2025-10-28,UK Landbridge (Dublin-Holyhead),Celtic Sealink,50,21.31,1,N
705305,2025-01-22,EU Direct (Rosslare-Dunkirk),nordic freight lines,4118.0,1929.39,2,Y
700413,2025-06-23,UK Landbridge (Dublin-Holyhead),Celtic Sealink,352.0,139.12,1,Y
700427,2024-03-26,UK Landbridge (Dublin-Holyhead),Nordic Freight Lines,807.0,324.81,,Y
700857,2025-08-03,UK Landbridge (Dublin-Holyhead),Celtic Sealink,1977.0,870.89,1,Y
700307,2024-04-07,UK Landbridge (Dublin-Holyhead),Celtic Sealink,1258.0,550.48,1,Y
703575,2025-09-19,EU Direct (Dublin-Cherbourg), Celtic Sealink ,1263.0,779.98,2,Y
703100,2024-01-17,EU Direct (Dublin-Cherbourg),Celtic Sealink,1040.0,561.92,2,Y
704199,2025-07-08,EU Direct (Dublin-Cherbourg),Atlantic Cargo Ferries,1306.0,800.33,2,Y
702723,2024-01-30,UK Landbridge (Dublin-Holyhead),Celtic Sealink,1818.0,796.79,2,N
701093,2024-05-25,UK Landbridge (Dublin-Holyhead),Celtic Sealink,2653.0,1055.02,1,Y
702577,2025-11-08,UK Landbridge (Dublin-Holyhead),Celtic Sealink,821.0,326.37,1,Y
705384,2025-03-29,EU Direct (Rosslare-Dunkirk),Atlantic Cargo Ferries,2887.0,1743.57,2,Y
703857,2025-07-27,EU Direct (Dublin-Cherbourg),Atlantic Cargo Ferries,1596.0,988.14,2,Y
704606,2025-02-08,EU Direct (Dublin-Cherbourg),Celtic Sealink,2277.0,1340.6,2,Y
704609,2025-08-23,EU Direct (Dublin-Cherbourg),atlantic cargo ferries,2691.0,1812.35,1,Y
700694,2024-03-19,UK Landbridge (Dublin-Holyhead),Celtic Sealink,1179.0,531.87,1,N
701268,2024-11-29,UK Landbridge (Dublin-Holyhead),Nordic Freight Lines,2055.0,829.62,2,Y
702154,2025-12-21,UK Landbridge (Dublin-Holyhead),Nordic Freight Lines,1864.0,755.4,1,Y
700766,2024-12-21,UK Landbridge (Dublin-Holyhead),Celtic Sealink,992.0,399.16,1,Y
705911,2025-12-07,EU Direct (Rosslare-Dunkirk),Nordic Freight Lines,1091.0,535.52,1,Y
700442,2024-08-18,UK Landbridge (Dublin-Holyhead),Celtic Sealink,1458.0,574.87,1,Y
700858,2024-03-01,UK Landbridge (Dublin-Holyhead),Celtic Sealink,3252.0,1309.08,1,Y
701995,2024-09-26,UK Landbridge (Dublin-Holyhead),Celtic Sealink,1355.0,526.05,1,N
705035,2025-09-08,EU Direct (Rosslare-Dunkirk),NORDIC FREIGHT LINES,1326.0,636.32,2,Y
701865,2024-11-15,UK Landbridge (Dublin-Holyhead),Nordic Freight Lines,729.0,283.71,1,N
704311,2025-05-12,EU Direct (Dublin-Cherbourg),Atlantic Cargo Ferries,573.0,394.35,2,Y
703620,2025-10-25,EU Direct (Dublin-Cherbourg),Atlantic Cargo Ferries,2582.0,1813.28,2,Y
705753,2024-09-03,EU Direct (Rosslare-Dunkirk),Nordic Freight Lines,2732.0,1308.53,2,Y
705898,2025-07-25,EU Direct (Rosslare-Dunkirk),Nordic Freight Lines,1770.0,858.91,,Y
700808,2025-01-11,UK Landbridge (Dublin-Holyhead),Nordic Freight Lines,1264.0,504.03,1,Y
705821,2024-06-26,EU Direct (Rosslare-Dunkirk),Nordic Freight Lines,50,24.01,,Y
700967,2024-08-27,UK Landbridge (Dublin-Holyhead),Nordic Freight Lines,2565.0,1047.2,2,Y
702405,2025-11-20,UK Landbridge (Dublin-Holyhead),Nordic Freight Lines,2834.0,1047.51,1,Y
703263,2025-07-15,EU Direct (Dublin-Cherbourg),Celtic Sealink,1309.0,779.06,2,Y
702956,2024-05-01,EU Direct (Dublin-Cherbourg),Atlantic Cargo Ferries,2522.0,1681.09,2,Y
704928,2024-04-10,EU Direct (Rosslare-Dunkirk),Nordic Freight Lines,2628.0,1230.14,2,Y
704691,2024-02-02,EU Direct (Rosslare-Dunkirk),Atlantic Cargo Ferries,732.0,434.66,2,Y
703621,2024-03-29,EU Direct (Dublin-Cherbourg),Celtic Sealink,1483.0,819.83,1,Y
702625,2024-05-29,UK Landbridge (Dublin-Holyhead),Celtic Sealink,767.0,332.23,1,Y
700074,2025-01-12,UK Landbridge (Dublin-Holyhead),Celtic Sealink,2776.0,1183.95,2,Y
705420,2024-12-07,EU Direct (Rosslare-Dunkirk),Nordic Freight Lines,1773.0,935.78,2,Y
704172,2025-08-02,EU Direct (Dublin-Cherbourg),Atlantic Cargo Ferries,369.0,256.57,2,Y
702574,2024-07-28,UK Landbridge (Dublin-Holyhead),Nordic Freight Lines,249.0,90.75,2,Y
705094,2024-12-06,EU Direct (Rosslare-Dunkirk),Nordic Freight Lines,795.0,416.68,2,Y
700932,2025-12-23,UK Landbridge (Dublin-Holyhead),Celtic Sealink,1097.0,485.96,1,Y
705056,2025-07-23,EU Direct (Rosslare-Dunkirk),Nordic Freight Lines,2826.0,1367.42,2,Y
701843,2024-03-29,UK Landbridge (Dublin-Holyhead),Celtic Sealink,1653.0,708.74,1,Y
702388,2024-03-12,UK Landbridge (Dublin-Holyhead),Celtic Sealink,1746.0,689.05,1,Y
705291,2025-09-10,EU Direct (Rosslare-Dunkirk),Atlantic Cargo Ferries,344.0,214.33,2,Y
702136,2025-08-30,UK Landbridge (Dublin-Holyhead),Celtic Sealink,2714.0,1223.91,1,Y
703185,2024-07-17,EU Direct (Dublin-Cherbourg),Atlantic Cargo Ferries,1877.0,1187.98,2,Y
700722,2024-05-22,UK Landbridge (Dublin-Holyhead),Nordic Freight Lines,1663.0,611.74,1,Y
704549,2025-03-18,EU Direct (Dublin-Cherbourg),Atlantic Cargo Ferries,1859.0,1245.52,3,Y
703390,2025-08-06,EU Direct (Dublin-Cherbourg),Celtic Sealink,1484.0,886.7,2,Y
704477,2025-09-30,EU Direct (Dublin-Cherbourg),Atlantic Cargo Ferries,761.0,488.13,2,Y
704595,2025-09-07,EU Direct (Dublin-Cherbourg),Atlantic Cargo Ferries,2167.0,1475.91,2,Y
701727,2025-05-23,UK Landbridge (Dublin-Holyhead),NORDIC FREIGHT LINES,3064.0,1201.77,1,Y
704579,2024-06-23,EU Direct (Dublin-Cherbourg),Celtic Sealink,2771.0,1567.1,2,Y
705875,2024-06-06,EU Direct (Rosslare-Dunkirk),Atlantic Cargo Ferries,3323.0,2244.08,2,Y
702825,2025-08-02,UK Landbridge (Dublin-Holyhead),Celtic Sealink,2087.0,889.2,1,N
704835,2025-02-23,EU Direct (Rosslare-Dunkirk),Atlantic Cargo Ferries,3223.0,2150.81,2,Y
705914,2024-12-25,EU Direct (Rosslare-Dunkirk),Atlantic Cargo Ferries,2914.0,1785.0,2,Y
700885,2024-11-20,UK Landbridge (Dublin-Holyhead),NORDIC FREIGHT LINES,2083.0,832.49,1,Y
703774,2024-04-04,EU Direct (Dublin-Cherbourg),Atlantic Cargo Ferries,1205.0,760.36,2,Y
704064,2024-09-16,EU Direct (Dublin-Cherbourg),Celtic Sealink,1993.0,1239.66,2,Y
702880,2024-06-15,UK Landbridge (Dublin-Holyhead),Celtic Sealink,1638.0,678.16,1,Y
704518,2024-02-22,EU Direct (Dublin-Cherbourg),Atlantic Cargo Ferries,2212.0,1385.27,3,Y
704861,2025-03-07,EU Direct (Rosslare-Dunkirk),Atlantic Cargo Ferries,50,29.8,2,Y
701576,2025-05-12,UK Landbridge (Dublin-Holyhead),Celtic Sealink,1889.0,749.13,1,Y
705276,2025-05-21,EU Direct (Rosslare-Dunkirk),Nordic Freight Lines,1508.0,716.4,2,Y
705747,2025-04-10,EU Direct (Rosslare-Dunkirk),Nordic Freight Lines,1520.0,725.88,2,Y
702602,2025-03-22,UK Landbridge (Dublin-Holyhead),nordic freight lines,2851.0,1127.33,1,Y
703908,2024-05-10,EU Direct (Dublin-Cherbourg),Celtic Sealink,3065.0,1918.68,2,Y
701551,2024-03-18,UK Landbridge (Dublin-Holyhead),Celtic Sealink,2310.0,956.05,1,Y
703297,2024-07-17,EU Direct (Dublin-Cherbourg),Atlantic Cargo Ferries,2671.0,1721.07,2,Y
701447,2025-10-01,UK Landbridge (Dublin-Holyhead),Celtic Sealink,2747.0,1176.24,2,Y
703827,2025-11-12,EU Direct (Dublin-Cherbourg),Celtic Sealink,50,30.84,2,N
704189,2024-01-21,EU Direct (Dublin-Cherbourg),Celtic Sealink,1829.0,1031.39,3,Y
704378,2024-11-20,EU Direct (Dublin-Cherbourg),Celtic Sealink,1904.0,1147.11,2,Y
705067,2025-07-09,EU Direct (Rosslare-Dunkirk), Atlantic Cargo Ferries ,1240.0,834.62,2,Y
705100,2024-01-15,EU Direct (Rosslare-Dunkirk),Nordic Freight Lines,788.0,371.56,1,N
700401,2024-11-10,UK Landbridge (Dublin-Holyhead),Celtic Sealink,1164.0,476.3,1,Y
703307,2025-08-06,EU Direct (Dublin-Cherbourg),Atlantic Cargo Ferries,2090.0,1369.17,3,Y
702072,2025-07-27,UK Landbridge (Dublin-Holyhead),Nordic Freight Lines,542.0,213.36,1,Y
705520,2024-08-10,EU Direct (Rosslare-Dunkirk),Nordic Freight Lines,2669.0,1311.64,2,Y
703065,2025-04-16,EU Direct (Dublin-Cherbourg),Atlantic Cargo Ferries,2111.0,1399.41,3,N
701693,2024-10-19,UK Landbridge (Dublin-Holyhead),Celtic Sealink,448.0,175.13,1,Y
704890,2025-12-13,EU Direct (Rosslare-Dunkirk),Nordic Freight Lines,2006.0,980.29,1,Y
700097,2024-06-10,UK Landbridge (Dublin-Holyhead),Nordic Freight Lines,3991.0,1480.48,1,Y
702668,2024-09-22,UK Landbridge (Dublin-Holyhead),Nordic Freight Lines,2069.0,769.68,1,Y
704713,2024-08-18,EU Direct (Rosslare-Dunkirk),Atlantic Cargo Ferries,3151.0,1945.4,2,N
704243,2025-08-23,EU Direct (Dublin-Cherbourg), Atlantic Cargo Ferries ,3129.0,1975.82,3,Y
700166,2024-06-15,UK Landbridge (Dublin-Holyhead),Celtic Sealink,1129.0,472.81,1,Y
701610,2024-02-23,UK Landbridge (Dublin-Holyhead),Celtic Sealink,2691.0,1134.43,1,Y
702931,2024-02-16,EU Direct (Dublin-Cherbourg),Atlantic Cargo Ferries,812.0,565.43,2,Y
702091,2025-10-12,UK Landbridge (Dublin-Holyhead),Celtic Sealink,1480.0,595.77,1,Y
700198,2024-11-10,UK Landbridge (Dublin-Holyhead),Nordic Freight Lines,2769.0,1090.76,2,Y
700069,2024-05-11,UK Landbridge (Dublin-Holyhead),Nordic Freight Lines,1832.0,744.18,1,Y
700665,2024-09-24,UK Landbridge (Dublin-Holyhead),Celtic Sealink,2363.0,982.39,2,Y
703701,2025-08-05,EU Direct (Dublin-Cherbourg),Atlantic Cargo Ferries,4025.0,2824.96,2,Y
705458,2025-03-23,EU Direct (Rosslare-Dunkirk),Nordic Freight Lines,2034.0,1073.83,3,Y
702819,2024-04-29,UK Landbridge (Dublin-Holyhead),Celtic Sealink,690.0,275.42,1,Y
705174,2025-03-24,EU Direct (Rosslare-Dunkirk),Nordic Freight Lines,850.0,413.16,2,Y
700118,2024-09-07,UK Landbridge (Dublin-Holyhead),Celtic Sealink,2495.0,1048.34,1,Y
701532,2024-03-08,UK Landbridge (Dublin-Holyhead),CELTIC SEALINK,1197.0,475.12,2,Y
700952,2025-03-18,UK Landbridge (Dublin-Holyhead),Nordic Freight Lines,2797.0,1125.49,1,Y
702875,2024-09-12,UK Landbridge (Dublin-Holyhead),Celtic Sealink,953.0,382.16,1,Y
703566,2024-07-08,EU Direct (Dublin-Cherbourg),Celtic Sealink,2203.0,1246.47,2,N
702937,2024-09-23,EU Direct (Dublin-Cherbourg),Atlantic Cargo Ferries,2361.0,1450.14,,Y
700620,2024-06-12,UK Landbridge (Dublin-Holyhead),Nordic Freight Lines,1536.0,626.24,1,Y
700512,2025-12-19,UK Landbridge (Dublin-Holyhead),Nordic Freight Lines,2100.0,800.17,1,Y
703632,2025-04-12,EU Direct (Dublin-Cherbourg),Celtic Sealink,2104.0,1229.37,2,Y
704159,2024-09-24,EU Direct (Dublin-Cherbourg),Celtic Sealink,1846.0,993.71,2,Y
701485,2024-01-18,UK Landbridge (Dublin-Holyhead),Celtic Sealink,280.0,108.75,2,Y
705779,2025-04-02,EU Direct (Rosslare-Dunkirk),Atlantic Cargo Ferries,2550.0,1643.95,3,N
705746,2025-08-22,EU Direct (Rosslare-Dunkirk),Atlantic Cargo Ferries,1477.0,857.84,,Y
705877,2024-04-06,EU Direct (Rosslare-Dunkirk),Nordic Freight Lines,1513.0,738.18,3,Y
703730,2024-02-10,EU Direct (Dublin-Cherbourg),Atlantic Cargo Ferries,1816.0,1143.35,3,Y
701615,2024-02-24,UK Landbridge (Dublin-Holyhead),Nordic Freight Lines,1983.0,803.42,1,Y
702717,2025-09-13,UK Landbridge (Dublin-Holyhead),nordic freight lines,1383.0,495.65,1,Y
704749,2025-09-14,EU Direct (Rosslare-Dunkirk),Atlantic Cargo Ferries,1257.0,747.64,1,Y
702092,2025-12-29,UK Landbridge (Dublin-Holyhead),Celtic Sealink,1141.0,441.7,1,Y
704318,2024-02-03,EU Direct (Dublin-Cherbourg),Atlantic Cargo Ferries,2533.0,1623.89,1,Y
704602,2024-08-09,EU Direct (Dublin-Cherbourg),Atlantic Cargo Ferries,1477.0,937.11,2,Y
704696,2025-12-22,EU Direct (Rosslare-Dunkirk),Nordic Freight Lines,1418.0,695.0,2,Y
704839,2024-06-06,EU Direct (Rosslare-Dunkirk),Atlantic Cargo Ferries,1504.0,911.13,2,Y
704103,2024-05-18,EU Direct (Dublin-Cherbourg),Celtic Sealink,1216.0,740.11,2,Y
703832,2025-01-02,EU Direct (Dublin-Cherbourg),Celtic Sealink,1893.0,1079.46,2,Y
701620,2025-07-31,UK Landbridge (Dublin-Holyhead),Celtic Sealink,3643.0,1515.47,1,Y
703841,2024-10-18,EU Direct (Dublin-Cherbourg),Celtic Sealink,2064.0,1168.8,2,Y
700862,2025-06-05,UK Landbridge (Dublin-Holyhead),Nordic Freight Lines,863.0,345.4,1,Y
700982,2025-04-07,UK Landbridge (Dublin-Holyhead), Celtic Sealink ,1649.0,732.56,1,Y
702536,2024-07-18,UK Landbridge (Dublin-Holyhead),Nordic Freight Lines,1394.0,526.99,2,Y
703369,2024-05-08,EU Direct (Dublin-Cherbourg),CELTIC SEALINK,1817.0,991.82,2,Y
702688,2025-12-12,UK Landbridge (Dublin-Holyhead),Celtic Sealink,911.0,373.32,1,Y
705595,2024-04-27,EU Direct (Rosslare-Dunkirk),Nordic Freight Lines,1327.0,638.15,2,Y
701290,2024-05-06,UK Landbridge (Dublin-Holyhead),Nordic Freight Lines,2117.0,775.2,1,Y
701571,2024-06-17,UK Landbridge (Dublin-Holyhead),Nordic Freight Lines,1355.0,477.04,1,Y
702773,2025-07-16,UK Landbridge (Dublin-Holyhead),Celtic Sealink,2685.0,1173.35,1,N
704601,2024-09-28,EU Direct (Dublin-Cherbourg),Atlantic Cargo Ferries,2545.0,1807.04,2,N
704565,2025-09-23,EU Direct (Dublin-Cherbourg),Celtic Sealink,50,28.84,2,Y
704361,2024-05-02,EU Direct (Dublin-Cherbourg),Atlantic Cargo Ferries,2571.0,1716.12,3,Y
701784,2024-09-07,UK Landbridge (Dublin-Holyhead),Celtic Sealink,2731.0,1061.62,1,Y
705666,2025-04-11,EU Direct (Rosslare-Dunkirk),Nordic Freight Lines,618.0,288.87,1,N
702565,2024-03-30,UK Landbridge (Dublin-Holyhead),Nordic Freight Lines,2447.0,871.86,1,Y
702721,2025-06-30,UK Landbridge (Dublin-Holyhead),Celtic Sealink,1362.0,603.12,1,N
705358,2024-10-26,EU Direct (Rosslare-Dunkirk),Nordic Freight Lines,536.0,257.56,2,Y
702480,2024-09-28,UK Landbridge (Dublin-Holyhead),Nordic Freight Lines,3233.0,1172.53,1,Y
700510,2025-12-03,UK Landbridge (Dublin-Holyhead),Celtic Sealink,1437.0,627.13,1,Y
703075,2024-02-25,EU Direct (Dublin-Cherbourg),Celtic Sealink,1106.0,641.23,2,Y
705740,2024-04-13,EU Direct (Rosslare-Dunkirk), Atlantic Cargo Ferries ,2223.0,1381.58,2,Y
701142,2025-07-05,UK Landbridge (Dublin-Holyhead),Nordic Freight Lines,1926.0,753.84,1,Y
703836,2025-11-15,EU Direct (Dublin-Cherbourg),Atlantic Cargo Ferries,2503.0,1774.76,2,Y
703844,2025-11-16,EU Direct (Dublin-Cherbourg),celtic sealink,2414.0,1383.73,1,Y
703029,2024-06-17,EU Direct (Dublin-Cherbourg),Atlantic Cargo Ferries,4206.0,2603.47,3,Y
700543,2025-06-01,UK Landbridge (Dublin-Holyhead),Celtic Sealink,1313.0,568.37,1,Y
705402,2024-02-19,EU Direct (Rosslare-Dunkirk),ATLANTIC CARGO FERRIES,1402.0,862.31,2,Y
704614,2025-05-19,EU Direct (Dublin-Cherbourg),Atlantic Cargo Ferries,2401.0,1561.29,2,N
703210,2025-09-08,EU Direct (Dublin-Cherbourg),Celtic Sealink,50,29.02,2,N
705734,2024-07-03,EU Direct (Rosslare-Dunkirk),Nordic Freight Lines,1437.0,753.17,2,Y
701454,2025-02-13,UK Landbridge (Dublin-Holyhead),Nordic Freight Lines,1361.0,501.02,1,Y
702262,2025-11-04,UK Landbridge (Dublin-Holyhead),Nordic Freight Lines,2888.0,1150.04,1,Y
701299,2025-11-13,UK Landbridge (Dublin-Holyhead),Celtic Sealink,1548.0,602.79,1,Y
703027,2025-01-07,EU Direct (Dublin-Cherbourg),Celtic Sealink,1782.0,1048.29,2,Y
702231,2024-04-30,UK Landbridge (Dublin-Holyhead),Nordic Freight Lines,3144.0,1237.07,1,Y
701783,2024-02-11,UK Landbridge (Dublin-Holyhead),Nordic Freight Lines,1695.0,610.28,1,Y
700092,2024-02-29,UK Landbridge (Dublin-Holyhead),Nordic Freight Lines,1436.0,505.89,1,Y
702631,2025-12-02,UK Landbridge (Dublin-Holyhead),Nordic Freight Lines,2106.0,869.3,1,Y
700297,2024-10-08,UK Landbridge (Dublin-Holyhead),Celtic Sealink,1836.0,827.04,1,Y
703241,2024-02-29,EU Direct (Dublin-Cherbourg),Celtic Sealink,2080.0,1151.32,2,Y
700581,2025-10-07,UK Landbridge (Dublin-Holyhead),Nordic Freight Lines,2996.0,1229.21,1,Y
702215,2025-06-03,UK Landbridge (Dublin-Holyhead),Nordic Freight Lines,230.0,82.78,1,Y
704004,2025-04-07,EU Direct (Dublin-Cherbourg),Atlantic Cargo Ferries,551.0,340.94,2,Y
700897,2025-08-05,UK Landbridge (Dublin-Holyhead),Celtic Sealink,2937.0,1298.19,1,Y
701201,2024-04-26,UK Landbridge (Dublin-Holyhead),Celtic Sealink,1813.0,731.68,1,Y
701580,2024-08-13,UK Landbridge (Dublin-Holyhead),NORDIC FREIGHT LINES,2482.0,1022.45,1,Y
703020,2024-01-27,EU Direct (Dublin-Cherbourg),Atlantic Cargo Ferries,1172.0,735.06,2,Y
705281,2024-10-24,EU Direct (Rosslare-Dunkirk),Atlantic Cargo Ferries,1554.0,1034.83,2,Y
700552,2025-06-10,UK Landbridge (Dublin-Holyhead),Celtic Sealink,1160.0,514.25,1,Y
700641,2025-06-28,UK Landbridge (Dublin-Holyhead),Nordic Freight Lines,2097.0,850.52,1,Y
702568,2025-07-31,UK Landbridge (Dublin-Holyhead),Nordic Freight Lines,1310.0,516.96,1,Y
703015,2025-06-29,EU Direct (Dublin-Cherbourg),Atlantic Cargo Ferries,1748.0,1090.71,2,Y
703457,2024-08-22,EU Direct (Dublin-Cherbourg),Celtic Sealink,1181.0,726.92,2,Y
700705,2024-03-06,UK Landbridge (Dublin-Holyhead),Celtic Sealink,1547.0,632.24,1,Y
705826,2024-09-24,EU Direct (Rosslare-Dunkirk),Nordic Freight Lines,1973.0,966.63,2,Y
703400,2024-09-26,EU Direct (Dublin-Cherbourg),Celtic Sealink,1865.0,1050.0,2,Y
703818,2025-02-02,EU Direct (Dublin-Cherbourg),Celtic Sealink,1556.0,971.05,2,Y
704006,2025-04-08,EU Direct (Dublin-Cherbourg),Celtic Sealink,1730.0,962.54,1,Y
703167,2024-06-18,EU Direct (Dublin-Cherbourg), Atlantic Cargo Ferries ,1287.0,838.92,2,Y
705594,2024-06-19,EU Direct (Rosslare-Dunkirk),Atlantic Cargo Ferries,2777.0,1726.24,2,Y
700469,2024-03-11,UK Landbridge (Dublin-Holyhead), Nordic Freight Lines ,965.0,362.41,1,Y
702342,2024-01-09,UK Landbridge (Dublin-Holyhead),nordic freight lines,1051.0,426.38,1,Y
703417,2024-01-17,EU Direct (Dublin-Cherbourg),Celtic Sealink,2600.0,1525.77,2,Y
701020,2025-06-01,UK Landbridge (Dublin-Holyhead),Celtic Sealink,1796.0,761.17,1,Y
700448,2024-12-30,UK Landbridge (Dublin-Holyhead),Celtic Sealink,4247.0,1782.45,1,N
701119,2025-08-27,UK Landbridge (Dublin-Holyhead),Celtic Sealink,1774.0,743.43,1,N
703684,2024-01-21,EU Direct (Dublin-Cherbourg),celtic sealink,1055.0,608.29,2,Y
704093,2025-04-19,EU Direct (Dublin-Cherbourg),Atlantic Cargo Ferries,1569.0,966.05,3,Y
703096,2025-07-24,EU Direct (Dublin-Cherbourg),Celtic Sealink,1367.0,759.1,2,Y
705526,2025-10-16,EU Direct (Rosslare-Dunkirk),Nordic Freight Lines,2308.0,1245.33,2,Y
705624,2025-08-25,EU Direct (Rosslare-Dunkirk),Nordic Freight Lines,2415.0,1146.48,2,Y
705447,2025-05-13,EU Direct (Rosslare-Dunkirk),Nordic Freight Lines,1962.0,932.71,2,Y
702418,2024-11-05,UK Landbridge (Dublin-Holyhead),Nordic Freight Lines,1400.0,540.37,1,Y
701692,2024-05-18,UK Landbridge (Dublin-Holyhead),Nordic Freight Lines,494.0,188.64,1,Y
701751,2025-10-19,UK Landbridge (Dublin-Holyhead),Nordic Freight Lines,2322.0,920.39,2,Y
704045,2024-03-31,EU Direct (Dublin-Cherbourg),Atlantic Cargo Ferries,1777.0,1083.55,3,Y
704938,2025-06-20,EU Direct (Rosslare-Dunkirk),Nordic Freight Lines,641.0,337.64,2,Y
702759,2025-07-08,UK Landbridge (Dublin-Holyhead),Nordic Freight Lines,2504.0,990.5,1,Y
703569,2024-08-18,EU Direct (Dublin-Cherbourg),Atlantic Cargo Ferries,3246.0,2170.4,2,Y
703141,2024-08-13,EU Direct (Dublin-Cherbourg),Atlantic Cargo Ferries,1957.0,1271.36,2,Y
702098,2024-11-15,UK Landbridge (Dublin-Holyhead),Celtic Sealink,1632.0,676.7,2,Y
704918,2025-06-23,EU Direct (Rosslare-Dunkirk),Atlantic Cargo Ferries,2220.0,1422.05,2,Y
700624,2025-10-23,UK Landbridge (Dublin-Holyhead),Celtic Sealink,2222.0,903.93,1,Y
700531,2025-05-21,UK Landbridge (Dublin-Holyhead),Celtic Sealink,1127.0,488.69,1,Y
703564,2024-10-12,EU Direct (Dublin-Cherbourg),Celtic Sealink,289.0,175.85,2,Y
700737,2024-10-12,UK Landbridge (Dublin-Holyhead),Celtic Sealink,1276.0,549.57,1,Y
702042,2024-05-06,UK Landbridge (Dublin-Holyhead),Nordic Freight Lines,2200.0,888.13,1,Y
705880,2024-09-17,EU Direct (Rosslare-Dunkirk),NORDIC FREIGHT LINES,2296.0,1086.83,2,Y
705046,2024-03-31,EU Direct (Rosslare-Dunkirk),Atlantic Cargo Ferries,3244.0,2092.04,2,Y
700249,2024-01-16,UK Landbridge (Dublin-Holyhead),Nordic Freight Lines,2338.0,828.93,1,Y
702889,2024-02-28,EU Direct (Dublin-Cherbourg),celtic sealink,1054.0,613.88,2,Y
704217,2024-04-14,EU Direct (Dublin-Cherbourg),Atlantic Cargo Ferries,2388.0,1585.38,1,Y
704800,2025-06-26,EU Direct (Rosslare-Dunkirk),Nordic Freight Lines,101.0,47.48,1,Y
703337,2024-01-18,EU Direct (Dublin-Cherbourg),Atlantic Cargo Ferries,1520.0,1076.58,3,Y
704076,2024-07-02,EU Direct (Dublin-Cherbourg), Celtic Sealink ,2870.0,1788.93,2,N
703707,2025-01-31,EU Direct (Dublin-Cherbourg),Atlantic Cargo Ferries,1268.0,866.11,1,N
703548,2024-01-18,EU Direct (Dublin-Cherbourg),Atlantic Cargo Ferries,1544.0,943.91,2,Y
705699,2025-12-11,EU Direct (Rosslare-Dunkirk),Atlantic Cargo Ferries,3767.0,2335.22,2,Y
702860,2025-07-02,UK Landbridge (Dublin-Holyhead),Celtic Sealink,498.0,216.49,1,Y
703019,2024-04-10,EU Direct (Dublin-Cherbourg),Atlantic Cargo Ferries,-1889.0,1338.43,1,Y
702101,2024-09-05,UK Landbridge (Dublin-Holyhead),celtic sealink,1182.0,502.31,2,Y
704369,2024-09-18,EU Direct (Dublin-Cherbourg),Celtic Sealink,1808.0,994.04,2,Y
703713,2024-02-15,EU Direct (Dublin-Cherbourg),Celtic Sealink,1168.0,647.62,2,Y
704080,2024-08-16,EU Direct (Dublin-Cherbourg),Atlantic Cargo Ferries,1451.0,1020.11,1,Y
702505,2024-01-01,UK Landbridge (Dublin-Holyhead),Celtic Sealink,1110.0,430.98,2,Y
704170,2024-02-06,EU Direct (Dublin-Cherbourg),Atlantic Cargo Ferries,2032.0,1276.79,2,Y
700663,2025-01-20,UK Landbridge (Dublin-Holyhead),Nordic Freight Lines,2013.0,823.35,1,Y
703568,2024-10-30,EU Direct (Dublin-Cherbourg),Atlantic Cargo Ferries,2055.0,1339.24,3,Y
701550,2025-05-16,UK Landbridge (Dublin-Holyhead),Celtic Sealink,2257.0,1022.23,2,Y
704640,2024-12-27,EU Direct (Rosslare-Dunkirk),Nordic Freight Lines,2708.0,1411.57,2,Y
705106,2025-07-04,EU Direct (Rosslare-Dunkirk),Nordic Freight Lines,1750.0,900.25,2,Y
703505,2025-12-01,EU Direct (Dublin-Cherbourg),Celtic Sealink,2533.0,1584.5,2,Y
705186,2024-02-22,EU Direct (Rosslare-Dunkirk),Atlantic Cargo Ferries,3121.0,2074.06,2,Y
705215,2024-10-08,EU Direct (Rosslare-Dunkirk),Atlantic Cargo Ferries,1310.0,804.52,3,Y
701310,2024-02-04,UK Landbridge (Dublin-Holyhead),Nordic Freight Lines,2288.0,918.8,1,Y
705254,2025-07-17,EU Direct (Rosslare-Dunkirk),Atlantic Cargo Ferries,1602.0,967.2,2,Y
702940,2025-08-27,EU Direct (Dublin-Cherbourg),Celtic Sealink,1960.0,1123.16,3,Y
703129,2025-02-20,EU Direct (Dublin-Cherbourg),Atlantic Cargo Ferries,1222.0,857.82,,Y
705615,2024-05-13,EU Direct (Rosslare-Dunkirk),Atlantic Cargo Ferries,3184.0,2149.4,2,Y
701993,2025-02-19,UK Landbridge (Dublin-Holyhead),Nordic Freight Lines,1914.0,689.9,1,Y
701807,2025-10-08,UK Landbridge (Dublin-Holyhead),Celtic Sealink,1976.0,817.98,1,Y
703090,2024-09-18,EU Direct (Dublin-Cherbourg),Celtic Sealink,2530.0,1566.13,2,Y
701980,2025-05-05,UK Landbridge (Dublin-Holyhead),Nordic Freight Lines,2935.0,1179.03,1,Y
703049,2025-12-24,EU Direct (Dublin-Cherbourg),Celtic Sealink,363.0,210.76,2,Y
703618,2025-03-22,EU Direct (Dublin-Cherbourg),Celtic Sealink,975.0,560.43,2,Y
704540,2025-10-22,EU Direct (Dublin-Cherbourg),Celtic Sealink,2708.0,1526.41,2,Y
700721,2025-09-17,UK Landbridge (Dublin-Holyhead),Celtic Sealink,1057.0,443.33,1,Y
703512,2024-09-25,EU Direct (Dublin-Cherbourg),Celtic Sealink,1523.0,930.11,2,Y
702608,2025-11-11,UK Landbridge (Dublin-Holyhead),Nordic Freight Lines,437.0,154.53,1,Y
701656,2024-05-20,UK Landbridge (Dublin-Holyhead),NORDIC FREIGHT LINES,3299.0,1183.07,1,Y
704687,2024-07-18,EU Direct (Rosslare-Dunkirk),Atlantic Cargo Ferries,983.0,626.61,2,N
701721,2025-03-18,UK Landbridge (Dublin-Holyhead),Celtic Sealink,1797.0,785.75,1,Y
701235,2024-08-31,UK Landbridge (Dublin-Holyhead),Celtic Sealink,682.0,276.72,1,Y
704856,2024-08-04,EU Direct (Rosslare-Dunkirk),Nordic Freight Lines,1521.0,786.65,2,Y
700440,2025-11-19,UK Landbridge (Dublin-Holyhead),Celtic Sealink,2747.0,1111.83,2,Y
704469,2025-04-14,EU Direct (Dublin-Cherbourg),Celtic Sealink,988.0,579.65,3,N
705130,2025-09-26,EU Direct (Rosslare-Dunkirk),nordic freight lines,948.0,467.09,2,Y
702531,2025-03-05,UK Landbridge (Dublin-Holyhead),Nordic Freight Lines,2254.0,815.48,1,Y
702068,2024-07-26,UK Landbridge (Dublin-Holyhead),Celtic Sealink,4178.0,1664.62,1,Y
704720,2024-08-10,EU Direct (Rosslare-Dunkirk),Nordic Freight Lines,1353.0,690.83,2,Y
703704,2024-10-12,EU Direct (Dublin-Cherbourg),Atlantic Cargo Ferries,1333.0,901.27,2,Y
702486,2024-12-22,UK Landbridge (Dublin-Holyhead),Nordic Freight Lines,1520.0,625.67,1,Y
705064,2024-02-02,EU Direct (Rosslare-Dunkirk),Nordic Freight Lines,2011.0,1019.09,2,Y
705519,2024-06-18,EU Direct (Rosslare-Dunkirk),Atlantic Cargo Ferries,1296.0,816.37,2,Y
704288,2025-08-24,EU Direct (Dublin-Cherbourg),Celtic Sealink,1035.0,620.33,2,N
705712,2024-03-30,EU Direct (Rosslare-Dunkirk),Atlantic Cargo Ferries,600.0,357.34,2,Y
705555,2024-06-29,EU Direct (Rosslare-Dunkirk),Nordic Freight Lines,1564.0,788.73,2,Y
701854,2024-02-14,UK Landbridge (Dublin-Holyhead),Celtic Sealink,1394.0,585.99,1,Y
705256,2025-01-22,EU Direct (Rosslare-Dunkirk),nordic freight lines,1712.0,860.85,2,Y
705066,2024-05-10,EU Direct (Rosslare-Dunkirk),Nordic Freight Lines,3284.0,1566.71,2,Y
704694,2025-12-03,EU Direct (Rosslare-Dunkirk),Nordic Freight Lines,3963.0,1954.65,2,N
704987,2025-12-23,EU Direct (Rosslare-Dunkirk),Nordic Freight Lines,1537.0,772.28,2,Y
700610,2025-11-09,UK Landbridge (Dublin-Holyhead),Nordic Freight Lines,2367.0,843.14,1,Y
702200,2025-04-14,UK Landbridge (Dublin-Holyhead),celtic sealink,1817.0,732.64,1,N
701260,2024-04-30,UK Landbridge (Dublin-Holyhead),Celtic Sealink,1831.0,718.33,1,Y
702411,2024-12-28,UK Landbridge (Dublin-Holyhead),Celtic Sealink,2590.0,1118.97,2,Y
701709,2024-12-03,UK Landbridge (Dublin-Holyhead),Celtic Sealink,2520.0,1001.49,1,Y
705429,2025-03-04,EU Direct (Rosslare-Dunkirk),Nordic Freight Lines,1336.0,653.13,2,N
705591,2025-10-17,EU Direct (Rosslare-Dunkirk),Atlantic Cargo Ferries,2101.0,1313.04,2,Y
705553,2025-12-30,EU Direct (Rosslare-Dunkirk),Atlantic Cargo Ferries,1307.0,872.05,2,Y
703649,2025-08-09,EU Direct (Dublin-Cherbourg),celtic sealink,1001.0,625.78,2,Y
701211,2024-02-14,UK Landbridge (Dublin-Holyhead),Nordic Freight Lines,2205.0,818.1,1,Y
702083,2025-12-13,UK Landbridge (Dublin-Holyhead),Nordic Freight Lines,2578.0,911.04,1,Y
705694,2025-06-19,EU Direct (Rosslare-Dunkirk),Nordic Freight Lines,1089.0,577.01,2,Y
703178,2024-09-09,EU Direct (Dublin-Cherbourg),Celtic Sealink,-1313.0,809.63,2,Y
703778,2024-12-25,EU Direct (Dublin-Cherbourg),Celtic Sealink,1134.0,614.83,2,Y
705244,2025-09-04,EU Direct (Rosslare-Dunkirk),Atlantic Cargo Ferries,3079.0,1835.75,2,Y
702928,2025-07-13,EU Direct (Dublin-Cherbourg),Celtic Sealink,2733.0,1544.75,2,Y
700179,2024-09-07,UK Landbridge (Dublin-Holyhead),Nordic Freight Lines,2185.0,821.65,1,Y
702785,2024-04-08,UK Landbridge (Dublin-Holyhead),celtic sealink,1570.0,707.72,1,Y
703059,2024-03-31,EU Direct (Dublin-Cherbourg),Atlantic Cargo Ferries,1189.0,796.53,1,Y
701678,2025-04-21,UK Landbridge (Dublin-Holyhead),Celtic Sealink,1458.0,656.14,1,Y
703969,2025-06-05,EU Direct (Dublin-Cherbourg),Celtic Sealink,2432.0,1383.74,2,Y
701857,2024-10-03,UK Landbridge (Dublin-Holyhead),Celtic Sealink,1530.0,617.71,2,Y
704392,2024-05-15,EU Direct (Dublin-Cherbourg),Celtic Sealink,2532.0,1392.89,2,Y
705039,2025-12-31,EU Direct (Rosslare-Dunkirk),Atlantic Cargo Ferries,1981.0,1227.57,2,Y
700353,2024-11-04,UK Landbridge (Dublin-Holyhead),Nordic Freight Lines,1473.0,587.7,1,N
702267,2025-11-25,UK Landbridge (Dublin-Holyhead),Celtic Sealink,2218.0,953.88,1,Y
705238,2025-12-20,EU Direct (Rosslare-Dunkirk),Nordic Freight Lines,1587.0,748.26,2,Y
702421,2024-12-02,UK Landbridge (Dublin-Holyhead),Celtic Sealink,2456.0,1064.99,2,Y
701504,2025-01-28,UK Landbridge (Dublin-Holyhead),Celtic Sealink,3054.0,1235.83,1,Y
704623,2025-03-20,EU Direct (Rosslare-Dunkirk),Atlantic Cargo Ferries,1886.0,1275.01,2,Y
704478,2024-05-19,EU Direct (Dublin-Cherbourg),atlantic cargo ferries,2981.0,1916.55,2,Y
705110,2024-05-02,EU Direct (Rosslare-Dunkirk),Nordic Freight Lines,1580.0,755.26,2,Y
703462,2024-01-29,EU Direct (Dublin-Cherbourg),Celtic Sealink,1562.0,923.95,2,Y
702420,2025-02-18,UK Landbridge (Dublin-Holyhead),Celtic Sealink,1935.0,767.57,1,N
702166,2024-06-04,UK Landbridge (Dublin-Holyhead),Nordic Freight Lines,1675.0,634.14,1,Y
700990,2024-03-24,UK Landbridge (Dublin-Holyhead),Nordic Freight Lines,1945.0,700.47,1,Y
701741,2025-08-17,UK Landbridge (Dublin-Holyhead),Nordic Freight Lines,1752.0,670.01,1,Y
700839,2025-03-14,UK Landbridge (Dublin-Holyhead),Nordic Freight Lines,282.0,107.32,1,Y
700853,2025-03-04,UK Landbridge (Dublin-Holyhead),Nordic Freight Lines,1033.0,374.38,1,Y
704559,2025-09-12,EU Direct (Dublin-Cherbourg),Celtic Sealink,1060.0,574.47,2,Y
704441,2025-06-23,EU Direct (Dublin-Cherbourg),Celtic Sealink,198.0,117.85,2,Y
703234,2025-01-20,EU Direct (Dublin-Cherbourg),Celtic Sealink,1699.0,963.26,2,Y
702667,2025-08-07,UK Landbridge (Dublin-Holyhead),Nordic Freight Lines,2182.0,779.48,1,Y
700526,2025-10-07,UK Landbridge (Dublin-Holyhead),Celtic Sealink,2756.0,1081.83,1,Y
705433,2024-07-15,EU Direct (Rosslare-Dunkirk),Nordic Freight Lines,1081.0,580.03,2,Y
700445,2024-07-26,UK Landbridge (Dublin-Holyhead),Nordic Freight Lines,3123.0,1132.33,1,Y
705686,2025-02-24,EU Direct (Rosslare-Dunkirk),atlantic cargo ferries,1278.0,809.24,3,Y
704592,2024-09-15,EU Direct (Dublin-Cherbourg),Celtic Sealink,1699.0,1045.92,2,Y
701072,2024-09-13,UK Landbridge (Dublin-Holyhead),CELTIC SEALINK,1697.0,727.44,1,Y
702742,2025-02-06,UK Landbridge (Dublin-Holyhead),NORDIC FREIGHT LINES,1899.0,693.14,1,N
702484,2024-04-22,UK Landbridge (Dublin-Holyhead),Nordic Freight Lines,629.0,232.79,1,Y
703283,2025-11-12,EU Direct (Dublin-Cherbourg),Celtic Sealink,3494.0,2077.98,2,Y
705778,2025-03-11,EU Direct (Rosslare-Dunkirk),Atlantic Cargo Ferries,457.0,298.95,3,Y
701799,2025-05-08,UK Landbridge (Dublin-Holyhead),Nordic Freight Lines,2554.0,924.05,1,Y
702028,2025-12-16,UK Landbridge (Dublin-Holyhead),Celtic Sealink,2006.0,789.57,1,Y
700344,2025-09-09,UK Landbridge (Dublin-Holyhead),Celtic Sealink,1255.0,562.4,1,Y
700422,2024-03-25,UK Landbridge (Dublin-Holyhead),Nordic Freight Lines,1986.0,813.46,1,Y
701535,2024-01-30,UK Landbridge (Dublin-Holyhead),Celtic Sealink,2561.0,1028.91,2,Y
703182,2025-02-10,EU Direct (Dublin-Cherbourg),Atlantic Cargo Ferries,1264.0,851.0,1,Y
701223,2024-05-29,UK Landbridge (Dublin-Holyhead),Celtic Sealink,2892.0,1165.37,1,Y
703443,2025-03-19,EU Direct (Dublin-Cherbourg),Celtic Sealink,1586.0,912.6,2,Y
700005,2025-02-20,UK Landbridge (Dublin-Holyhead),Nordic Freight Lines,4770.0,1922.33,1,Y
703174,2024-10-19,EU Direct (Dublin-Cherbourg),ATLANTIC CARGO FERRIES,1610.0,1037.55,2,Y
703727,2024-12-22,EU Direct (Dublin-Cherbourg),Atlantic Cargo Ferries,1274.0,889.01,2,Y
702893,2025-11-29,EU Direct (Dublin-Cherbourg),Atlantic Cargo Ferries,303.0,192.29,2,Y
705143,2024-01-11,EU Direct (Rosslare-Dunkirk),Atlantic Cargo Ferries,50,31.13,2,Y
702828,2024-05-11,UK Landbridge (Dublin-Holyhead),Celtic Sealink,1489.0,674.14,1,Y
704162,2024-04-12,EU Direct (Dublin-Cherbourg),Celtic Sealink,2269.0,1229.07,2,Y
704588,2024-03-22,EU Direct (Dublin-Cherbourg),Atlantic Cargo Ferries,2695.0,1761.63,2,Y
701063,2024-12-09,UK Landbridge (Dublin-Holyhead),Celtic Sealink,2487.0,1106.3,1,Y
704403,2025-03-22,EU Direct (Dublin-Cherbourg),Celtic Sealink,2231.0,1392.03,2,Y
701674,2024-09-10,UK Landbridge (Dublin-Holyhead),Celtic Sealink,2646.0,1126.85,1,Y
702471,2024-08-03,UK Landbridge (Dublin-Holyhead),Nordic Freight Lines,1528.0,624.99,1,Y
703772,2024-11-17,EU Direct (Dublin-Cherbourg),Celtic Sealink,1742.0,1064.25,2,Y
701145,2025-02-22,UK Landbridge (Dublin-Holyhead),Celtic Sealink,2987.0,1276.33,1,Y
702801,2025-01-15,UK Landbridge (Dublin-Holyhead),Celtic Sealink,370.0,143.07,1,Y
701953,2024-02-28,UK Landbridge (Dublin-Holyhead),Nordic Freight Lines,2149.0,780.26,1,Y
705568,2025-11-06,EU Direct (Rosslare-Dunkirk),atlantic cargo ferries,2265.0,1533.14,3,N
700509,2024-05-26,UK Landbridge (Dublin-Holyhead),Nordic Freight Lines,2969.0,1128.55,1,Y
704603,2024-07-20,EU Direct (Dublin-Cherbourg),Atlantic Cargo Ferries,271.0,174.91,2,Y
704455,2024-04-29,EU Direct (Dublin-Cherbourg),Celtic Sealink,3406.0,1842.06,2,Y
703955,2025-01-04,EU Direct (Dublin-Cherbourg),Celtic Sealink,1348.0,818.89,3,Y
704229,2024-02-19,EU Direct (Dublin-Cherbourg),Atlantic Cargo Ferries,2497.0,1622.97,2,Y
705421,2024-10-24,EU Direct (Rosslare-Dunkirk),Atlantic Cargo Ferries,2236.0,1415.58,2,Y
705065,2025-06-05,EU Direct (Rosslare-Dunkirk),Nordic Freight Lines,1183.0,558.94,2,Y
702160,2024-12-25,UK Landbridge (Dublin-Holyhead),Nordic Freight Lines,2633.0,1021.46,1,Y
705593,2024-01-18,EU Direct (Rosslare-Dunkirk),Nordic Freight Lines,2614.0,1254.51,2,N
705110,2024-05-02,EU Direct (Rosslare-Dunkirk),Nordic Freight Lines,1580.0,755.26,2,Y
703292,2025-02-16,EU Direct (Dublin-Cherbourg),Atlantic Cargo Ferries,2319.0,1474.75,2,Y
702959,2024-03-19,EU Direct (Dublin-Cherbourg),Atlantic Cargo Ferries,2118.0,1299.9,2,Y
702334,2024-10-03,UK Landbridge (Dublin-Holyhead),Nordic Freight Lines,2459.0,964.43,1,Y
700673,2024-09-08,UK Landbridge (Dublin-Holyhead),Celtic Sealink,221.0,97.5,1,Y
704401,2025-12-15,EU Direct (Dublin-Cherbourg),Atlantic Cargo Ferries,1667.0,1103.6,1,Y
703594,2024-07-02,EU Direct (Dublin-Cherbourg),Atlantic Cargo Ferries,2445.0,1673.24,2,Y
702021,2025-05-04,UK Landbridge (Dublin-Holyhead),Nordic Freight Lines,2285.0,858.89,1,N
701128,2025-01-27,UK Landbridge (Dublin-Holyhead),Celtic Sealink,2197.0,878.25,2,Y
700564,2025-09-19,UK Landbridge (Dublin-Holyhead),Celtic Sealink,3397.0,1462.71,1,N
703031,2024-12-21,EU Direct (Dublin-Cherbourg),Celtic Sealink,1358.0,733.16,2,Y
704795,2024-01-08,EU Direct (Rosslare-Dunkirk),Atlantic Cargo Ferries,1883.0,1111.96,3,Y
704697,2024-02-29,EU Direct (Rosslare-Dunkirk),Atlantic Cargo Ferries,920.0,540.42,2,Y
700910,2025-06-22,UK Landbridge (Dublin-Holyhead),Nordic Freight Lines,2169.0,876.67,2,Y
701962,2024-06-08,UK Landbridge (Dublin-Holyhead),Celtic Sealink,2679.0,1112.99,1,Y
704184,2025-10-17,EU Direct (Dublin-Cherbourg),Atlantic Cargo Ferries,1078.0,699.43,2,N
700567,2024-05-15,UK Landbridge (Dublin-Holyhead), Nordic Freight Lines ,2451.0,977.64,1,Y
701845,2024-03-05,UK Landbridge (Dublin-Holyhead),Nordic Freight Lines,1741.0,639.44,1,Y
705207,2024-06-02,EU Direct (Rosslare-Dunkirk),Nordic Freight Lines,294.0,139.77,2,N
701999,2025-06-13,UK Landbridge (Dublin-Holyhead),Celtic Sealink,1734.0,691.04,2,Y
703089,2024-11-10,EU Direct (Dublin-Cherbourg),Celtic Sealink,2972.0,1602.69,2,Y
702146,2024-11-27,UK Landbridge (Dublin-Holyhead),Nordic Freight Lines,3560.0,1450.39,1,Y
704792,2025-04-21,EU Direct (Rosslare-Dunkirk), Atlantic Cargo Ferries ,1362.0,879.73,2,Y
701663,2025-04-07,UK Landbridge (Dublin-Holyhead),Nordic Freight Lines,1848.0,659.99,1,Y
705245,2025-07-04,EU Direct (Rosslare-Dunkirk),Atlantic Cargo Ferries,1015.0,641.05,1,Y
700043,2024-10-02,UK Landbridge (Dublin-Holyhead),Nordic Freight Lines,1825.0,679.62,1,N
705405,2024-01-22,EU Direct (Rosslare-Dunkirk),Nordic Freight Lines,2206.0,1046.96,2,Y
705449,2024-11-25,EU Direct (Rosslare-Dunkirk),Atlantic Cargo Ferries,3646.0,2303.71,2,Y
704750,2025-05-03,EU Direct (Rosslare-Dunkirk),Nordic Freight Lines,3753.0,1735.41,2,Y
700537,2024-09-06,UK Landbridge (Dublin-Holyhead),Celtic Sealink,1711.0,731.22,1,Y
702592,2024-11-13,UK Landbridge (Dublin-Holyhead),Celtic Sealink,800.0,357.77,1,N
704554,2025-08-03,EU Direct (Dublin-Cherbourg),Atlantic Cargo Ferries,1665.0,1013.45,2,Y
702571,2024-01-13,UK Landbridge (Dublin-Holyhead),Nordic Freight Lines,2229.0,902.15,1,Y
705191,2025-05-31,EU Direct (Rosslare-Dunkirk),Nordic Freight Lines,1858.0,992.52,2,Y
704968,2025-06-18,EU Direct (Rosslare-Dunkirk),Atlantic Cargo Ferries,1624.0,1056.56,2,N
702372,2024-03-19,UK Landbridge (Dublin-Holyhead),Celtic Sealink,1423.0,622.33,1,Y
701160,2025-09-20,UK Landbridge (Dublin-Holyhead),Nordic Freight Lines,2311.0,910.79,2,Y
703123,2024-08-23,EU Direct (Dublin-Cherbourg),Celtic Sealink,1344.0,789.75,2,Y
700354,2024-11-24,UK Landbridge (Dublin-Holyhead),Celtic Sealink,2668.0,1197.74,1,N
701561,2025-05-26,UK Landbridge (Dublin-Holyhead), Celtic Sealink ,1892.0,766.98,1,Y
701648,2025-01-29,UK Landbridge (Dublin-Holyhead),Nordic Freight Lines,3093.0,1118.35,1,Y
703960,2025-08-16,EU Direct (Dublin-Cherbourg),atlantic cargo ferries,1430.0,879.73,1,Y
703829,2025-12-16,EU Direct (Dublin-Cherbourg),Atlantic Cargo Ferries,2616.0,1783.17,2,Y
701572,2024-09-24,UK Landbridge (Dublin-Holyhead),Celtic Sealink,340.0,143.45,1,Y
702144,2025-05-13,UK Landbridge (Dublin-Holyhead),Celtic Sealink,1511.0,613.97,1,Y
705997,2024-04-04,EU Direct (Rosslare-Dunkirk),Atlantic Cargo Ferries,2627.0,1771.47,2,Y
702058,2024-08-28,UK Landbridge (Dublin-Holyhead),Celtic Sealink,1310.0,571.08,1,Y
704343,2025-01-19,EU Direct (Dublin-Cherbourg),Celtic Sealink,-75.0,41.2,2,Y
702660,2024-04-16,UK Landbridge (Dublin-Holyhead),NORDIC FREIGHT LINES,819.0,322.24,1,Y
705979,2025-07-10,EU Direct (Rosslare-Dunkirk),Atlantic Cargo Ferries,1678.0,973.0,3,Y
702870,2025-11-17,UK Landbridge (Dublin-Holyhead),Nordic Freight Lines,1132.0,461.45,2,Y
702562,2025-05-25,UK Landbridge (Dublin-Holyhead),Nordic Freight Lines,1964.0,741.31,1,Y
700180,2025-05-08,UK Landbridge (Dublin-Holyhead),CELTIC SEALINK,650.0,262.1,1,Y
704283,2024-11-26,EU Direct (Dublin-Cherbourg),Atlantic Cargo Ferries,1891.0,1310.6,3,Y
702583,2025-08-19,UK Landbridge (Dublin-Holyhead),Nordic Freight Lines,1657.0,629.24,1,Y
703095,2025-06-28,EU Direct (Dublin-Cherbourg),Atlantic Cargo Ferries,460.0,301.89,2,Y
704824,2024-04-11,EU Direct (Rosslare-Dunkirk),Nordic Freight Lines,2303.0,1244.13,2,Y
705414,2024-04-18,EU Direct (Rosslare-Dunkirk),Atlantic Cargo Ferries,2234.0,1509.88,2,Y
704781,2024-04-14,EU Direct (Rosslare-Dunkirk),Atlantic Cargo Ferries,2574.0,1730.99,3,Y
704947,2024-11-26,EU Direct (Rosslare-Dunkirk),Nordic Freight Lines,1467.0,753.1,2,Y
702403,2024-08-24,UK Landbridge (Dublin-Holyhead),Celtic Sealink,2159.0,908.86,1,Y
703729,2025-02-27,EU Direct (Dublin-Cherbourg),Atlantic Cargo Ferries,1937.0,1225.1,2,N
705904,2025-09-21,EU Direct (Rosslare-Dunkirk),Atlantic Cargo Ferries,1067.0,650.11,2,Y
701579,2024-10-05,UK Landbridge (Dublin-Holyhead),Nordic Freight Lines,1697.0,684.86,1,Y
705480,2025-07-05,EU Direct (Rosslare-Dunkirk),Nordic Freight Lines,1680.0,833.91,2,Y
705116,2024-06-29,EU Direct (Rosslare-Dunkirk),Nordic Freight Lines,335.0,168.12,3,Y
702234,2024-04-05,UK Landbridge (Dublin-Holyhead),Celtic Sealink,1904.0,834.2,1,Y
703816,2024-05-06,EU Direct (Dublin-Cherbourg),Atlantic Cargo Ferries,53.0,33.46,2,Y
701864,2025-03-09,UK Landbridge (Dublin-Holyhead),Nordic Freight Lines,1048.0,401.64,1,Y
705781,2025-11-03,EU Direct (Rosslare-Dunkirk),Atlantic Cargo Ferries,2679.0,1786.73,3,Y
704300,2025-03-03,EU Direct (Dublin-Cherbourg),Celtic Sealink,917.0,522.41,2,Y
705034,2025-11-17,EU Direct (Rosslare-Dunkirk),Atlantic Cargo Ferries,2016.0,1290.76,2,Y
701427,2024-08-26,UK Landbridge (Dublin-Holyhead),Celtic Sealink,2041.0,869.28,1,Y
701913,2025-06-16,UK Landbridge (Dublin-Holyhead),Nordic Freight Lines,2536.0,902.5,1,Y
702055,2025-02-15,UK Landbridge (Dublin-Holyhead),Celtic Sealink,165.0,66.17,1,Y
705288,2024-06-15,EU Direct (Rosslare-Dunkirk),Atlantic Cargo Ferries,1948.0,1155.23,1,Y
705377,2024-11-22,EU Direct (Rosslare-Dunkirk),Nordic Freight Lines,1305.0,683.63,2,Y
701597,2025-10-12,UK Landbridge (Dublin-Holyhead),Celtic Sealink,1064.0,471.39,2,Y
700225,2024-03-26,UK Landbridge (Dublin-Holyhead),Celtic Sealink,402.0,165.54,1,Y
703191,2025-08-28,EU Direct (Dublin-Cherbourg),Atlantic Cargo Ferries,3081.0,2165.85,1,Y
704183,2024-03-10,EU Direct (Dublin-Cherbourg),Celtic Sealink,301.0,168.82,2,N
705016,2025-11-11,EU Direct (Rosslare-Dunkirk),NORDIC FREIGHT LINES,204.0,101.74,2,Y
700478,2025-12-14,UK Landbridge (Dublin-Holyhead),Nordic Freight Lines,2291.0,871.05,1,Y
700029,2024-11-24,UK Landbridge (Dublin-Holyhead),Nordic Freight Lines,2003.0,811.21,1,Y
702772,2025-01-12,UK Landbridge (Dublin-Holyhead),Nordic Freight Lines,1003.0,390.61,1,Y
704303,2025-08-28,EU Direct (Dublin-Cherbourg),Atlantic Cargo Ferries,1787.0,1184.41,2,Y
702137,2024-11-16,UK Landbridge (Dublin-Holyhead),Nordic Freight Lines,3367.0,1228.69,1,N
704607,2025-06-18,EU Direct (Dublin-Cherbourg),Celtic Sealink,1319.0,794.17,2,Y
701226,2025-11-30,UK Landbridge (Dublin-Holyhead),Celtic Sealink,639.0,252.95,1,Y
701283,2025-05-06,UK Landbridge (Dublin-Holyhead),Nordic Freight Lines,1754.0,701.19,1,Y
703033,2025-09-23,EU Direct (Dublin-Cherbourg),Celtic Sealink,1688.0,983.52,2,Y
700887,2024-06-23,UK Landbridge (Dublin-Holyhead),Celtic Sealink,1421.0,586.15,1,Y
705095,2025-09-02,EU Direct (Rosslare-Dunkirk),Nordic Freight Lines,1349.0,635.02,2,Y
700109,2024-04-03,UK Landbridge (Dublin-Holyhead),Nordic Freight Lines,2569.0,976.06,1,Y
703221,2025-02-14,EU Direct (Dublin-Cherbourg),Atlantic Cargo Ferries,3249.0,2071.13,2,Y
705211,2024-04-21,EU Direct (Rosslare-Dunkirk),Nordic Freight Lines,1225.0,571.0,3,Y
704134,2025-08-12,EU Direct (Dublin-Cherbourg),Atlantic Cargo Ferries,1459.0,1032.08,1,Y
705284,2024-07-20,EU Direct (Rosslare-Dunkirk),Atlantic Cargo Ferries,3139.0,2052.53,1,N
705362,2025-11-03,EU Direct (Rosslare-Dunkirk),Atlantic Cargo Ferries,1902.0,1138.15,2,Y
700048,2024-11-19,UK Landbridge (Dublin-Holyhead),Celtic Sealink,290.0,115.85,1,Y
705134,2025-11-21,EU Direct (Rosslare-Dunkirk),Atlantic Cargo Ferries,1141.0,752.29,2,Y
705957,2025-12-02,EU Direct (Rosslare-Dunkirk),Nordic Freight Lines,1913.0,961.71,2,Y
705921,2025-06-05,EU Direct (Rosslare-Dunkirk),Atlantic Cargo Ferries,212.0,140.3,2,Y
703364,2025-05-14,EU Direct (Dublin-Cherbourg),Atlantic Cargo Ferries,2682.0,1857.11,2,Y
703925,2024-03-04,EU Direct (Dublin-Cherbourg),Celtic Sealink,2407.0,1378.28,3,Y
704655,2024-11-15,EU Direct (Rosslare-Dunkirk),Atlantic Cargo Ferries,2682.0,1641.96,2,Y
701934,2024-09-26,UK Landbridge (Dublin-Holyhead),Nordic Freight Lines,701.0,278.18,1,Y
701984,2025-10-30,UK Landbridge (Dublin-Holyhead),Celtic Sealink,1550.0,671.2,1,Y
702113,2025-04-15,UK Landbridge (Dublin-Holyhead),Nordic Freight Lines,1819.0,705.23,1,Y
702086,2024-08-13,UK Landbridge (Dublin-Holyhead), Celtic Sealink ,2439.0,1067.97,1,Y
701738,2024-07-25,UK Landbridge (Dublin-Holyhead),Celtic Sealink,1380.0,563.8,1,Y
705495,2024-01-28,EU Direct (Rosslare-Dunkirk),Atlantic Cargo Ferries,50,32.87,1,Y
700019,2025-05-01,UK Landbridge (Dublin-Holyhead),Celtic Sealink,2982.0,1345.17,1,Y
705230,2025-07-09,EU Direct (Rosslare-Dunkirk),Nordic Freight Lines,1446.0,717.8,2,Y
700918,2025-08-27,UK Landbridge (Dublin-Holyhead),Celtic Sealink,1981.0,881.43,1,Y
701939,2025-09-04,UK Landbridge (Dublin-Holyhead),Nordic Freight Lines,1626.0,615.45,1,Y
703204,2024-01-13,EU Direct (Dublin-Cherbourg),celtic sealink,1292.0,695.29,2,Y
703353,2024-06-07,EU Direct (Dublin-Cherbourg),Celtic Sealink,1759.0,947.21,3,Y
701453,2025-04-02,UK Landbridge (Dublin-Holyhead),Nordic Freight Lines,1919.0,685.46,1,Y
705947,2025-07-22,EU Direct (Rosslare-Dunkirk),Atlantic Cargo Ferries,1790.0,1051.72,2,Y
700844,2024-10-07,UK Landbridge (Dublin-Holyhead),Celtic Sealink,3646.0,1647.43,1,Y
705263,2024-08-16,EU Direct (Rosslare-Dunkirk),NORDIC FREIGHT LINES,1410.0,742.39,2,Y
704198,2025-04-04,EU Direct (Dublin-Cherbourg),Atlantic Cargo Ferries,2260.0,1590.02,3,Y
700627,2024-02-02,UK Landbridge (Dublin-Holyhead),Celtic Sealink,50,21.87,1,Y
700606,2025-05-20,UK Landbridge (Dublin-Holyhead),Nordic Freight Lines,2755.0,1010.97,1,Y
700658,2025-11-17,UK Landbridge (Dublin-Holyhead),Celtic Sealink,2450.0,1061.34,1,Y
700717,2024-09-01,UK Landbridge (Dublin-Holyhead),Celtic Sealink,827.0,321.89,1,Y
700173,2025-03-28,UK Landbridge (Dublin-Holyhead),Celtic Sealink,1994.0,895.57,1,Y
704740,2024-11-24,EU Direct (Rosslare-Dunkirk),Atlantic Cargo Ferries,50,29.73,2,Y
700958,2024-06-03,UK Landbridge (Dublin-Holyhead),Nordic Freight Lines,505.0,183.05,1,Y
704510,2024-09-20,EU Direct (Dublin-Cherbourg),Atlantic Cargo Ferries,2600.0,1840.09,1,Y
702871,2025-06-26,UK Landbridge (Dublin-Holyhead),Celtic Sealink,987.0,433.86,1,Y
705759,2024-02-28,EU Direct (Rosslare-Dunkirk),Atlantic Cargo Ferries,3704.0,2354.26,2,Y
705329,2024-02-04,EU Direct (Rosslare-Dunkirk),nordic freight lines,2515.0,1190.83,2,Y
701685,2024-06-28,UK Landbridge (Dublin-Holyhead),Nordic Freight Lines,1813.0,731.9,1,Y
705713,2024-02-18,EU Direct (Rosslare-Dunkirk),Nordic Freight Lines,2250.0,1155.44,2,N
700193,2025-05-17,UK Landbridge (Dublin-Holyhead),Nordic Freight Lines,2049.0,782.71,1,Y
700381,2024-10-26,UK Landbridge (Dublin-Holyhead),Nordic Freight Lines,2116.0,754.01,1,Y
705612,2024-01-22,EU Direct (Rosslare-Dunkirk),Nordic Freight Lines,2772.0,1400.85,2,Y
701660,2024-09-16,UK Landbridge (Dublin-Holyhead),Celtic Sealink,2161.0,846.27,1,Y
700747,2024-03-27,UK Landbridge (Dublin-Holyhead),Celtic Sealink,2141.0,957.77,1,Y
704250,2025-07-28,EU Direct (Dublin-Cherbourg),Celtic Sealink,2019.0,1207.25,2,Y
700682,2025-01-04,UK Landbridge (Dublin-Holyhead),Celtic Sealink,2217.0,928.86,2,Y
701153,2024-04-29,UK Landbridge (Dublin-Holyhead),Nordic Freight Lines,2161.0,772.36,1,Y
701534,2025-05-08,UK Landbridge (Dublin-Holyhead),Nordic Freight Lines,1299.0,468.15,1,Y
703780,2025-09-17,EU Direct (Dublin-Cherbourg), Celtic Sealink ,2335.0,1337.98,2,Y
704629,2025-08-26,EU Direct (Rosslare-Dunkirk),Atlantic Cargo Ferries,2749.0,1696.97,2,Y
702071,2025-07-02,UK Landbridge (Dublin-Holyhead),Celtic Sealink,735.0,307.95,1,Y
702777,2024-12-14,UK Landbridge (Dublin-Holyhead),Celtic Sealink,2874.0,1258.19,1,Y
702651,2025-04-11,UK Landbridge (Dublin-Holyhead),Nordic Freight Lines,1607.0,585.18,1,N
700987,2025-06-06,UK Landbridge (Dublin-Holyhead),Celtic Sealink,2951.0,1235.9,1,N
703814,2024-03-05,EU Direct (Dublin-Cherbourg),Atlantic Cargo Ferries,1564.0,1061.73,2,Y
703415,2024-12-24,EU Direct (Dublin-Cherbourg),Celtic Sealink,2606.0,1469.05,3,Y
701455,2025-11-08,UK Landbridge (Dublin-Holyhead),Nordic Freight Lines,1755.0,675.79,2,Y
702912,2025-01-30,EU Direct (Dublin-Cherbourg),Atlantic Cargo Ferries,2168.0,1488.29,2,N
705992,2025-12-27,EU Direct (Rosslare-Dunkirk),nordic freight lines,1481.0,739.64,2,Y
703609,2024-06-15,EU Direct (Dublin-Cherbourg),Atlantic Cargo Ferries,3724.0,2590.07,2,N
702140,2024-07-10,UK Landbridge (Dublin-Holyhead),Celtic Sealink,2121.0,941.98,1,N
705730,2024-01-18,EU Direct (Rosslare-Dunkirk),Nordic Freight Lines,1618.0,864.1,1,Y
701010,2025-06-22,UK Landbridge (Dublin-Holyhead),Celtic Sealink,1009.0,422.11,1,Y
704973,2025-11-22,EU Direct (Rosslare-Dunkirk),Nordic Freight Lines,2014.0,1006.22,1,N
703762,2024-10-15,EU Direct (Dublin-Cherbourg),Celtic Sealink,3706.0,2252.39,1,Y
704132,2025-01-08,EU Direct (Dublin-Cherbourg),Celtic Sealink,1701.0,1007.54,3,N
703305,2025-03-20,EU Direct (Dublin-Cherbourg),Celtic Sealink,2018.0,1205.93,3,Y
703172,2024-08-15,EU Direct (Dublin-Cherbourg),Atlantic Cargo Ferries,909.0,617.25,2,Y
705146,2024-11-14,EU Direct (Rosslare-Dunkirk),ATLANTIC CARGO FERRIES,1536.0,906.12,2,Y
704932,2024-06-22,EU Direct (Rosslare-Dunkirk),Atlantic Cargo Ferries,3597.0,2199.31,1,Y
705953,2025-01-25,EU Direct (Rosslare-Dunkirk),Nordic Freight Lines,2142.0,1052.21,2,Y
704587,2024-02-13,EU Direct (Dublin-Cherbourg),Atlantic Cargo Ferries,1713.0,1160.82,2,Y
702923,2024-10-11,EU Direct (Dublin-Cherbourg),Celtic Sealink,548.0,303.54,2,Y
705693,2025-05-17,EU Direct (Rosslare-Dunkirk),nordic freight lines,1835.0,882.25,2,Y
703761,2025-03-07,EU Direct (Dublin-Cherbourg),Celtic Sealink,1531.0,945.2,2,Y
705739,2025-12-24,EU Direct (Rosslare-Dunkirk),Atlantic Cargo Ferries,1320.0,791.95,2,Y
704997,2025-01-23,EU Direct (Rosslare-Dunkirk),Atlantic Cargo Ferries,2310.0,1362.54,2,Y
703577,2025-08-27,EU Direct (Dublin-Cherbourg),Atlantic Cargo Ferries,2403.0,1680.8,2,Y
705690,2024-09-17,EU Direct (Rosslare-Dunkirk),Nordic Freight Lines,1093.0,561.08,2,Y
700899,2024-10-17,UK Landbridge (Dublin-Holyhead),Celtic Sealink,635.0,260.57,1,Y
704866,2024-12-14,EU Direct (Rosslare-Dunkirk),Nordic Freight Lines,139.0,69.47,2,Y
702309,2025-01-04,UK Landbridge (Dublin-Holyhead),Nordic Freight Lines,1504.0,554.11,1,Y
705527,2024-02-24,EU Direct (Rosslare-Dunkirk),Nordic Freight Lines,2453.0,1189.43,2,Y
703737,2024-09-16,EU Direct (Dublin-Cherbourg),Atlantic Cargo Ferries,3514.0,2329.22,2,Y
705780,2024-02-10,EU Direct (Rosslare-Dunkirk),Atlantic Cargo Ferries,2368.0,1556.25,2,Y
704002,2025-12-05,EU Direct (Dublin-Cherbourg),Celtic Sealink,850.0,512.38,2,Y
700282,2024-03-21,UK Landbridge (Dublin-Holyhead),Nordic Freight Lines,2491.0,980.34,1,Y
703137,2024-12-11,EU Direct (Dublin-Cherbourg),Celtic Sealink,3049.0,1807.56,2,Y
704407,2025-08-31,EU Direct (Dublin-Cherbourg),Celtic Sealink,1334.0,729.45,2,Y
700362,2024-08-02,UK Landbridge (Dublin-Holyhead),Celtic Sealink,757.0,309.09,1,Y
704249,2025-05-08,EU Direct (Dublin-Cherbourg),Atlantic Cargo Ferries,3084.0,1915.52,2,Y
702241,2024-09-20,UK Landbridge (Dublin-Holyhead),Celtic Sealink,1971.0,830.17,1,Y
704836,2025-03-18,EU Direct (Rosslare-Dunkirk),Nordic Freight Lines,2181.0,1074.68,2,N
700094,2025-06-12,UK Landbridge (Dublin-Holyhead),Nordic Freight Lines,1298.0,517.56,1,Y
704895,2025-05-22,EU Direct (Rosslare-Dunkirk),Atlantic Cargo Ferries,771.0,496.01,2,Y
700174,2024-10-03,UK Landbridge (Dublin-Holyhead),Celtic Sealink,1341.0,574.51,1,Y
700123,2024-07-30,UK Landbridge (Dublin-Holyhead),Nordic Freight Lines,2322.0,914.81,2,Y
700039,2025-08-15,UK Landbridge (Dublin-Holyhead),Nordic Freight Lines,2162.0,789.48,1,Y
705252,2024-12-22,EU Direct (Rosslare-Dunkirk),Atlantic Cargo Ferries,1184.0,731.01,2,Y
704940,2025-02-26,EU Direct (Rosslare-Dunkirk),Atlantic Cargo Ferries,2499.0,1454.74,2,Y
704003,2025-03-30,EU Direct (Dublin-Cherbourg),Atlantic Cargo Ferries,1640.0,1006.11,3,Y
704328,2025-05-16,EU Direct (Dublin-Cherbourg),Atlantic Cargo Ferries,2013.0,1330.96,2,Y
704394,2025-06-20,EU Direct (Dublin-Cherbourg),Atlantic Cargo Ferries,2180.0,1352.03,2,N
702852,2025-09-08,UK Landbridge (Dublin-Holyhead),Celtic Sealink,2964.0,1191.38,1,Y
700360,2025-10-13,UK Landbridge (Dublin-Holyhead),nordic freight lines,2170.0,847.71,1,Y
702653,2025-11-01,UK Landbridge (Dublin-Holyhead),Nordic Freight Lines,2808.0,1136.4,1,Y
705425,2024-11-27,EU Direct (Rosslare-Dunkirk),Atlantic Cargo Ferries,2656.0,1666.63,1,Y
703654,2025-05-14,EU Direct (Dublin-Cherbourg),Atlantic Cargo Ferries,2820.0,1966.43,3,N
700331,2024-07-17,UK Landbridge (Dublin-Holyhead),Celtic Sealink,2532.0,1050.31,1,Y
705945,2025-11-12,EU Direct (Rosslare-Dunkirk),Atlantic Cargo Ferries,1761.0,1141.63,3,Y
700516,2024-01-30,UK Landbridge (Dublin-Holyhead),Nordic Freight Lines,1505.0,614.62,1,Y
703071,2024-12-24,EU Direct (Dublin-Cherbourg),Atlantic Cargo Ferries,2894.0,1898.83,2,Y
705432,2024-06-22,EU Direct (Rosslare-Dunkirk),Atlantic Cargo Ferries,1423.0,923.84,2,Y
705742,2024-09-10,EU Direct (Rosslare-Dunkirk), Atlantic Cargo Ferries ,1847.0,1087.53,2,Y
703022,2024-12-27,EU Direct (Dublin-Cherbourg),Atlantic Cargo Ferries,3049.0,1863.24,1,Y
700337,2024-09-25,UK Landbridge (Dublin-Holyhead),Celtic Sealink,2212.0,944.74,1,Y
701904,2024-07-08,UK Landbridge (Dublin-Holyhead),Nordic Freight Lines,3437.0,1238.62,1,Y
700732,2025-07-06,UK Landbridge (Dublin-Holyhead),Celtic Sealink,767.0,314.45,1,Y
700911,2025-05-12,UK Landbridge (Dublin-Holyhead),Nordic Freight Lines,1677.0,639.75,1,Y
701017,2024-08-13,UK Landbridge (Dublin-Holyhead),Nordic Freight Lines,1394.0,510.1,2,Y
703763,2025-11-20,EU Direct (Dublin-Cherbourg), Atlantic Cargo Ferries ,1758.0,1216.49,3,Y
704400,2025-06-29,EU Direct (Dublin-Cherbourg),Celtic Sealink,1859.0,1072.08,2,Y
702824,2024-12-02,UK Landbridge (Dublin-Holyhead),Nordic Freight Lines,3660.0,1403.17,,Y
703561,2024-06-19,EU Direct (Dublin-Cherbourg),Celtic Sealink,272.0,163.5,1,Y
700719,2025-05-12,UK Landbridge (Dublin-Holyhead),Nordic Freight Lines,1554.0,597.73,1,Y
703883,2025-03-20,EU Direct (Dublin-Cherbourg),Atlantic Cargo Ferries,2924.0,2054.57,1,Y
702406,2025-10-31,UK Landbridge (Dublin-Holyhead),Nordic Freight Lines,2016.0,786.23,1,Y
703728,2025-12-23,EU Direct (Dublin-Cherbourg),ATLANTIC CARGO FERRIES,1473.0,960.46,2,Y
701057,2024-09-07,UK Landbridge (Dublin-Holyhead),NORDIC FREIGHT LINES,3728.0,1430.58,1,Y
704241,2024-12-16,EU Direct (Dublin-Cherbourg), Celtic Sealink ,2049.0,1254.89,2,Y
703459,2024-04-06,EU Direct (Dublin-Cherbourg),Celtic Sealink,1333.0,756.76,2,Y
701518,2024-11-21,UK Landbridge (Dublin-Holyhead),Nordic Freight Lines,2083.0,753.91,1,Y
705333,2024-12-20,EU Direct (Rosslare-Dunkirk),Nordic Freight Lines,1660.0,784.82,2,Y
705260,2025-01-15,EU Direct (Rosslare-Dunkirk),Atlantic Cargo Ferries,2605.0,1563.15,2,Y
700859,2024-03-01,UK Landbridge (Dublin-Holyhead),celtic sealink,3046.0,1302.98,1,Y
701998,2025-01-15,UK Landbridge (Dublin-Holyhead),Celtic Sealink,1473.0,664.69,1,Y
705644,2025-03-26,EU Direct (Rosslare-Dunkirk),Nordic Freight Lines,954.0,444.31,2,Y
701431,2025-06-16,UK Landbridge (Dublin-Holyhead),Nordic Freight Lines,2847.0,1111.48,1,N
704816,2025-01-17,EU Direct (Rosslare-Dunkirk),Atlantic Cargo Ferries,1946.0,1283.01,2,Y
703675,2025-07-23,EU Direct (Dublin-Cherbourg),Celtic Sealink,2991.0,1637.58,2,Y
704493,2025-01-23,EU Direct (Dublin-Cherbourg),Celtic Sealink,2329.0,1419.25,2,Y
702678,2025-05-20,UK Landbridge (Dublin-Holyhead),Celtic Sealink,2001.0,795.24,1,Y
701008,2025-10-01,UK Landbridge (Dublin-Holyhead),Celtic Sealink,719.0,289.12,1,Y
705018,2025-04-27,EU Direct (Rosslare-Dunkirk),Nordic Freight Lines,1610.0,766.27,2,Y
703948,2025-02-13,EU Direct (Dublin-Cherbourg),Celtic Sealink,2423.0,1421.34,2,Y
700765,2024-06-22,UK Landbridge (Dublin-Holyhead), Celtic Sealink ,2569.0,1118.06,1,Y
702035,2025-07-01,UK Landbridge (Dublin-Holyhead),Celtic Sealink,1561.0,620.39,1,Y
704033,2025-01-10,EU Direct (Dublin-Cherbourg),Celtic Sealink,2243.0,1337.48,3,Y
700697,2024-04-23,UK Landbridge (Dublin-Holyhead),Celtic Sealink,1749.0,786.75,1,Y
701722,2025-04-22,UK Landbridge (Dublin-Holyhead),Nordic Freight Lines,1843.0,716.69,1,Y
700730,2024-10-22,UK Landbridge (Dublin-Holyhead),Nordic Freight Lines,2294.0,808.76,1,Y
704190,2025-07-30,EU Direct (Dublin-Cherbourg),Celtic Sealink,-2525.0,1367.19,1,N
701679,2025-09-02,UK Landbridge (Dublin-Holyhead),Nordic Freight Lines,1235.0,468.93,1,Y
704329,2025-10-28,EU Direct (Dublin-Cherbourg),Celtic Sealink,2072.0,1244.34,2,N
700159,2025-09-27,UK Landbridge (Dublin-Holyhead),Celtic Sealink,605.0,236.36,1,Y
704596,2024-02-14,EU Direct (Dublin-Cherbourg),Atlantic Cargo Ferries,1167.0,773.32,1,Y
701567,2024-11-20,UK Landbridge (Dublin-Holyhead),Nordic Freight Lines,1244.0,484.85,1,Y
705332,2024-08-31,EU Direct (Rosslare-Dunkirk),Nordic Freight Lines,2166.0,1139.4,2,Y
700226,2024-04-28,UK Landbridge (Dublin-Holyhead),Celtic Sealink,2613.0,1155.69,1,Y
703272,2024-02-28,EU Direct (Dublin-Cherbourg),CELTIC SEALINK,1763.0,1055.93,3,Y
704793,2025-09-24,EU Direct (Rosslare-Dunkirk),Nordic Freight Lines,2164.0,1050.48,2,Y
700867,2024-05-25,UK Landbridge (Dublin-Holyhead),Nordic Freight Lines,1853.0,663.68,1,Y
703506,2025-01-03,EU Direct (Dublin-Cherbourg),ATLANTIC CARGO FERRIES,2988.0,1861.0,3,N
705797,2025-02-04,EU Direct (Rosslare-Dunkirk),Atlantic Cargo Ferries,2229.0,1446.61,2,N
701134,2024-08-15,UK Landbridge (Dublin-Holyhead),Celtic Sealink,1121.0,464.84,1,Y
702044,2025-12-16,UK Landbridge (Dublin-Holyhead),Nordic Freight Lines,1171.0,475.29,1,Y
703310,2025-04-16,EU Direct (Dublin-Cherbourg),Celtic Sealink,1037.0,644.88,2,Y
700945,2024-02-26,UK Landbridge (Dublin-Holyhead),Celtic Sealink,3151.0,1375.71,1,Y
701942,2024-07-03,UK Landbridge (Dublin-Holyhead),Celtic Sealink,2571.0,1096.48,2,Y
701081,2025-09-04,UK Landbridge (Dublin-Holyhead),Nordic Freight Lines,3138.0,1270.45,2,Y
703189,2024-08-31,EU Direct (Dublin-Cherbourg),Celtic Sealink,1590.0,978.54,2,Y
701819,2024-08-27,UK Landbridge (Dublin-Holyhead),Nordic Freight Lines,1262.0,470.88,1,Y
701564,2024-05-08,UK Landbridge (Dublin-Holyhead),Nordic Freight Lines,2136.0,832.84,1,Y
705078,2024-10-08,EU Direct (Rosslare-Dunkirk),atlantic cargo ferries,1813.0,1196.83,3,Y
700590,2025-08-09,UK Landbridge (Dublin-Holyhead),Nordic Freight Lines,2765.0,978.58,1,Y
705337,2024-12-04,EU Direct (Rosslare-Dunkirk),ATLANTIC CARGO FERRIES,1872.0,1141.62,2,Y
705998,2024-05-12,EU Direct (Rosslare-Dunkirk),Atlantic Cargo Ferries,2153.0,1309.74,2,Y
703018,2025-12-20,EU Direct (Dublin-Cherbourg),Atlantic Cargo Ferries,4019.0,2626.77,1,Y
700598,2025-08-28,UK Landbridge (Dublin-Holyhead),Nordic Freight Lines,703.0,271.14,1,Y
701967,2024-03-31,UK Landbridge (Dublin-Holyhead),Celtic Sealink,3457.0,1437.32,1,Y
701618,2024-04-05,UK Landbridge (Dublin-Holyhead),Nordic Freight Lines,693.0,267.28,1,Y
701806,2025-05-31,UK Landbridge (Dublin-Holyhead),Celtic Sealink,1697.0,671.58,1,Y
700833,2025-08-15,UK Landbridge (Dublin-Holyhead),Nordic Freight Lines,2372.0,936.3,1,Y
705782,2024-03-02,EU Direct (Rosslare-Dunkirk),Nordic Freight Lines,378.0,201.02,2,Y
705424,2025-02-20,EU Direct (Rosslare-Dunkirk),Atlantic Cargo Ferries,783.0,483.76,2,Y
702453,2025-12-13,UK Landbridge (Dublin-Holyhead),Celtic Sealink,2924.0,1184.84,1,Y
704531,2025-07-07,EU Direct (Dublin-Cherbourg),Celtic Sealink,1161.0,661.56,2,Y
701943,2024-01-05,UK Landbridge (Dublin-Holyhead),Celtic Sealink,1777.0,774.51,1,Y
703870,2025-04-10,EU Direct (Dublin-Cherbourg),Celtic Sealink,122.0,75.49,2,Y
701274,2024-10-16,UK Landbridge (Dublin-Holyhead),Celtic Sealink,2476.0,1082.98,1,Y
702863,2024-04-09,UK Landbridge (Dublin-Holyhead),Celtic Sealink,1359.0,566.79,1,N
705253,2024-10-26,EU Direct (Rosslare-Dunkirk), Atlantic Cargo Ferries ,1827.0,1186.62,1,N
705371,2024-09-20,EU Direct (Rosslare-Dunkirk),Atlantic Cargo Ferries,2540.0,1615.41,2,Y
705308,2024-07-16,EU Direct (Rosslare-Dunkirk),Nordic Freight Lines,1556.0,836.89,2,Y
704719,2025-01-17,EU Direct (Rosslare-Dunkirk),Atlantic Cargo Ferries,3428.0,2144.09,2,Y
700294,2024-12-18,UK Landbridge (Dublin-Holyhead),Nordic Freight Lines,1872.0,728.47,1,Y
703077,2024-05-08,EU Direct (Dublin-Cherbourg),Atlantic Cargo Ferries,732.0,486.07,2,N
700342,2024-02-06,UK Landbridge (Dublin-Holyhead),Celtic Sealink,2668.0,1076.84,1,Y
703740,2025-09-04,EU Direct (Dublin-Cherbourg),Atlantic Cargo Ferries,2932.0,2077.52,2,Y
701448,2024-12-05,UK Landbridge (Dublin-Holyhead),Nordic Freight Lines,2129.0,766.51,1,Y
701161,2025-07-12,UK Landbridge (Dublin-Holyhead), Nordic Freight Lines ,2505.0,944.24,1,Y
703403,2025-05-27,EU Direct (Dublin-Cherbourg), Atlantic Cargo Ferries ,1986.0,1284.37,2,Y
701676,2024-04-26,UK Landbridge (Dublin-Holyhead),Nordic Freight Lines,2608.0,1001.01,2,Y
703867,2025-02-01,EU Direct (Dublin-Cherbourg),Celtic Sealink,2840.0,1754.39,2,Y
701366,2024-07-28,UK Landbridge (Dublin-Holyhead),Celtic Sealink,2245.0,880.68,1,Y
700330,2025-07-02,UK Landbridge (Dublin-Holyhead),Celtic Sealink,2039.0,839.69,1,Y
703311,2024-09-30,EU Direct (Dublin-Cherbourg),Celtic Sealink,1838.0,1050.32,2,Y
702483,2024-07-18,UK Landbridge (Dublin-Holyhead),Celtic Sealink,2306.0,908.65,1,Y
700356,2025-04-19,UK Landbridge (Dublin-Holyhead),Celtic Sealink,2792.0,1122.19,1,Y
705274,2024-04-07,EU Direct (Rosslare-Dunkirk),Nordic Freight Lines,2422.0,1288.32,2,Y
702416,2024-10-12,UK Landbridge (Dublin-Holyhead),Nordic Freight Lines,890.0,360.21,2,Y
701374,2024-12-19,UK Landbridge (Dublin-Holyhead),Nordic Freight Lines,2935.0,1132.11,1,Y
702529,2024-04-16,UK Landbridge (Dublin-Holyhead),Celtic Sealink,2020.0,873.05,1,Y
702958,2025-10-16,EU Direct (Dublin-Cherbourg),Celtic Sealink,2065.0,1185.08,2,Y
703975,2025-06-09,EU Direct (Dublin-Cherbourg),Atlantic Cargo Ferries,1826.0,1112.26,2,Y
705092,2025-01-22,EU Direct (Rosslare-Dunkirk),Atlantic Cargo Ferries,714.0,481.51,,N
701601,2024-06-20,UK Landbridge (Dublin-Holyhead),Nordic Freight Lines,2508.0,941.85,1,Y
704597,2025-08-01,EU Direct (Dublin-Cherbourg),Celtic Sealink,1716.0,1031.77,2,Y
701758,2025-01-26,UK Landbridge (Dublin-Holyhead),Nordic Freight Lines,3622.0,1377.26,1,Y
705170,2024-12-19,EU Direct (Rosslare-Dunkirk),Atlantic Cargo Ferries,2887.0,1902.37,2,Y
704135,2024-05-28,EU Direct (Dublin-Cherbourg),Atlantic Cargo Ferries,1413.0,971.68,3,Y
702552,2025-08-17,UK Landbridge (Dublin-Holyhead),Nordic Freight Lines,96.0,36.3,1,Y
704214,2025-10-25,EU Direct (Dublin-Cherbourg),Atlantic Cargo Ferries,2354.0,1471.84,1,Y
702684,2025-10-09,UK Landbridge (Dublin-Holyhead),Nordic Freight Lines,2696.0,973.09,1,Y
705272,2024-01-15,EU Direct (Rosslare-Dunkirk),NORDIC FREIGHT LINES,1539.0,780.71,2,Y
701203,2025-09-18,UK Landbridge (Dublin-Holyhead),Celtic Sealink,2559.0,1038.73,2,Y
702477,2024-07-10,UK Landbridge (Dublin-Holyhead),NORDIC FREIGHT LINES,2460.0,1002.98,2,Y
702370,2025-02-10,UK Landbridge (Dublin-Holyhead),Celtic Sealink,1819.0,804.67,1,Y
702459,2024-02-13,UK Landbridge (Dublin-Holyhead),Celtic Sealink,1276.0,566.86,1,Y
702965,2024-07-29,EU Direct (Dublin-Cherbourg),Atlantic Cargo Ferries,1783.0,1213.39,2,Y
705182,2024-10-09,EU Direct (Rosslare-Dunkirk),Atlantic Cargo Ferries,2524.0,1459.75,2,Y
700346,2024-09-26,UK Landbridge (Dublin-Holyhead),Nordic Freight Lines,50,18.06,1,Y
705643,2025-08-31,EU Direct (Rosslare-Dunkirk),Atlantic Cargo Ferries,1784.0,1114.19,2,Y
701826,2024-07-06,UK Landbridge (Dublin-Holyhead),Nordic Freight Lines,692.0,274.41,1,Y
703001,2024-10-30,EU Direct (Dublin-Cherbourg),Atlantic Cargo Ferries,2657.0,1618.0,2,Y
703782,2024-07-31,EU Direct (Dublin-Cherbourg),Atlantic Cargo Ferries,2126.0,1382.45,2,Y
700304,2025-09-15,UK Landbridge (Dublin-Holyhead),Nordic Freight Lines,951.0,366.31,1,Y
703354,2024-01-01,EU Direct (Dublin-Cherbourg), Atlantic Cargo Ferries ,3379.0,2251.34,1,Y
702287,2024-12-21,UK Landbridge (Dublin-Holyhead),Nordic Freight Lines,2303.0,828.79,1,Y
702182,2024-03-17,UK Landbridge (Dublin-Holyhead),Nordic Freight Lines,2356.0,927.57,1,Y
703437,2024-05-10,EU Direct (Dublin-Cherbourg),Atlantic Cargo Ferries,1177.0,813.38,1,Y
702466,2025-04-21,UK Landbridge (Dublin-Holyhead),Nordic Freight Lines,2949.0,1096.67,1,Y
701574,2025-11-07,UK Landbridge (Dublin-Holyhead),Celtic Sealink,2188.0,850.34,1,Y
705073,2025-02-05,EU Direct (Rosslare-Dunkirk),ATLANTIC CARGO FERRIES,2973.0,1889.13,2,N
701856,2024-08-13,UK Landbridge (Dublin-Holyhead),Nordic Freight Lines,442.0,167.36,1,Y
705045,2024-03-08,EU Direct (Rosslare-Dunkirk),Nordic Freight Lines,1685.0,845.78,3,Y
701753,2024-10-13,UK Landbridge (Dublin-Holyhead),Nordic Freight Lines,1749.0,620.0,1,Y
702754,2024-01-05,UK Landbridge (Dublin-Holyhead),Nordic Freight Lines,3816.0,1346.68,1,Y
703954,2024-11-08,EU Direct (Dublin-Cherbourg),Atlantic Cargo Ferries,2394.0,1642.93,2,Y
703472,2024-01-27,EU Direct (Dublin-Cherbourg),Atlantic Cargo Ferries,2452.0,1742.6,2,Y
700840,2024-10-30,UK Landbridge (Dublin-Holyhead),Nordic Freight Lines,657.0,236.58,2,Y
702439,2024-06-24,UK Landbridge (Dublin-Holyhead),Nordic Freight Lines,1161.0,416.69,2,Y
703941,2024-07-24,EU Direct (Dublin-Cherbourg),Atlantic Cargo Ferries,2751.0,1872.04,2,Y
700120,2025-07-31,UK Landbridge (Dublin-Holyhead),Nordic Freight Lines,2017.0,801.32,1,Y
701458,2025-04-14,UK Landbridge (Dublin-Holyhead),Celtic Sealink,2222.0,948.01,1,Y
700798,2024-08-25,UK Landbridge (Dublin-Holyhead),Nordic Freight Lines,902.0,369.03,1,Y
701384,2025-12-17,UK Landbridge (Dublin-Holyhead),Celtic Sealink,1730.0,687.99,1,Y
701582,2025-06-05,UK Landbridge (Dublin-Holyhead),Celtic Sealink,1258.0,510.34,2,Y
703199,2025-04-08,EU Direct (Dublin-Cherbourg),Celtic Sealink,1836.0,986.99,1,Y
702938,2025-01-05,EU Direct (Dublin-Cherbourg),Celtic Sealink,3391.0,2080.54,2,Y
700656,2025-03-10,UK Landbridge (Dublin-Holyhead),Celtic Sealink,1679.0,680.59,2,Y
700846,2024-12-09,UK Landbridge (Dublin-Holyhead),Nordic Freight Lines,1957.0,745.39,1,Y
705436,2025-07-05,EU Direct (Rosslare-Dunkirk),Nordic Freight Lines,1586.0,815.42,2,Y
700452,2024-10-26,UK Landbridge (Dublin-Holyhead),Celtic Sealink,3311.0,1280.7,1,N
703590,2025-06-24,EU Direct (Dublin-Cherbourg),CELTIC SEALINK,2018.0,1232.35,2,Y
701608,2024-09-30,UK Landbridge (Dublin-Holyhead),Nordic Freight Lines,225.0,92.67,1,N
701137,2024-06-07,UK Landbridge (Dublin-Holyhead),NORDIC FREIGHT LINES,3202.0,1292.72,1,Y
705343,2024-08-29,EU Direct (Rosslare-Dunkirk), Nordic Freight Lines ,2221.0,1128.52,2,N
705008,2025-05-16,EU Direct (Rosslare-Dunkirk),Atlantic Cargo Ferries,2472.0,1623.74,2,Y
705310,2025-05-24,EU Direct (Rosslare-Dunkirk),Nordic Freight Lines,1705.0,911.01,2,Y
704117,2024-10-22,EU Direct (Dublin-Cherbourg), Celtic Sealink ,2755.0,1618.02,2,Y
705025,2024-03-04,EU Direct (Rosslare-Dunkirk),Nordic Freight Lines,1434.0,714.81,1,Y
700292,2025-11-18,UK Landbridge (Dublin-Holyhead),Nordic Freight Lines,2375.0,868.33,1,Y
700738,2025-11-18,UK Landbridge (Dublin-Holyhead),CELTIC SEALINK,50,20.63,1,Y
704722,2025-07-30,EU Direct (Rosslare-Dunkirk),Atlantic Cargo Ferries,2414.0,1583.69,2,Y
705954,2024-02-18,EU Direct (Rosslare-Dunkirk),Atlantic Cargo Ferries,941.0,615.7,2,Y
703516,2025-09-10,EU Direct (Dublin-Cherbourg),Celtic Sealink,1850.0,1014.72,2,Y
704131,2024-08-24,EU Direct (Dublin-Cherbourg),Atlantic Cargo Ferries,2678.0,1706.6,2,Y
703831,2024-03-25,EU Direct (Dublin-Cherbourg),Celtic Sealink,50,29.03,2,Y
702877,2024-11-27,UK Landbridge (Dublin-Holyhead),Nordic Freight Lines,1924.0,728.32,1,Y
705952,2024-10-18,EU Direct (Rosslare-Dunkirk),atlantic cargo ferries,1561.0,913.47,2,Y
704652,2025-12-22,EU Direct (Rosslare-Dunkirk),Nordic Freight Lines,2818.0,1310.72,2,Y
700750,2024-01-03,UK Landbridge (Dublin-Holyhead),Celtic Sealink,3227.0,1334.56,1,Y
705941,2024-03-13,EU Direct (Rosslare-Dunkirk),Nordic Freight Lines,1306.0,646.12,2,Y
704733,2024-01-26,EU Direct (Rosslare-Dunkirk),Atlantic Cargo Ferries,2802.0,1876.75,2,Y
702633,2025-02-17,UK Landbridge (Dublin-Holyhead),Celtic Sealink,1883.0,809.7,1,Y
702407,2024-11-12,UK Landbridge (Dublin-Holyhead),Nordic Freight Lines,2361.0,937.81,1,Y
702425,2025-07-23,UK Landbridge (Dublin-Holyhead), Nordic Freight Lines ,2789.0,1074.04,1,Y
705564,2025-10-15,EU Direct (Rosslare-Dunkirk),Atlantic Cargo Ferries,3154.0,1826.39,3,Y
705588,2024-10-24,EU Direct (Rosslare-Dunkirk),Nordic Freight Lines,1213.0,566.18,2,Y
704699,2025-01-16,EU Direct (Rosslare-Dunkirk),Nordic Freight Lines,1547.0,816.73,2,Y
701335,2025-06-27,UK Landbridge (Dublin-Holyhead),Nordic Freight Lines,1628.0,656.29,1,Y
705532,2025-11-30,EU Direct (Rosslare-Dunkirk),Nordic Freight Lines,1866.0,908.86,2,Y
704456,2024-07-29,EU Direct (Dublin-Cherbourg),Celtic Sealink,1540.0,879.72,2,N
702607,2025-09-22,UK Landbridge (Dublin-Holyhead),Celtic Sealink,2368.0,986.83,1,Y
703636,2025-09-23,EU Direct (Dublin-Cherbourg),Atlantic Cargo Ferries,614.0,380.04,2,Y
701812,2024-11-07,UK Landbridge (Dublin-Holyhead),Nordic Freight Lines,1467.0,565.39,1,Y
702784,2025-05-16,UK Landbridge (Dublin-Holyhead),Nordic Freight Lines,2520.0,952.91,1,Y
702707,2025-10-25,UK Landbridge (Dublin-Holyhead),Nordic Freight Lines,927.0,334.26,1,Y
700062,2025-01-30,UK Landbridge (Dublin-Holyhead),Celtic Sealink,2281.0,953.69,1,Y
703213,2025-02-26,EU Direct (Dublin-Cherbourg), Celtic Sealink ,1904.0,1031.34,2,Y
701670,2024-01-10,UK Landbridge (Dublin-Holyhead),Celtic Sealink,296.0,127.38,1,Y
700222,2025-02-10,UK Landbridge (Dublin-Holyhead),Celtic Sealink,3490.0,1425.5,1,Y
705410,2024-04-12,EU Direct (Rosslare-Dunkirk),Nordic Freight Lines,1245.0,594.35,3,Y
700485,2025-04-23,UK Landbridge (Dublin-Holyhead),Nordic Freight Lines,2034.0,779.63,2,Y
703286,2024-12-23,EU Direct (Dublin-Cherbourg),Atlantic Cargo Ferries,2315.0,1550.84,3,Y
704388,2024-03-06,EU Direct (Dublin-Cherbourg),celtic sealink,106.0,61.66,2,Y
701165,2024-07-15,UK Landbridge (Dublin-Holyhead),Nordic Freight Lines,1566.0,645.76,,N
705901,2024-11-16,EU Direct (Rosslare-Dunkirk),Nordic Freight Lines,737.0,341.25,3,Y
703723,2024-01-11,EU Direct (Dublin-Cherbourg),Celtic Sealink,949.0,562.96,2,Y
704760,2024-06-16,EU Direct (Rosslare-Dunkirk),Atlantic Cargo Ferries,2691.0,1631.59,2,Y
704011,2025-07-22,EU Direct (Dublin-Cherbourg),Atlantic Cargo Ferries,176.0,111.34,2,Y
704177,2025-02-11,EU Direct (Dublin-Cherbourg),Celtic Sealink,2971.0,1858.94,2,Y
701748,2024-12-31,UK Landbridge (Dublin-Holyhead),Nordic Freight Lines,3088.0,1233.64,1,Y
704133,2024-01-18,EU Direct (Dublin-Cherbourg),Atlantic Cargo Ferries,1301.0,833.11,2,Y
700285,2025-05-01,UK Landbridge (Dublin-Holyhead), Celtic Sealink ,2037.0,910.93,1,Y
704831,2025-11-14,EU Direct (Rosslare-Dunkirk),Atlantic Cargo Ferries,2615.0,1749.59,2,Y
701723,2024-08-31,UK Landbridge (Dublin-Holyhead),Nordic Freight Lines,2726.0,1049.59,1,N
700861,2025-03-28,UK Landbridge (Dublin-Holyhead), Celtic Sealink ,1300.0,579.55,1,Y
701380,2025-03-31,UK Landbridge (Dublin-Holyhead),Celtic Sealink,1934.0,762.33,1,Y
700396,2024-02-08,UK Landbridge (Dublin-Holyhead),Celtic Sealink,3340.0,1481.04,1,Y
701888,2025-04-01,UK Landbridge (Dublin-Holyhead),Celtic Sealink,2438.0,1052.17,1,Y
703617,2025-09-30,EU Direct (Dublin-Cherbourg),Celtic Sealink,826.0,468.27,1,Y
700244,2024-05-22,UK Landbridge (Dublin-Holyhead),Nordic Freight Lines,1437.0,548.07,1,Y
705107,2025-06-14,EU Direct (Rosslare-Dunkirk),Nordic Freight Lines,1388.0,696.93,2,Y
704827,2025-04-28,EU Direct (Rosslare-Dunkirk),Nordic Freight Lines,4056.0,2109.47,2,Y
703517,2025-05-02,EU Direct (Dublin-Cherbourg), Celtic Sealink ,254.0,144.76,2,Y
702722,2024-12-25,UK Landbridge (Dublin-Holyhead),Celtic Sealink,1335.0,527.81,1,Y
701181,2025-06-14,UK Landbridge (Dublin-Holyhead),Celtic Sealink,1073.0,415.85,1,Y
703995,2025-06-15,EU Direct (Dublin-Cherbourg),ATLANTIC CARGO FERRIES,50,33.09,2,Y
701127,2024-06-26,UK Landbridge (Dublin-Holyhead),Celtic Sealink,2769.0,1221.47,1,Y
700141,2024-02-05,UK Landbridge (Dublin-Holyhead),Celtic Sealink,1190.0,537.87,1,Y
703514,2024-07-10,EU Direct (Dublin-Cherbourg),Atlantic Cargo Ferries,1849.0,1228.08,1,Y
702669,2024-12-21,UK Landbridge (Dublin-Holyhead),Celtic Sealink,1515.0,594.59,1,Y
701813,2025-11-22,UK Landbridge (Dublin-Holyhead),Celtic Sealink,1812.0,791.0,1,Y
701376,2025-01-06,UK Landbridge (Dublin-Holyhead),Celtic Sealink,1904.0,754.77,1,Y
702260,2025-01-05,UK Landbridge (Dublin-Holyhead),Nordic Freight Lines,2192.0,828.62,1,Y
701032,2025-04-22,UK Landbridge (Dublin-Holyhead),Celtic Sealink,2405.0,974.72,1,Y
704693,2024-07-29,EU Direct (Rosslare-Dunkirk),ATLANTIC CARGO FERRIES,2539.0,1490.05,2,Y
704498,2025-06-02,EU Direct (Dublin-Cherbourg),Celtic Sealink,1875.0,1090.07,2,Y
701919,2024-09-26,UK Landbridge (Dublin-Holyhead),Nordic Freight Lines,1540.0,557.93,1,Y
704848,2025-06-30,EU Direct (Rosslare-Dunkirk),Atlantic Cargo Ferries,850.0,509.87,2,Y
704960,2024-11-16,EU Direct (Rosslare-Dunkirk),Atlantic Cargo Ferries,1270.0,777.91,2,Y
700966,2025-08-04,UK Landbridge (Dublin-Holyhead),Celtic Sealink,1515.0,610.26,1,N
704527,2024-05-25,EU Direct (Dublin-Cherbourg),Celtic Sealink,1460.0,815.16,2,Y
703035,2025-03-07,EU Direct (Dublin-Cherbourg),Atlantic Cargo Ferries,1786.0,1117.99,2,Y
703267,2025-10-25,EU Direct (Dublin-Cherbourg),CELTIC SEALINK,2135.0,1316.45,2,N
705327,2024-12-22,EU Direct (Rosslare-Dunkirk),Atlantic Cargo Ferries,2776.0,1755.26,2,Y
704012,2024-02-05,EU Direct (Dublin-Cherbourg),Celtic Sealink,1047.0,562.28,2,Y
705731,2024-03-18,EU Direct (Rosslare-Dunkirk),Atlantic Cargo Ferries,3015.0,1751.79,2,Y
702503,2025-09-26,UK Landbridge (Dublin-Holyhead),Nordic Freight Lines,1185.0,461.82,1,Y
700704,2025-10-26,UK Landbridge (Dublin-Holyhead),Nordic Freight Lines,2789.0,982.26,1,Y
701409,2025-08-09,UK Landbridge (Dublin-Holyhead),Celtic Sealink,443.0,178.0,2,Y
700010,2025-03-06,UK Landbridge (Dublin-Holyhead),Nordic Freight Lines,1828.0,739.39,1,N
702034,2024-01-16,UK Landbridge (Dublin-Holyhead), Celtic Sealink ,1499.0,631.8,1,Y
704916,2024-07-19,EU Direct (Rosslare-Dunkirk),Nordic Freight Lines,1545.0,752.49,1,Y
704063,2025-07-02,EU Direct (Dublin-Cherbourg),Celtic Sealink,1045.0,586.33,2,Y
705251,2024-06-02,EU Direct (Rosslare-Dunkirk),Nordic Freight Lines,1050.0,507.84,2,Y
702259,2024-10-15,UK Landbridge (Dublin-Holyhead),Celtic Sealink,1728.0,739.53,1,Y
702734,2024-03-18,UK Landbridge (Dublin-Holyhead), Celtic Sealink ,50,21.55,1,N
705961,2025-02-16,EU Direct (Rosslare-Dunkirk),Nordic Freight Lines,1171.0,561.92,3,Y
700361,2024-03-09,UK Landbridge (Dublin-Holyhead),Celtic Sealink,1186.0,474.34,1,Y
701030,2024-09-08,UK Landbridge (Dublin-Holyhead),Celtic Sealink,1847.0,740.9,1,Y
701249,2024-04-25,UK Landbridge (Dublin-Holyhead),Nordic Freight Lines,3400.0,1277.25,1,Y
703835,2024-05-21,EU Direct (Dublin-Cherbourg),atlantic cargo ferries,890.0,585.23,2,Y
700127,2024-10-06,UK Landbridge (Dublin-Holyhead),Nordic Freight Lines,877.0,355.81,1,Y
703229,2025-01-04,EU Direct (Dublin-Cherbourg),Atlantic Cargo Ferries,2003.0,1335.57,3,Y
704894,2024-05-18,EU Direct (Rosslare-Dunkirk),Atlantic Cargo Ferries,657.0,429.71,2,Y
704374,2025-08-25,EU Direct (Dublin-Cherbourg),Atlantic Cargo Ferries,2161.0,1472.96,3,Y
704186,2025-10-02,EU Direct (Dublin-Cherbourg),Atlantic Cargo Ferries,1833.0,1204.37,2,Y
702220,2024-11-14,UK Landbridge (Dublin-Holyhead),nordic freight lines,1543.0,606.16,1,Y
702595,2024-06-20,UK Landbridge (Dublin-Holyhead),Nordic Freight Lines,2549.0,973.28,1,Y
703225,2024-01-30,EU Direct (Dublin-Cherbourg),Atlantic Cargo Ferries,3174.0,2070.72,2,Y
704146,2024-02-25,EU Direct (Dublin-Cherbourg),Atlantic Cargo Ferries,1115.0,700.88,3,Y
705975,2024-05-01,EU Direct (Rosslare-Dunkirk),Nordic Freight Lines,1300.0,630.45,2,Y
704013,2024-10-27,EU Direct (Dublin-Cherbourg),Atlantic Cargo Ferries,2405.0,1540.68,2,N
702563,2025-06-08,UK Landbridge (Dublin-Holyhead),Nordic Freight Lines,2709.0,1104.97,2,Y
701644,2025-11-01,UK Landbridge (Dublin-Holyhead),Celtic Sealink,2412.0,1025.78,1,Y
701266,2025-10-22,UK Landbridge (Dublin-Holyhead),Celtic Sealink,50,20.71,1,Y
700197,2025-12-12,UK Landbridge (Dublin-Holyhead),celtic sealink,2186.0,869.87,2,Y
702954,2025-05-16,EU Direct (Dublin-Cherbourg),Celtic Sealink,2076.0,1239.82,3,Y
702324,2025-03-08,UK Landbridge (Dublin-Holyhead),celtic sealink,2254.0,962.65,1,Y
700785,2024-05-16,UK Landbridge (Dublin-Holyhead),Nordic Freight Lines,1134.0,399.83,1,Y
704088,2024-07-11,EU Direct (Dublin-Cherbourg),Atlantic Cargo Ferries,2817.0,1964.57,2,N
704201,2024-05-26,EU Direct (Dublin-Cherbourg),Celtic Sealink,2791.0,1720.79,2,Y
702006,2025-05-20,UK Landbridge (Dublin-Holyhead),Nordic Freight Lines,2157.0,768.22,1,Y
701435,2024-03-05,UK Landbridge (Dublin-Holyhead),Celtic Sealink,820.0,368.49,1,Y
705113,2024-02-28,EU Direct (Rosslare-Dunkirk),nordic freight lines,2102.0,1055.92,2,Y
701124,2024-08-06,UK Landbridge (Dublin-Holyhead),Celtic Sealink,2297.0,928.22,1,Y
702792,2025-12-30,UK Landbridge (Dublin-Holyhead),Nordic Freight Lines,172.0,66.72,1,N
705830,2024-11-29,EU Direct (Rosslare-Dunkirk),Nordic Freight Lines,1349.0,623.97,2,Y
705578,2024-08-18,EU Direct (Rosslare-Dunkirk),Nordic Freight Lines,1526.0,815.62,2,Y
700529,2025-07-26,UK Landbridge (Dublin-Holyhead), Celtic Sealink ,1509.0,644.01,1,Y
704007,2024-09-09,EU Direct (Dublin-Cherbourg),Atlantic Cargo Ferries,2295.0,1543.45,,Y
701805,2025-01-05,UK Landbridge (Dublin-Holyhead),Nordic Freight Lines,811.0,330.22,1,Y
705657,2024-05-16,EU Direct (Rosslare-Dunkirk),Nordic Freight Lines,2483.0,1285.86,1,Y
701476,2024-07-23,UK Landbridge (Dublin-Holyhead),Nordic Freight Lines,1608.0,629.2,1,Y
700142,2025-04-17,UK Landbridge (Dublin-Holyhead),Nordic Freight Lines,2354.0,872.18,1,N
701624,2025-07-20,UK Landbridge (Dublin-Holyhead),NORDIC FREIGHT LINES,878.0,322.38,1,Y
705721,2024-06-11,EU Direct (Rosslare-Dunkirk),Atlantic Cargo Ferries,3357.0,2177.14,2,Y
703712,2025-10-02,EU Direct (Dublin-Cherbourg),Atlantic Cargo Ferries,760.0,521.41,2,Y
701329,2024-12-22,UK Landbridge (Dublin-Holyhead),Nordic Freight Lines,3011.0,1221.6,1,Y
702755,2025-09-18,UK Landbridge (Dublin-Holyhead),Nordic Freight Lines,1409.0,532.0,1,Y
700281,2024-02-23,UK Landbridge (Dublin-Holyhead),Nordic Freight Lines,2528.0,1021.83,1,Y
705084,2025-02-17,EU Direct (Rosslare-Dunkirk),Nordic Freight Lines,1238.0,663.07,2,Y
704673,2025-10-09,EU Direct (Rosslare-Dunkirk),Atlantic Cargo Ferries,1722.0,1047.29,2,Y
705441,2025-11-22,EU Direct (Rosslare-Dunkirk),Atlantic Cargo Ferries,1816.0,1198.23,2,N
700740,2024-01-25,UK Landbridge (Dublin-Holyhead),Nordic Freight Lines,50,18.52,2,N
702857,2025-03-13,UK Landbridge (Dublin-Holyhead),Nordic Freight Lines,2912.0,1092.78,1,Y
704351,2025-05-23,EU Direct (Dublin-Cherbourg),Celtic Sealink,1760.0,957.38,2,Y
703389,2025-10-13,EU Direct (Dublin-Cherbourg),Atlantic Cargo Ferries,3147.0,1930.57,2,Y
701778,2025-03-10,UK Landbridge (Dublin-Holyhead),Nordic Freight Lines,2455.0,961.32,1,Y
702286,2024-04-26,UK Landbridge (Dublin-Holyhead),Nordic Freight Lines,787.0,313.64,1,Y
703798,2025-12-19,EU Direct (Dublin-Cherbourg),Atlantic Cargo Ferries,174.0,115.66,2,N
701007,2024-02-16,UK Landbridge (Dublin-Holyhead),Nordic Freight Lines,2317.0,935.86,1,Y
700372,2025-08-22,UK Landbridge (Dublin-Holyhead),Nordic Freight Lines,1917.0,693.35,1,Y
705059,2024-05-22,EU Direct (Rosslare-Dunkirk),Atlantic Cargo Ferries,1877.0,1127.93,2,Y
703176,2025-08-19,EU Direct (Dublin-Cherbourg),Atlantic Cargo Ferries,1482.0,931.24,2,Y
700889,2024-08-20,UK Landbridge (Dublin-Holyhead),Nordic Freight Lines,1860.0,745.6,1,N
705937,2025-08-29,EU Direct (Rosslare-Dunkirk),Nordic Freight Lines,2141.0,1001.14,2,Y
703007,2024-10-16,EU Direct (Dublin-Cherbourg),Celtic Sealink,1334.0,739.7,3,Y
704293,2024-06-08,EU Direct (Dublin-Cherbourg),Celtic Sealink,1923.0,1155.28,1,Y
702538,2024-01-20,UK Landbridge (Dublin-Holyhead),Nordic Freight Lines,1643.0,657.77,1,Y
704108,2024-09-04,EU Direct (Dublin-Cherbourg),Celtic Sealink,1332.0,801.95,3,Y
702663,2025-01-04,UK Landbridge (Dublin-Holyhead),Celtic Sealink,1493.0,613.71,2,Y
700938,2024-07-14,UK Landbridge (Dublin-Holyhead),Nordic Freight Lines,2631.0,968.76,1,Y
700763,2024-11-01,UK Landbridge (Dublin-Holyhead),Celtic Sealink,2310.0,918.57,1,Y
701398,2024-10-31,UK Landbridge (Dublin-Holyhead),Nordic Freight Lines,2359.0,841.45,1,Y
704854,2025-12-11,EU Direct (Rosslare-Dunkirk),Nordic Freight Lines,2554.0,1329.22,1,Y
701391,2025-06-20,UK Landbridge (Dublin-Holyhead),Nordic Freight Lines,3187.0,1165.59,2,Y
700137,2025-12-13,UK Landbridge (Dublin-Holyhead),Celtic Sealink,1307.0,551.18,2,Y
703359,2025-12-17,EU Direct (Dublin-Cherbourg),Celtic Sealink,2498.0,1340.02,2,Y
700946,2024-06-08,UK Landbridge (Dublin-Holyhead),Nordic Freight Lines,1309.0,518.8,1,Y
702251,2024-01-12,UK Landbridge (Dublin-Holyhead),Nordic Freight Lines,2667.0,1035.05,1,Y
704726,2025-02-23,EU Direct (Rosslare-Dunkirk),Atlantic Cargo Ferries,1862.0,1218.36,2,Y
703526,2024-05-03,EU Direct (Dublin-Cherbourg),Atlantic Cargo Ferries,2504.0,1664.7,,Y
704148,2025-01-12,EU Direct (Dublin-Cherbourg), Atlantic Cargo Ferries ,-1103.0,775.48,2,Y
705698,2025-05-25,EU Direct (Rosslare-Dunkirk),Atlantic Cargo Ferries,1565.0,918.03,2,Y
701451,2025-05-10,UK Landbridge (Dublin-Holyhead),Celtic Sealink,50,22.36,1,Y
704811,2025-11-03,EU Direct (Rosslare-Dunkirk),Nordic Freight Lines,993.0,532.46,2,N
700652,2025-07-20,UK Landbridge (Dublin-Holyhead),Nordic Freight Lines,1073.0,420.27,1,Y
704808,2024-12-21,EU Direct (Rosslare-Dunkirk),Nordic Freight Lines,1472.0,757.95,2,Y
705542,2025-04-08,EU Direct (Rosslare-Dunkirk),Atlantic Cargo Ferries,2030.0,1279.34,2,Y
701787,2025-06-15,UK Landbridge (Dublin-Holyhead),Celtic Sealink,2326.0,943.59,2,Y
705871,2025-05-22,EU Direct (Rosslare-Dunkirk),Nordic Freight Lines,2779.0,1499.52,3,N
701423,2025-03-16,UK Landbridge (Dublin-Holyhead),Celtic Sealink,1054.0,457.41,2,Y
702704,2025-10-07,UK Landbridge (Dublin-Holyhead),Celtic Sealink,2648.0,1144.39,1,Y
704335,2024-08-06,EU Direct (Dublin-Cherbourg),Celtic Sealink,2192.0,1311.26,2,Y
702584,2024-11-27,UK Landbridge (Dublin-Holyhead),Celtic Sealink,1596.0,690.93,1,Y
700714,2024-03-19,UK Landbridge (Dublin-Holyhead),Celtic Sealink,1234.0,542.05,1,Y
703078,2025-06-01,EU Direct (Dublin-Cherbourg),Atlantic Cargo Ferries,1998.0,1279.23,2,Y
702404,2025-06-03,UK Landbridge (Dublin-Holyhead),Nordic Freight Lines,50,18.76,1,Y
704830,2025-07-25,EU Direct (Rosslare-Dunkirk),Nordic Freight Lines,1409.0,755.81,1,Y
703635,2025-07-15,EU Direct (Dublin-Cherbourg), Celtic Sealink ,2961.0,1725.87,,Y
702606,2025-10-10,UK Landbridge (Dublin-Holyhead),Nordic Freight Lines,1854.0,736.2,1,Y
704671,2024-06-21,EU Direct (Rosslare-Dunkirk),atlantic cargo ferries,1022.0,676.15,2,Y
703046,2024-11-13,EU Direct (Dublin-Cherbourg),Atlantic Cargo Ferries,2183.0,1529.55,2,Y
704160,2025-08-17,EU Direct (Dublin-Cherbourg),Atlantic Cargo Ferries,3161.0,2160.62,2,Y
702116,2024-02-15,UK Landbridge (Dublin-Holyhead),NORDIC FREIGHT LINES,1215.0,498.26,1,Y
701084,2025-03-20,UK Landbridge (Dublin-Holyhead),Celtic Sealink,1102.0,472.5,1,Y
704980,2025-02-25,EU Direct (Rosslare-Dunkirk),Nordic Freight Lines,2636.0,1325.25,1,N
700189,2024-11-28,UK Landbridge (Dublin-Holyhead),Celtic Sealink,2385.0,1080.69,1,Y
701543,2024-07-30,UK Landbridge (Dublin-Holyhead),Celtic Sealink,1474.0,597.01,2,Y
705708,2025-09-15,EU Direct (Rosslare-Dunkirk),Atlantic Cargo Ferries,3649.0,2282.81,2,Y
704138,2024-07-09,EU Direct (Dublin-Cherbourg),Celtic Sealink,1271.0,692.15,2,Y
701895,2025-03-28,UK Landbridge (Dublin-Holyhead),Celtic Sealink,3228.0,1337.67,1,Y
701680,2024-02-14,UK Landbridge (Dublin-Holyhead),Nordic Freight Lines,3083.0,1187.44,1,Y
702138,2024-01-09,UK Landbridge (Dublin-Holyhead),Nordic Freight Lines,2676.0,993.32,1,N
700651,2024-11-16,UK Landbridge (Dublin-Holyhead),Celtic Sealink,1273.0,532.38,1,Y
705467,2025-01-08,EU Direct (Rosslare-Dunkirk),Atlantic Cargo Ferries,1803.0,1105.45,3,Y
700873,2024-07-14,UK Landbridge (Dublin-Holyhead),Celtic Sealink,2018.0,801.68,1,Y
700324,2025-05-20,UK Landbridge (Dublin-Holyhead),Nordic Freight Lines,2724.0,1055.8,1,Y
701707,2025-06-22,UK Landbridge (Dublin-Holyhead),Celtic Sealink,2929.0,1223.31,1,Y
700423,2024-02-27,UK Landbridge (Dublin-Holyhead), Nordic Freight Lines ,2091.0,829.8,1,Y
703113,2025-12-09,EU Direct (Dublin-Cherbourg),Celtic Sealink,1845.0,985.21,2,N
703299,2024-02-01,EU Direct (Dublin-Cherbourg),Atlantic Cargo Ferries,1932.0,1360.85,2,Y
704348,2025-08-12,EU Direct (Dublin-Cherbourg),Atlantic Cargo Ferries,1487.0,1032.6,2,N
702283,2025-11-08,UK Landbridge (Dublin-Holyhead),Nordic Freight Lines,3116.0,1164.97,1,Y
703399,2025-11-09,EU Direct (Dublin-Cherbourg),Atlantic Cargo Ferries,2665.0,1865.79,2,Y
704867,2024-11-12,EU Direct (Rosslare-Dunkirk),Nordic Freight Lines,1890.0,903.33,2,Y
704017,2024-07-09,EU Direct (Dublin-Cherbourg),Celtic Sealink,3474.0,1982.24,2,Y
702382,2025-02-05,UK Landbridge (Dublin-Holyhead),Nordic Freight Lines,1213.0,494.67,1,Y
703377,2025-11-21,EU Direct (Dublin-Cherbourg),Celtic Sealink,2957.0,1719.76,2,Y
705660,2024-02-15,EU Direct (Rosslare-Dunkirk),Atlantic Cargo Ferries,1309.0,783.73,2,Y
702724,2024-07-10,UK Landbridge (Dublin-Holyhead),Celtic Sealink,2783.0,1255.57,1,Y
705400,2025-09-05,EU Direct (Rosslare-Dunkirk),Nordic Freight Lines,1193.0,572.11,2,Y
701894,2024-09-01,UK Landbridge (Dublin-Holyhead),Celtic Sealink,854.0,379.58,1,Y
703700,2025-01-18,EU Direct (Dublin-Cherbourg),Celtic Sealink,2467.0,1327.27,3,Y
705262,2024-10-07,EU Direct (Rosslare-Dunkirk),Nordic Freight Lines,2931.0,1572.43,2,N
704700,2024-04-20,EU Direct (Rosslare-Dunkirk), Atlantic Cargo Ferries ,1522.0,910.28,2,Y
704988,2025-12-24,EU Direct (Rosslare-Dunkirk),Atlantic Cargo Ferries,2643.0,1673.99,1,Y
704031,2025-12-21,EU Direct (Dublin-Cherbourg),atlantic cargo ferries,608.0,429.45,2,Y
704445,2024-08-02,EU Direct (Dublin-Cherbourg),CELTIC SEALINK,946.0,525.17,2,Y
705948,2024-08-17,EU Direct (Rosslare-Dunkirk),nordic freight lines,1282.0,673.54,2,Y
704724,2024-11-05,EU Direct (Rosslare-Dunkirk),Nordic Freight Lines,2842.0,1324.68,3,Y
701389,2025-07-20,UK Landbridge (Dublin-Holyhead),Nordic Freight Lines,3166.0,1137.58,2,Y
702319,2025-05-14,UK Landbridge (Dublin-Holyhead),Nordic Freight Lines,1065.0,410.67,1,Y
702151,2025-04-19,UK Landbridge (Dublin-Holyhead),Nordic Freight Lines,685.0,275.03,1,Y
700756,2024-09-15,UK Landbridge (Dublin-Holyhead),Celtic Sealink,1046.0,468.0,1,Y
700662,2025-05-28,UK Landbridge (Dublin-Holyhead),Celtic Sealink,2735.0,1158.23,1,Y
704304,2025-07-12,EU Direct (Dublin-Cherbourg),Celtic Sealink,635.0,363.07,2,Y
704325,2025-07-28,EU Direct (Dublin-Cherbourg),Atlantic Cargo Ferries,2937.0,1933.64,1,Y
705587,2024-04-18,EU Direct (Rosslare-Dunkirk),Atlantic Cargo Ferries,2616.0,1706.32,2,Y
701273,2025-11-15,UK Landbridge (Dublin-Holyhead),Celtic Sealink,1382.0,552.12,1,Y
700328,2024-01-30,UK Landbridge (Dublin-Holyhead),celtic sealink,1869.0,740.39,2,Y
702619,2024-10-01,UK Landbridge (Dublin-Holyhead),Celtic Sealink,2122.0,947.37,1,Y
704630,2024-12-01,EU Direct (Rosslare-Dunkirk),Nordic Freight Lines,1318.0,669.85,2,Y
704869,2024-06-28,EU Direct (Rosslare-Dunkirk),Nordic Freight Lines,50,24.99,2,Y
700332,2024-06-13,UK Landbridge (Dublin-Holyhead),Celtic Sealink,750.0,308.55,1,Y
702246,2025-07-16,UK Landbridge (Dublin-Holyhead),Celtic Sealink,2038.0,819.69,1,Y
702719,2025-04-23,UK Landbridge (Dublin-Holyhead),Nordic Freight Lines,1358.0,501.33,2,Y
704120,2024-11-10,EU Direct (Dublin-Cherbourg),Celtic Sealink,1595.0,952.96,2,Y
702232,2024-06-27,UK Landbridge (Dublin-Holyhead),Nordic Freight Lines,2426.0,925.61,1,Y
701313,2024-10-15,UK Landbridge (Dublin-Holyhead),Nordic Freight Lines,50,18.08,1,Y
700177,2025-03-29,UK Landbridge (Dublin-Holyhead),Celtic Sealink,50,19.48,1,Y
705833,2024-06-10,EU Direct (Rosslare-Dunkirk),Atlantic Cargo Ferries,2076.0,1300.07,2,Y
704706,2025-07-30,EU Direct (Rosslare-Dunkirk),Atlantic Cargo Ferries,1358.0,819.53,2,Y
704310,2025-01-25,EU Direct (Dublin-Cherbourg),Celtic Sealink,917.0,526.08,3,Y
701825,2025-11-30,UK Landbridge (Dublin-Holyhead),Nordic Freight Lines,1530.0,551.16,1,Y
703731,2024-01-26,EU Direct (Dublin-Cherbourg),ATLANTIC CARGO FERRIES,3067.0,2047.64,2,Y
703420,2025-07-24,EU Direct (Dublin-Cherbourg),Celtic Sealink,2364.0,1376.81,2,Y
700054,2024-07-04,UK Landbridge (Dublin-Holyhead),Celtic Sealink,1089.0,447.88,1,Y
703088,2025-03-03,EU Direct (Dublin-Cherbourg),Atlantic Cargo Ferries,2548.0,1637.74,3,Y
704923,2024-01-30,EU Direct (Rosslare-Dunkirk),Atlantic Cargo Ferries,1201.0,768.95,2,Y
702934,2025-08-17,EU Direct (Dublin-Cherbourg),Celtic Sealink,1676.0,950.47,2,Y
704100,2025-10-23,EU Direct (Dublin-Cherbourg),Celtic Sealink,2168.0,1174.89,2,Y
702596,2025-09-25,UK Landbridge (Dublin-Holyhead),Nordic Freight Lines,1991.0,708.27,1,Y
701603,2024-03-23,UK Landbridge (Dublin-Holyhead),Celtic Sealink,2753.0,1082.1,1,Y
705764,2025-12-26,EU Direct (Rosslare-Dunkirk),Nordic Freight Lines,1055.0,528.98,2,Y
704320,2025-09-02,EU Direct (Dublin-Cherbourg),Atlantic Cargo Ferries,475.0,328.44,2,Y
704312,2025-07-17,EU Direct (Dublin-Cherbourg),Celtic Sealink,548.0,318.83,2,Y
702384,2024-09-06,UK Landbridge (Dublin-Holyhead),Nordic Freight Lines,2055.0,827.89,1,Y
704855,2024-11-11,EU Direct (Rosslare-Dunkirk),Nordic Freight Lines,1608.0,801.08,3,Y
702366,2024-02-23,UK Landbridge (Dublin-Holyhead),Celtic Sealink,2555.0,1124.76,1,Y
701073,2024-09-06,UK Landbridge (Dublin-Holyhead), Celtic Sealink ,2557.0,1029.92,1,Y
702665,2024-07-09,UK Landbridge (Dublin-Holyhead),Celtic Sealink,2060.0,869.27,1,Y
701720,2024-03-27,UK Landbridge (Dublin-Holyhead),Celtic Sealink,1780.0,700.42,1,Y
703338,2025-01-01,EU Direct (Dublin-Cherbourg),Atlantic Cargo Ferries,1764.0,1122.3,2,Y
702842,2024-09-12,UK Landbridge (Dublin-Holyhead),Celtic Sealink,1489.0,636.16,1,Y
703742,2025-08-15,EU Direct (Dublin-Cherbourg),Atlantic Cargo Ferries,692.0,465.6,2,Y
702808,2024-05-13,UK Landbridge (Dublin-Holyhead),Nordic Freight Lines,1148.0,447.59,1,Y
701216,2024-12-20,UK Landbridge (Dublin-Holyhead),Nordic Freight Lines,1231.0,475.4,1,Y
705773,2025-02-18,EU Direct (Rosslare-Dunkirk),Nordic Freight Lines,1597.0,821.46,2,Y
702169,2024-04-24,UK Landbridge (Dublin-Holyhead),Celtic Sealink,436.0,176.47,1,Y
704661,2025-02-03,EU Direct (Rosslare-Dunkirk),Atlantic Cargo Ferries,1932.0,1264.14,2,Y
705908,2025-04-27,EU Direct (Rosslare-Dunkirk),Nordic Freight Lines,50,24.07,2,Y
704826,2025-12-11,EU Direct (Rosslare-Dunkirk),Atlantic Cargo Ferries,1331.0,894.26,2,Y
703352,2025-07-21,EU Direct (Dublin-Cherbourg),Celtic Sealink,1225.0,711.65,2,Y
700912,2024-08-27,UK Landbridge (Dublin-Holyhead),Nordic Freight Lines,1066.0,401.38,1,Y
700957,2025-03-08,UK Landbridge (Dublin-Holyhead),Nordic Freight Lines,1364.0,524.41,1,N
703820,2024-08-29,EU Direct (Dublin-Cherbourg),Atlantic Cargo Ferries,2935.0,1878.52,2,Y
705846,2024-06-28,EU Direct (Rosslare-Dunkirk),Nordic Freight Lines,2092.0,1071.53,2,Y
700377,2024-08-24,UK Landbridge (Dublin-Holyhead),Nordic Freight Lines,2447.0,1001.47,2,Y
704621,2024-09-30,EU Direct (Rosslare-Dunkirk),Atlantic Cargo Ferries,1169.0,708.62,2,Y
704741,2024-06-22,EU Direct (Rosslare-Dunkirk),NORDIC FREIGHT LINES,1028.0,526.98,2,Y
703278,2024-03-25,EU Direct (Dublin-Cherbourg),atlantic cargo ferries,2779.0,1791.26,2,Y
705929,2025-01-14,EU Direct (Rosslare-Dunkirk),Nordic Freight Lines,2449.0,1253.99,3,Y
703591,2025-08-22,EU Direct (Dublin-Cherbourg),Atlantic Cargo Ferries,2405.0,1716.1,2,Y
703092,2025-12-24,EU Direct (Dublin-Cherbourg),Atlantic Cargo Ferries,1051.0,729.99,1,Y
705679,2025-04-05,EU Direct (Rosslare-Dunkirk),Atlantic Cargo Ferries,1374.0,918.52,2,Y
700163,2025-12-13,UK Landbridge (Dublin-Holyhead),Celtic Sealink,1383.0,552.25,1,Y
705903,2025-03-07,EU Direct (Rosslare-Dunkirk),Nordic Freight Lines,681.0,337.61,2,Y
700870,2024-01-28,UK Landbridge (Dublin-Holyhead), Nordic Freight Lines ,1111.0,407.9,1,N
703634,2025-08-17,EU Direct (Dublin-Cherbourg), Celtic Sealink ,1038.0,560.34,2,Y
705512,2025-08-07,EU Direct (Rosslare-Dunkirk),Atlantic Cargo Ferries,1893.0,1206.55,2,Y
700989,2025-06-12,UK Landbridge (Dublin-Holyhead),Celtic Sealink,1764.0,767.32,2,Y
701034,2024-10-18,UK Landbridge (Dublin-Holyhead),Celtic Sealink,2206.0,993.06,1,Y
701051,2025-08-12,UK Landbridge (Dublin-Holyhead),Nordic Freight Lines,2664.0,1080.65,1,Y
705999,2025-09-19,EU Direct (Rosslare-Dunkirk),Atlantic Cargo Ferries,1940.0,1158.28,2,Y
700874,2025-08-12,UK Landbridge (Dublin-Holyhead),Nordic Freight Lines,2752.0,1097.88,2,Y
702528,2025-02-08,UK Landbridge (Dublin-Holyhead),Celtic Sealink,3259.0,1404.21,,Y
701493,2025-02-05,UK Landbridge (Dublin-Holyhead),celtic sealink,2036.0,864.49,1,Y
701402,2024-06-18,UK Landbridge (Dublin-Holyhead),Nordic Freight Lines,904.0,362.1,1,Y
702558,2024-07-30,UK Landbridge (Dublin-Holyhead),Celtic Sealink,180.0,76.67,1,Y
705893,2024-11-27,EU Direct (Rosslare-Dunkirk),Nordic Freight Lines,1493.0,777.75,2,Y
705995,2025-08-21,EU Direct (Rosslare-Dunkirk),Atlantic Cargo Ferries,1217.0,813.97,2,Y
704702,2025-11-16,EU Direct (Rosslare-Dunkirk), Nordic Freight Lines ,3150.0,1590.99,2,Y
703287,2025-04-09,EU Direct (Dublin-Cherbourg),Celtic Sealink,2025.0,1149.75,1,Y
701474,2025-04-09,UK Landbridge (Dublin-Holyhead),Celtic Sealink,1394.0,570.6,1,Y
705536,2024-01-30,EU Direct (Rosslare-Dunkirk),Nordic Freight Lines,2340.0,1086.41,1,Y
700803,2025-05-25,UK Landbridge (Dublin-Holyhead),Celtic Sealink,413.0,170.02,2,Y
704826,2025-12-11,EU Direct (Rosslare-Dunkirk),Atlantic Cargo Ferries,1331.0,894.26,2,Y
701527,2025-01-12,UK Landbridge (Dublin-Holyhead),nordic freight lines,2289.0,823.64,2,Y
703274,2024-03-22,EU Direct (Dublin-Cherbourg),Atlantic Cargo Ferries,1799.0,1184.83,2,Y
704992,2025-01-04,EU Direct (Rosslare-Dunkirk),Atlantic Cargo Ferries,1452.0,979.29,2,Y
704077,2025-12-12,EU Direct (Dublin-Cherbourg),Atlantic Cargo Ferries,2565.0,1603.09,2,Y
701191,2024-09-07,UK Landbridge (Dublin-Holyhead),Celtic Sealink,734.0,294.99,1,Y
705165,2024-07-05,EU Direct (Rosslare-Dunkirk),Nordic Freight Lines,2303.0,1085.34,2,Y
705188,2025-12-01,EU Direct (Rosslare-Dunkirk),Atlantic Cargo Ferries,3496.0,2156.88,2,Y
703349,2024-11-03,EU Direct (Dublin-Cherbourg),Celtic Sealink,2470.0,1400.07,,Y
702713,2025-04-02,UK Landbridge (Dublin-Holyhead),nordic freight lines,2212.0,821.92,2,Y
703409,2025-09-26,EU Direct (Dublin-Cherbourg),atlantic cargo ferries,987.0,620.35,2,Y
700404,2025-09-06,UK Landbridge (Dublin-Holyhead),celtic sealink,2801.0,1251.18,1,Y
701547,2024-05-05,UK Landbridge (Dublin-Holyhead),Nordic Freight Lines,1578.0,589.84,1,Y
701243,2025-12-02,UK Landbridge (Dublin-Holyhead),Celtic Sealink,1632.0,678.97,1,Y
702076,2024-04-09,UK Landbridge (Dublin-Holyhead),Nordic Freight Lines,2141.0,845.75,1,Y
701833,2025-08-19,UK Landbridge (Dublin-Holyhead),Celtic Sealink,1577.0,715.21,1,Y
705042,2025-10-22,EU Direct (Rosslare-Dunkirk),Nordic Freight Lines,2991.0,1391.29,2,Y
705592,2024-04-04,EU Direct (Rosslare-Dunkirk),Nordic Freight Lines,2713.0,1454.69,1,N
703927,2025-01-06,EU Direct (Dublin-Cherbourg),celtic sealink,2638.0,1619.25,3,Y
703328,2024-05-08,EU Direct (Dublin-Cherbourg),Celtic Sealink,3635.0,1947.69,2,Y
703486,2024-07-31,EU Direct (Dublin-Cherbourg),Atlantic Cargo Ferries,2321.0,1434.79,2,Y
702025,2024-12-30,UK Landbridge (Dublin-Holyhead),Nordic Freight Lines,1665.0,598.07,1,Y
705672,2025-01-29,EU Direct (Rosslare-Dunkirk),NORDIC FREIGHT LINES,2779.0,1349.3,2,Y
705673,2024-05-09,EU Direct (Rosslare-Dunkirk),Nordic Freight Lines,1322.0,640.62,2,Y
702056,2024-01-09,UK Landbridge (Dublin-Holyhead),Celtic Sealink,1736.0,694.94,1,Y
700104,2025-06-07,UK Landbridge (Dublin-Holyhead),Nordic Freight Lines,2192.0,790.59,1,Y
700645,2024-11-25,UK Landbridge (Dublin-Holyhead),Celtic Sealink,2768.0,1144.45,2,N
705169,2024-03-03,EU Direct (Rosslare-Dunkirk),Nordic Freight Lines,1482.0,783.9,2,Y
702815,2025-05-14,UK Landbridge (Dublin-Holyhead),Nordic Freight Lines,1656.0,677.34,1,Y
705580,2025-11-09,EU Direct (Rosslare-Dunkirk),Atlantic Cargo Ferries,3122.0,1904.12,1,Y
700224,2025-08-16,UK Landbridge (Dublin-Holyhead),Celtic Sealink,195.0,81.63,1,Y
701125,2024-05-26,UK Landbridge (Dublin-Holyhead),Celtic Sealink,1833.0,776.47,1,N
702011,2024-06-09,UK Landbridge (Dublin-Holyhead),Celtic Sealink,645.0,250.14,1,Y
700685,2025-07-03,UK Landbridge (Dublin-Holyhead),NORDIC FREIGHT LINES,2063.0,738.57,,N
700420,2024-11-26,UK Landbridge (Dublin-Holyhead),Celtic Sealink,1145.0,498.38,1,Y
701583,2024-02-24,UK Landbridge (Dublin-Holyhead),Celtic Sealink,1777.0,753.39,1,Y
704386,2024-05-19,EU Direct (Dublin-Cherbourg),Atlantic Cargo Ferries,1613.0,1138.91,2,Y
700940,2024-01-30,UK Landbridge (Dublin-Holyhead),Nordic Freight Lines,488.0,190.41,1,Y
701646,2024-01-21,UK Landbridge (Dublin-Holyhead),Nordic Freight Lines,3395.0,1220.69,1,Y
703473,2024-07-30,EU Direct (Dublin-Cherbourg),Celtic Sealink,2774.0,1621.77,2,Y
703314,2025-10-17,EU Direct (Dublin-Cherbourg),Atlantic Cargo Ferries,2239.0,1542.7,2,Y
701143,2025-04-25,UK Landbridge (Dublin-Holyhead),Nordic Freight Lines,1784.0,658.02,1,N
700584,2025-06-18,UK Landbridge (Dublin-Holyhead),Celtic Sealink,1285.0,582.82,1,Y
701372,2024-01-18,UK Landbridge (Dublin-Holyhead),Celtic Sealink,3060.0,1312.34,1,Y
703686,2025-07-17,EU Direct (Dublin-Cherbourg),Celtic Sealink,2624.0,1603.56,3,Y
702611,2024-02-22,UK Landbridge (Dublin-Holyhead),Nordic Freight Lines,2216.0,900.8,1,Y
700540,2025-12-08,UK Landbridge (Dublin-Holyhead),Celtic Sealink,50,22.05,1,Y
703179,2024-04-01,EU Direct (Dublin-Cherbourg),Celtic Sealink,1714.0,963.81,2,Y
700713,2025-11-05,UK Landbridge (Dublin-Holyhead),Celtic Sealink,1746.0,704.43,1,Y
705858,2025-07-13,EU Direct (Rosslare-Dunkirk), Atlantic Cargo Ferries ,350.0,211.97,2,Y
703289,2024-08-11,EU Direct (Dublin-Cherbourg),Celtic Sealink,2140.0,1315.72,3,Y
703206,2024-05-17,EU Direct (Dublin-Cherbourg),Atlantic Cargo Ferries,1235.0,814.33,2,Y
703398,2024-05-07,EU Direct (Dublin-Cherbourg),Celtic Sealink,1154.0,634.48,2,N
705761,2024-10-21,EU Direct (Rosslare-Dunkirk),Atlantic Cargo Ferries,2451.0,1471.21,2,Y
703392,2025-11-07,EU Direct (Dublin-Cherbourg),Atlantic Cargo Ferries,523.0,352.7,1,Y
702636,2024-01-04,UK Landbridge (Dublin-Holyhead),Nordic Freight Lines,1223.0,484.92,1,Y
700007,2024-02-23,UK Landbridge (Dublin-Holyhead),Celtic Sealink,50,20.66,1,Y
702628,2025-02-16,UK Landbridge (Dublin-Holyhead),Celtic Sealink,1465.0,634.32,1,Y
702186,2025-03-16,UK Landbridge (Dublin-Holyhead),Nordic Freight Lines,1898.0,718.64,1,Y
702816,2025-02-20,UK Landbridge (Dublin-Holyhead),Nordic Freight Lines,842.0,307.49,1,Y
700588,2024-01-04,UK Landbridge (Dublin-Holyhead),Celtic Sealink,1915.0,759.1,1,Y
701147,2024-05-22,UK Landbridge (Dublin-Holyhead),Celtic Sealink,2084.0,937.2,1,Y
705641,2025-10-25,EU Direct (Rosslare-Dunkirk),Nordic Freight Lines,3145.0,1695.96,1,Y
700970,2024-07-20,UK Landbridge (Dublin-Holyhead),Celtic Sealink,1124.0,475.44,1,N
703461,2024-07-06,EU Direct (Dublin-Cherbourg),celtic sealink,1982.0,1077.11,2,Y
703105,2025-10-01,EU Direct (Dublin-Cherbourg),Atlantic Cargo Ferries,157.0,102.15,3,Y
703384,2024-03-31,EU Direct (Dublin-Cherbourg),Celtic Sealink,924.0,521.83,2,Y
705787,2025-10-22,EU Direct (Rosslare-Dunkirk),Atlantic Cargo Ferries,72.0,42.41,1,Y
705723,2024-06-10,EU Direct (Rosslare-Dunkirk),Nordic Freight Lines,1717.0,811.44,2,Y
704680,2025-06-10,EU Direct (Rosslare-Dunkirk),Atlantic Cargo Ferries,223.0,137.58,2,Y
700121,2025-07-04,UK Landbridge (Dublin-Holyhead),CELTIC SEALINK,921.0,374.2,1,Y
703155,2025-02-10,EU Direct (Dublin-Cherbourg),Atlantic Cargo Ferries,2947.0,2069.35,2,Y
703303,2024-04-28,EU Direct (Dublin-Cherbourg),Celtic Sealink,1153.0,682.57,2,Y
700333,2024-09-07,UK Landbridge (Dublin-Holyhead),Nordic Freight Lines,1802.0,710.7,1,N
701348,2024-02-10,UK Landbridge (Dublin-Holyhead),Nordic Freight Lines,1047.0,378.31,1,Y
703759,2025-11-28,EU Direct (Dublin-Cherbourg),Atlantic Cargo Ferries,2129.0,1364.14,1,Y
705610,2025-07-15,EU Direct (Rosslare-Dunkirk),Nordic Freight Lines,2090.0,1003.9,2,Y
704775,2024-12-19,EU Direct (Rosslare-Dunkirk),Nordic Freight Lines,1426.0,725.19,2,Y
705814,2025-05-25,EU Direct (Rosslare-Dunkirk),Atlantic Cargo Ferries,367.0,213.2,2,Y
704130,2025-06-01,EU Direct (Dublin-Cherbourg),Celtic Sealink,2714.0,1583.47,2,Y
702274,2024-02-05,UK Landbridge (Dublin-Holyhead),Nordic Freight Lines,1830.0,726.87,1,Y
704919,2024-05-07,EU Direct (Rosslare-Dunkirk),ATLANTIC CARGO FERRIES,877.0,531.83,2,Y
703968,2024-10-09,EU Direct (Dublin-Cherbourg),Atlantic Cargo Ferries,50,30.88,3,Y
705228,2025-04-19,EU Direct (Rosslare-Dunkirk),Nordic Freight Lines,321.0,162.55,2,Y
705096,2024-05-18,EU Direct (Rosslare-Dunkirk), Nordic Freight Lines ,1797.0,939.2,2,Y
704698,2024-07-31,EU Direct (Rosslare-Dunkirk),Atlantic Cargo Ferries,1747.0,1081.58,2,Y
701068,2024-07-21,UK Landbridge (Dublin-Holyhead),Nordic Freight Lines,50,17.72,1,Y
705393,2025-08-03,EU Direct (Rosslare-Dunkirk),Nordic Freight Lines,2151.0,1017.15,2,Y
703687,2025-03-11,EU Direct (Dublin-Cherbourg),Atlantic Cargo Ferries,1125.0,728.66,2,Y
701231,2024-06-28,UK Landbridge (Dublin-Holyhead),NORDIC FREIGHT LINES,1951.0,740.56,1,Y
702104,2024-04-13,UK Landbridge (Dublin-Holyhead),Nordic Freight Lines,2018.0,813.89,1,N
702442,2024-12-20,UK Landbridge (Dublin-Holyhead),Celtic Sealink,1634.0,636.61,1,Y
701139,2025-12-08,UK Landbridge (Dublin-Holyhead),Celtic Sealink,50,20.56,1,Y
702537,2024-02-26,UK Landbridge (Dublin-Holyhead),Celtic Sealink,2358.0,945.95,1,Y
704834,2025-02-04,EU Direct (Rosslare-Dunkirk),Nordic Freight Lines,1886.0,1012.33,2,Y
701450,2025-06-23,UK Landbridge (Dublin-Holyhead),Nordic Freight Lines,1407.0,548.52,1,Y
705720,2024-11-03,EU Direct (Rosslare-Dunkirk),Atlantic Cargo Ferries,1398.0,853.94,3,Y
702408,2024-07-11,UK Landbridge (Dublin-Holyhead),Celtic Sealink,1616.0,731.01,2,Y
704631,2025-10-20,EU Direct (Rosslare-Dunkirk),Nordic Freight Lines,307.0,156.23,2,Y
705380,2024-07-29,EU Direct (Rosslare-Dunkirk),Nordic Freight Lines,2691.0,1417.41,2,Y
705906,2025-01-27,EU Direct (Rosslare-Dunkirk),Atlantic Cargo Ferries,2925.0,1758.03,2,Y
703126,2024-12-17,EU Direct (Dublin-Cherbourg),Atlantic Cargo Ferries,2178.0,1358.8,2,Y
702855,2024-11-06,UK Landbridge (Dublin-Holyhead),Nordic Freight Lines,2766.0,1087.12,1,Y
703800,2025-07-23,EU Direct (Dublin-Cherbourg),Celtic Sealink,410.0,232.3,1,Y
701734,2024-06-01,UK Landbridge (Dublin-Holyhead),Celtic Sealink,2873.0,1229.42,,Y
701958,2024-03-26,UK Landbridge (Dublin-Holyhead),Nordic Freight Lines,2614.0,1072.8,1,Y
700523,2025-06-27,UK Landbridge (Dublin-Holyhead),Nordic Freight Lines,2185.0,813.8,1,Y
700462,2025-05-09,UK Landbridge (Dublin-Holyhead),Nordic Freight Lines,1885.0,749.59,1,Y
703886,2024-09-08,EU Direct (Dublin-Cherbourg),CELTIC SEALINK,1592.0,978.82,2,Y
701251,2025-09-17,UK Landbridge (Dublin-Holyhead),Celtic Sealink,548.0,216.36,1,Y
701022,2025-03-31,UK Landbridge (Dublin-Holyhead),Celtic Sealink,1093.0,459.21,1,Y
705751,2024-03-30,EU Direct (Rosslare-Dunkirk),Atlantic Cargo Ferries,3262.0,2111.3,2,Y
704551,2024-02-17,EU Direct (Dublin-Cherbourg),Atlantic Cargo Ferries,1899.0,1155.41,3,Y
701026,2024-07-18,UK Landbridge (Dublin-Holyhead),CELTIC SEALINK,2255.0,998.26,1,Y
704862,2024-05-24,EU Direct (Rosslare-Dunkirk),Atlantic Cargo Ferries,1864.0,1242.48,3,Y
704625,2024-07-11,EU Direct (Rosslare-Dunkirk),Nordic Freight Lines,1987.0,984.94,2,Y
701892,2024-01-19,UK Landbridge (Dublin-Holyhead),Nordic Freight Lines,2166.0,878.98,2,Y
701001,2024-08-27,UK Landbridge (Dublin-Holyhead),Celtic Sealink,3532.0,1367.2,1,Y
703127,2024-02-28,EU Direct (Dublin-Cherbourg),Celtic Sealink,1502.0,873.55,3,Y
701849,2024-06-13,UK Landbridge (Dublin-Holyhead),Nordic Freight Lines,1372.0,493.01,1,Y
705189,2024-03-06,EU Direct (Rosslare-Dunkirk),Nordic Freight Lines,1048.0,503.79,2,Y
705438,2025-04-19,EU Direct (Rosslare-Dunkirk), Atlantic Cargo Ferries ,2121.0,1401.95,1,Y
700315,2024-03-18,UK Landbridge (Dublin-Holyhead),Nordic Freight Lines,1369.0,553.91,1,Y
703255,2025-07-18,EU Direct (Dublin-Cherbourg),Celtic Sealink,2177.0,1190.72,,Y
702821,2025-03-15,UK Landbridge (Dublin-Holyhead),Celtic Sealink,2140.0,958.69,1,Y
704532,2024-03-04,EU Direct (Dublin-Cherbourg),Celtic Sealink,950.0,556.1,2,Y
700322,2025-11-01,UK Landbridge (Dublin-Holyhead),Nordic Freight Lines,2454.0,904.74,1,N
702805,2024-08-05,UK Landbridge (Dublin-Holyhead),Celtic Sealink,3388.0,1441.14,2,Y
704290,2024-03-29,EU Direct (Dublin-Cherbourg),Atlantic Cargo Ferries,927.0,649.06,2,Y
704996,2024-03-01,EU Direct (Rosslare-Dunkirk),ATLANTIC CARGO FERRIES,475.0,288.53,2,N
703188,2024-07-21,EU Direct (Dublin-Cherbourg),Celtic Sealink,839.0,504.77,2,Y
701658,2024-08-19,UK Landbridge (Dublin-Holyhead),Nordic Freight Lines,1808.0,734.47,1,Y
702930,2024-10-31,EU Direct (Dublin-Cherbourg),Celtic Sealink,745.0,414.27,2,Y
703807,2025-06-19,EU Direct (Dublin-Cherbourg),Atlantic Cargo Ferries,1609.0,1030.61,3,Y
705302,2025-09-11,EU Direct (Rosslare-Dunkirk),Atlantic Cargo Ferries,271.0,182.57,2,Y
704417,2025-04-02,EU Direct (Dublin-Cherbourg),CELTIC SEALINK,2448.0,1368.64,2,Y
705805,2024-03-12,EU Direct (Rosslare-Dunkirk),Atlantic Cargo Ferries,2189.0,1481.7,3,Y
705500,2025-02-17,EU Direct (Rosslare-Dunkirk),Nordic Freight Lines,50,24.28,2,Y
704814,2025-08-04,EU Direct (Rosslare-Dunkirk),Nordic Freight Lines,2282.0,1231.98,3,N
702171,2025-01-27,UK Landbridge (Dublin-Holyhead),Celtic Sealink,2183.0,883.96,1,Y
700089,2025-09-06,UK Landbridge (Dublin-Holyhead),Celtic Sealink,1553.0,623.45,1,Y
700314,2024-03-17,UK Landbridge (Dublin-Holyhead),Celtic Sealink,2660.0,1087.86,1,Y
703542,2024-11-07,EU Direct (Dublin-Cherbourg),Atlantic Cargo Ferries,2923.0,2024.23,2,Y
701178,2025-01-31,UK Landbridge (Dublin-Holyhead),Celtic Sealink,1723.0,692.58,1,Y
704234,2024-08-18,EU Direct (Dublin-Cherbourg),Celtic Sealink,2211.0,1267.53,2,Y
703465,2024-03-26,EU Direct (Dublin-Cherbourg),Atlantic Cargo Ferries,898.0,637.26,2,Y
703992,2025-02-01,EU Direct (Dublin-Cherbourg),Atlantic Cargo Ferries,2116.0,1452.1,2,Y
704213,2025-06-07,EU Direct (Dublin-Cherbourg), Atlantic Cargo Ferries ,1047.0,723.34,2,Y
704660,2025-03-05,EU Direct (Rosslare-Dunkirk),Atlantic Cargo Ferries,2712.0,1658.31,2,N
704236,2025-06-22,EU Direct (Dublin-Cherbourg),Atlantic Cargo Ferries,1460.0,1003.95,2,Y
703570,2025-09-17,EU Direct (Dublin-Cherbourg), Atlantic Cargo Ferries ,2019.0,1292.21,2,Y
701478,2024-07-30,UK Landbridge (Dublin-Holyhead),Celtic Sealink,1899.0,825.73,2,Y
705896,2024-02-02,EU Direct (Rosslare-Dunkirk),Nordic Freight Lines,2315.0,1139.22,2,Y
703616,2025-02-22,EU Direct (Dublin-Cherbourg),Atlantic Cargo Ferries,1936.0,1253.66,2,Y
704447,2024-09-26,EU Direct (Dublin-Cherbourg), Celtic Sealink ,1351.0,788.19,2,Y
705248,2025-07-28,EU Direct (Rosslare-Dunkirk),Nordic Freight Lines,2549.0,1263.95,2,Y
702361,2024-07-27,UK Landbridge (Dublin-Holyhead),Celtic Sealink,2678.0,1103.58,1,Y
703887,2024-08-22,EU Direct (Dublin-Cherbourg),Celtic Sealink,1692.0,934.37,1,Y
700708,2024-03-18,UK Landbridge (Dublin-Holyhead),Nordic Freight Lines,1932.0,740.14,1,Y
703258,2024-08-09,EU Direct (Dublin-Cherbourg),Celtic Sealink,2149.0,1192.49,2,Y
701088,2024-08-13,UK Landbridge (Dublin-Holyhead),Celtic Sealink,2827.0,1266.16,2,N
703306,2024-05-18,EU Direct (Dublin-Cherbourg),Celtic Sealink,2949.0,1644.38,2,Y
703578,2024-12-03,EU Direct (Dublin-Cherbourg),Celtic Sealink,2751.0,1475.99,2,N
702001,2025-11-25,UK Landbridge (Dublin-Holyhead),Nordic Freight Lines,1452.0,516.62,1,Y
701686,2025-10-12,UK Landbridge (Dublin-Holyhead),Celtic Sealink,1493.0,623.27,1,Y
704561,2025-07-24,EU Direct (Dublin-Cherbourg),Atlantic Cargo Ferries,2247.0,1482.17,2,Y
700883,2024-03-07,UK Landbridge (Dublin-Holyhead),Nordic Freight Lines,1581.0,579.59,1,Y
703986,2024-09-18,EU Direct (Dublin-Cherbourg),ATLANTIC CARGO FERRIES,3307.0,2257.72,2,Y
700313,2025-12-09,UK Landbridge (Dublin-Holyhead),Nordic Freight Lines,307.0,109.65,2,Y
700155,2024-12-25,UK Landbridge (Dublin-Holyhead),Celtic Sealink,1461.0,573.67,1,Y
704264,2024-02-23,EU Direct (Dublin-Cherbourg),Celtic Sealink,1433.0,797.34,2,Y
702962,2024-03-04,EU Direct (Dublin-Cherbourg),Celtic Sealink,2354.0,1428.82,2,Y
702743,2024-07-23,UK Landbridge (Dublin-Holyhead),Nordic Freight Lines,384.0,156.61,1,Y
701873,2024-07-07,UK Landbridge (Dublin-Holyhead),Celtic Sealink,2536.0,1126.32,1,Y
704169,2024-05-17,EU Direct (Dublin-Cherbourg),Celtic Sealink,1995.0,1162.3,2,Y
700914,2024-08-05,UK Landbridge (Dublin-Holyhead),Celtic Sealink,1621.0,730.22,1,Y
701511,2025-02-17,UK Landbridge (Dublin-Holyhead),Celtic Sealink,631.0,279.07,1,Y
702110,2025-08-08,UK Landbridge (Dublin-Holyhead),Celtic Sealink,3207.0,1396.4,1,Y
701844,2025-09-05,UK Landbridge (Dublin-Holyhead),Celtic Sealink,3210.0,1321.17,1,Y
701657,2025-03-03,UK Landbridge (Dublin-Holyhead),Nordic Freight Lines,3098.0,1130.79,2,N
701411,2024-05-04,UK Landbridge (Dublin-Holyhead),Celtic Sealink,3448.0,1471.63,1,Y
702458,2025-07-14,UK Landbridge (Dublin-Holyhead),Nordic Freight Lines,1384.0,531.7,1,Y
703388,2024-03-20,EU Direct (Dublin-Cherbourg),Celtic Sealink,50,29.69,2,Y
700450,2025-11-14,UK Landbridge (Dublin-Holyhead), Nordic Freight Lines ,2207.0,892.13,1,Y
701966,2024-02-09,UK Landbridge (Dublin-Holyhead),Celtic Sealink,261.0,102.91,1,Y
700151,2025-02-19,UK Landbridge (Dublin-Holyhead),Nordic Freight Lines,2509.0,936.79,1,Y
705750,2024-08-19,EU Direct (Rosslare-Dunkirk),Nordic Freight Lines,597.0,288.08,1,Y
703181,2024-09-03,EU Direct (Dublin-Cherbourg),Atlantic Cargo Ferries,1334.0,889.31,2,N
705625,2025-03-15,EU Direct (Rosslare-Dunkirk),Nordic Freight Lines,2186.0,1069.43,2,Y
700554,2024-04-27,UK Landbridge (Dublin-Holyhead),Celtic Sealink,1673.0,652.87,1,Y
704716,2025-02-15,EU Direct (Rosslare-Dunkirk),Nordic Freight Lines,2626.0,1216.37,2,Y
704053,2025-03-27,EU Direct (Dublin-Cherbourg),Celtic Sealink,905.0,522.73,2,Y
705390,2024-02-27,EU Direct (Rosslare-Dunkirk), Nordic Freight Lines ,1392.0,736.46,2,Y
703559,2025-05-03,EU Direct (Dublin-Cherbourg),Celtic Sealink,2739.0,1551.3,2,Y
702321,2025-09-21,UK Landbridge (Dublin-Holyhead), Nordic Freight Lines ,1916.0,709.56,1,Y
703830,2024-03-10,EU Direct (Dublin-Cherbourg),Celtic Sealink,2865.0,1534.88,2,Y
701881,2024-08-26,UK Landbridge (Dublin-Holyhead),Nordic Freight Lines,613.0,222.02,1,Y
704764,2024-11-18,EU Direct (Rosslare-Dunkirk),Nordic Freight Lines,2380.0,1252.02,1,Y
705802,2024-12-16,EU Direct (Rosslare-Dunkirk),Atlantic Cargo Ferries,1070.0,722.62,2,Y
700936,2024-01-02,UK Landbridge (Dublin-Holyhead),CELTIC SEALINK,2685.0,1114.81,1,Y
703579,2024-11-09,EU Direct (Dublin-Cherbourg),atlantic cargo ferries,1027.0,712.85,3,Y
701135,2024-10-28,UK Landbridge (Dublin-Holyhead),Celtic Sealink,1325.0,529.72,1,Y
700585,2024-09-15,UK Landbridge (Dublin-Holyhead),Nordic Freight Lines,1684.0,615.54,1,Y
703293,2025-01-25,EU Direct (Dublin-Cherbourg),Atlantic Cargo Ferries,2478.0,1516.94,2,Y
705145,2025-12-06,EU Direct (Rosslare-Dunkirk),nordic freight lines,2168.0,1080.01,2,Y
701091,2024-02-19,UK Landbridge (Dublin-Holyhead),Celtic Sealink,1455.0,620.7,1,Y
704509,2024-08-04,EU Direct (Dublin-Cherbourg),Atlantic Cargo Ferries,1599.0,1052.44,1,Y
703793,2024-12-27,EU Direct (Dublin-Cherbourg),Atlantic Cargo Ferries,2355.0,1578.61,2,Y
703455,2024-01-28,EU Direct (Dublin-Cherbourg),Atlantic Cargo Ferries,2008.0,1333.11,2,N
702736,2025-03-28,UK Landbridge (Dublin-Holyhead),Celtic Sealink,2630.0,1185.69,,Y
701162,2024-01-27,UK Landbridge (Dublin-Holyhead),Nordic Freight Lines,2392.0,942.75,1,Y
700845,2025-09-23,UK Landbridge (Dublin-Holyhead),Nordic Freight Lines,2328.0,820.33,1,Y
704085,2024-06-27,EU Direct (Dublin-Cherbourg),Atlantic Cargo Ferries,2623.0,1858.58,2,Y
705267,2025-06-27,EU Direct (Rosslare-Dunkirk),Nordic Freight Lines,3279.0,1559.69,2,Y
701218,2024-11-07,UK Landbridge (Dublin-Holyhead),Celtic Sealink,711.0,315.92,1,Y
705279,2025-04-08,EU Direct (Rosslare-Dunkirk),Nordic Freight Lines,3132.0,1458.76,2,Y
702198,2025-07-19,UK Landbridge (Dublin-Holyhead),Celtic Sealink,1114.0,500.82,1,Y
702476,2025-04-30,UK Landbridge (Dublin-Holyhead),Celtic Sealink,2253.0,889.8,1,Y
700901,2025-03-06,UK Landbridge (Dublin-Holyhead),Celtic Sealink,1109.0,477.46,2,Y
705475,2025-03-30,EU Direct (Rosslare-Dunkirk),Nordic Freight Lines,1174.0,596.82,,Y
701604,2024-05-16,UK Landbridge (Dublin-Holyhead),Celtic Sealink,2803.0,1110.71,1,Y
700042,2025-07-11,UK Landbridge (Dublin-Holyhead), Nordic Freight Lines ,2165.0,826.28,1,Y
704886,2025-12-29,EU Direct (Rosslare-Dunkirk),Atlantic Cargo Ferries,1957.0,1196.62,2,Y
702389,2024-02-03,UK Landbridge (Dublin-Holyhead),Celtic Sealink,1798.0,777.86,1,Y
705140,2025-07-07,EU Direct (Rosslare-Dunkirk), Atlantic Cargo Ferries ,2086.0,1235.29,2,N
702747,2024-01-26,UK Landbridge (Dublin-Holyhead),Nordic Freight Lines,1602.0,630.28,1,Y
703976,2024-02-24,EU Direct (Dublin-Cherbourg),Atlantic Cargo Ferries,1082.0,746.08,2,Y
704820,2024-10-29,EU Direct (Rosslare-Dunkirk),Nordic Freight Lines,113.0,56.63,2,Y
705796,2024-04-24,EU Direct (Rosslare-Dunkirk),Nordic Freight Lines,3311.0,1758.48,2,Y
704905,2025-03-17,EU Direct (Rosslare-Dunkirk),Nordic Freight Lines,1396.0,663.35,2,Y
700976,2025-04-15,UK Landbridge (Dublin-Holyhead),Nordic Freight Lines,459.0,162.0,1,Y
703279,2025-07-16,EU Direct (Dublin-Cherbourg),Atlantic Cargo Ferries,1738.0,1101.88,2,Y
705359,2024-12-09,EU Direct (Rosslare-Dunkirk),Nordic Freight Lines,1219.0,593.65,2,Y
703060,2025-11-16,EU Direct (Dublin-Cherbourg),CELTIC SEALINK,2235.0,1352.55,1,Y
702708,2024-11-18,UK Landbridge (Dublin-Holyhead),Nordic Freight Lines,50,19.92,1,Y
700300,2025-12-23,UK Landbridge (Dublin-Holyhead),Nordic Freight Lines,1675.0,644.01,1,Y
705339,2025-08-17,EU Direct (Rosslare-Dunkirk),nordic freight lines,1748.0,894.69,2,Y
700113,2024-06-11,UK Landbridge (Dublin-Holyhead),Celtic Sealink,2115.0,837.56,1,Y
700146,2025-03-05,UK Landbridge (Dublin-Holyhead),NORDIC FREIGHT LINES,3038.0,1135.64,1,Y
700586,2025-02-19,UK Landbridge (Dublin-Holyhead),Celtic Sealink,2091.0,810.42,1,Y
703946,2025-11-15,EU Direct (Dublin-Cherbourg),Atlantic Cargo Ferries,1911.0,1327.85,2,Y
704838,2024-07-25,EU Direct (Rosslare-Dunkirk),Nordic Freight Lines,2514.0,1315.12,2,Y
705928,2024-03-21,EU Direct (Rosslare-Dunkirk),Nordic Freight Lines,1548.0,812.6,2,Y
705280,2025-11-09,EU Direct (Rosslare-Dunkirk),Atlantic Cargo Ferries,3415.0,2256.82,2,Y
704035,2024-03-02,EU Direct (Dublin-Cherbourg),Celtic Sealink,2660.0,1461.94,2,Y
701254,2025-08-06,UK Landbridge (Dublin-Holyhead),Celtic Sealink,1056.0,458.72,1,Y
703775,2024-06-15,EU Direct (Dublin-Cherbourg),Celtic Sealink,737.0,417.8,2,Y
703373,2025-04-10,EU Direct (Dublin-Cherbourg),Celtic Sealink,3228.0,2006.74,2,Y
702909,2025-04-21,EU Direct (Dublin-Cherbourg),Atlantic Cargo Ferries,1461.0,940.11,1,Y
701066,2024-06-20,UK Landbridge (Dublin-Holyhead),Nordic Freight Lines,1540.0,607.96,1,Y
705684,2024-07-10,EU Direct (Rosslare-Dunkirk),Nordic Freight Lines,246.0,120.6,,Y
705867,2025-12-07,EU Direct (Rosslare-Dunkirk),Nordic Freight Lines,2065.0,984.31,,Y
702070,2024-07-30,UK Landbridge (Dublin-Holyhead),Nordic Freight Lines,3384.0,1368.31,1,Y
700072,2025-07-17,UK Landbridge (Dublin-Holyhead),Celtic Sealink,2043.0,855.86,2,Y
700783,2025-02-15,UK Landbridge (Dublin-Holyhead),Celtic Sealink,2022.0,791.68,1,Y
700085,2024-01-04,UK Landbridge (Dublin-Holyhead),Nordic Freight Lines,2387.0,969.04,1,N
704993,2024-06-30,EU Direct (Rosslare-Dunkirk),Atlantic Cargo Ferries,2068.0,1310.67,2,Y
703776,2024-11-28,EU Direct (Dublin-Cherbourg),Atlantic Cargo Ferries,3209.0,2125.47,2,Y
703735,2024-03-30,EU Direct (Dublin-Cherbourg),CELTIC SEALINK,2172.0,1183.91,2,Y
700215,2025-02-03,UK Landbridge (Dublin-Holyhead),Celtic Sealink,1486.0,600.24,1,Y
704137,2024-07-31,EU Direct (Dublin-Cherbourg),Celtic Sealink,1501.0,921.13,3,Y
704492,2025-03-21,EU Direct (Dublin-Cherbourg),Celtic Sealink,613.0,335.45,2,Y
700794,2025-09-19,UK Landbridge (Dublin-Holyhead),Celtic Sealink,3128.0,1336.02,1,Y
701736,2024-09-06,UK Landbridge (Dublin-Holyhead),Nordic Freight Lines,2708.0,992.57,1,Y
704847,2024-10-11,EU Direct (Rosslare-Dunkirk),ATLANTIC CARGO FERRIES,1799.0,1158.9,2,Y
701370,2024-01-10,UK Landbridge (Dublin-Holyhead),Nordic Freight Lines,2887.0,1043.86,1,Y
702310,2024-07-28,UK Landbridge (Dublin-Holyhead), Nordic Freight Lines ,1774.0,662.8,1,Y
702311,2025-04-22,UK Landbridge (Dublin-Holyhead),CELTIC SEALINK,1579.0,682.62,1,Y
700436,2025-02-22,UK Landbridge (Dublin-Holyhead),Nordic Freight Lines,2405.0,914.69,1,Y
702590,2024-12-11,UK Landbridge (Dublin-Holyhead),Nordic Freight Lines,1763.0,698.0,1,Y
703148,2024-02-07,EU Direct (Dublin-Cherbourg),Celtic Sealink,1073.0,596.16,2,Y
702470,2025-08-13,UK Landbridge (Dublin-Holyhead),Celtic Sealink,2628.0,1162.06,1,Y
704520,2025-04-18,EU Direct (Dublin-Cherbourg),Celtic Sealink,3217.0,1967.53,2,Y
700920,2024-08-18,UK Landbridge (Dublin-Holyhead),Nordic Freight Lines,505.0,199.4,1,Y
701186,2025-02-28,UK Landbridge (Dublin-Holyhead),Nordic Freight Lines,1880.0,732.37,2,Y
703756,2025-10-29,EU Direct (Dublin-Cherbourg),Celtic Sealink,1512.0,816.05,2,Y
705811,2024-05-22,EU Direct (Rosslare-Dunkirk),Nordic Freight Lines,2664.0,1307.11,2,Y
701636,2025-10-31,UK Landbridge (Dublin-Holyhead),Nordic Freight Lines,1913.0,715.3,1,Y
704868,2025-06-23,EU Direct (Rosslare-Dunkirk),Atlantic Cargo Ferries,1032.0,664.18,2,N
705240,2024-08-10,EU Direct (Rosslare-Dunkirk),Atlantic Cargo Ferries,1914.0,1277.77,2,Y
704323,2025-12-31,EU Direct (Dublin-Cherbourg), Celtic Sealink ,2473.0,1406.74,2,Y
705105,2024-01-13,EU Direct (Rosslare-Dunkirk),Nordic Freight Lines,1678.0,844.93,2,Y
704664,2024-04-25,EU Direct (Rosslare-Dunkirk),Nordic Freight Lines,3017.0,1396.0,2,Y
701131,2025-02-06,UK Landbridge (Dublin-Holyhead),Celtic Sealink,2550.0,1143.53,1,N
701097,2025-08-02,UK Landbridge (Dublin-Holyhead),Celtic Sealink,1790.0,717.59,1,Y
705920,2024-02-28,EU Direct (Rosslare-Dunkirk),Atlantic Cargo Ferries,2129.0,1432.66,2,N
703592,2024-11-03,EU Direct (Dublin-Cherbourg),Celtic Sealink,1683.0,1016.88,2,Y
702524,2025-11-22,UK Landbridge (Dublin-Holyhead),Nordic Freight Lines,1345.0,550.64,1,Y
700533,2025-05-09,UK Landbridge (Dublin-Holyhead),Celtic Sealink,2293.0,984.63,1,Y
705357,2025-10-15,EU Direct (Rosslare-Dunkirk),Atlantic Cargo Ferries,2830.0,1802.16,2,N
704220,2025-10-27,EU Direct (Dublin-Cherbourg),Atlantic Cargo Ferries,120.0,75.98,2,Y
704570,2025-12-30,EU Direct (Dublin-Cherbourg),Celtic Sealink,2020.0,1117.67,2,Y
700773,2024-07-21,UK Landbridge (Dublin-Holyhead),Celtic Sealink,3249.0,1279.45,1,Y
702469,2024-10-10,UK Landbridge (Dublin-Holyhead),Celtic Sealink,236.0,101.77,1,N
704522,2025-11-01,EU Direct (Dublin-Cherbourg),Celtic Sealink,129.0,74.83,2,Y
701440,2025-02-18,UK Landbridge (Dublin-Holyhead),Celtic Sealink,50,21.02,1,N
702844,2025-05-17,UK Landbridge (Dublin-Holyhead),Celtic Sealink,1591.0,656.25,1,Y
703406,2025-04-26,EU Direct (Dublin-Cherbourg),Celtic Sealink,1036.0,583.1,2,Y
700207,2025-11-02,UK Landbridge (Dublin-Holyhead),Nordic Freight Lines,730.0,266.42,1,N
704497,2024-07-14,EU Direct (Dublin-Cherbourg),Atlantic Cargo Ferries,837.0,523.45,2,N
701759,2024-12-21,UK Landbridge (Dublin-Holyhead),Nordic Freight Lines,1413.0,566.18,1,Y
705147,2024-01-15,EU Direct (Rosslare-Dunkirk),Nordic Freight Lines,2171.0,1149.43,2,Y
701846,2025-05-09,UK Landbridge (Dublin-Holyhead),Celtic Sealink,988.0,429.44,1,Y
701573,2024-03-09,UK Landbridge (Dublin-Holyhead),Nordic Freight Lines,2601.0,1036.95,1,Y
702762,2024-04-23,UK Landbridge (Dublin-Holyhead),Celtic Sealink,3471.0,1479.45,1,Y
701367,2025-01-19,UK Landbridge (Dublin-Holyhead),Nordic Freight Lines,2601.0,1001.34,1,Y
705289,2025-09-14,EU Direct (Rosslare-Dunkirk),Nordic Freight Lines,1730.0,874.31,2,Y
701061,2025-08-23,UK Landbridge (Dublin-Holyhead),Nordic Freight Lines,2288.0,908.43,1,Y
705967,2025-01-08,EU Direct (Rosslare-Dunkirk),Nordic Freight Lines,479.0,229.12,2,Y
703431,2025-07-31,EU Direct (Dublin-Cherbourg),Celtic Sealink,700.0,434.4,2,Y
705474,2025-04-01,EU Direct (Rosslare-Dunkirk),Nordic Freight Lines,2394.0,1211.99,2,Y
704908,2024-07-01,EU Direct (Rosslare-Dunkirk),Nordic Freight Lines,1779.0,885.62,2,Y
700138,2025-01-22,UK Landbridge (Dublin-Holyhead),Celtic Sealink,1784.0,772.14,1,Y
704701,2024-04-06,EU Direct (Rosslare-Dunkirk),Atlantic Cargo Ferries,2500.0,1612.26,3,N
702100,2025-12-06,UK Landbridge (Dublin-Holyhead),Celtic Sealink,2382.0,1040.82,1,N
702995,2024-11-10,EU Direct (Dublin-Cherbourg),Celtic Sealink,1433.0,764.69,3,Y
701023,2024-08-13,UK Landbridge (Dublin-Holyhead),Nordic Freight Lines,673.0,261.7,1,Y
704302,2025-11-27,EU Direct (Dublin-Cherbourg), Celtic Sealink ,1719.0,934.75,3,Y
702329,2024-07-16,UK Landbridge (Dublin-Holyhead),Nordic Freight Lines,1913.0,694.43,1,Y
700443,2025-11-25,UK Landbridge (Dublin-Holyhead),Celtic Sealink,2546.0,1085.78,2,Y
705627,2024-10-08,EU Direct (Rosslare-Dunkirk),Atlantic Cargo Ferries,984.0,590.86,2,Y
701336,2024-05-20,UK Landbridge (Dublin-Holyhead),Nordic Freight Lines,2002.0,823.24,1,N
701602,2024-10-08,UK Landbridge (Dublin-Holyhead),Celtic Sealink,1537.0,617.49,1,Y
704083,2025-11-09,EU Direct (Dublin-Cherbourg),Celtic Sealink,2353.0,1266.25,2,Y
704073,2025-01-17,EU Direct (Dublin-Cherbourg),Celtic Sealink,1596.0,878.11,2,Y
704881,2024-06-04,EU Direct (Rosslare-Dunkirk),Nordic Freight Lines,1996.0,935.07,2,Y
701382,2024-07-23,UK Landbridge (Dublin-Holyhead),Celtic Sealink,1597.0,652.78,1,Y
703012,2024-08-31,EU Direct (Dublin-Cherbourg), Celtic Sealink ,2505.0,1341.38,,Y
701941,2025-09-05,UK Landbridge (Dublin-Holyhead),Celtic Sealink,2816.0,1181.01,1,Y
705964,2024-12-27,EU Direct (Rosslare-Dunkirk),Nordic Freight Lines,1290.0,689.39,2,N
704627,2024-04-13,EU Direct (Rosslare-Dunkirk),Atlantic Cargo Ferries,1606.0,962.24,2,Y
703640,2025-08-08,EU Direct (Dublin-Cherbourg),Atlantic Cargo Ferries,2652.0,1634.56,2,Y
705938,2024-07-23,EU Direct (Rosslare-Dunkirk),Nordic Freight Lines,3975.0,1947.02,2,Y
701713,2024-02-23,UK Landbridge (Dublin-Holyhead),Nordic Freight Lines,3134.0,1252.92,1,Y
702134,2025-02-24,UK Landbridge (Dublin-Holyhead),Celtic Sealink,1441.0,611.87,1,Y
705319,2025-10-02,EU Direct (Rosslare-Dunkirk),Atlantic Cargo Ferries,231.0,155.89,2,Y
705756,2025-02-20,EU Direct (Rosslare-Dunkirk),atlantic cargo ferries,2382.0,1555.23,2,Y
703032,2024-12-05,EU Direct (Dublin-Cherbourg),ATLANTIC CARGO FERRIES,2394.0,1621.91,2,Y
702997,2024-06-30,EU Direct (Dublin-Cherbourg),Atlantic Cargo Ferries,2636.0,1789.21,2,Y
703246,2024-09-10,EU Direct (Dublin-Cherbourg),Celtic Sealink,1963.0,1124.08,2,Y
703936,2025-06-05,EU Direct (Dublin-Cherbourg),Celtic Sealink,1451.0,859.25,1,Y
703300,2024-01-19,EU Direct (Dublin-Cherbourg),ATLANTIC CARGO FERRIES,2302.0,1412.85,2,Y
705900,2024-07-03,EU Direct (Rosslare-Dunkirk),Atlantic Cargo Ferries,50,31.68,2,N
705926,2025-04-12,EU Direct (Rosslare-Dunkirk),Atlantic Cargo Ferries,2545.0,1650.98,2,Y
702768,2024-01-24,UK Landbridge (Dublin-Holyhead),Celtic Sealink,2906.0,1151.95,2,Y
701673,2024-11-11,UK Landbridge (Dublin-Holyhead),Nordic Freight Lines,796.0,298.56,1,Y
701975,2024-08-02,UK Landbridge (Dublin-Holyhead),Nordic Freight Lines,442.0,156.87,1,N
701987,2025-12-11,UK Landbridge (Dublin-Holyhead),Nordic Freight Lines,2626.0,942.28,2,Y
703118,2024-12-01,EU Direct (Dublin-Cherbourg),Celtic Sealink,2611.0,1595.71,1,Y
702185,2024-06-22,UK Landbridge (Dublin-Holyhead),CELTIC SEALINK,3180.0,1310.79,1,Y
704296,2024-11-30,EU Direct (Dublin-Cherbourg),Atlantic Cargo Ferries,2350.0,1638.48,2,Y
703930,2025-09-08,EU Direct (Dublin-Cherbourg),CELTIC SEALINK,1735.0,1018.0,2,N
704567,2025-03-01,EU Direct (Dublin-Cherbourg),Celtic Sealink,50,27.41,3,Y
704914,2024-03-19,EU Direct (Rosslare-Dunkirk),Nordic Freight Lines,1127.0,530.26,2,N
701481,2024-01-19,UK Landbridge (Dublin-Holyhead),Nordic Freight Lines,568.0,202.69,2,Y
703866,2024-04-26,EU Direct (Dublin-Cherbourg),Atlantic Cargo Ferries,2834.0,1779.98,2,Y
703962,2025-05-18,EU Direct (Dublin-Cherbourg),Atlantic Cargo Ferries,1892.0,1240.28,2,N
702108,2024-03-20,UK Landbridge (Dublin-Holyhead),Nordic Freight Lines,3100.0,1211.61,1,Y
702222,2025-06-06,UK Landbridge (Dublin-Holyhead),Nordic Freight Lines,3215.0,1231.4,1,Y
701643,2025-03-10,UK Landbridge (Dublin-Holyhead),Nordic Freight Lines,2173.0,792.29,1,Y
703947,2025-07-09,EU Direct (Dublin-Cherbourg),Atlantic Cargo Ferries,383.0,253.01,2,N
700374,2025-04-11,UK Landbridge (Dublin-Holyhead),Nordic Freight Lines,50,20.26,1,N
705448,2025-06-07,EU Direct (Rosslare-Dunkirk),Nordic Freight Lines,2807.0,1478.37,2,N
705823,2025-06-07,EU Direct (Rosslare-Dunkirk),Nordic Freight Lines,1530.0,720.19,2,Y
703277,2025-07-04,EU Direct (Dublin-Cherbourg),Atlantic Cargo Ferries,2388.0,1608.4,2,Y
701259,2024-02-27,UK Landbridge (Dublin-Holyhead),Nordic Freight Lines,1005.0,400.83,1,Y
701173,2024-10-29,UK Landbridge (Dublin-Holyhead),Nordic Freight Lines,1484.0,553.88,1,Y
703842,2025-07-15,EU Direct (Dublin-Cherbourg),Celtic Sealink,2078.0,1252.09,2,Y
704082,2025-12-06,EU Direct (Dublin-Cherbourg),Atlantic Cargo Ferries,1997.0,1290.31,2,Y
705829,2025-05-18,EU Direct (Rosslare-Dunkirk),Nordic Freight Lines,1510.0,749.94,3,Y
704097,2025-07-02,EU Direct (Dublin-Cherbourg),Celtic Sealink,1192.0,654.54,2,Y
704879,2025-03-21,EU Direct (Rosslare-Dunkirk),Atlantic Cargo Ferries,2871.0,1861.23,2,Y
702147,2024-07-05,UK Landbridge (Dublin-Holyhead),Nordic Freight Lines,2275.0,931.66,1,Y
703478,2024-06-12,EU Direct (Dublin-Cherbourg),Atlantic Cargo Ferries,1196.0,841.42,2,Y
704364,2025-06-13,EU Direct (Dublin-Cherbourg),Celtic Sealink,2023.0,1263.44,1,Y
702282,2024-07-25,UK Landbridge (Dublin-Holyhead),Nordic Freight Lines,1700.0,621.52,1,N
705529,2025-01-30,EU Direct (Rosslare-Dunkirk),Nordic Freight Lines,1133.0,608.88,2,Y
703873,2025-01-14,EU Direct (Dublin-Cherbourg),celtic sealink,2922.0,1704.18,2,Y
705293,2024-08-28,EU Direct (Rosslare-Dunkirk),atlantic cargo ferries,1873.0,1080.63,2,Y
700736,2025-07-17,UK Landbridge (Dublin-Holyhead),Celtic Sealink,1439.0,608.45,1,Y
702885,2024-01-23,EU Direct (Dublin-Cherbourg),Atlantic Cargo Ferries,1552.0,1097.82,2,Y
703320,2025-03-01,EU Direct (Dublin-Cherbourg),Celtic Sealink,1996.0,1114.28,2,Y
704149,2024-01-31,EU Direct (Dublin-Cherbourg),Atlantic Cargo Ferries,3061.0,1890.67,2,Y
700030,2025-10-18,UK Landbridge (Dublin-Holyhead),Celtic Sealink,2451.0,951.14,1,Y
702340,2024-04-25,UK Landbridge (Dublin-Holyhead),Nordic Freight Lines,1654.0,663.27,1,N
703771,2024-12-04,EU Direct (Dublin-Cherbourg),Atlantic Cargo Ferries,1970.0,1329.86,2,Y
705670,2025-09-12,EU Direct (Rosslare-Dunkirk),atlantic cargo ferries,2386.0,1447.58,2,Y
702308,2024-07-28,UK Landbridge (Dublin-Holyhead),Nordic Freight Lines,900.0,335.68,2,Y
704422,2025-03-15,EU Direct (Dublin-Cherbourg),Atlantic Cargo Ferries,973.0,671.05,2,Y
700746,2024-11-14,UK Landbridge (Dublin-Holyhead),Nordic Freight Lines,-392.0,157.88,1,Y
704411,2025-02-23,EU Direct (Dublin-Cherbourg),Celtic Sealink,1691.0,1015.89,2,Y
700152,2025-10-07,UK Landbridge (Dublin-Holyhead),Celtic Sealink,1665.0,728.57,1,Y
701094,2025-07-29,UK Landbridge (Dublin-Holyhead),Nordic Freight Lines,1399.0,551.08,1,Y
704966,2024-11-11,EU Direct (Rosslare-Dunkirk),Atlantic Cargo Ferries,2495.0,1467.02,2,Y
705378,2025-12-18,EU Direct (Rosslare-Dunkirk),Nordic Freight Lines,50,26.92,2,Y
704593,2024-03-23,EU Direct (Dublin-Cherbourg),Celtic Sealink,1377.0,782.22,2,Y
700603,2025-08-04,UK Landbridge (Dublin-Holyhead),Celtic Sealink,2098.0,892.88,1,Y
705099,2024-07-07,EU Direct (Rosslare-Dunkirk),Atlantic Cargo Ferries,1055.0,714.19,2,Y
701629,2025-03-02,UK Landbridge (Dublin-Holyhead),Celtic Sealink,3027.0,1261.99,1,Y
701487,2024-07-04,UK Landbridge (Dublin-Holyhead),Nordic Freight Lines,1407.0,535.09,2,Y
702247,2025-09-26,UK Landbridge (Dublin-Holyhead),Celtic Sealink,1688.0,742.63,1,Y
704352,2024-05-10,EU Direct (Dublin-Cherbourg),Atlantic Cargo Ferries,2851.0,2028.28,2,Y
701508,2024-03-11,UK Landbridge (Dublin-Holyhead),Nordic Freight Lines,1003.0,374.71,,Y
701726,2025-11-17,UK Landbridge (Dublin-Holyhead), Nordic Freight Lines ,1302.0,485.31,1,N
703002,2024-09-17,EU Direct (Dublin-Cherbourg),Celtic Sealink,1016.0,626.54,3,Y
703025,2024-06-12,EU Direct (Dublin-Cherbourg),Atlantic Cargo Ferries,1099.0,691.54,2,Y
700904,2024-01-18,UK Landbridge (Dublin-Holyhead),Nordic Freight Lines,1621.0,634.88,1,Y
702738,2025-10-13,UK Landbridge (Dublin-Holyhead),Nordic Freight Lines,258.0,91.8,1,Y
704272,2025-11-04,EU Direct (Dublin-Cherbourg),Atlantic Cargo Ferries,2626.0,1830.26,2,Y
704174,2024-12-21,EU Direct (Dublin-Cherbourg),Atlantic Cargo Ferries,1182.0,771.74,2,N
705631,2024-01-02,EU Direct (Rosslare-Dunkirk),Atlantic Cargo Ferries,1979.0,1208.65,2,Y
701168,2024-09-01,UK Landbridge (Dublin-Holyhead),Celtic Sealink,1621.0,632.39,2,N
705369,2024-05-14,EU Direct (Rosslare-Dunkirk),Atlantic Cargo Ferries,1847.0,1183.67,2,Y
701558,2025-11-01,UK Landbridge (Dublin-Holyhead),Celtic Sealink,1472.0,656.71,1,Y
702371,2025-06-10,UK Landbridge (Dublin-Holyhead),Nordic Freight Lines,1325.0,490.74,2,Y
702811,2024-01-17,UK Landbridge (Dublin-Holyhead),Celtic Sealink,1899.0,824.21,1,Y
704282,2025-12-29,EU Direct (Dublin-Cherbourg),Celtic Sealink,50,28.96,2,Y
703725,2024-08-29,EU Direct (Dublin-Cherbourg),Atlantic Cargo Ferries,2262.0,1491.68,2,Y
705307,2024-08-02,EU Direct (Rosslare-Dunkirk),Atlantic Cargo Ferries,2746.0,1695.3,2,Y
702268,2024-01-04,UK Landbridge (Dublin-Holyhead),Celtic Sealink,1442.0,557.86,1,N
701701,2025-10-17,UK Landbridge (Dublin-Holyhead),Nordic Freight Lines,1395.0,526.16,1,Y
705439,2024-05-11,EU Direct (Rosslare-Dunkirk),Atlantic Cargo Ferries,791.0,513.29,2,Y
701284,2025-03-04,UK Landbridge (Dublin-Holyhead),Celtic Sealink,1458.0,631.78,1,Y
705837,2024-03-13,EU Direct (Rosslare-Dunkirk), Nordic Freight Lines ,1907.0,878.75,2,Y
701747,2025-08-03,UK Landbridge (Dublin-Holyhead),Celtic Sealink,2072.0,861.75,1,Y
703785,2024-06-22,EU Direct (Dublin-Cherbourg),Celtic Sealink,991.0,604.32,3,Y
705547,2025-08-19,EU Direct (Rosslare-Dunkirk),Atlantic Cargo Ferries,1953.0,1208.13,2,Y
704485,2025-12-15,EU Direct (Dublin-Cherbourg),Atlantic Cargo Ferries,1129.0,714.86,2,Y
700825,2024-03-01,UK Landbridge (Dublin-Holyhead),Celtic Sealink,1802.0,700.85,1,Y
704943,2024-06-03,EU Direct (Rosslare-Dunkirk),Nordic Freight Lines,1404.0,656.25,2,Y
701902,2024-03-04,UK Landbridge (Dublin-Holyhead),Celtic Sealink,2148.0,847.54,,Y
700504,2025-01-24,UK Landbridge (Dublin-Holyhead),Nordic Freight Lines,604.0,213.32,1,Y
704253,2024-04-10,EU Direct (Dublin-Cherbourg),Celtic Sealink,1952.0,1114.85,3,Y
700972,2024-01-08,UK Landbridge (Dublin-Holyhead),Celtic Sealink,2609.0,1019.92,1,Y
705061,2025-11-09,EU Direct (Rosslare-Dunkirk),Nordic Freight Lines,1863.0,1006.9,1,Y
705275,2024-05-01,EU Direct (Rosslare-Dunkirk),Atlantic Cargo Ferries,2473.0,1513.52,2,Y
703803,2024-12-31,EU Direct (Dublin-Cherbourg),Atlantic Cargo Ferries,1210.0,790.5,2,Y
704242,2025-08-31,EU Direct (Dublin-Cherbourg),ATLANTIC CARGO FERRIES,1431.0,892.62,2,Y
704370,2024-07-23,EU Direct (Dublin-Cherbourg),Celtic Sealink,1057.0,638.91,2,Y
701492,2025-03-07,UK Landbridge (Dublin-Holyhead),Celtic Sealink,3004.0,1280.36,1,Y
701265,2025-01-03,UK Landbridge (Dublin-Holyhead),Celtic Sealink,3190.0,1389.43,1,Y
703525,2025-08-09,EU Direct (Dublin-Cherbourg),Celtic Sealink,2728.0,1529.26,2,Y
703600,2025-12-20,EU Direct (Dublin-Cherbourg),Atlantic Cargo Ferries,2693.0,1897.61,2,Y
704955,2024-05-04,EU Direct (Rosslare-Dunkirk), Nordic Freight Lines ,2656.0,1261.5,1,Y
701297,2025-02-19,UK Landbridge (Dublin-Holyhead),Nordic Freight Lines,2335.0,921.92,1,Y
702802,2024-07-25,UK Landbridge (Dublin-Holyhead),Nordic Freight Lines,2152.0,839.43,1,Y
704832,2024-03-25,EU Direct (Rosslare-Dunkirk),Nordic Freight Lines,3106.0,1536.31,2,Y
705851,2024-07-23,EU Direct (Rosslare-Dunkirk),nordic freight lines,1919.0,885.09,2,Y
705650,2025-05-16,EU Direct (Rosslare-Dunkirk),Atlantic Cargo Ferries,1854.0,1200.62,2,Y
703413,2024-05-11,EU Direct (Dublin-Cherbourg),Atlantic Cargo Ferries,1962.0,1252.39,2,Y
703376,2025-08-05,EU Direct (Dublin-Cherbourg),Atlantic Cargo Ferries,1722.0,1175.9,2,Y
704041,2025-05-15,EU Direct (Dublin-Cherbourg),Atlantic Cargo Ferries,2302.0,1505.72,1,Y
705589,2024-10-21,EU Direct (Rosslare-Dunkirk),Nordic Freight Lines,936.0,495.17,2,N
705229,2024-12-09,EU Direct (Rosslare-Dunkirk), Atlantic Cargo Ferries ,2586.0,1666.51,2,Y
702355,2025-01-11,UK Landbridge (Dublin-Holyhead),Nordic Freight Lines,247.0,89.56,2,Y
703231,2024-09-30,EU Direct (Dublin-Cherbourg),Atlantic Cargo Ferries,726.0,451.59,3,N
705630,2025-10-07,EU Direct (Rosslare-Dunkirk),Nordic Freight Lines,2120.0,1139.57,2,Y
701338,2025-10-01,UK Landbridge (Dublin-Holyhead),Celtic Sealink,829.0,373.9,1,Y
701188,2024-02-28,UK Landbridge (Dublin-Holyhead),Celtic Sealink,525.0,203.16,1,Y
701262,2025-09-15,UK Landbridge (Dublin-Holyhead),Nordic Freight Lines,2495.0,926.2,1,Y
701818,2025-09-10,UK Landbridge (Dublin-Holyhead),NORDIC FREIGHT LINES,2652.0,1067.17,1,Y
704585,2024-08-16,EU Direct (Dublin-Cherbourg),ATLANTIC CARGO FERRIES,2870.0,1979.17,2,Y
703662,2024-03-05,EU Direct (Dublin-Cherbourg),Celtic Sealink,1762.0,1097.54,1,Y
702451,2025-03-02,UK Landbridge (Dublin-Holyhead),Celtic Sealink,687.0,270.28,1,Y
702374,2024-06-22,UK Landbridge (Dublin-Holyhead),Celtic Sealink,50,20.47,1,Y
701866,2024-06-18,UK Landbridge (Dublin-Holyhead),Celtic Sealink,2128.0,868.12,1,Y
704233,2025-03-26,EU Direct (Dublin-Cherbourg),Celtic Sealink,977.0,535.76,2,Y
705996,2025-09-28,EU Direct (Rosslare-Dunkirk),Atlantic Cargo Ferries,2378.0,1538.91,2,Y
702387,2025-12-03,UK Landbridge (Dublin-Holyhead),Celtic Sealink,454.0,179.9,2,Y
701705,2024-06-15,UK Landbridge (Dublin-Holyhead),Celtic Sealink,2293.0,932.34,1,Y
701154,2025-08-09,UK Landbridge (Dublin-Holyhead),celtic sealink,1750.0,764.79,1,Y
701609,2024-02-16,UK Landbridge (Dublin-Holyhead),Celtic Sealink,1504.0,676.5,1,Y
704840,2024-05-25,EU Direct (Rosslare-Dunkirk),Nordic Freight Lines,1345.0,725.84,2,Y
702312,2024-06-06,UK Landbridge (Dublin-Holyhead),Nordic Freight Lines,860.0,317.53,2,Y
705037,2024-04-08,EU Direct (Rosslare-Dunkirk),Nordic Freight Lines,2333.0,1189.92,2,Y
701174,2025-01-20,UK Landbridge (Dublin-Holyhead),Celtic Sealink,1861.0,741.9,1,Y
705939,2025-06-20,EU Direct (Rosslare-Dunkirk),Nordic Freight Lines,1960.0,1033.72,2,Y
703047,2025-09-11,EU Direct (Dublin-Cherbourg),Atlantic Cargo Ferries,1264.0,788.12,2,N
701141,2025-05-02,UK Landbridge (Dublin-Holyhead),Celtic Sealink,1345.0,565.02,1,Y
702218,2024-02-27,UK Landbridge (Dublin-Holyhead),Nordic Freight Lines,838.0,328.88,1,Y
703412,2025-08-10,EU Direct (Dublin-Cherbourg),CELTIC SEALINK,744.0,426.5,2,N
705156,2024-12-15,EU Direct (Rosslare-Dunkirk),atlantic cargo ferries,827.0,541.04,2,Y
700856,2025-06-25,UK Landbridge (Dublin-Holyhead),Nordic Freight Lines,2747.0,1119.24,1,Y
700317,2025-04-02,UK Landbridge (Dublin-Holyhead),Celtic Sealink,852.0,385.88,,Y
703532,2025-07-25,EU Direct (Dublin-Cherbourg),Celtic Sealink,1437.0,894.8,2,Y
702362,2025-07-19,UK Landbridge (Dublin-Holyhead),Celtic Sealink,1077.0,475.32,1,Y
702488,2025-09-14,UK Landbridge (Dublin-Holyhead),Nordic Freight Lines,1037.0,408.43,1,Y
700546,2025-05-30,UK Landbridge (Dublin-Holyhead),nordic freight lines,1122.0,448.82,2,N
700835,2025-08-02,UK Landbridge (Dublin-Holyhead),Nordic Freight Lines,1729.0,657.88,1,Y
702728,2024-02-09,UK Landbridge (Dublin-Holyhead),Nordic Freight Lines,805.0,319.05,1,Y
702902,2025-11-13,EU Direct (Dublin-Cherbourg),Atlantic Cargo Ferries,1565.0,1097.13,3,Y
703999,2024-05-23,EU Direct (Dublin-Cherbourg),Atlantic Cargo Ferries,2653.0,1881.13,1,Y
702685,2024-08-16,UK Landbridge (Dublin-Holyhead),Celtic Sealink,2905.0,1123.44,1,Y
701887,2024-09-11,UK Landbridge (Dublin-Holyhead),CELTIC SEALINK,991.0,400.67,1,Y
703038,2024-05-29,EU Direct (Dublin-Cherbourg),Celtic Sealink,50,28.01,3,Y
705572,2024-08-19,EU Direct (Rosslare-Dunkirk),Atlantic Cargo Ferries,2230.0,1427.62,2,Y
702018,2024-09-10,UK Landbridge (Dublin-Holyhead),Nordic Freight Lines,843.0,325.77,1,Y
702778,2024-03-15,UK Landbridge (Dublin-Holyhead),Celtic Sealink,1539.0,650.53,1,N
704784,2025-11-09,EU Direct (Rosslare-Dunkirk),Atlantic Cargo Ferries,4177.0,2625.6,2,Y
700715,2025-02-27,UK Landbridge (Dublin-Holyhead),Nordic Freight Lines,2302.0,838.68,1,N
702331,2025-02-02,UK Landbridge (Dublin-Holyhead),Celtic Sealink,1697.0,679.65,1,Y
701628,2024-12-18,UK Landbridge (Dublin-Holyhead),Nordic Freight Lines,2141.0,853.78,1,Y
701880,2024-01-01,UK Landbridge (Dublin-Holyhead),Nordic Freight Lines,2217.0,786.05,1,Y
700819,2025-05-30,UK Landbridge (Dublin-Holyhead),Nordic Freight Lines,1660.0,662.33,1,Y
701840,2024-04-20,UK Landbridge (Dublin-Holyhead),Celtic Sealink,1793.0,755.1,1,Y
701724,2025-11-04,UK Landbridge (Dublin-Holyhead),Nordic Freight Lines,3040.0,1116.56,1,Y
701633,2025-03-02,UK Landbridge (Dublin-Holyhead),Celtic Sealink,2983.0,1271.9,1,Y
704744,2024-01-30,EU Direct (Rosslare-Dunkirk),Nordic Freight Lines,2209.0,1095.56,2,Y
700896,2025-04-14,UK Landbridge (Dublin-Holyhead),Celtic Sealink,1729.0,782.79,2,Y
704837,2024-06-10,EU Direct (Rosslare-Dunkirk),Atlantic Cargo Ferries,2378.0,1511.65,2,N
702457,2025-12-27,UK Landbridge (Dublin-Holyhead),Celtic Sealink,680.0,299.21,2,Y
704502,2025-02-21,EU Direct (Dublin-Cherbourg),Atlantic Cargo Ferries,3108.0,2014.83,3,Y
702293,2024-10-29,UK Landbridge (Dublin-Holyhead),Nordic Freight Lines,1662.0,600.32,1,Y
701793,2025-07-11,UK Landbridge (Dublin-Holyhead),Celtic Sealink,2825.0,1275.49,1,Y
700309,2024-08-14,UK Landbridge (Dublin-Holyhead),Nordic Freight Lines,1018.0,380.36,1,Y
703177,2025-04-24,EU Direct (Dublin-Cherbourg),CELTIC SEALINK,2570.0,1380.39,2,Y
705444,2024-06-02,EU Direct (Rosslare-Dunkirk),Nordic Freight Lines,622.0,307.88,2,N
700392,2025-12-25,UK Landbridge (Dublin-Holyhead),Celtic Sealink,1835.0,788.37,1,Y
705427,2025-06-30,EU Direct (Rosslare-Dunkirk),Atlantic Cargo Ferries,632.0,418.4,1,Y
704442,2025-06-14,EU Direct (Dublin-Cherbourg),Celtic Sealink,3947.0,2392.39,,Y
703134,2025-05-16,EU Direct (Dublin-Cherbourg),Celtic Sealink,1809.0,1088.32,2,Y
703698,2025-12-06,EU Direct (Dublin-Cherbourg),Atlantic Cargo Ferries,2596.0,1695.92,2,Y
705950,2024-10-20,EU Direct (Rosslare-Dunkirk),Atlantic Cargo Ferries,1017.0,593.65,3,Y
702007,2024-08-07,UK Landbridge (Dublin-Holyhead),Celtic Sealink,50,22.06,1,Y
704723,2025-10-07,EU Direct (Rosslare-Dunkirk),Atlantic Cargo Ferries,1031.0,658.69,2,Y
704920,2024-02-10,EU Direct (Rosslare-Dunkirk),Nordic Freight Lines,2759.0,1433.36,3,Y
704192,2025-09-20,EU Direct (Dublin-Cherbourg),Celtic Sealink,-1204.0,665.27,2,Y
703529,2024-05-12,EU Direct (Dublin-Cherbourg),Atlantic Cargo Ferries,1840.0,1264.24,2,Y
705661,2025-11-20,EU Direct (Rosslare-Dunkirk),Atlantic Cargo Ferries,533.0,324.39,2,Y
705715,2025-07-25,EU Direct (Rosslare-Dunkirk),Atlantic Cargo Ferries,2861.0,1866.7,2,Y
705142,2024-02-16,EU Direct (Rosslare-Dunkirk),Atlantic Cargo Ferries,1097.0,699.44,2,Y
705123,2025-07-20,EU Direct (Rosslare-Dunkirk),NORDIC FREIGHT LINES,1030.0,492.19,3,Y
702295,2025-12-28,UK Landbridge (Dublin-Holyhead),Nordic Freight Lines,2550.0,995.25,1,Y
701323,2024-07-04,UK Landbridge (Dublin-Holyhead),Celtic Sealink,2892.0,1279.43,1,Y
705791,2024-06-18,EU Direct (Rosslare-Dunkirk), Atlantic Cargo Ferries ,2749.0,1783.65,2,Y
705285,2025-09-15,EU Direct (Rosslare-Dunkirk),Nordic Freight Lines,2528.0,1289.17,2,Y
703464,2024-04-14,EU Direct (Dublin-Cherbourg),Celtic Sealink,1332.0,786.48,2,Y
704015,2025-04-24,EU Direct (Dublin-Cherbourg),ATLANTIC CARGO FERRIES,1937.0,1368.37,2,Y
701234,2024-02-23,UK Landbridge (Dublin-Holyhead),Nordic Freight Lines,3456.0,1255.09,1,Y
705864,2025-07-29,EU Direct (Rosslare-Dunkirk),Atlantic Cargo Ferries,2101.0,1229.21,2,Y
704857,2024-07-12,EU Direct (Rosslare-Dunkirk),Nordic Freight Lines,2795.0,1386.41,1,Y
704023,2025-05-22,EU Direct (Dublin-Cherbourg),Celtic Sealink,1339.0,785.79,2,N
701729,2024-03-12,UK Landbridge (Dublin-Holyhead),Celtic Sealink,1642.0,708.09,1,Y
704679,2024-05-10,EU Direct (Rosslare-Dunkirk),Nordic Freight Lines,1013.0,517.45,3,Y
701003,2024-04-11,UK Landbridge (Dublin-Holyhead),Nordic Freight Lines,1964.0,771.06,1,Y
702443,2025-02-12,UK Landbridge (Dublin-Holyhead),Celtic Sealink,1711.0,678.24,1,Y
701043,2025-02-13,UK Landbridge (Dublin-Holyhead),Nordic Freight Lines,356.0,127.65,1,Y
701117,2025-04-30,UK Landbridge (Dublin-Holyhead),Nordic Freight Lines,2065.0,767.19,1,Y
704209,2024-01-11,EU Direct (Dublin-Cherbourg),ATLANTIC CARGO FERRIES,3550.0,2304.33,2,Y
700923,2024-10-15,UK Landbridge (Dublin-Holyhead),Nordic Freight Lines,705.0,274.94,1,Y
700347,2024-10-24,UK Landbridge (Dublin-Holyhead),Celtic Sealink,2902.0,1203.25,1,Y
702813,2025-03-28,UK Landbridge (Dublin-Holyhead),NORDIC FREIGHT LINES,558.0,196.56,2,Y
701214,2024-09-15,UK Landbridge (Dublin-Holyhead),Nordic Freight Lines,3382.0,1268.39,1,Y
704714,2024-02-23,EU Direct (Rosslare-Dunkirk),Nordic Freight Lines,2342.0,1241.08,2,Y
705835,2025-04-04,EU Direct (Rosslare-Dunkirk),Nordic Freight Lines,1373.0,633.47,2,Y
704451,2025-06-15,EU Direct (Dublin-Cherbourg),Celtic Sealink,1439.0,893.27,2,Y
705597,2025-06-03,EU Direct (Rosslare-Dunkirk),Atlantic Cargo Ferries,1678.0,1052.92,2,Y
703961,2024-06-04,EU Direct (Dublin-Cherbourg),Celtic Sealink,2030.0,1159.8,3,Y
705745,2025-05-16,EU Direct (Rosslare-Dunkirk),Nordic Freight Lines,238.0,113.64,3,Y
701521,2025-03-16,UK Landbridge (Dublin-Holyhead),Nordic Freight Lines,3167.0,1266.48,1,Y
704380,2025-03-28,EU Direct (Dublin-Cherbourg),Celtic Sealink,1378.0,778.72,2,Y
704897,2024-06-06,EU Direct (Rosslare-Dunkirk),Nordic Freight Lines,1654.0,864.52,2,Y
702344,2024-10-14,UK Landbridge (Dublin-Holyhead),Celtic Sealink,50,22.32,1,Y
703245,2025-03-17,EU Direct (Dublin-Cherbourg),Celtic Sealink,889.0,489.02,2,Y
701861,2024-05-02,UK Landbridge (Dublin-Holyhead),Celtic Sealink,1074.0,478.27,1,Y
704851,2024-01-01,EU Direct (Rosslare-Dunkirk),Nordic Freight Lines,1859.0,992.7,2,Y
703837,2025-01-13,EU Direct (Dublin-Cherbourg),Celtic Sealink,1194.0,639.33,2,Y
701276,2024-02-18,UK Landbridge (Dublin-Holyhead),Nordic Freight Lines,1679.0,657.18,1,Y
705177,2025-11-02,EU Direct (Rosslare-Dunkirk),Atlantic Cargo Ferries,1083.0,645.9,1,Y
705707,2025-11-12,EU Direct (Rosslare-Dunkirk),Atlantic Cargo Ferries,1753.0,1139.41,2,Y
702126,2024-02-10,UK Landbridge (Dublin-Holyhead),Nordic Freight Lines,1440.0,576.03,2,Y
704326,2024-12-08,EU Direct (Dublin-Cherbourg),Celtic Sealink,2381.0,1273.3,2,Y
701940,2024-06-28,UK Landbridge (Dublin-Holyhead),Celtic Sealink,1719.0,737.53,1,Y
700002,2024-04-06,UK Landbridge (Dublin-Holyhead),Celtic Sealink,1330.0,562.06,1,Y
700941,2025-05-28,UK Landbridge (Dublin-Holyhead),Celtic Sealink,3068.0,1312.17,1,Y
703110,2025-03-12,EU Direct (Dublin-Cherbourg),Celtic Sealink,966.0,551.8,2,Y
702659,2025-04-10,UK Landbridge (Dublin-Holyhead),Celtic Sealink,2747.0,1104.24,2,Y
701991,2024-01-20,UK Landbridge (Dublin-Holyhead),Celtic Sealink,2871.0,1238.87,1,Y
703574,2025-02-22,EU Direct (Dublin-Cherbourg),Atlantic Cargo Ferries,2509.0,1773.93,2,Y
702696,2025-01-31,UK Landbridge (Dublin-Holyhead),Celtic Sealink,2950.0,1193.94,2,Y
701710,2025-05-29,UK Landbridge (Dublin-Holyhead),Nordic Freight Lines,2082.0,824.37,1,Y
703605,2025-04-10,EU Direct (Dublin-Cherbourg),Atlantic Cargo Ferries,948.0,664.94,2,Y
700021,2024-12-26,UK Landbridge (Dublin-Holyhead),Nordic Freight Lines,2677.0,954.01,1,Y
702435,2025-12-31,UK Landbridge (Dublin-Holyhead),Celtic Sealink,741.0,294.01,1,Y
704168,2025-09-08,EU Direct (Dublin-Cherbourg),Celtic Sealink,1169.0,647.02,2,N
702511,2025-12-23,UK Landbridge (Dublin-Holyhead),Celtic Sealink,3317.0,1433.83,1,Y
702607,2025-09-22,UK Landbridge (Dublin-Holyhead),Celtic Sealink,2368.0,986.83,1,Y
700816,2025-10-08,UK Landbridge (Dublin-Holyhead),Celtic Sealink,901.0,389.56,2,Y
702603,2025-01-15,UK Landbridge (Dublin-Holyhead),Celtic Sealink,2244.0,919.87,1,Y
702332,2024-12-20,UK Landbridge (Dublin-Holyhead),Celtic Sealink,813.0,361.03,1,Y
703072,2024-01-21,EU Direct (Dublin-Cherbourg),celtic sealink,2580.0,1419.38,2,Y
705838,2024-04-14,EU Direct (Rosslare-Dunkirk),Nordic Freight Lines,2233.0,1029.66,2,Y
705891,2024-08-28,EU Direct (Rosslare-Dunkirk),Nordic Freight Lines,1400.0,691.47,2,Y
705054,2024-05-27,EU Direct (Rosslare-Dunkirk),Nordic Freight Lines,50,24.18,2,Y
704019,2025-08-24,EU Direct (Dublin-Cherbourg),Atlantic Cargo Ferries,1219.0,785.16,1,Y
700364,2025-09-29,UK Landbridge (Dublin-Holyhead),Nordic Freight Lines,3401.0,1315.33,1,Y
703823,2024-05-08,EU Direct (Dublin-Cherbourg),Atlantic Cargo Ferries,1594.0,1086.61,2,Y
703161,2024-05-06,EU Direct (Dublin-Cherbourg),Celtic Sealink,2181.0,1312.19,2,Y
702494,2025-03-03,UK Landbridge (Dublin-Holyhead),Celtic Sealink,2595.0,1170.66,2,Y
703970,2025-10-16,EU Direct (Dublin-Cherbourg),atlantic cargo ferries,1860.0,1221.7,1,Y
701219,2024-01-20,UK Landbridge (Dublin-Holyhead),Nordic Freight Lines,1331.0,527.67,1,N
702897,2025-11-26,EU Direct (Dublin-Cherbourg),Celtic Sealink,2361.0,1448.64,2,Y
704662,2025-02-01,EU Direct (Rosslare-Dunkirk),Atlantic Cargo Ferries,2371.0,1540.77,2,Y
701490,2025-04-06,UK Landbridge (Dublin-Holyhead),Nordic Freight Lines,2936.0,1037.43,1,Y
701858,2024-02-09,UK Landbridge (Dublin-Holyhead),CELTIC SEALINK,785.0,333.5,1,Y
705614,2024-02-06,EU Direct (Rosslare-Dunkirk),Atlantic Cargo Ferries,1009.0,618.73,2,Y
705897,2025-04-08,EU Direct (Rosslare-Dunkirk),Nordic Freight Lines,1908.0,1008.98,2,Y
703023,2024-05-14,EU Direct (Dublin-Cherbourg),Atlantic Cargo Ferries,1649.0,1137.28,2,Y
703197,2024-04-07,EU Direct (Dublin-Cherbourg),Atlantic Cargo Ferries,671.0,468.41,2,Y
702188,2025-06-11,UK Landbridge (Dublin-Holyhead),Celtic Sealink,2213.0,876.43,1,N
704058,2024-01-21,EU Direct (Dublin-Cherbourg),celtic sealink,2205.0,1328.29,3,Y
705749,2024-09-02,EU Direct (Rosslare-Dunkirk),atlantic cargo ferries,2046.0,1372.9,2,Y
703214,2025-03-05,EU Direct (Dublin-Cherbourg),Atlantic Cargo Ferries,1339.0,901.78,2,Y
701822,2024-12-07,UK Landbridge (Dublin-Holyhead),Celtic Sealink,737.0,294.35,1,N
702951,2024-03-17,EU Direct (Dublin-Cherbourg),Atlantic Cargo Ferries,2156.0,1436.05,2,Y
702798,2024-02-18,UK Landbridge (Dublin-Holyhead),celtic sealink,2895.0,1154.66,1,Y
702394,2025-06-25,UK Landbridge (Dublin-Holyhead),Celtic Sealink,2781.0,1121.94,1,Y
704776,2025-02-25,EU Direct (Rosslare-Dunkirk),Nordic Freight Lines,2551.0,1238.39,2,Y
700409,2024-09-10,UK Landbridge (Dublin-Holyhead),Celtic Sealink,1777.0,804.77,1,Y
704619,2024-11-19,EU Direct (Dublin-Cherbourg),Atlantic Cargo Ferries,50,33.12,2,Y
704072,2024-04-09,EU Direct (Dublin-Cherbourg),Atlantic Cargo Ferries,297.0,211.07,2,Y
701213,2025-10-30,UK Landbridge (Dublin-Holyhead),Celtic Sealink,51.0,21.62,1,Y
705160,2025-04-13,EU Direct (Rosslare-Dunkirk),Nordic Freight Lines,2040.0,1016.32,2,Y
702807,2025-07-15,UK Landbridge (Dublin-Holyhead),Celtic Sealink,1973.0,776.99,1,N
701515,2025-11-01,UK Landbridge (Dublin-Holyhead),Celtic Sealink,1826.0,805.36,1,Y
701630,2025-12-23,UK Landbridge (Dublin-Holyhead),celtic sealink,50,22.41,1,Y
705818,2024-10-30,EU Direct (Rosslare-Dunkirk),Atlantic Cargo Ferries,2353.0,1529.49,2,Y
705456,2024-02-02,EU Direct (Rosslare-Dunkirk),Atlantic Cargo Ferries,2160.0,1409.88,2,Y
701772,2025-09-03,UK Landbridge (Dublin-Holyhead),Celtic Sealink,1739.0,715.69,1,N
704731,2024-02-12,EU Direct (Rosslare-Dunkirk),Atlantic Cargo Ferries,842.0,548.22,1,Y
700487,2025-12-20,UK Landbridge (Dublin-Holyhead),Nordic Freight Lines,212.0,82.43,1,Y
701417,2025-02-12,UK Landbridge (Dublin-Holyhead),Nordic Freight Lines,2082.0,815.11,1,Y
703132,2025-06-22,EU Direct (Dublin-Cherbourg),Atlantic Cargo Ferries,4300.0,2986.68,2,Y
701361,2024-07-07,UK Landbridge (Dublin-Holyhead),Celtic Sealink,2082.0,811.42,1,N
702564,2024-02-21,UK Landbridge (Dublin-Holyhead),Nordic Freight Lines,1813.0,711.06,1,Y
700757,2024-10-16,UK Landbridge (Dublin-Holyhead),Nordic Freight Lines,1057.0,382.53,1,Y
705466,2025-08-11,EU Direct (Rosslare-Dunkirk), Nordic Freight Lines ,1445.0,765.78,2,Y
702849,2025-07-29,UK Landbridge (Dublin-Holyhead),Nordic Freight Lines,3167.0,1168.98,,Y
704562,2025-06-16,EU Direct (Dublin-Cherbourg),Atlantic Cargo Ferries,1338.0,865.54,2,Y
700383,2025-01-12,UK Landbridge (Dublin-Holyhead),Nordic Freight Lines,3141.0,1168.93,1,Y
701639,2024-01-29,UK Landbridge (Dublin-Holyhead),Nordic Freight Lines,3200.0,1290.47,1,Y
704611,2024-06-10,EU Direct (Dublin-Cherbourg),Atlantic Cargo Ferries,3158.0,2250.54,2,N
701193,2025-07-03,UK Landbridge (Dublin-Holyhead),Celtic Sealink,1585.0,682.65,1,N
700484,2025-08-05,UK Landbridge (Dublin-Holyhead),celtic sealink,50,21.07,1,Y
702520,2025-01-16,UK Landbridge (Dublin-Holyhead),Celtic Sealink,2832.0,1281.09,1,Y
702675,2024-07-20,UK Landbridge (Dublin-Holyhead),Celtic Sealink,1344.0,595.35,1,Y
700271,2024-11-19,UK Landbridge (Dublin-Holyhead),Nordic Freight Lines,2377.0,885.59,1,Y
701877,2024-02-26,UK Landbridge (Dublin-Holyhead),Nordic Freight Lines,2177.0,852.27,1,Y
702906,2024-05-21,EU Direct (Dublin-Cherbourg), Celtic Sealink ,2152.0,1215.87,1,Y
701245,2024-01-20,UK Landbridge (Dublin-Holyhead),Celtic Sealink,50,22.61,1,Y
703013,2025-02-04,EU Direct (Dublin-Cherbourg),Atlantic Cargo Ferries,908.0,570.57,2,Y
703984,2025-04-30,EU Direct (Dublin-Cherbourg),Celtic Sealink,1454.0,864.33,2,Y
705057,2024-04-01,EU Direct (Rosslare-Dunkirk),Nordic Freight Lines,1614.0,787.55,2,Y
702427,2025-02-18,UK Landbridge (Dublin-Holyhead),Celtic Sealink,1202.0,479.71,1,Y
702518,2025-04-25,UK Landbridge (Dublin-Holyhead),Celtic Sealink,2107.0,860.17,1,Y
702550,2024-03-30,UK Landbridge (Dublin-Holyhead),Celtic Sealink,1038.0,410.66,1,Y
703871,2024-12-20,EU Direct (Dublin-Cherbourg),Atlantic Cargo Ferries,2111.0,1423.4,2,Y
701230,2025-03-03,UK Landbridge (Dublin-Holyhead),Nordic Freight Lines,2072.0,797.77,1,Y
705418,2025-01-21,EU Direct (Rosslare-Dunkirk),Nordic Freight Lines,2706.0,1440.86,2,Y
701189,2024-10-04,UK Landbridge (Dublin-Holyhead),Celtic Sealink,1568.0,686.31,1,N
704358,2024-12-31,EU Direct (Dublin-Cherbourg),Celtic Sealink,1767.0,1007.9,2,Y
701898,2025-11-05,UK Landbridge (Dublin-Holyhead),Nordic Freight Lines,657.0,242.86,1,Y
701109,2025-01-28,UK Landbridge (Dublin-Holyhead), Celtic Sealink ,2955.0,1142.34,1,Y
702436,2025-10-07,UK Landbridge (Dublin-Holyhead),Celtic Sealink,1434.0,611.37,1,Y
700286,2025-03-11,UK Landbridge (Dublin-Holyhead),Celtic Sealink,223.0,89.84,1,Y
701800,2024-12-05,UK Landbridge (Dublin-Holyhead),Nordic Freight Lines,1054.0,371.07,1,Y
700702,2025-03-23,UK Landbridge (Dublin-Holyhead),Celtic Sealink,2094.0,944.11,2,Y
703927,2025-01-06,EU Direct (Dublin-Cherbourg),celtic sealink,2638.0,1619.25,3,Y
704274,2024-01-20,EU Direct (Dublin-Cherbourg),Celtic Sealink,2551.0,1531.64,2,Y
701096,2024-05-26,UK Landbridge (Dublin-Holyhead),Nordic Freight Lines,3437.0,1314.78,1,Y
705714,2024-04-15,EU Direct (Rosslare-Dunkirk),Atlantic Cargo Ferries,577.0,367.38,2,N
704825,2025-05-22,EU Direct (Rosslare-Dunkirk),Nordic Freight Lines,2072.0,1062.69,2,Y
702820,2025-08-23,UK Landbridge (Dublin-Holyhead),Nordic Freight Lines,3248.0,1269.41,1,Y
701445,2024-08-24,UK Landbridge (Dublin-Holyhead),Nordic Freight Lines,50,19.2,1,Y
700678,2025-05-29,UK Landbridge (Dublin-Holyhead),Nordic Freight Lines,1935.0,703.62,1,Y
700865,2025-02-21,UK Landbridge (Dublin-Holyhead),nordic freight lines,1336.0,492.15,1,Y
704688,2025-12-10,EU Direct (Rosslare-Dunkirk),Atlantic Cargo Ferries,2036.0,1181.95,2,Y
701483,2025-06-30,UK Landbridge (Dublin-Holyhead),Nordic Freight Lines,2404.0,895.22,1,Y
705005,2025-04-25,EU Direct (Rosslare-Dunkirk),Nordic Freight Lines,1082.0,525.01,2,Y
703251,2024-02-04,EU Direct (Dublin-Cherbourg),Atlantic Cargo Ferries,3709.0,2551.01,2,N
702391,2024-06-14,UK Landbridge (Dublin-Holyhead),CELTIC SEALINK,1707.0,747.27,1,Y
700220,2024-11-04,UK Landbridge (Dublin-Holyhead),nordic freight lines,2182.0,774.72,2,Y
701631,2024-02-16,UK Landbridge (Dublin-Holyhead),nordic freight lines,590.0,238.23,1,Y
702753,2025-04-22,UK Landbridge (Dublin-Holyhead),Celtic Sealink,2706.0,1047.63,1,N
701114,2025-09-03,UK Landbridge (Dublin-Holyhead),Nordic Freight Lines,3299.0,1241.82,1,Y
701294,2025-04-17,UK Landbridge (Dublin-Holyhead),Nordic Freight Lines,2655.0,994.25,1,Y
702450,2024-02-17,UK Landbridge (Dublin-Holyhead),Nordic Freight Lines,397.0,160.5,1,Y
700338,2024-04-27,UK Landbridge (Dublin-Holyhead),Celtic Sealink,1856.0,758.09,1,Y
703196,2025-11-29,EU Direct (Dublin-Cherbourg),Atlantic Cargo Ferries,2882.0,1759.24,2,Y
701795,2024-03-01,UK Landbridge (Dublin-Holyhead),Nordic Freight Lines,1709.0,632.13,1,N
702208,2024-12-01,UK Landbridge (Dublin-Holyhead),Nordic Freight Lines,2039.0,807.48,1,Y
701786,2024-06-22,UK Landbridge (Dublin-Holyhead),Nordic Freight Lines,1010.0,376.35,1,Y
702399,2024-01-06,UK Landbridge (Dublin-Holyhead),Celtic Sealink,1154.0,507.91,2,Y
702991,2025-10-01,EU Direct (Dublin-Cherbourg),Celtic Sealink,1370.0,809.66,3,Y
703527,2025-06-13,EU Direct (Dublin-Cherbourg),Celtic Sealink,2142.0,1253.05,2,Y
702796,2025-03-23,UK Landbridge (Dublin-Holyhead),Celtic Sealink,2112.0,826.97,1,Y
701272,2024-01-05,UK Landbridge (Dublin-Holyhead),Nordic Freight Lines,2073.0,773.25,2,Y
705832,2024-07-20,EU Direct (Rosslare-Dunkirk),Atlantic Cargo Ferries,1401.0,864.36,2,Y
702922,2024-05-24,EU Direct (Dublin-Cherbourg),Celtic Sealink,2595.0,1555.66,2,Y
704210,2024-07-03,EU Direct (Dublin-Cherbourg),Atlantic Cargo Ferries,1271.0,824.46,2,Y
702763,2024-10-17,UK Landbridge (Dublin-Holyhead),Nordic Freight Lines,3023.0,1141.94,1,Y
702299,2024-06-11,UK Landbridge (Dublin-Holyhead),Nordic Freight Lines,2758.0,974.95,1,Y
700703,2025-09-14,UK Landbridge (Dublin-Holyhead),NORDIC FREIGHT LINES,676.0,260.16,2,Y
700251,2025-09-01,UK Landbridge (Dublin-Holyhead),Nordic Freight Lines,1117.0,452.67,1,Y
700391,2024-07-05,UK Landbridge (Dublin-Holyhead),Celtic Sealink,1337.0,559.09,1,Y
705793,2025-05-24,EU Direct (Rosslare-Dunkirk),Nordic Freight Lines,1734.0,835.28,2,Y
704334,2024-12-14,EU Direct (Dublin-Cherbourg),celtic sealink,1303.0,799.59,2,Y
704899,2025-12-30,EU Direct (Rosslare-Dunkirk),Atlantic Cargo Ferries,2140.0,1247.52,2,Y
702774,2025-10-31,UK Landbridge (Dublin-Holyhead), Nordic Freight Lines ,1336.0,527.77,1,Y
705704,2025-12-12,EU Direct (Rosslare-Dunkirk),Atlantic Cargo Ferries,1797.0,1197.63,,Y
702898,2024-08-09,EU Direct (Dublin-Cherbourg),Atlantic Cargo Ferries,887.0,582.27,2,Y
704109,2024-07-30,EU Direct (Dublin-Cherbourg),Atlantic Cargo Ferries,564.0,369.75,3,Y
704929,2024-12-28,EU Direct (Rosslare-Dunkirk),Nordic Freight Lines,2468.0,1163.54,2,Y
705892,2025-12-02,EU Direct (Rosslare-Dunkirk),Atlantic Cargo Ferries,-698.0,427.81,2,Y
704034,2025-06-25,EU Direct (Dublin-Cherbourg),Atlantic Cargo Ferries,1977.0,1308.51,2,Y
701009,2024-07-28,UK Landbridge (Dublin-Holyhead),Celtic Sealink,2135.0,892.63,1,Y
702964,2025-08-11,EU Direct (Dublin-Cherbourg),Celtic Sealink,1847.0,1107.99,2,Y
702973,2024-04-02,EU Direct (Dublin-Cherbourg),Atlantic Cargo Ferries,876.0,549.43,1,Y
702322,2025-11-08,UK Landbridge (Dublin-Holyhead),Nordic Freight Lines,1259.0,473.23,1,N
701652,2024-06-12,UK Landbridge (Dublin-Holyhead),celtic sealink,2406.0,1050.32,1,Y
703425,2024-12-13,EU Direct (Dublin-Cherbourg),Celtic Sealink,2670.0,1541.6,2,N
705765,2024-05-30,EU Direct (Rosslare-Dunkirk),Nordic Freight Lines,186.0,93.06,2,Y
703394,2024-02-04,EU Direct (Dublin-Cherbourg),Celtic Sealink,2506.0,1363.13,2,Y
702364,2024-09-15,UK Landbridge (Dublin-Holyhead),Celtic Sealink,1317.0,576.91,1,Y
702810,2025-12-10,UK Landbridge (Dublin-Holyhead),Celtic Sealink,1545.0,651.74,1,Y
704251,2024-05-26,EU Direct (Dublin-Cherbourg),ATLANTIC CARGO FERRIES,2018.0,1242.68,2,Y
700611,2024-06-17,UK Landbridge (Dublin-Holyhead),Nordic Freight Lines,2514.0,932.08,1,Y
701200,2024-06-04,UK Landbridge (Dublin-Holyhead),Nordic Freight Lines,761.0,294.15,1,Y
700165,2024-03-05,UK Landbridge (Dublin-Holyhead),Celtic Sealink,3457.0,1541.52,1,Y
703460,2025-08-13,EU Direct (Dublin-Cherbourg),Atlantic Cargo Ferries,745.0,468.1,2,Y
700390,2024-12-12,UK Landbridge (Dublin-Holyhead),Celtic Sealink,2366.0,974.88,1,Y
702841,2025-01-07,UK Landbridge (Dublin-Holyhead), Celtic Sealink ,1221.0,479.64,2,Y
700102,2025-01-26,UK Landbridge (Dublin-Holyhead),Nordic Freight Lines,2215.0,791.63,1,Y
702600,2024-10-24,UK Landbridge (Dublin-Holyhead), Celtic Sealink ,2722.0,1076.66,1,Y
704705,2024-04-13,EU Direct (Rosslare-Dunkirk),ATLANTIC CARGO FERRIES,1091.0,710.55,2,Y
704754,2025-10-16,EU Direct (Rosslare-Dunkirk),atlantic cargo ferries,1415.0,837.92,2,Y
700670,2024-07-05,UK Landbridge (Dublin-Holyhead),Nordic Freight Lines,1813.0,697.03,1,Y
700369,2024-04-05,UK Landbridge (Dublin-Holyhead),Nordic Freight Lines,2313.0,862.53,1,Y
700879,2025-05-14,UK Landbridge (Dublin-Holyhead),Nordic Freight Lines,1881.0,664.92,1,Y
705412,2024-10-21,EU Direct (Rosslare-Dunkirk),Atlantic Cargo Ferries,2904.0,1679.6,2,Y
703428,2024-09-02,EU Direct (Dublin-Cherbourg),Celtic Sealink,790.0,474.12,2,Y
705265,2025-07-19,EU Direct (Rosslare-Dunkirk),Nordic Freight Lines,829.0,426.92,2,Y
704125,2025-01-27,EU Direct (Dublin-Cherbourg),Atlantic Cargo Ferries,1660.0,1046.37,1,Y
704185,2025-03-03,EU Direct (Dublin-Cherbourg),atlantic cargo ferries,50,32.07,2,Y
700900,2025-01-30,UK Landbridge (Dublin-Holyhead),Nordic Freight Lines,1273.0,451.61,1,Y
705426,2025-06-23,EU Direct (Rosslare-Dunkirk),Atlantic Cargo Ferries,2279.0,1325.11,1,Y
700601,2025-02-15,UK Landbridge (Dublin-Holyhead),Nordic Freight Lines,2808.0,997.67,,Y
704315,2024-06-03,EU Direct (Dublin-Cherbourg),Celtic Sealink,1807.0,987.18,2,Y
705497,2024-01-16,EU Direct (Rosslare-Dunkirk),Nordic Freight Lines,711.0,341.52,2,Y
702191,2025-01-03,UK Landbridge (Dublin-Holyhead),CELTIC SEALINK,1257.0,545.4,1,Y
704685,2024-02-13,EU Direct (Rosslare-Dunkirk),nordic freight lines,2992.0,1542.08,2,Y
705516,2024-05-09,EU Direct (Rosslare-Dunkirk),Atlantic Cargo Ferries,1683.0,1111.07,2,Y
702415,2025-09-24,UK Landbridge (Dublin-Holyhead),Nordic Freight Lines,2536.0,1017.11,1,Y
700519,2024-02-21,UK Landbridge (Dublin-Holyhead),Nordic Freight Lines,2092.0,814.07,2,Y
704930,2024-01-21,EU Direct (Rosslare-Dunkirk),atlantic cargo ferries,1012.0,585.86,2,Y
700449,2024-11-20,UK Landbridge (Dublin-Holyhead),Celtic Sealink,596.0,254.96,1,Y
701760,2024-05-23,UK Landbridge (Dublin-Holyhead),Celtic Sealink,2349.0,1046.62,1,Y
702993,2024-04-03,EU Direct (Dublin-Cherbourg),Celtic Sealink,861.0,484.27,2,Y
705389,2025-03-01,EU Direct (Rosslare-Dunkirk),Atlantic Cargo Ferries,686.0,450.52,3,Y
704038,2024-07-11,EU Direct (Dublin-Cherbourg),Celtic Sealink,2587.0,1453.1,2,Y
703752,2024-11-12,EU Direct (Dublin-Cherbourg),Atlantic Cargo Ferries,1629.0,1040.22,2,Y
704338,2024-04-13,EU Direct (Dublin-Cherbourg),Atlantic Cargo Ferries,940.0,574.36,2,N
702064,2024-02-23,UK Landbridge (Dublin-Holyhead),Celtic Sealink,2735.0,1091.1,2,Y
703074,2024-07-08,EU Direct (Dublin-Cherbourg),Celtic Sealink,2604.0,1431.26,2,Y
702036,2025-03-09,UK Landbridge (Dublin-Holyhead),Nordic Freight Lines,1186.0,421.9,1,N
703195,2024-11-28,EU Direct (Dublin-Cherbourg), Celtic Sealink ,2096.0,1240.96,2,Y
702069,2025-02-15,UK Landbridge (Dublin-Holyhead),Celtic Sealink,1525.0,659.61,1,Y
702944,2024-05-12,EU Direct (Dublin-Cherbourg),Celtic Sealink,1795.0,995.88,2,Y
704402,2025-12-09,EU Direct (Dublin-Cherbourg),Celtic Sealink,3780.0,2154.98,2,Y
700929,2024-09-24,UK Landbridge (Dublin-Holyhead),Celtic Sealink,50,20.38,2,Y
704066,2024-07-24,EU Direct (Dublin-Cherbourg),Atlantic Cargo Ferries,2602.0,1679.57,2,N
703028,2025-11-22,EU Direct (Dublin-Cherbourg),Celtic Sealink,2792.0,1518.37,2,Y
702856,2024-05-15,UK Landbridge (Dublin-Holyhead),Celtic Sealink,2666.0,1132.17,1,Y
702945,2025-09-14,EU Direct (Dublin-Cherbourg),Atlantic Cargo Ferries,50,34.25,2,Y
700214,2025-12-30,UK Landbridge (Dublin-Holyhead),Celtic Sealink,1264.0,540.95,1,Y
702859,2024-11-02,UK Landbridge (Dublin-Holyhead),Celtic Sealink,1421.0,596.83,1,Y
702740,2025-11-26,UK Landbridge (Dublin-Holyhead),Celtic Sealink,1715.0,735.28,1,Y
705620,2025-09-20,EU Direct (Rosslare-Dunkirk),nordic freight lines,1345.0,664.19,2,Y
702430,2025-01-28,UK Landbridge (Dublin-Holyhead),Nordic Freight Lines,1128.0,437.65,1,Y
704734,2025-11-23,EU Direct (Rosslare-Dunkirk),Nordic Freight Lines,2814.0,1424.23,2,Y
704853,2025-03-17,EU Direct (Rosslare-Dunkirk),Atlantic Cargo Ferries,765.0,462.82,1,Y
703901,2024-11-30,EU Direct (Dublin-Cherbourg),Celtic Sealink,1152.0,626.96,2,N
702599,2025-06-30,UK Landbridge (Dublin-Holyhead),Nordic Freight Lines,2039.0,727.02,1,Y
703331,2025-11-29,EU Direct (Dublin-Cherbourg),Atlantic Cargo Ferries,2543.0,1750.23,2,Y
704670,2025-08-13,EU Direct (Rosslare-Dunkirk),Nordic Freight Lines,157.0,74.24,2,Y
702578,2024-10-12,UK Landbridge (Dublin-Holyhead),Nordic Freight Lines,846.0,334.96,1,N
703243,2024-01-03,EU Direct (Dublin-Cherbourg),Atlantic Cargo Ferries,775.0,540.25,2,Y
701638,2025-12-29,UK Landbridge (Dublin-Holyhead),Celtic Sealink,785.0,339.76,1,Y
700087,2025-03-11,UK Landbridge (Dublin-Holyhead),Nordic Freight Lines,1092.0,443.14,1,Y
700683,2024-01-26,UK Landbridge (Dublin-Holyhead),Celtic Sealink,2022.0,881.92,1,Y
705157,2024-11-01,EU Direct (Rosslare-Dunkirk),Atlantic Cargo Ferries,1849.0,1205.95,3,Y
701103,2025-04-08,UK Landbridge (Dublin-Holyhead),Celtic Sealink,2801.0,1122.34,2,Y
701130,2025-09-08,UK Landbridge (Dublin-Holyhead),Nordic Freight Lines,1618.0,601.34,1,Y
704772,2024-04-22,EU Direct (Rosslare-Dunkirk),Atlantic Cargo Ferries,417.0,280.5,1,Y
705678,2025-07-04,EU Direct (Rosslare-Dunkirk),Nordic Freight Lines,2292.0,1112.23,2,Y
702240,2024-03-20,UK Landbridge (Dublin-Holyhead),Celtic Sealink,112.0,46.05,1,Y
700625,2025-07-14,UK Landbridge (Dublin-Holyhead),Nordic Freight Lines,5175.0,1841.21,2,Y
705575,2025-10-05,EU Direct (Rosslare-Dunkirk),Nordic Freight Lines,1603.0,842.76,2,Y
700570,2025-04-01,UK Landbridge (Dublin-Holyhead),Nordic Freight Lines,1584.0,594.49,1,Y
705783,2024-04-06,EU Direct (Rosslare-Dunkirk),Nordic Freight Lines,3214.0,1510.49,3,Y
701513,2024-12-31,UK Landbridge (Dublin-Holyhead),Nordic Freight Lines,1080.0,389.37,1,N
704305,2024-02-25,EU Direct (Dublin-Cherbourg),Atlantic Cargo Ferries,2963.0,2051.82,2,Y
700164,2025-01-13,UK Landbridge (Dublin-Holyhead),Nordic Freight Lines,1060.0,416.02,1,Y
703358,2024-11-01,EU Direct (Dublin-Cherbourg),Celtic Sealink,2473.0,1403.25,3,Y
701851,2024-10-28,UK Landbridge (Dublin-Holyhead),Nordic Freight Lines,3035.0,1086.11,2,Y
704889,2025-05-25,EU Direct (Rosslare-Dunkirk),Nordic Freight Lines,1763.0,915.47,2,Y
701179,2025-03-24,UK Landbridge (Dublin-Holyhead),Nordic Freight Lines,-973.0,344.73,1,Y
701755,2025-12-20,UK Landbridge (Dublin-Holyhead),Celtic Sealink,1276.0,554.59,1,Y
700571,2025-08-06,UK Landbridge (Dublin-Holyhead),Celtic Sealink,2307.0,915.35,1,Y
702575,2024-12-19,UK Landbridge (Dublin-Holyhead),Nordic Freight Lines,3195.0,1169.37,1,Y
705808,2025-10-16,EU Direct (Rosslare-Dunkirk),Atlantic Cargo Ferries,1027.0,598.81,2,Y
705387,2025-09-30,EU Direct (Rosslare-Dunkirk),Nordic Freight Lines,3572.0,1911.84,2,Y
702968,2025-11-24,EU Direct (Dublin-Cherbourg),Celtic Sealink,3496.0,2149.99,2,Y
705315,2025-06-22,EU Direct (Rosslare-Dunkirk),atlantic cargo ferries,2823.0,1756.59,2,Y
702455,2025-12-03,UK Landbridge (Dublin-Holyhead),Nordic Freight Lines,1140.0,457.39,1,Y
700518,2024-03-05,UK Landbridge (Dublin-Holyhead),Celtic Sealink,452.0,175.38,1,Y
701144,2024-10-31,UK Landbridge (Dublin-Holyhead),Celtic Sealink,1723.0,746.85,2,Y
700234,2025-05-16,UK Landbridge (Dublin-Holyhead),NORDIC FREIGHT LINES,3081.0,1227.44,2,Y
705705,2025-08-30,EU Direct (Rosslare-Dunkirk),atlantic cargo ferries,371.0,237.34,2,Y
705236,2025-12-29,EU Direct (Rosslare-Dunkirk), Atlantic Cargo Ferries ,2674.0,1698.74,1,Y
700453,2024-06-16,UK Landbridge (Dublin-Holyhead),Nordic Freight Lines,2331.0,860.4,1,Y
704495,2025-03-16,EU Direct (Dublin-Cherbourg),Atlantic Cargo Ferries,535.0,380.32,2,Y
702632,2025-03-24,UK Landbridge (Dublin-Holyhead),nordic freight lines,2244.0,903.72,1,Y
703368,2025-05-14,EU Direct (Dublin-Cherbourg),Celtic Sealink,733.0,445.33,2,Y
702585,2024-12-26,UK Landbridge (Dublin-Holyhead),NORDIC FREIGHT LINES,730.0,286.51,1,Y
702061,2024-07-12,UK Landbridge (Dublin-Holyhead),Celtic Sealink,2445.0,1065.81,1,Y
705271,2024-10-25,EU Direct (Rosslare-Dunkirk),Atlantic Cargo Ferries,1154.0,735.61,2,Y
702348,2025-11-27,UK Landbridge (Dublin-Holyhead),NORDIC FREIGHT LINES,3528.0,1365.01,1,Y
700070,2025-10-10,UK Landbridge (Dublin-Holyhead),Celtic Sealink,1681.0,757.07,1,Y
703801,2024-04-24,EU Direct (Dublin-Cherbourg),Atlantic Cargo Ferries,196.0,125.93,2,N
701955,2025-03-27,UK Landbridge (Dublin-Holyhead),Nordic Freight Lines,2258.0,902.08,2,N
701588,2025-06-10,UK Landbridge (Dublin-Holyhead),Celtic Sealink,786.0,346.75,1,Y
703395,2024-08-06,EU Direct (Dublin-Cherbourg),Celtic Sealink,3411.0,1945.65,2,Y
700555,2024-03-19,UK Landbridge (Dublin-Holyhead),Celtic Sealink,1409.0,571.12,1,Y
702020,2025-12-28,UK Landbridge (Dublin-Holyhead),Celtic Sealink,2014.0,839.29,1,N
704268,2025-02-12,EU Direct (Dublin-Cherbourg), Atlantic Cargo Ferries ,2109.0,1297.83,2,Y
704646,2024-01-22,EU Direct (Rosslare-Dunkirk),Atlantic Cargo Ferries,1525.0,893.07,2,Y
702316,2025-04-25,UK Landbridge (Dublin-Holyhead),Nordic Freight Lines,2245.0,789.99,1,Y
701634,2025-05-05,UK Landbridge (Dublin-Holyhead),Celtic Sealink,874.0,373.58,1,Y
703158,2024-02-24,EU Direct (Dublin-Cherbourg),Atlantic Cargo Ferries,2135.0,1323.32,3,Y
702971,2025-06-19,EU Direct (Dublin-Cherbourg),Atlantic Cargo Ferries,2972.0,1967.43,2,Y
701501,2024-01-31,UK Landbridge (Dublin-Holyhead),Celtic Sealink,154.0,66.1,1,Y
703489,2024-02-08,EU Direct (Dublin-Cherbourg),atlantic cargo ferries,50,32.2,2,Y
700279,2025-04-20,UK Landbridge (Dublin-Holyhead),Nordic Freight Lines,1922.0,708.65,1,Y
700769,2024-10-11,UK Landbridge (Dublin-Holyhead),Nordic Freight Lines,1465.0,533.62,1,Y
703180,2025-08-19,EU Direct (Dublin-Cherbourg),Celtic Sealink,2158.0,1166.05,2,Y
703907,2025-07-17,EU Direct (Dublin-Cherbourg),Atlantic Cargo Ferries,1042.0,701.87,,Y
703631,2024-10-31,EU Direct (Dublin-Cherbourg),Celtic Sealink,569.0,305.27,3,Y
702212,2025-05-31,UK Landbridge (Dublin-Holyhead),Celtic Sealink,545.0,235.42,1,Y
704457,2025-04-02,EU Direct (Dublin-Cherbourg),Atlantic Cargo Ferries,4097.0,2634.36,2,Y
700996,2025-10-22,UK Landbridge (Dublin-Holyhead),Celtic Sealink,367.0,142.58,1,Y
702014,2025-11-10,UK Landbridge (Dublin-Holyhead),NORDIC FREIGHT LINES,3112.0,1190.86,1,Y
700888,2025-10-21,UK Landbridge (Dublin-Holyhead), Celtic Sealink ,1188.0,498.76,1,Y
703595,2025-10-12,EU Direct (Dublin-Cherbourg),Celtic Sealink,1941.0,1193.81,2,N
703271,2025-12-31,EU Direct (Dublin-Cherbourg),Celtic Sealink,1017.0,634.44,2,Y
704039,2024-04-07,EU Direct (Dublin-Cherbourg),Celtic Sealink,245.0,149.63,2,Y
703435,2024-01-17,EU Direct (Dublin-Cherbourg),Celtic Sealink,1451.0,864.18,2,N
701386,2025-05-13,UK Landbridge (Dublin-Holyhead),Celtic Sealink,974.0,386.75,1,Y
704206,2024-07-09,EU Direct (Dublin-Cherbourg),Celtic Sealink,2438.0,1524.51,2,Y
705205,2025-05-07,EU Direct (Rosslare-Dunkirk),Nordic Freight Lines,2423.0,1270.88,2,Y
703165,2024-04-09,EU Direct (Dublin-Cherbourg),Celtic Sealink,1477.0,831.77,2,Y
705197,2024-01-29,EU Direct (Rosslare-Dunkirk),Nordic Freight Lines,2228.0,1151.83,2,Y
704618,2025-04-29,EU Direct (Dublin-Cherbourg),Celtic Sealink,1766.0,949.33,2,Y
700568,2025-07-23,UK Landbridge (Dublin-Holyhead),Nordic Freight Lines,956.0,361.88,2,Y
704885,2025-10-22,EU Direct (Rosslare-Dunkirk),Atlantic Cargo Ferries,488.0,320.22,2,Y
703468,2024-07-07,EU Direct (Dublin-Cherbourg),Atlantic Cargo Ferries,1917.0,1310.08,2,N
705613,2024-04-16,EU Direct (Rosslare-Dunkirk),Atlantic Cargo Ferries,2289.0,1425.28,2,Y
700254,2024-12-12,UK Landbridge (Dublin-Holyhead),Celtic Sealink,2412.0,1078.96,1,Y
701834,2025-04-14,UK Landbridge (Dublin-Holyhead),Nordic Freight Lines,2310.0,899.06,1,Y
701538,2025-08-04,UK Landbridge (Dublin-Holyhead),Celtic Sealink,3433.0,1488.42,1,Y
701304,2025-09-24,UK Landbridge (Dublin-Holyhead), Nordic Freight Lines ,565.0,224.5,1,Y
703921,2025-05-14,EU Direct (Dublin-Cherbourg),Celtic Sealink,1083.0,625.45,1,Y
702833,2025-07-04,UK Landbridge (Dublin-Holyhead),Celtic Sealink,498.0,219.39,1,Y
700776,2024-12-24,UK Landbridge (Dublin-Holyhead),Celtic Sealink,3322.0,1308.59,1,Y
704069,2024-03-30,EU Direct (Dublin-Cherbourg),Celtic Sealink,1306.0,715.26,2,Y
705193,2025-10-14,EU Direct (Rosslare-Dunkirk),Nordic Freight Lines,3213.0,1736.56,2,Y
704729,2025-02-15,EU Direct (Rosslare-Dunkirk),Atlantic Cargo Ferries,1504.0,935.2,2,Y
701992,2025-12-30,UK Landbridge (Dublin-Holyhead), Celtic Sealink ,1536.0,641.8,,Y
705093,2025-02-06,EU Direct (Rosslare-Dunkirk),Atlantic Cargo Ferries,2081.0,1230.24,3,Y
705175,2024-05-19,EU Direct (Rosslare-Dunkirk),Nordic Freight Lines,2795.0,1381.87,2,Y
702493,2024-02-02,UK Landbridge (Dublin-Holyhead),Nordic Freight Lines,1600.0,589.25,,Y
705769,2025-10-02,EU Direct (Rosslare-Dunkirk),Nordic Freight Lines,2700.0,1386.09,2,Y
705843,2024-07-06,EU Direct (Rosslare-Dunkirk),Atlantic Cargo Ferries,2119.0,1329.21,2,Y
702947,2025-11-14,EU Direct (Dublin-Cherbourg),Celtic Sealink,841.0,473.4,2,Y
701606,2024-06-18,UK Landbridge (Dublin-Holyhead),Nordic Freight Lines,2269.0,931.17,1,Y
701122,2024-04-06,UK Landbridge (Dublin-Holyhead),Celtic Sealink,1526.0,688.26,1,Y
702716,2025-11-12,UK Landbridge (Dublin-Holyhead),Celtic Sealink,2877.0,1122.19,1,Y
702501,2024-08-20,UK Landbridge (Dublin-Holyhead),Celtic Sealink,546.0,239.37,2,N
703218,2024-11-28,EU Direct (Dublin-Cherbourg),Celtic Sealink,2436.0,1300.88,3,Y
702165,2024-04-11,UK Landbridge (Dublin-Holyhead),Nordic Freight Lines,2079.0,747.39,1,Y
704047,2025-11-04,EU Direct (Dublin-Cherbourg),Celtic Sealink,2820.0,1657.88,2,Y
700105,2025-09-19,UK Landbridge (Dublin-Holyhead),Nordic Freight Lines,1010.0,403.91,,Y
704882,2025-11-26,EU Direct (Rosslare-Dunkirk),Atlantic Cargo Ferries,2058.0,1285.04,2,Y
700382,2025-03-24,UK Landbridge (Dublin-Holyhead),Nordic Freight Lines,1846.0,654.84,1,Y
704215,2025-07-12,EU Direct (Dublin-Cherbourg),Atlantic Cargo Ferries,1615.0,1118.92,1,N
703726,2024-12-31,EU Direct (Dublin-Cherbourg),Atlantic Cargo Ferries,3079.0,2027.75,2,N
701241,2025-10-13,UK Landbridge (Dublin-Holyhead),Nordic Freight Lines,2415.0,911.82,1,Y
701859,2024-08-07,UK Landbridge (Dublin-Holyhead),Celtic Sealink,1683.0,747.98,1,N
705889,2024-05-12,EU Direct (Rosslare-Dunkirk),Atlantic Cargo Ferries,1187.0,772.86,2,Y
702077,2025-11-18,UK Landbridge (Dublin-Holyhead),Nordic Freight Lines,3186.0,1212.02,1,Y
705222,2025-03-09,EU Direct (Rosslare-Dunkirk),Atlantic Cargo Ferries,1512.0,914.0,1,Y
701988,2024-06-27,UK Landbridge (Dublin-Holyhead),Nordic Freight Lines,904.0,319.91,1,Y
705840,2024-02-10,EU Direct (Rosslare-Dunkirk),Nordic Freight Lines,2638.0,1343.93,2,Y
705303,2025-05-02,EU Direct (Rosslare-Dunkirk),Nordic Freight Lines,2561.0,1208.47,2,Y
701801,2024-08-17,UK Landbridge (Dublin-Holyhead),Nordic Freight Lines,1945.0,723.17,1,Y
702547,2024-08-15,UK Landbridge (Dublin-Holyhead),Celtic Sealink,2410.0,1013.4,2,Y
703345,2025-11-25,EU Direct (Dublin-Cherbourg),Atlantic Cargo Ferries,2438.0,1724.59,3,Y
704197,2024-11-27,EU Direct (Dublin-Cherbourg),Atlantic Cargo Ferries,1819.0,1217.72,2,Y
703168,2025-07-22,EU Direct (Dublin-Cherbourg),Atlantic Cargo Ferries,2816.0,1903.57,2,Y
701735,2024-01-24,UK Landbridge (Dublin-Holyhead),Celtic Sealink,2499.0,1081.59,2,Y
703081,2024-09-08,EU Direct (Dublin-Cherbourg),Celtic Sealink,705.0,379.2,2,Y
705776,2024-09-07,EU Direct (Rosslare-Dunkirk),atlantic cargo ferries,1590.0,983.39,1,Y
703719,2025-01-02,EU Direct (Dublin-Cherbourg),atlantic cargo ferries,2857.0,1818.17,2,Y
701650,2025-08-02,UK Landbridge (Dublin-Holyhead),Celtic Sealink,2253.0,878.54,1,Y
705970,2024-01-26,EU Direct (Rosslare-Dunkirk),Nordic Freight Lines,2634.0,1298.3,2,Y
703496,2025-12-26,EU Direct (Dublin-Cherbourg),ATLANTIC CARGO FERRIES,1537.0,975.65,2,N
705058,2025-10-05,EU Direct (Rosslare-Dunkirk),Atlantic Cargo Ferries,3888.0,2434.24,1,Y
703644,2024-05-26,EU Direct (Dublin-Cherbourg),Atlantic Cargo Ferries,3067.0,1996.43,2,Y
703000,2024-05-17,EU Direct (Dublin-Cherbourg),Atlantic Cargo Ferries,519.0,333.54,2,Y
702170,2024-01-02,UK Landbridge (Dublin-Holyhead),Celtic Sealink,1908.0,832.26,2,Y
704789,2024-08-29,EU Direct (Rosslare-Dunkirk),NORDIC FREIGHT LINES,1440.0,707.52,2,Y
700573,2025-02-21,UK Landbridge (Dublin-Holyhead),Celtic Sealink,3024.0,1310.48,1,Y
704227,2025-02-09,EU Direct (Dublin-Cherbourg),Celtic Sealink,2059.0,1217.59,3,Y
705674,2024-04-15,EU Direct (Rosslare-Dunkirk),ATLANTIC CARGO FERRIES,701.0,428.75,1,Y
705994,2024-04-17,EU Direct (Rosslare-Dunkirk),Nordic Freight Lines,2678.0,1406.03,2,N
700323,2025-01-25,UK Landbridge (Dublin-Holyhead),Celtic Sealink,1369.0,593.43,2,N
700017,2024-03-11,UK Landbridge (Dublin-Holyhead),Celtic Sealink,1682.0,656.76,1,Y
702434,2024-12-27,UK Landbridge (Dublin-Holyhead),Nordic Freight Lines,2505.0,989.53,2,Y
705196,2024-06-13,EU Direct (Rosslare-Dunkirk),Atlantic Cargo Ferries,657.0,395.93,1,Y
702004,2025-09-16,UK Landbridge (Dublin-Holyhead),Nordic Freight Lines,2127.0,786.07,2,Y
704054,2024-06-01,EU Direct (Dublin-Cherbourg),Celtic Sealink,890.0,555.36,2,Y
700171,2025-02-18,UK Landbridge (Dublin-Holyhead),Celtic Sealink,1699.0,718.44,1,Y
702706,2025-06-07,UK Landbridge (Dublin-Holyhead),Celtic Sealink,1409.0,598.3,1,Y
701468,2025-10-07,UK Landbridge (Dublin-Holyhead),Celtic Sealink,824.0,329.81,1,Y
702689,2025-10-05,UK Landbridge (Dublin-Holyhead),Nordic Freight Lines,2760.0,1116.34,1,Y
703981,2024-09-20,EU Direct (Dublin-Cherbourg),Celtic Sealink,1643.0,948.78,1,Y
703978,2024-05-19,EU Direct (Dublin-Cherbourg),Atlantic Cargo Ferries,819.0,509.3,2,Y
700468,2024-09-21,UK Landbridge (Dublin-Holyhead),Nordic Freight Lines,1922.0,722.76,1,Y
700675,2024-11-03,UK Landbridge (Dublin-Holyhead),Nordic Freight Lines,4129.0,1544.76,2,Y
701240,2024-08-07,UK Landbridge (Dublin-Holyhead),Nordic Freight Lines,1447.0,558.38,1,Y
704167,2024-06-10,EU Direct (Dublin-Cherbourg),Atlantic Cargo Ferries,946.0,636.57,3,Y
705055,2024-11-10,EU Direct (Rosslare-Dunkirk),Atlantic Cargo Ferries,2495.0,1628.03,2,Y
701529,2024-10-03,UK Landbridge (Dublin-Holyhead),Nordic Freight Lines,1945.0,780.76,1,Y
703709,2024-02-12,EU Direct (Dublin-Cherbourg),Celtic Sealink,2378.0,1369.49,2,Y
704341,2025-06-14,EU Direct (Dublin-Cherbourg),Celtic Sealink,2013.0,1157.96,1,Y
701171,2025-01-05,UK Landbridge (Dublin-Holyhead),Nordic Freight Lines,1806.0,670.16,1,Y
704797,2024-12-21,EU Direct (Rosslare-Dunkirk),Nordic Freight Lines,2224.0,1144.01,2,Y
700975,2024-11-21,UK Landbridge (Dublin-Holyhead),Celtic Sealink,1531.0,686.27,2,Y
702910,2025-12-16,EU Direct (Dublin-Cherbourg),Celtic Sealink,1362.0,758.77,2,Y
704500,2025-03-14,EU Direct (Dublin-Cherbourg),Atlantic Cargo Ferries,1290.0,882.56,2,Y
705446,2025-01-08,EU Direct (Rosslare-Dunkirk),Atlantic Cargo Ferries,1440.0,965.51,2,Y
701129,2025-08-19,UK Landbridge (Dublin-Holyhead), Celtic Sealink ,1630.0,677.87,1,Y
701924,2024-12-15,UK Landbridge (Dublin-Holyhead),Celtic Sealink,50,21.87,1,Y
703917,2025-11-21,EU Direct (Dublin-Cherbourg),Celtic Sealink,1966.0,1193.42,3,N
701689,2024-06-21,UK Landbridge (Dublin-Holyhead),Celtic Sealink,471.0,182.28,1,Y
704642,2024-04-16,EU Direct (Rosslare-Dunkirk),Nordic Freight Lines,2499.0,1160.46,1,Y
704863,2024-06-14,EU Direct (Rosslare-Dunkirk),Nordic Freight Lines,1483.0,683.33,3,Y
700687,2025-01-28,UK Landbridge (Dublin-Holyhead),Celtic Sealink,2642.0,1068.74,1,Y
704721,2024-12-11,EU Direct (Rosslare-Dunkirk),atlantic cargo ferries,1692.0,1093.78,2,Y
701717,2024-03-18,UK Landbridge (Dublin-Holyhead),Celtic Sealink,2061.0,895.41,1,Y
700607,2025-04-19,UK Landbridge (Dublin-Holyhead),Celtic Sealink,1703.0,731.66,1,Y
702846,2025-08-09,UK Landbridge (Dublin-Holyhead),Nordic Freight Lines,2468.0,966.09,1,Y
705717,2024-10-13,EU Direct (Rosslare-Dunkirk),Atlantic Cargo Ferries,2422.0,1482.48,1,Y
703619,2024-06-16,EU Direct (Dublin-Cherbourg),Atlantic Cargo Ferries,1243.0,881.44,2,Y
700653,2024-02-09,UK Landbridge (Dublin-Holyhead),Celtic Sealink,1057.0,466.24,1,N
701831,2024-06-03,UK Landbridge (Dublin-Holyhead),Celtic Sealink,-686.0,308.5,1,Y
700692,2024-09-12,UK Landbridge (Dublin-Holyhead),Nordic Freight Lines,2328.0,938.98,1,Y
702270,2025-10-31,UK Landbridge (Dublin-Holyhead),Celtic Sealink,3033.0,1362.44,1,Y
704635,2025-12-30,EU Direct (Rosslare-Dunkirk),Nordic Freight Lines,877.0,466.51,2,Y
702757,2025-10-22,UK Landbridge (Dublin-Holyhead),Celtic Sealink,1614.0,700.01,1,Y
702817,2024-07-03,UK Landbridge (Dublin-Holyhead),Celtic Sealink,1621.0,726.44,1,Y
703502,2024-06-08,EU Direct (Dublin-Cherbourg),Atlantic Cargo Ferries,2361.0,1518.17,2,N
705910,2024-11-04,EU Direct (Rosslare-Dunkirk),Atlantic Cargo Ferries,1735.0,1099.39,2,Y
704356,2025-09-09,EU Direct (Dublin-Cherbourg),Atlantic Cargo Ferries,916.0,641.74,3,Y
701739,2024-12-01,UK Landbridge (Dublin-Holyhead),Celtic Sealink,563.0,222.14,1,Y
701433,2024-09-17,UK Landbridge (Dublin-Holyhead),Celtic Sealink,1111.0,446.72,1,Y
700793,2024-01-16,UK Landbridge (Dublin-Holyhead),Celtic Sealink,1508.0,658.25,1,Y
700232,2024-08-06,UK Landbridge (Dublin-Holyhead),Celtic Sealink,662.0,280.69,1,N
703659,2025-03-29,EU Direct (Dublin-Cherbourg),Celtic Sealink,635.0,381.25,2,Y
704195,2025-11-28,EU Direct (Dublin-Cherbourg),Atlantic Cargo Ferries,767.0,470.64,2,Y
700677,2024-06-07,UK Landbridge (Dublin-Holyhead),Celtic Sealink,2249.0,875.23,1,Y
701434,2024-03-10,UK Landbridge (Dublin-Holyhead),Celtic Sealink,3151.0,1384.71,1,Y
700760,2025-10-04,UK Landbridge (Dublin-Holyhead),Nordic Freight Lines,50,20.42,1,Y
700020,2024-05-19,UK Landbridge (Dublin-Holyhead),Nordic Freight Lines,2156.0,830.1,1,Y
701083,2024-02-01,UK Landbridge (Dublin-Holyhead), Celtic Sealink ,1603.0,713.5,1,Y
700514,2025-08-11,UK Landbridge (Dublin-Holyhead),Celtic Sealink,1719.0,760.27,1,Y
702938,2025-01-05,EU Direct (Dublin-Cherbourg),Celtic Sealink,3391.0,2080.54,2,Y
700786,2025-05-18,UK Landbridge (Dublin-Holyhead),Nordic Freight Lines,2149.0,854.4,1,Y
703580,2025-09-13,EU Direct (Dublin-Cherbourg),Atlantic Cargo Ferries,2800.0,1959.61,2,Y
703433,2024-11-17,EU Direct (Dublin-Cherbourg),Atlantic Cargo Ferries,1002.0,652.86,2,Y
703448,2025-11-28,EU Direct (Dublin-Cherbourg),Atlantic Cargo Ferries,1322.0,823.93,2,Y
704122,2025-02-17,EU Direct (Dublin-Cherbourg),Atlantic Cargo Ferries,1062.0,701.9,1,N
701012,2025-09-19,UK Landbridge (Dublin-Holyhead),Celtic Sealink,2819.0,1158.9,1,Y
705576,2024-02-12,EU Direct (Rosslare-Dunkirk),Nordic Freight Lines,3124.0,1540.34,2,Y
700283,2025-08-23,UK Landbridge (Dublin-Holyhead),Nordic Freight Lines,50,19.19,1,Y
705865,2024-04-29,EU Direct (Rosslare-Dunkirk),Nordic Freight Lines,3090.0,1444.83,2,Y
705442,2024-07-17,EU Direct (Rosslare-Dunkirk),Nordic Freight Lines,1913.0,997.39,2,Y
705218,2025-03-22,EU Direct (Rosslare-Dunkirk),Atlantic Cargo Ferries,2623.0,1741.0,2,N
702150,2025-05-25,UK Landbridge (Dublin-Holyhead),Nordic Freight Lines,1441.0,526.66,1,Y
704571,2024-04-14,EU Direct (Dublin-Cherbourg),Celtic Sealink,1912.0,1105.79,2,Y
704543,2025-01-23,EU Direct (Dublin-Cherbourg),Celtic Sealink,2139.0,1167.15,1,Y
701882,2025-11-28,UK Landbridge (Dublin-Holyhead),Nordic Freight Lines,2201.0,780.4,1,Y
701014,2025-05-30,UK Landbridge (Dublin-Holyhead),Celtic Sealink,2868.0,1187.62,1,Y
702670,2024-04-21,UK Landbridge (Dublin-Holyhead),Nordic Freight Lines,2266.0,889.06,1,Y
702097,2025-04-11,UK Landbridge (Dublin-Holyhead),Nordic Freight Lines,494.0,197.45,,N
704770,2025-09-06,EU Direct (Rosslare-Dunkirk), Atlantic Cargo Ferries ,1992.0,1223.73,2,N
700467,2024-03-25,UK Landbridge (Dublin-Holyhead),Celtic Sealink,1226.0,519.97,1,Y
700604,2024-09-24,UK Landbridge (Dublin-Holyhead),Nordic Freight Lines,50,19.97,1,Y
705355,2024-10-02,EU Direct (Rosslare-Dunkirk),Atlantic Cargo Ferries,118.0,76.6,2,Y
700860,2024-06-05,UK Landbridge (Dublin-Holyhead),Nordic Freight Lines,2416.0,849.67,1,Y
704239,2024-09-17,EU Direct (Dublin-Cherbourg),Celtic Sealink,829.0,472.27,2,Y
700465,2024-04-22,UK Landbridge (Dublin-Holyhead),Celtic Sealink,2772.0,1107.6,1,Y
703288,2024-03-23,EU Direct (Dublin-Cherbourg),Celtic Sealink,2158.0,1268.72,2,N
705492,2025-10-25,EU Direct (Rosslare-Dunkirk),Atlantic Cargo Ferries,1985.0,1189.59,2,Y
703051,2025-09-07,EU Direct (Dublin-Cherbourg),Celtic Sealink,50,26.97,2,Y
702865,2025-03-15,UK Landbridge (Dublin-Holyhead),Celtic Sealink,3293.0,1325.06,1,Y
705902,2025-09-01,EU Direct (Rosslare-Dunkirk),Nordic Freight Lines,1332.0,713.81,2,Y
701316,2025-03-03,UK Landbridge (Dublin-Holyhead),Celtic Sealink,932.0,362.56,1,Y
704488,2025-07-03,EU Direct (Dublin-Cherbourg),Atlantic Cargo Ferries,2228.0,1555.73,2,Y
703797,2024-12-11,EU Direct (Dublin-Cherbourg),Celtic Sealink,1107.0,626.3,3,Y
700775,2025-12-09,UK Landbridge (Dublin-Holyhead),Nordic Freight Lines,1953.0,762.06,1,Y
705005,2025-04-25,EU Direct (Rosslare-Dunkirk),Nordic Freight Lines,1082.0,525.01,2,Y
705689,2025-01-19,EU Direct (Rosslare-Dunkirk),Atlantic Cargo Ferries,1224.0,758.2,2,Y
700015,2025-06-08,UK Landbridge (Dublin-Holyhead),Celtic Sealink,2446.0,1060.95,1,Y
700729,2025-06-30,UK Landbridge (Dublin-Holyhead),Nordic Freight Lines,1534.0,568.09,2,Y
705361,2025-04-28,EU Direct (Rosslare-Dunkirk),Atlantic Cargo Ferries,426.0,278.37,2,Y
700877,2025-10-31,UK Landbridge (Dublin-Holyhead),Nordic Freight Lines,1125.0,436.07,1,Y
705990,2024-12-30,EU Direct (Rosslare-Dunkirk),Atlantic Cargo Ferries,2114.0,1421.98,1,Y
704000,2025-09-24,EU Direct (Dublin-Cherbourg),Atlantic Cargo Ferries,1696.0,1176.5,2,Y
701969,2025-01-23,UK Landbridge (Dublin-Holyhead),Nordic Freight Lines,1365.0,553.1,1,Y
702949,2024-09-05,EU Direct (Dublin-Cherbourg),Atlantic Cargo Ferries,1141.0,725.04,1,Y
703875,2025-04-14,EU Direct (Dublin-Cherbourg),Celtic Sealink,3027.0,1662.84,2,Y
700431,2024-07-16,UK Landbridge (Dublin-Holyhead),NORDIC FREIGHT LINES,3310.0,1218.86,1,Y
703268,2024-01-17,EU Direct (Dublin-Cherbourg),Atlantic Cargo Ferries,2346.0,1619.18,2,Y
704819,2025-01-02,EU Direct (Rosslare-Dunkirk),Atlantic Cargo Ferries,2242.0,1334.94,2,Y
703449,2025-05-14,EU Direct (Dublin-Cherbourg),Atlantic Cargo Ferries,1729.0,1116.52,2,Y
700371,2024-01-04,UK Landbridge (Dublin-Holyhead),Nordic Freight Lines,2406.0,941.81,1,Y
705884,2024-07-16,EU Direct (Rosslare-Dunkirk),Atlantic Cargo Ferries,1778.0,1146.5,1,Y
700639,2025-05-13,UK Landbridge (Dublin-Holyhead),nordic freight lines,1111.0,420.88,1,Y
703951,2024-03-27,EU Direct (Dublin-Cherbourg),Celtic Sealink,3016.0,1774.79,3,Y
703357,2024-10-21,EU Direct (Dublin-Cherbourg),CELTIC SEALINK,2374.0,1386.12,1,N
704892,2025-03-30,EU Direct (Rosslare-Dunkirk),Atlantic Cargo Ferries,1086.0,682.27,2,Y
705605,2025-10-27,EU Direct (Rosslare-Dunkirk),Atlantic Cargo Ferries,3372.0,2257.81,2,Y
700480,2025-01-07,UK Landbridge (Dublin-Holyhead),Nordic Freight Lines,1481.0,579.85,2,Y
703543,2025-01-04,EU Direct (Dublin-Cherbourg),Celtic Sealink,369.0,225.53,2,Y
705692,2025-03-02,EU Direct (Rosslare-Dunkirk),nordic freight lines,819.0,384.29,2,Y
703205,2025-03-05,EU Direct (Dublin-Cherbourg),Celtic Sealink,1335.0,750.2,,Y
705324,2024-04-08,EU Direct (Rosslare-Dunkirk),Nordic Freight Lines,541.0,263.34,2,N
700551,2024-04-02,UK Landbridge (Dublin-Holyhead),Celtic Sealink,2329.0,1044.94,,Y
705219,2024-05-06,EU Direct (Rosslare-Dunkirk),Atlantic Cargo Ferries,1214.0,748.96,2,Y
702350,2025-12-25,UK Landbridge (Dublin-Holyhead),Nordic Freight Lines,478.0,195.62,1,Y
702081,2024-06-21,UK Landbridge (Dublin-Holyhead),Nordic Freight Lines,3717.0,1308.05,1,Y
702148,2025-11-23,UK Landbridge (Dublin-Holyhead),Celtic Sealink,1321.0,581.9,1,N
704436,2025-02-06,EU Direct (Dublin-Cherbourg),Atlantic Cargo Ferries,2207.0,1535.41,2,Y
702677,2024-03-15,UK Landbridge (Dublin-Holyhead),Nordic Freight Lines,1584.0,633.41,1,Y
705886,2024-07-25,EU Direct (Rosslare-Dunkirk),Nordic Freight Lines,2838.0,1309.92,3,Y
704193,2025-04-28,EU Direct (Dublin-Cherbourg),CELTIC SEALINK,1951.0,1162.61,1,Y
701090,2025-08-31,UK Landbridge (Dublin-Holyhead),Nordic Freight Lines,418.0,151.11,1,N
701733,2024-08-25,UK Landbridge (Dublin-Holyhead),Celtic Sealink,299.0,118.96,1,Y
703421,2025-08-13,EU Direct (Dublin-Cherbourg), Atlantic Cargo Ferries ,787.0,533.07,3,Y
704461,2025-07-10,EU Direct (Dublin-Cherbourg),Atlantic Cargo Ferries,2088.0,1362.55,2,Y
700709,2024-05-19,UK Landbridge (Dublin-Holyhead),Nordic Freight Lines,799.0,324.13,1,Y
705120,2025-05-19,EU Direct (Rosslare-Dunkirk),Nordic Freight Lines,3991.0,2101.77,3,Y
700227,2024-08-04,UK Landbridge (Dublin-Holyhead),Celtic Sealink,2453.0,970.92,1,N
701422,2025-09-28,UK Landbridge (Dublin-Holyhead),Celtic Sealink,2770.0,1223.08,1,N
701530,2025-02-14,UK Landbridge (Dublin-Holyhead),Celtic Sealink,2110.0,930.3,2,Y
705861,2024-10-03,EU Direct (Rosslare-Dunkirk),Nordic Freight Lines,1400.0,679.89,1,N
700408,2024-10-18,UK Landbridge (Dublin-Holyhead),nordic freight lines,3287.0,1317.19,1,N
704332,2024-04-26,EU Direct (Dublin-Cherbourg),Celtic Sealink,1081.0,625.63,2,Y
700881,2024-04-18,UK Landbridge (Dublin-Holyhead),Nordic Freight Lines,1160.0,451.88,1,Y
700699,2025-03-25,UK Landbridge (Dublin-Holyhead),celtic sealink,1244.0,510.16,2,Y
703318,2024-06-07,EU Direct (Dublin-Cherbourg),Celtic Sealink,1287.0,767.16,3,Y
702485,2024-10-08,UK Landbridge (Dublin-Holyhead),Celtic Sealink,2774.0,1216.24,1,Y
702230,2024-02-28,UK Landbridge (Dublin-Holyhead),Celtic Sealink,1634.0,643.15,1,Y
703021,2024-10-29,EU Direct (Dublin-Cherbourg),Atlantic Cargo Ferries,2550.0,1574.04,1,N
701907,2024-10-14,UK Landbridge (Dublin-Holyhead),Celtic Sealink,1384.0,562.1,1,Y
703953,2025-06-11,EU Direct (Dublin-Cherbourg),celtic sealink,327.0,194.62,2,Y
701968,2025-01-19,UK Landbridge (Dublin-Holyhead),Celtic Sealink,1237.0,537.1,1,Y
700341,2025-03-07,UK Landbridge (Dublin-Holyhead),Celtic Sealink,1309.0,570.07,1,Y
700065,2024-02-21,UK Landbridge (Dublin-Holyhead),Nordic Freight Lines,544.0,201.9,1,Y
704463,2025-05-30,EU Direct (Dublin-Cherbourg),Celtic Sealink,1204.0,717.1,2,Y
703010,2024-04-30,EU Direct (Dublin-Cherbourg),Atlantic Cargo Ferries,2121.0,1467.8,2,Y
700466,2025-03-31,UK Landbridge (Dublin-Holyhead),Celtic Sealink,1678.0,732.95,,Y
705158,2025-11-17,EU Direct (Rosslare-Dunkirk),Atlantic Cargo Ferries,50,33.37,2,Y
701175,2024-06-21,UK Landbridge (Dublin-Holyhead),Celtic Sealink,3553.0,1586.35,1,Y
704526,2025-08-04,EU Direct (Dublin-Cherbourg),Celtic Sealink,1291.0,759.13,3,Y
701668,2025-10-17,UK Landbridge (Dublin-Holyhead),celtic sealink,2985.0,1187.48,1,Y
705637,2024-01-12,EU Direct (Rosslare-Dunkirk),Atlantic Cargo Ferries,1790.0,1123.82,2,Y
701649,2024-11-05,UK Landbridge (Dublin-Holyhead),Celtic Sealink,1073.0,425.05,1,Y
700828,2025-10-15,UK Landbridge (Dublin-Holyhead),Nordic Freight Lines,2803.0,1059.95,1,Y
705129,2024-03-06,EU Direct (Rosslare-Dunkirk), Atlantic Cargo Ferries ,1795.0,1135.75,2,Y
701426,2024-12-11,UK Landbridge (Dublin-Holyhead),celtic sealink,606.0,264.21,1,Y
701082,2024-10-10,UK Landbridge (Dublin-Holyhead),Nordic Freight Lines,1145.0,415.24,1,Y
700582,2025-11-02,UK Landbridge (Dublin-Holyhead),Nordic Freight Lines,2411.0,862.48,1,Y
700474,2025-05-31,UK Landbridge (Dublin-Holyhead),Celtic Sealink,1871.0,786.86,1,Y
702532,2024-06-09,UK Landbridge (Dublin-Holyhead),Nordic Freight Lines,2889.0,1109.98,2,Y
700016,2024-03-11,UK Landbridge (Dublin-Holyhead),CELTIC SEALINK,2521.0,1084.83,1,Y
704523,2025-01-12,EU Direct (Dublin-Cherbourg),Atlantic Cargo Ferries,2318.0,1429.86,2,Y
702314,2024-05-09,UK Landbridge (Dublin-Holyhead),Celtic Sealink,2397.0,983.01,1,Y
704822,2025-04-06,EU Direct (Rosslare-Dunkirk),Atlantic Cargo Ferries,1273.0,810.43,2,Y
702132,2024-09-28,UK Landbridge (Dublin-Holyhead),Nordic Freight Lines,1709.0,650.96,1,Y
704099,2024-03-27,EU Direct (Dublin-Cherbourg),Atlantic Cargo Ferries,1461.0,935.82,3,Y
705743,2024-07-31,EU Direct (Rosslare-Dunkirk), Nordic Freight Lines ,1881.0,866.39,2,Y
700893,2024-05-29,UK Landbridge (Dublin-Holyhead),Celtic Sealink,1748.0,749.98,1,Y
700012,2024-10-30,UK Landbridge (Dublin-Holyhead),nordic freight lines,1533.0,558.61,1,Y
701120,2025-05-21,UK Landbridge (Dublin-Holyhead),Celtic Sealink,952.0,391.26,1,Y
703070,2024-07-15,EU Direct (Dublin-Cherbourg),Celtic Sealink,2098.0,1151.74,2,Y
702864,2024-07-13,UK Landbridge (Dublin-Holyhead),Celtic Sealink,704.0,299.85,1,Y
702297,2024-06-18,UK Landbridge (Dublin-Holyhead),Nordic Freight Lines,1733.0,674.25,1,Y
702671,2025-07-01,UK Landbridge (Dublin-Holyhead), Nordic Freight Lines ,1798.0,647.33,1,Y
704164,2025-09-09,EU Direct (Dublin-Cherbourg),Celtic Sealink,1516.0,930.93,3,Y
703083,2025-08-29,EU Direct (Dublin-Cherbourg),Atlantic Cargo Ferries,1676.0,1032.67,2,Y
704067,2024-07-05,EU Direct (Dublin-Cherbourg),Celtic Sealink,856.0,530.8,2,Y
700093,2025-03-01,UK Landbridge (Dublin-Holyhead),Celtic Sealink,2238.0,903.78,1,Y
702891,2025-11-24,EU Direct (Dublin-Cherbourg),Atlantic Cargo Ferries,1014.0,693.79,2,Y
703393,2024-04-13,EU Direct (Dublin-Cherbourg),atlantic cargo ferries,410.0,286.29,2,Y
705128,2025-05-11,EU Direct (Rosslare-Dunkirk), Nordic Freight Lines ,661.0,338.27,2,Y
702428,2024-12-13,UK Landbridge (Dublin-Holyhead),Celtic Sealink,1472.0,626.24,,N
701816,2024-08-01,UK Landbridge (Dublin-Holyhead),Celtic Sealink,917.0,407.62,1,Y
702697,2024-10-06,UK Landbridge (Dublin-Holyhead), Nordic Freight Lines ,2026.0,832.5,1,Y
702522,2024-11-27,UK Landbridge (Dublin-Holyhead),Celtic Sealink,1419.0,611.88,1,Y
702377,2024-02-17,UK Landbridge (Dublin-Holyhead),Celtic Sealink,2922.0,1166.3,1,Y
705463,2025-09-26,EU Direct (Rosslare-Dunkirk),Atlantic Cargo Ferries,1398.0,917.72,2,Y
704727,2025-02-21,EU Direct (Rosslare-Dunkirk),Atlantic Cargo Ferries,1846.0,1177.48,2,Y
703365,2024-05-13,EU Direct (Dublin-Cherbourg),Celtic Sealink,1748.0,1090.2,1,Y
702002,2024-02-05,UK Landbridge (Dublin-Holyhead),Celtic Sealink,582.0,226.58,1,Y
703845,2025-09-19,EU Direct (Dublin-Cherbourg),atlantic cargo ferries,2340.0,1601.56,3,Y
702994,2025-10-25,EU Direct (Dublin-Cherbourg), Celtic Sealink ,2677.0,1475.48,2,N
702195,2025-01-30,UK Landbridge (Dublin-Holyhead),Nordic Freight Lines,1477.0,544.29,1,Y
703825,2024-09-04,EU Direct (Dublin-Cherbourg),Atlantic Cargo Ferries,1098.0,692.7,1,Y
704313,2025-03-31,EU Direct (Dublin-Cherbourg),Atlantic Cargo Ferries,2380.0,1627.66,2,N
705440,2024-07-08,EU Direct (Rosslare-Dunkirk),Atlantic Cargo Ferries,3453.0,2333.63,1,Y
702862,2024-05-25,UK Landbridge (Dublin-Holyhead),NORDIC FREIGHT LINES,2644.0,1007.99,1,Y
702163,2024-03-31,UK Landbridge (Dublin-Holyhead),Celtic Sealink,604.0,273.42,1,Y
703202,2024-07-23,EU Direct (Dublin-Cherbourg),Celtic Sealink,3106.0,1852.5,2,Y
705051,2024-01-16,EU Direct (Rosslare-Dunkirk),Nordic Freight Lines,3215.0,1625.72,2,Y
700770,2025-04-23,UK Landbridge (Dublin-Holyhead),Nordic Freight Lines,2848.0,1002.8,1,Y
703248,2024-08-14,EU Direct (Dublin-Cherbourg),Atlantic Cargo Ferries,2522.0,1687.12,1,Y
702679,2025-07-16,UK Landbridge (Dublin-Holyhead),Celtic Sealink,1799.0,756.97,1,Y
703520,2024-03-15,EU Direct (Dublin-Cherbourg),Celtic Sealink,1340.0,832.06,2,Y
705638,2025-01-12,EU Direct (Rosslare-Dunkirk),Nordic Freight Lines,1073.0,565.13,2,N
703450,2024-05-09,EU Direct (Dublin-Cherbourg),Atlantic Cargo Ferries,50,34.48,2,Y
703162,2025-04-11,EU Direct (Dublin-Cherbourg),CELTIC SEALINK,2922.0,1651.93,,Y
704412,2025-05-09,EU Direct (Dublin-Cherbourg),Celtic Sealink,2073.0,1195.15,1,Y
702572,2024-10-06,UK Landbridge (Dublin-Holyhead),Nordic Freight Lines,2821.0,1004.99,1,Y
700791,2025-06-26,UK Landbridge (Dublin-Holyhead),Nordic Freight Lines,2919.0,1068.59,1,Y
700110,2025-07-27,UK Landbridge (Dublin-Holyhead),Celtic Sealink,2271.0,991.32,1,Y
701308,2025-02-21,UK Landbridge (Dublin-Holyhead),Celtic Sealink,1845.0,735.08,1,Y
702357,2025-11-23,UK Landbridge (Dublin-Holyhead), Nordic Freight Lines ,842.0,340.29,1,N
705347,2024-09-10,EU Direct (Rosslare-Dunkirk),Nordic Freight Lines,1728.0,815.98,2,Y
701033,2025-04-26,UK Landbridge (Dublin-Holyhead),Nordic Freight Lines,2816.0,1077.34,1,Y
704474,2024-09-30,EU Direct (Dublin-Cherbourg), Celtic Sealink ,2077.0,1223.2,2,Y
701044,2025-12-30,UK Landbridge (Dublin-Holyhead),Celtic Sealink,2759.0,1132.25,1,Y
705976,2024-11-09,EU Direct (Rosslare-Dunkirk),Atlantic Cargo Ferries,2072.0,1362.91,2,N
704452,2025-10-16,EU Direct (Dublin-Cherbourg),atlantic cargo ferries,2533.0,1685.38,3,N
705525,2024-04-18,EU Direct (Rosslare-Dunkirk),Nordic Freight Lines,1277.0,675.28,2,Y
701401,2025-01-18,UK Landbridge (Dublin-Holyhead),Nordic Freight Lines,3091.0,1241.32,1,Y
702960,2024-03-01,EU Direct (Dublin-Cherbourg),Celtic Sealink,1090.0,592.94,2,Y
703567,2024-11-09,EU Direct (Dublin-Cherbourg),atlantic cargo ferries,1238.0,759.74,2,Y
702379,2024-04-05,UK Landbridge (Dublin-Holyhead),Nordic Freight Lines,1403.0,575.17,1,Y
702899,2024-03-31,EU Direct (Dublin-Cherbourg),Atlantic Cargo Ferries,1005.0,648.95,2,Y
703795,2025-12-19,EU Direct (Dublin-Cherbourg),Celtic Sealink,2093.0,1201.69,3,Y
703913,2024-02-09,EU Direct (Dublin-Cherbourg),Atlantic Cargo Ferries,2049.0,1462.91,2,Y
702124,2024-02-09,UK Landbridge (Dublin-Holyhead),Nordic Freight Lines,1112.0,400.09,1,Y
703928,2025-02-22,EU Direct (Dublin-Cherbourg),Celtic Sealink,2704.0,1459.0,1,Y
705924,2024-04-10,EU Direct (Rosslare-Dunkirk),Atlantic Cargo Ferries,2092.0,1370.73,2,Y
705922,2024-12-31,EU Direct (Rosslare-Dunkirk),Nordic Freight Lines,1869.0,896.41,3,Y
703606,2024-03-07,EU Direct (Dublin-Cherbourg),Atlantic Cargo Ferries,2656.0,1658.61,2,Y
705847,2024-06-28,EU Direct (Rosslare-Dunkirk),Nordic Freight Lines,817.0,419.53,2,Y
705719,2025-12-09,EU Direct (Rosslare-Dunkirk),Atlantic Cargo Ferries,3204.0,2143.3,1,Y
703401,2024-10-25,EU Direct (Dublin-Cherbourg),Atlantic Cargo Ferries,3204.0,1959.18,2,Y
700689,2024-04-09,UK Landbridge (Dublin-Holyhead),Nordic Freight Lines,821.0,326.86,1,Y
701167,2025-08-20,UK Landbridge (Dublin-Holyhead),CELTIC SEALINK,669.0,280.28,2,Y
703530,2024-03-12,EU Direct (Dublin-Cherbourg),Celtic Sealink,729.0,397.2,2,Y
702390,2024-07-09,UK Landbridge (Dublin-Holyhead),Nordic Freight Lines,982.0,356.22,,Y
702618,2025-08-01,UK Landbridge (Dublin-Holyhead),celtic sealink,2233.0,958.34,1,Y
704912,2025-02-11,EU Direct (Rosslare-Dunkirk),Nordic Freight Lines,1538.0,787.33,2,N
703294,2025-10-23,EU Direct (Dublin-Cherbourg),Atlantic Cargo Ferries,2268.0,1395.02,3,Y
705360,2025-04-03,EU Direct (Rosslare-Dunkirk),Atlantic Cargo Ferries,2251.0,1499.89,2,N
703982,2025-05-03,EU Direct (Dublin-Cherbourg),Atlantic Cargo Ferries,739.0,459.1,2,N
704408,2025-03-11,EU Direct (Dublin-Cherbourg), Atlantic Cargo Ferries ,2374.0,1679.4,2,Y
702479,2024-04-01,UK Landbridge (Dublin-Holyhead),Nordic Freight Lines,50,19.51,,Y
700695,2024-10-12,UK Landbridge (Dublin-Holyhead),Nordic Freight Lines,3130.0,1139.87,1,Y
704663,2025-09-24,EU Direct (Rosslare-Dunkirk),Nordic Freight Lines,2265.0,1057.81,2,Y
702437,2024-04-23,UK Landbridge (Dublin-Holyhead),Nordic Freight Lines,1158.0,417.01,1,Y
702209,2025-08-08,UK Landbridge (Dublin-Holyhead),Nordic Freight Lines,1454.0,595.49,1,Y
703474,2024-08-02,EU Direct (Dublin-Cherbourg),Celtic Sealink,2133.0,1155.54,2,Y
703207,2024-10-28,EU Direct (Dublin-Cherbourg),Atlantic Cargo Ferries,1579.0,990.7,,Y
700221,2025-08-26,UK Landbridge (Dublin-Holyhead),Nordic Freight Lines,1598.0,603.48,2,Y
704794,2025-11-28,EU Direct (Rosslare-Dunkirk),NORDIC FREIGHT LINES,653.0,311.68,2,Y
703133,2025-01-21,EU Direct (Dublin-Cherbourg),Celtic Sealink,1643.0,884.78,2,Y
705202,2024-01-13,EU Direct (Rosslare-Dunkirk),Nordic Freight Lines,1760.0,922.63,3,Y
700592,2024-04-24,UK Landbridge (Dublin-Holyhead),Celtic Sealink,1474.0,591.11,1,Y
703006,2025-09-08,EU Direct (Dublin-Cherbourg),Atlantic Cargo Ferries,2452.0,1654.87,2,Y
703638,2024-08-02,EU Direct (Dublin-Cherbourg),Celtic Sealink,145.0,78.07,2,N
704524,2025-09-25,EU Direct (Dublin-Cherbourg),Atlantic Cargo Ferries,984.0,685.37,2,Y
700150,2025-06-13,UK Landbridge (Dublin-Holyhead),CELTIC SEALINK,1612.0,701.47,1,Y
702771,2024-03-10,UK Landbridge (Dublin-Holyhead),Celtic Sealink,2026.0,896.86,1,Y
700107,2024-09-16,UK Landbridge (Dublin-Holyhead),Celtic Sealink,2001.0,846.91,1,Y
702648,2024-07-13,UK Landbridge (Dublin-Holyhead),Nordic Freight Lines,711.0,262.23,1,Y
705383,2025-06-29,EU Direct (Rosslare-Dunkirk),Atlantic Cargo Ferries,2455.0,1452.18,2,Y
704590,2025-05-17,EU Direct (Dublin-Cherbourg),Celtic Sealink,2533.0,1498.73,2,N
703943,2025-10-21,EU Direct (Dublin-Cherbourg),Celtic Sealink,4178.0,2560.48,2,Y
705409,2024-02-14,EU Direct (Rosslare-Dunkirk),Nordic Freight Lines,3376.0,1702.59,2,Y
703290,2024-01-25,EU Direct (Dublin-Cherbourg),Celtic Sealink,846.0,484.4,2,Y
704056,2025-05-30,EU Direct (Dublin-Cherbourg),Celtic Sealink,2350.0,1335.31,2,Y
703336,2025-09-25,EU Direct (Dublin-Cherbourg),Celtic Sealink,1864.0,1090.71,2,Y
700632,2025-01-13,UK Landbridge (Dublin-Holyhead),Celtic Sealink,1687.0,691.97,1,Y
701106,2024-04-02,UK Landbridge (Dublin-Holyhead),Celtic Sealink,3128.0,1319.54,1,Y
701598,2025-02-03,UK Landbridge (Dublin-Holyhead),Nordic Freight Lines,2195.0,839.31,1,Y
705290,2024-04-05,EU Direct (Rosslare-Dunkirk),Atlantic Cargo Ferries,1326.0,849.69,2,Y
705959,2025-04-04,EU Direct (Rosslare-Dunkirk),Nordic Freight Lines,620.0,330.14,3,N
701815,2025-12-12,UK Landbridge (Dublin-Holyhead),Celtic Sealink,2419.0,1037.8,2,Y
703056,2024-03-15,EU Direct (Dublin-Cherbourg),Celtic Sealink,2235.0,1389.24,2,Y
700522,2024-11-22,UK Landbridge (Dublin-Holyhead),Nordic Freight Lines,1353.0,527.58,1,Y
705036,2025-06-23,EU Direct (Rosslare-Dunkirk),Atlantic Cargo Ferries,1387.0,806.11,2,Y
702957,2024-12-28,EU Direct (Dublin-Cherbourg),Celtic Sealink,1148.0,631.77,3,Y
705401,2025-03-07,EU Direct (Rosslare-Dunkirk),Atlantic Cargo Ferries,2343.0,1447.74,2,Y
704581,2025-04-11,EU Direct (Dublin-Cherbourg),Atlantic Cargo Ferries,1085.0,773.86,2,Y
700506,2025-02-25,UK Landbridge (Dublin-Holyhead),Celtic Sealink,2423.0,1084.78,1,Y
700203,2025-08-30,UK Landbridge (Dublin-Holyhead),Celtic Sealink,2342.0,971.15,1,Y
702472,2025-07-02,UK Landbridge (Dublin-Holyhead),Nordic Freight Lines,603.0,215.5,1,N
700536,2024-10-12,UK Landbridge (Dublin-Holyhead),Celtic Sealink,3219.0,1378.79,2,Y
702767,2024-03-05,UK Landbridge (Dublin-Holyhead),Nordic Freight Lines,1839.0,708.43,1,Y
703536,2024-09-23,EU Direct (Dublin-Cherbourg),Atlantic Cargo Ferries,2114.0,1455.08,1,Y
704043,2025-04-16,EU Direct (Dublin-Cherbourg), Celtic Sealink ,531.0,283.61,1,N
702325,2025-06-20,UK Landbridge (Dublin-Holyhead),Nordic Freight Lines,2874.0,1171.34,1,N
701852,2025-01-13,UK Landbridge (Dublin-Holyhead),Celtic Sealink,2020.0,869.34,1,Y
700376,2024-11-14,UK Landbridge (Dublin-Holyhead),Celtic Sealink,1869.0,808.41,1,Y
700681,2024-07-26,UK Landbridge (Dublin-Holyhead),Celtic Sealink,1542.0,621.19,1,Y
702650,2025-02-15,UK Landbridge (Dublin-Holyhead),Celtic Sealink,2372.0,1043.98,1,Y
703223,2024-08-10,EU Direct (Dublin-Cherbourg),Celtic Sealink,2431.0,1440.5,2,Y
702507,2024-04-06,UK Landbridge (Dublin-Holyhead),Nordic Freight Lines,2626.0,1029.18,1,Y
700421,2025-07-08,UK Landbridge (Dublin-Holyhead),Celtic Sealink,-135.0,59.88,1,Y
701599,2025-04-08,UK Landbridge (Dublin-Holyhead), Nordic Freight Lines ,1679.0,664.11,1,Y
705663,2025-10-19,EU Direct (Rosslare-Dunkirk),Atlantic Cargo Ferries,1778.0,1143.73,2,Y
700661,2025-12-04,UK Landbridge (Dublin-Holyhead),Celtic Sealink,2363.0,941.19,1,Y
701871,2024-04-24,UK Landbridge (Dublin-Holyhead),Celtic Sealink,903.0,406.63,1,Y
700781,2024-02-03,UK Landbridge (Dublin-Holyhead),NORDIC FREIGHT LINES,1438.0,535.99,1,Y
703131,2024-10-23,EU Direct (Dublin-Cherbourg),Celtic Sealink,406.0,227.57,2,N
701556,2025-12-03,UK Landbridge (Dublin-Holyhead),Nordic Freight Lines,1647.0,666.61,1,Y
702158,2025-12-26,UK Landbridge (Dublin-Holyhead),Nordic Freight Lines,2311.0,822.84,1,Y
703748,2024-10-10,EU Direct (Dublin-Cherbourg),Celtic Sealink,1575.0,959.93,2,N
705394,2024-07-24,EU Direct (Rosslare-Dunkirk),ATLANTIC CARGO FERRIES,197.0,120.15,2,Y
704065,2024-05-16,EU Direct (Dublin-Cherbourg),Celtic Sealink,1991.0,1076.26,2,Y
704707,2024-01-10,EU Direct (Rosslare-Dunkirk),Nordic Freight Lines,587.0,300.09,3,Y
704898,2024-08-05,EU Direct (Rosslare-Dunkirk),ATLANTIC CARGO FERRIES,1781.0,1077.82,2,N
705257,2025-09-04,EU Direct (Rosslare-Dunkirk),Nordic Freight Lines,2013.0,1020.64,3,Y
702109,2024-09-23,UK Landbridge (Dublin-Holyhead),Nordic Freight Lines,2076.0,817.74,1,Y
703533,2024-01-07,EU Direct (Dublin-Cherbourg),Celtic Sealink,1501.0,842.5,2,Y
700962,2024-04-23,UK Landbridge (Dublin-Holyhead),Celtic Sealink,1841.0,829.69,2,Y
703639,2025-08-20,EU Direct (Dublin-Cherbourg),Atlantic Cargo Ferries,3160.0,2138.52,2,Y
700902,2024-10-14,UK Landbridge (Dublin-Holyhead),Celtic Sealink,2044.0,801.28,1,Y
703967,2025-04-17,EU Direct (Dublin-Cherbourg),Atlantic Cargo Ferries,244.0,173.23,2,Y
705079,2024-01-08,EU Direct (Rosslare-Dunkirk),Nordic Freight Lines,2407.0,1210.67,2,Y
705085,2025-08-20,EU Direct (Rosslare-Dunkirk),nordic freight lines,260.0,127.68,2,N
704777,2024-06-14,EU Direct (Rosslare-Dunkirk),Atlantic Cargo Ferries,2374.0,1477.46,2,Y
704248,2024-02-22,EU Direct (Dublin-Cherbourg),Celtic Sealink,2877.0,1604.79,2,Y
703894,2024-10-07,EU Direct (Dublin-Cherbourg),Celtic Sealink,1925.0,1176.85,2,N
702119,2025-03-30,UK Landbridge (Dublin-Holyhead),Nordic Freight Lines,1768.0,721.06,,Y
703979,2024-05-19,EU Direct (Dublin-Cherbourg),Celtic Sealink,1343.0,770.72,2,Y
700170,2025-01-30,UK Landbridge (Dublin-Holyhead),Nordic Freight Lines,4265.0,1512.38,1,Y
700385,2024-01-25,UK Landbridge (Dublin-Holyhead), Celtic Sealink ,1003.0,443.79,1,Y
705809,2024-02-17,EU Direct (Rosslare-Dunkirk),Atlantic Cargo Ferries,685.0,417.84,1,N
701714,2024-10-07,UK Landbridge (Dublin-Holyhead),NORDIC FREIGHT LINES,879.0,336.34,1,N
701484,2024-01-17,UK Landbridge (Dublin-Holyhead),Celtic Sealink,2860.0,1268.18,2,Y
700143,2024-12-17,UK Landbridge (Dublin-Holyhead),Celtic Sealink,50,22.29,1,Y
705801,2024-10-15,EU Direct (Rosslare-Dunkirk),Nordic Freight Lines,3158.0,1561.7,1,N
705493,2025-12-20,EU Direct (Rosslare-Dunkirk),Nordic Freight Lines,347.0,162.86,3,Y
702498,2025-10-24,UK Landbridge (Dublin-Holyhead),Nordic Freight Lines,1761.0,706.29,2,Y
701930,2025-11-10,UK Landbridge (Dublin-Holyhead),Nordic Freight Lines,2624.0,1064.54,1,N
705816,2024-02-20,EU Direct (Rosslare-Dunkirk),Nordic Freight Lines,1616.0,834.79,3,N
701533,2025-07-08,UK Landbridge (Dublin-Holyhead),Celtic Sealink,1461.0,627.1,1,Y
704765,2024-12-12,EU Direct (Rosslare-Dunkirk),Nordic Freight Lines,1272.0,676.37,1,N
701592,2024-05-02,UK Landbridge (Dublin-Holyhead),Nordic Freight Lines,1873.0,757.93,1,Y
703545,2024-05-03,EU Direct (Dublin-Cherbourg),Celtic Sealink,487.0,263.49,2,Y
703276,2025-11-07,EU Direct (Dublin-Cherbourg),Atlantic Cargo Ferries,3260.0,2038.37,2,Y
704695,2024-09-08,EU Direct (Rosslare-Dunkirk),Nordic Freight Lines,1593.0,857.28,2,Y
701863,2024-08-19,UK Landbridge (Dublin-Holyhead),Nordic Freight Lines,1490.0,526.14,1,N
702741,2025-12-15,UK Landbridge (Dublin-Holyhead),Nordic Freight Lines,1259.0,514.47,1,Y
702756,2024-12-07,UK Landbridge (Dublin-Holyhead),Nordic Freight Lines,1554.0,591.87,1,Y
700122,2024-05-24,UK Landbridge (Dublin-Holyhead),Nordic Freight Lines,1059.0,375.34,1,Y
701945,2025-12-30,UK Landbridge (Dublin-Holyhead),Nordic Freight Lines,2179.0,853.32,1,Y
701357,2025-10-14,UK Landbridge (Dublin-Holyhead),Celtic Sealink,1491.0,619.6,1,Y
703572,2024-04-12,EU Direct (Dublin-Cherbourg),Atlantic Cargo Ferries,3177.0,1945.27,1,Y
701421,2024-10-16,UK Landbridge (Dublin-Holyhead),Celtic Sealink,1556.0,694.33,1,Y
700099,2024-01-13,UK Landbridge (Dublin-Holyhead),Nordic Freight Lines,2730.0,1039.28,1,Y
702551,2024-09-20,UK Landbridge (Dublin-Holyhead),Celtic Sealink,1333.0,550.13,1,Y
701982,2024-12-13,UK Landbridge (Dublin-Holyhead),Celtic Sealink,3665.0,1445.58,1,Y
703125,2025-04-01,EU Direct (Dublin-Cherbourg),ATLANTIC CARGO FERRIES,891.0,628.21,,N
702448,2024-02-20,UK Landbridge (Dublin-Holyhead),Nordic Freight Lines,1283.0,488.42,1,Y
702835,2025-05-13,UK Landbridge (Dublin-Holyhead),Nordic Freight Lines,1335.0,525.65,2,Y
702790,2024-06-29,UK Landbridge (Dublin-Holyhead),Celtic Sealink,1338.0,533.9,2,Y
705710,2025-04-04,EU Direct (Rosslare-Dunkirk),Nordic Freight Lines,2764.0,1451.38,2,Y
702338,2025-04-11,UK Landbridge (Dublin-Holyhead),Celtic Sealink,1266.0,492.7,1,Y
703511,2024-08-31,EU Direct (Dublin-Cherbourg),Celtic Sealink,443.0,276.47,2,Y
705381,2025-12-06,EU Direct (Rosslare-Dunkirk),ATLANTIC CARGO FERRIES,1914.0,1288.86,2,Y
704544,2024-01-16,EU Direct (Dublin-Cherbourg),Celtic Sealink,1887.0,1163.25,2,Y
704803,2024-07-24,EU Direct (Rosslare-Dunkirk),Nordic Freight Lines,3433.0,1817.42,2,N
704558,2024-04-10,EU Direct (Dublin-Cherbourg),Atlantic Cargo Ferries,701.0,433.14,2,Y
702612,2024-02-29,UK Landbridge (Dublin-Holyhead),Celtic Sealink,2719.0,1137.19,1,Y
704610,2025-08-22,EU Direct (Dublin-Cherbourg),Celtic Sealink,2123.0,1144.17,2,Y
705331,2024-09-21,EU Direct (Rosslare-Dunkirk),Nordic Freight Lines,1892.0,960.38,1,Y
705570,2025-10-01,EU Direct (Rosslare-Dunkirk),Atlantic Cargo Ferries,576.0,334.83,2,Y
700349,2024-04-10,UK Landbridge (Dublin-Holyhead),Nordic Freight Lines,575.0,217.81,1,Y
704888,2025-05-26,EU Direct (Rosslare-Dunkirk),Atlantic Cargo Ferries,2248.0,1451.25,2,Y
703084,2024-05-16,EU Direct (Dublin-Cherbourg),Atlantic Cargo Ferries,3668.0,2607.72,2,Y
705419,2024-06-24,EU Direct (Rosslare-Dunkirk),Atlantic Cargo Ferries,2748.0,1632.1,2,Y
702317,2025-09-26,UK Landbridge (Dublin-Holyhead),Nordic Freight Lines,2046.0,766.58,1,Y
705682,2025-04-22,EU Direct (Rosslare-Dunkirk),Nordic Freight Lines,2499.0,1158.28,2,Y
700066,2024-02-16,UK Landbridge (Dublin-Holyhead),Celtic Sealink,50,21.75,1,Y
704843,2024-10-27,EU Direct (Rosslare-Dunkirk),Atlantic Cargo Ferries,1986.0,1168.62,2,Y
701808,2024-11-27,UK Landbridge (Dublin-Holyhead),Celtic Sealink,574.0,255.9,1,Y
702613,2024-04-06,UK Landbridge (Dublin-Holyhead),Nordic Freight Lines,1015.0,395.09,1,Y
703983,2025-08-13,EU Direct (Dublin-Cherbourg),Atlantic Cargo Ferries,1356.0,875.95,2,Y
703494,2025-10-15,EU Direct (Dublin-Cherbourg),Celtic Sealink,1273.0,712.54,2,Y
704389,2024-11-09,EU Direct (Dublin-Cherbourg),Atlantic Cargo Ferries,1985.0,1350.4,2,Y
705088,2024-05-15,EU Direct (Rosslare-Dunkirk),Atlantic Cargo Ferries,1655.0,993.14,2,Y
703624,2024-03-10,EU Direct (Dublin-Cherbourg),Atlantic Cargo Ferries,3063.0,2078.64,2,Y
702999,2025-08-06,EU Direct (Dublin-Cherbourg),Celtic Sealink,1656.0,1007.93,2,Y
703896,2024-10-25,EU Direct (Dublin-Cherbourg),Atlantic Cargo Ferries,1506.0,988.45,2,Y
704405,2025-12-22,EU Direct (Dublin-Cherbourg),Atlantic Cargo Ferries,338.0,208.24,2,Y
703681,2024-01-04,EU Direct (Dublin-Cherbourg),Celtic Sealink,2375.0,1475.52,2,Y
704028,2025-02-16,EU Direct (Dublin-Cherbourg),Atlantic Cargo Ferries,1671.0,1053.65,2,N
700984,2025-05-07,UK Landbridge (Dublin-Holyhead),Nordic Freight Lines,1217.0,449.15,1,N
703760,2024-11-05,EU Direct (Dublin-Cherbourg),Celtic Sealink,1470.0,870.17,1,Y
702496,2025-04-11,UK Landbridge (Dublin-Holyhead),Celtic Sealink,2841.0,1102.42,1,Y
700386,2025-11-21,UK Landbridge (Dublin-Holyhead),Celtic Sealink,1089.0,486.46,2,Y
703439,2024-10-19,EU Direct (Dublin-Cherbourg),Atlantic Cargo Ferries,2336.0,1496.37,2,Y
704444,2024-11-08,EU Direct (Dublin-Cherbourg), Atlantic Cargo Ferries ,1573.0,994.98,1,Y
705083,2025-08-03,EU Direct (Rosslare-Dunkirk), Atlantic Cargo Ferries ,332.0,212.99,2,Y
700926,2024-01-18,UK Landbridge (Dublin-Holyhead),Nordic Freight Lines,1986.0,739.95,1,Y
703441,2025-03-08,EU Direct (Dublin-Cherbourg),Atlantic Cargo Ferries,1500.0,933.71,2,Y
702250,2024-04-05,UK Landbridge (Dublin-Holyhead),Celtic Sealink,1558.0,672.33,1,Y
705278,2024-05-09,EU Direct (Rosslare-Dunkirk),Nordic Freight Lines,50,26.55,2,Y
702359,2025-10-02,UK Landbridge (Dublin-Holyhead),Celtic Sealink,2880.0,1126.74,2,Y
701005,2025-01-23,UK Landbridge (Dublin-Holyhead),Celtic Sealink,749.0,334.57,1,Y
704538,2025-05-31,EU Direct (Dublin-Cherbourg),Celtic Sealink,2507.0,1549.17,1,Y
705033,2025-01-25,EU Direct (Rosslare-Dunkirk),Nordic Freight Lines,2015.0,967.61,2,Y
704414,2025-11-03,EU Direct (Dublin-Cherbourg),Celtic Sealink,3217.0,1855.35,3,Y
703382,2025-01-07,EU Direct (Dublin-Cherbourg),Atlantic Cargo Ferries,1758.0,1127.89,3,Y
701362,2025-11-28,UK Landbridge (Dublin-Holyhead),Celtic Sealink,2487.0,1033.74,1,Y
701804,2024-12-11,UK Landbridge (Dublin-Holyhead),Nordic Freight Lines,2631.0,1057.87,1,Y
702298,2025-11-14,UK Landbridge (Dublin-Holyhead),Nordic Freight Lines,2082.0,786.67,1,Y
704994,2024-10-04,EU Direct (Rosslare-Dunkirk),Nordic Freight Lines,1300.0,610.93,2,Y
701978,2025-01-09,UK Landbridge (Dublin-Holyhead),Celtic Sealink,2801.0,1092.17,1,Y
704790,2024-10-09,EU Direct (Rosslare-Dunkirk),Atlantic Cargo Ferries,1597.0,960.33,2,Y
703848,2024-10-29,EU Direct (Dublin-Cherbourg),Atlantic Cargo Ferries,1830.0,1216.54,2,Y
704525,2025-08-22,EU Direct (Dublin-Cherbourg),Celtic Sealink,2233.0,1316.19,1,Y
701155,2025-02-17,UK Landbridge (Dublin-Holyhead),Celtic Sealink,340.0,135.93,1,Y
702500,2025-04-17,UK Landbridge (Dublin-Holyhead),Nordic Freight Lines,2617.0,979.44,1,N
705133,2024-07-03,EU Direct (Rosslare-Dunkirk),Nordic Freight Lines,437.0,216.63,2,Y
700352,2025-10-29,UK Landbridge (Dublin-Holyhead),Celtic Sealink,1349.0,604.7,1,Y
704909,2024-07-31,EU Direct (Rosslare-Dunkirk),Atlantic Cargo Ferries,50,33.41,2,Y
704644,2025-02-04,EU Direct (Rosslare-Dunkirk),Atlantic Cargo Ferries,2184.0,1392.72,2,Y
705023,2024-07-23,EU Direct (Rosslare-Dunkirk),Atlantic Cargo Ferries,2072.0,1315.63,2,Y
704396,2025-11-09,EU Direct (Dublin-Cherbourg),Celtic Sealink,2996.0,1832.72,2,Y
701192,2025-03-04,UK Landbridge (Dublin-Holyhead),Celtic Sealink,3078.0,1291.74,1,Y
705706,2025-04-04,EU Direct (Rosslare-Dunkirk),Atlantic Cargo Ferries,548.0,325.75,1,Y
700498,2025-04-11,UK Landbridge (Dublin-Holyhead),Celtic Sealink,3753.0,1702.36,1,Y
705295,2024-01-30,EU Direct (Rosslare-Dunkirk),Nordic Freight Lines,1277.0,633.47,2,Y
701341,2024-11-21,UK Landbridge (Dublin-Holyhead),Celtic Sealink,717.0,313.1,1,Y
702219,2025-01-25,UK Landbridge (Dublin-Holyhead),Nordic Freight Lines,50,18.86,1,Y
704416,2024-07-25,EU Direct (Dublin-Cherbourg),Celtic Sealink,1766.0,1105.97,2,Y
700318,2025-09-10,UK Landbridge (Dublin-Holyhead),Celtic Sealink,3168.0,1295.19,1,N
703938,2024-02-03,EU Direct (Dublin-Cherbourg),CELTIC SEALINK,1877.0,1133.5,3,Y
702052,2025-12-22,UK Landbridge (Dublin-Holyhead),Nordic Freight Lines,2019.0,827.95,1,Y
700878,2024-05-16,UK Landbridge (Dublin-Holyhead),Nordic Freight Lines,1669.0,643.8,1,Y
704875,2025-12-05,EU Direct (Rosslare-Dunkirk),Nordic Freight Lines,2407.0,1127.76,2,Y
704171,2024-05-14,EU Direct (Dublin-Cherbourg),Celtic Sealink,3913.0,2298.21,2,Y
702199,2024-09-08,UK Landbridge (Dublin-Holyhead),Celtic Sealink,1896.0,780.18,1,Y
700259,2024-04-04,UK Landbridge (Dublin-Holyhead),Nordic Freight Lines,2357.0,839.83,1,Y
702210,2024-06-12,UK Landbridge (Dublin-Holyhead),Celtic Sealink,1275.0,553.75,1,Y
702096,2025-12-07,UK Landbridge (Dublin-Holyhead),NORDIC FREIGHT LINES,1756.0,687.28,1,Y
705180,2025-01-21,EU Direct (Rosslare-Dunkirk), Nordic Freight Lines ,1367.0,734.86,1,N
705031,2024-02-22,EU Direct (Rosslare-Dunkirk),Atlantic Cargo Ferries,982.0,637.6,2,Y
704986,2025-10-26,EU Direct (Rosslare-Dunkirk),Nordic Freight Lines,1375.0,688.67,1,Y
704530,2025-06-05,EU Direct (Dublin-Cherbourg),Celtic Sealink,2275.0,1409.09,2,Y
702456,2025-02-27,UK Landbridge (Dublin-Holyhead),Nordic Freight Lines,1512.0,561.13,1,Y
705916,2025-10-21,EU Direct (Rosslare-Dunkirk),Atlantic Cargo Ferries,2129.0,1245.71,2,Y
704145,2024-11-27,EU Direct (Dublin-Cherbourg),Atlantic Cargo Ferries,1291.0,815.68,2,Y
702385,2024-11-04,UK Landbridge (Dublin-Holyhead),Nordic Freight Lines,1109.0,415.04,1,N
704022,2024-09-04,EU Direct (Dublin-Cherbourg),Celtic Sealink,3852.0,2085.19,2,Y
702054,2024-01-14,UK Landbridge (Dublin-Holyhead), Celtic Sealink ,1303.0,555.59,1,Y
701307,2024-03-14,UK Landbridge (Dublin-Holyhead),Nordic Freight Lines,1845.0,747.35,1,N
701677,2024-07-06,UK Landbridge (Dublin-Holyhead),Celtic Sealink,1177.0,515.18,1,Y
703956,2024-06-04,EU Direct (Dublin-Cherbourg),Atlantic Cargo Ferries,2196.0,1513.34,2,N
700293,2025-10-31,UK Landbridge (Dublin-Holyhead),Celtic Sealink,1435.0,562.69,2,Y
702920,2024-04-03,EU Direct (Dublin-Cherbourg),Atlantic Cargo Ferries,837.0,557.17,1,Y
702782,2024-07-18,UK Landbridge (Dublin-Holyhead),Celtic Sealink,1999.0,903.58,1,Y
700530,2024-07-20,UK Landbridge (Dublin-Holyhead),Nordic Freight Lines,1420.0,563.0,1,Y
702288,2024-04-18,UK Landbridge (Dublin-Holyhead),Nordic Freight Lines,3018.0,1137.72,1,Y
703219,2024-09-19,EU Direct (Dublin-Cherbourg),Atlantic Cargo Ferries,1917.0,1273.23,2,Y
700128,2024-10-10,UK Landbridge (Dublin-Holyhead),Celtic Sealink,2699.0,1126.82,1,Y
705940,2024-01-12,EU Direct (Rosslare-Dunkirk),Atlantic Cargo Ferries,1237.0,837.24,3,Y
704225,2025-02-17,EU Direct (Dublin-Cherbourg),Atlantic Cargo Ferries,2662.0,1830.03,2,Y
704926,2025-01-29,EU Direct (Rosslare-Dunkirk),Nordic Freight Lines,2324.0,1116.21,2,N
705872,2024-01-15,EU Direct (Rosslare-Dunkirk),Atlantic Cargo Ferries,1688.0,1092.65,2,Y
700004,2025-04-20,UK Landbridge (Dublin-Holyhead),Celtic Sealink,1245.0,497.41,,Y
702946,2024-07-23,EU Direct (Dublin-Cherbourg),Atlantic Cargo Ferries,2696.0,1801.38,2,Y
703708,2024-12-31,EU Direct (Dublin-Cherbourg),Celtic Sealink,574.0,341.39,2,Y
705502,2024-03-02,EU Direct (Rosslare-Dunkirk),Atlantic Cargo Ferries,2563.0,1590.11,2,Y
704397,2024-11-12,EU Direct (Dublin-Cherbourg),Atlantic Cargo Ferries,2181.0,1400.27,1,Y
705909,2025-08-03,EU Direct (Rosslare-Dunkirk),NORDIC FREIGHT LINES,2626.0,1302.26,2,Y
701510,2024-10-20,UK Landbridge (Dublin-Holyhead),Nordic Freight Lines,641.0,249.55,1,Y
704471,2024-06-10,EU Direct (Dublin-Cherbourg),Celtic Sealink,1415.0,869.57,3,Y
701956,2025-06-20,UK Landbridge (Dublin-Holyhead),Nordic Freight Lines,1437.0,506.35,1,Y
704507,2024-12-14,EU Direct (Dublin-Cherbourg),Atlantic Cargo Ferries,2459.0,1666.9,2,Y
703584,2024-12-31,EU Direct (Dublin-Cherbourg),Atlantic Cargo Ferries,2357.0,1469.15,1,Y
702429,2025-10-02,UK Landbridge (Dublin-Holyhead),Celtic Sealink,1477.0,579.17,1,Y
702333,2025-04-18,UK Landbridge (Dublin-Holyhead),Celtic Sealink,2900.0,1213.87,1,Y
703186,2024-08-16,EU Direct (Dublin-Cherbourg),Atlantic Cargo Ferries,3505.0,2422.16,2,Y
701782,2024-11-01,UK Landbridge (Dublin-Holyhead),celtic sealink,1534.0,665.16,1,Y
703760,2024-11-05,EU Direct (Dublin-Cherbourg),Celtic Sealink,1470.0,870.17,1,Y
703356,2024-06-08,EU Direct (Dublin-Cherbourg),Atlantic Cargo Ferries,734.0,485.62,1,Y
702933,2025-08-26,EU Direct (Dublin-Cherbourg),Atlantic Cargo Ferries,2775.0,1834.24,2,Y
701424,2025-11-08,UK Landbridge (Dublin-Holyhead), Nordic Freight Lines ,50,19.27,1,N
704187,2024-04-23,EU Direct (Dublin-Cherbourg),Atlantic Cargo Ferries,1870.0,1248.86,2,Y
702460,2024-07-16,UK Landbridge (Dublin-Holyhead),Celtic Sealink,1885.0,816.56,2,Y
705334,2024-09-02,EU Direct (Rosslare-Dunkirk),NORDIC FREIGHT LINES,895.0,468.16,2,Y
705758,2025-06-09,EU Direct (Rosslare-Dunkirk),Nordic Freight Lines,1729.0,799.32,2,Y
702635,2025-03-14,UK Landbridge (Dublin-Holyhead),Celtic Sealink,915.0,370.64,1,Y
700733,2024-05-17,UK Landbridge (Dublin-Holyhead),Celtic Sealink,1677.0,674.55,1,Y
701950,2024-06-22,UK Landbridge (Dublin-Holyhead),Celtic Sealink,2225.0,896.29,1,Y
705306,2024-11-06,EU Direct (Rosslare-Dunkirk),Nordic Freight Lines,3234.0,1619.69,3,Y
704941,2025-10-21,EU Direct (Rosslare-Dunkirk),Atlantic Cargo Ferries,2312.0,1387.57,2,Y
703226,2024-08-14,EU Direct (Dublin-Cherbourg),Celtic Sealink,1310.0,809.81,2,Y
702026,2025-04-23,UK Landbridge (Dublin-Holyhead),NORDIC FREIGHT LINES,1099.0,401.55,1,Y
703102,2025-12-19,EU Direct (Dublin-Cherbourg),Celtic Sealink,1566.0,888.43,2,Y
701925,2024-05-08,UK Landbridge (Dublin-Holyhead),Celtic Sealink,770.0,326.37,1,Y
703408,2024-09-27,EU Direct (Dublin-Cherbourg),Celtic Sealink,1718.0,927.64,2,Y
700187,2025-03-26,UK Landbridge (Dublin-Holyhead), Nordic Freight Lines ,2585.0,988.75,1,Y
701715,2025-09-03,UK Landbridge (Dublin-Holyhead),Celtic Sealink,479.0,195.91,2,Y
700772,2025-10-16,UK Landbridge (Dublin-Holyhead),Nordic Freight Lines,544.0,221.6,1,Y
700022,2025-10-01,UK Landbridge (Dublin-Holyhead),Celtic Sealink,1340.0,518.9,1,Y
705912,2025-01-28,EU Direct (Rosslare-Dunkirk),Nordic Freight Lines,1269.0,603.2,2,N
701237,2024-05-26,UK Landbridge (Dublin-Holyhead),Celtic Sealink,2253.0,984.15,1,Y
700762,2025-12-10,UK Landbridge (Dublin-Holyhead),Celtic Sealink,1917.0,845.83,1,Y
702823,2024-09-16,UK Landbridge (Dublin-Holyhead),Celtic Sealink,2958.0,1291.0,1,Y
700919,2025-01-23,UK Landbridge (Dublin-Holyhead),Nordic Freight Lines,2431.0,964.57,1,N
705548,2024-07-22,EU Direct (Rosslare-Dunkirk),Nordic Freight Lines,1219.0,605.83,2,Y
704841,2024-11-18,EU Direct (Rosslare-Dunkirk), Nordic Freight Lines ,1838.0,935.58,2,Y
702886,2024-09-16,EU Direct (Dublin-Cherbourg),Celtic Sealink,50,30.69,2,Y
702039,2024-07-09,UK Landbridge (Dublin-Holyhead),Celtic Sealink,2676.0,1052.39,1,Y
701952,2025-05-11,UK Landbridge (Dublin-Holyhead),Nordic Freight Lines,1882.0,691.18,2,N
705125,2024-06-30,EU Direct (Rosslare-Dunkirk), Atlantic Cargo Ferries ,3054.0,2003.41,2,Y
703042,2025-11-29,EU Direct (Dublin-Cherbourg),Atlantic Cargo Ferries,1096.0,689.21,2,N
703994,2025-05-23,EU Direct (Dublin-Cherbourg),Atlantic Cargo Ferries,2033.0,1279.78,3,Y
702640,2024-09-16,UK Landbridge (Dublin-Holyhead),Nordic Freight Lines,977.0,383.63,2,Y
703914,2024-12-29,EU Direct (Dublin-Cherbourg),Celtic Sealink,855.0,497.03,1,Y
700991,2024-04-02,UK Landbridge (Dublin-Holyhead),Nordic Freight Lines,2008.0,734.94,1,Y
704224,2024-07-02,EU Direct (Dublin-Cherbourg),Atlantic Cargo Ferries,1605.0,1063.85,2,Y
700441,2025-09-10,UK Landbridge (Dublin-Holyhead),celtic sealink,1213.0,487.61,1,Y
702586,2024-05-20,UK Landbridge (Dublin-Holyhead),Nordic Freight Lines,931.0,355.51,1,Y
701771,2024-03-16,UK Landbridge (Dublin-Holyhead),Nordic Freight Lines,2634.0,976.32,1,Y
705080,2025-06-01,EU Direct (Rosslare-Dunkirk),Atlantic Cargo Ferries,2498.0,1552.03,2,Y
702624,2024-11-17,UK Landbridge (Dublin-Holyhead),Celtic Sealink,1351.0,582.19,1,Y
703209,2025-10-12,EU Direct (Dublin-Cherbourg),Celtic Sealink,2217.0,1234.97,2,Y
700325,2025-07-24,UK Landbridge (Dublin-Holyhead),Nordic Freight Lines,1554.0,602.73,1,N
703422,2024-04-30,EU Direct (Dublin-Cherbourg),Celtic Sealink,3789.0,2037.59,2,Y
702228,2024-07-08,UK Landbridge (Dublin-Holyhead),Nordic Freight Lines,466.0,164.73,1,Y
703557,2025-09-25,EU Direct (Dublin-Cherbourg),Celtic Sealink,2135.0,1230.04,2,Y
703521,2024-04-03,EU Direct (Dublin-Cherbourg),Atlantic Cargo Ferries,2689.0,1796.36,2,Y
703678,2025-05-18,EU Direct (Dublin-Cherbourg),Celtic Sealink,1177.0,665.57,2,Y
701247,2024-03-22,UK Landbridge (Dublin-Holyhead),Celtic Sealink,2537.0,983.59,1,Y
704432,2024-04-26,EU Direct (Dublin-Cherbourg),Atlantic Cargo Ferries,2244.0,1395.0,2,Y
703779,2024-05-27,EU Direct (Dublin-Cherbourg),Atlantic Cargo Ferries,2803.0,1917.53,2,Y
700418,2024-08-14,UK Landbridge (Dublin-Holyhead),Celtic Sealink,3535.0,1403.89,1,Y
701157,2024-10-07,UK Landbridge (Dublin-Holyhead),Celtic Sealink,1477.0,652.88,1,Y
703745,2025-11-25,EU Direct (Dublin-Cherbourg),Celtic Sealink,1880.0,1110.56,2,Y
705949,2025-01-08,EU Direct (Rosslare-Dunkirk),Nordic Freight Lines,1186.0,620.18,2,Y
702530,2024-06-11,UK Landbridge (Dublin-Holyhead),Nordic Freight Lines,2115.0,819.4,1,Y
702063,2025-01-13,UK Landbridge (Dublin-Holyhead),Celtic Sealink,2057.0,874.82,1,N
703480,2024-04-18,EU Direct (Dublin-Cherbourg),Atlantic Cargo Ferries,1571.0,1052.02,2,Y
705268,2024-10-13,EU Direct (Rosslare-Dunkirk),Nordic Freight Lines,682.0,321.71,2,N
703319,2024-12-02,EU Direct (Dublin-Cherbourg),Atlantic Cargo Ferries,824.0,572.79,2,Y
702942,2024-06-29,EU Direct (Dublin-Cherbourg),Atlantic Cargo Ferries,1979.0,1290.87,2,N
702556,2024-07-01,UK Landbridge (Dublin-Holyhead),Nordic Freight Lines,2288.0,839.46,1,Y
702237,2024-09-13,UK Landbridge (Dublin-Holyhead),Celtic Sealink,1178.0,495.07,1,Y
703916,2025-01-26,EU Direct (Dublin-Cherbourg),Atlantic Cargo Ferries,50,30.59,,Y
703963,2025-07-23,EU Direct (Dublin-Cherbourg),Celtic Sealink,2185.0,1204.66,2,Y
703446,2024-06-03,EU Direct (Dublin-Cherbourg),celtic sealink,596.0,363.83,2,Y
703108,2024-10-02,EU Direct (Dublin-Cherbourg),Atlantic Cargo Ferries,2116.0,1301.15,2,N
703315,2024-05-05,EU Direct (Dublin-Cherbourg),Atlantic Cargo Ferries,2322.0,1564.15,2,Y
705069,2025-06-24,EU Direct (Rosslare-Dunkirk),Atlantic Cargo Ferries,400.0,243.48,2,Y
702444,2024-09-26,UK Landbridge (Dublin-Holyhead),Celtic Sealink,2124.0,944.87,1,N
700312,2024-10-18,UK Landbridge (Dublin-Holyhead),Celtic Sealink,2554.0,992.33,1,Y
703945,2025-04-02,EU Direct (Dublin-Cherbourg), Celtic Sealink ,584.0,358.35,2,Y
705172,2024-02-28,EU Direct (Rosslare-Dunkirk),Atlantic Cargo Ferries,2213.0,1338.25,2,Y
701623,2025-02-27,UK Landbridge (Dublin-Holyhead),Celtic Sealink,2152.0,844.1,1,Y
700277,2024-08-22,UK Landbridge (Dublin-Holyhead),Nordic Freight Lines,1950.0,699.7,2,Y
705795,2025-07-24,EU Direct (Rosslare-Dunkirk),Nordic Freight Lines,1269.0,661.03,3,Y
701675,2025-12-06,UK Landbridge (Dublin-Holyhead),Celtic Sealink,1149.0,509.27,1,Y
700365,2025-05-30,UK Landbridge (Dublin-Holyhead),Celtic Sealink,2573.0,1021.23,1,N
700288,2024-07-31,UK Landbridge (Dublin-Holyhead),Celtic Sealink,3486.0,1460.99,1,Y
702315,2025-12-08,UK Landbridge (Dublin-Holyhead),CELTIC SEALINK,2148.0,923.95,1,Y
702047,2024-07-21,UK Landbridge (Dublin-Holyhead),Nordic Freight Lines,1527.0,549.57,1,Y
702445,2024-07-15,UK Landbridge (Dublin-Holyhead),Celtic Sealink,1058.0,424.85,1,Y
704961,2025-07-02,EU Direct (Rosslare-Dunkirk),Nordic Freight Lines,2619.0,1266.83,1,Y
704804,2025-12-30,EU Direct (Rosslare-Dunkirk),Atlantic Cargo Ferries,587.0,356.97,2,Y
705815,2025-12-14,EU Direct (Rosslare-Dunkirk),Atlantic Cargo Ferries,2900.0,1836.82,3,Y
703434,2025-09-18,EU Direct (Dublin-Cherbourg),Celtic Sealink,2909.0,1699.65,2,N
704472,2025-03-27,EU Direct (Dublin-Cherbourg),Atlantic Cargo Ferries,3054.0,1955.5,2,Y
704915,2025-08-24,EU Direct (Rosslare-Dunkirk),Nordic Freight Lines,1497.0,762.47,2,Y
703877,2024-03-04,EU Direct (Dublin-Cherbourg),Celtic Sealink,2691.0,1561.24,2,Y
702918,2024-06-22,EU Direct (Dublin-Cherbourg),Celtic Sealink,1406.0,767.09,2,Y
704018,2025-12-13,EU Direct (Dublin-Cherbourg), Atlantic Cargo Ferries ,3130.0,1988.71,2,Y
700578,2024-12-29,UK Landbridge (Dublin-Holyhead),Celtic Sealink,1612.0,647.88,1,Y
704566,2024-10-12,EU Direct (Dublin-Cherbourg),ATLANTIC CARGO FERRIES,2940.0,2014.48,1,Y
703791,2025-09-18,EU Direct (Dublin-Cherbourg),Atlantic Cargo Ferries,1922.0,1321.32,,Y
703340,2025-09-07,EU Direct (Dublin-Cherbourg),Atlantic Cargo Ferries,2401.0,1541.48,1,Y
700310,2025-03-02,UK Landbridge (Dublin-Holyhead),Nordic Freight Lines,1204.0,431.67,1,Y
703622,2024-05-23,EU Direct (Dublin-Cherbourg),Celtic Sealink,2601.0,1527.9,1,Y
701452,2025-06-23,UK Landbridge (Dublin-Holyhead),Celtic Sealink,1717.0,697.13,1,Y
701048,2025-01-17,UK Landbridge (Dublin-Holyhead),Nordic Freight Lines,2282.0,926.13,1,N
700116,2025-12-07,UK Landbridge (Dublin-Holyhead),Nordic Freight Lines,992.0,383.14,1,N
701187,2025-11-02,UK Landbridge (Dublin-Holyhead),Celtic Sealink,2804.0,1103.07,2,Y
703296,2025-02-16,EU Direct (Dublin-Cherbourg),Celtic Sealink,2079.0,1137.1,2,Y
705955,2025-04-26,EU Direct (Rosslare-Dunkirk),Atlantic Cargo Ferries,769.0,485.06,2,Y
700784,2024-03-15,UK Landbridge (Dublin-Holyhead), Nordic Freight Lines ,2162.0,771.96,1,Y
701730,2024-05-12,UK Landbridge (Dublin-Holyhead),Nordic Freight Lines,3397.0,1373.17,1,N
702401,2025-08-22,UK Landbridge (Dublin-Holyhead),Celtic Sealink,2321.0,946.68,1,Y
705020,2025-08-16,EU Direct (Rosslare-Dunkirk),Atlantic Cargo Ferries,395.0,255.03,2,Y
704594,2025-01-28,EU Direct (Dublin-Cherbourg),Celtic Sealink,1357.0,792.27,2,Y
705316,2025-09-08,EU Direct (Rosslare-Dunkirk),Atlantic Cargo Ferries,2640.0,1658.25,3,Y
705322,2025-07-29,EU Direct (Rosslare-Dunkirk),Atlantic Cargo Ferries,1296.0,854.82,2,Y
700375,2024-02-03,UK Landbridge (Dublin-Holyhead),Nordic Freight Lines,50,19.63,1,Y
701339,2025-12-22,UK Landbridge (Dublin-Holyhead), Celtic Sealink ,1980.0,785.0,1,Y
705131,2025-10-18,EU Direct (Rosslare-Dunkirk),Nordic Freight Lines,55.0,28.42,2,Y
701418,2025-10-02,UK Landbridge (Dublin-Holyhead),Nordic Freight Lines,2861.0,1155.49,1,Y
705987,2025-08-19,EU Direct (Rosslare-Dunkirk),Nordic Freight Lines,738.0,372.78,2,Y
702524,2025-11-22,UK Landbridge (Dublin-Holyhead),Nordic Freight Lines,1345.0,550.64,1,Y
702988,2025-12-30,EU Direct (Dublin-Cherbourg),Celtic Sealink,1286.0,775.13,2,Y
704234,2024-08-18,EU Direct (Dublin-Cherbourg),Celtic Sealink,2211.0,1267.53,2,Y
700986,2024-06-16,UK Landbridge (Dublin-Holyhead),Nordic Freight Lines,782.0,283.5,1,Y
703150,2024-05-31,EU Direct (Dublin-Cherbourg),Celtic Sealink,1186.0,689.82,2,Y
705297,2025-08-08,EU Direct (Rosslare-Dunkirk),Atlantic Cargo Ferries,309.0,207.58,2,Y
705874,2025-06-13,EU Direct (Rosslare-Dunkirk),Nordic Freight Lines,1251.0,591.71,2,Y
703863,2024-01-13,EU Direct (Dublin-Cherbourg),Celtic Sealink,3187.0,1852.48,2,Y
704314,2025-06-25,EU Direct (Dublin-Cherbourg),Celtic Sealink,2710.0,1674.81,2,Y
701288,2024-03-13,UK Landbridge (Dublin-Holyhead),Celtic Sealink,1211.0,500.4,1,Y
705171,2025-03-11,EU Direct (Rosslare-Dunkirk),Nordic Freight Lines,968.0,488.09,3,Y
704638,2024-09-25,EU Direct (Rosslare-Dunkirk),Nordic Freight Lines,2225.0,1098.05,2,Y
704433,2025-03-24,EU Direct (Dublin-Cherbourg),Atlantic Cargo Ferries,2997.0,1992.76,2,Y
704161,2025-07-06,EU Direct (Dublin-Cherbourg),Atlantic Cargo Ferries,2599.0,1839.88,3,N
703513,2025-10-22,EU Direct (Dublin-Cherbourg),Atlantic Cargo Ferries,2477.0,1654.53,2,Y
705629,2024-07-17,EU Direct (Rosslare-Dunkirk),Nordic Freight Lines,1792.0,946.37,2,Y
705827,2025-08-27,EU Direct (Rosslare-Dunkirk),Nordic Freight Lines,722.0,368.19,1,Y
703067,2024-06-06,EU Direct (Dublin-Cherbourg),Celtic Sealink,1090.0,657.08,2,Y
704499,2024-02-11,EU Direct (Dublin-Cherbourg),Celtic Sealink,2139.0,1291.32,2,N
702941,2024-12-31,EU Direct (Dublin-Cherbourg),Celtic Sealink,3151.0,1887.11,1,Y
700822,2025-07-10,UK Landbridge (Dublin-Holyhead),Nordic Freight Lines,2049.0,736.86,1,Y
702040,2025-12-05,UK Landbridge (Dublin-Holyhead),Nordic Freight Lines,3374.0,1228.88,1,Y
703348,2025-07-02,EU Direct (Dublin-Cherbourg),Celtic Sealink,1919.0,1030.84,2,Y
702462,2024-11-14,UK Landbridge (Dublin-Holyhead),Nordic Freight Lines,477.0,170.61,1,N
702356,2024-09-05,UK Landbridge (Dublin-Holyhead),Nordic Freight Lines,1904.0,716.12,1,Y
701883,2025-02-17,UK Landbridge (Dublin-Holyhead),Celtic Sealink,1160.0,514.5,2,Y
702698,2025-06-23,UK Landbridge (Dublin-Holyhead),Celtic Sealink,1767.0,750.74,1,Y
700648,2025-11-30,UK Landbridge (Dublin-Holyhead),Celtic Sealink,1744.0,717.99,1,N
702060,2025-03-03,UK Landbridge (Dublin-Holyhead),Celtic Sealink,3754.0,1517.1,1,Y
705993,2024-10-18,EU Direct (Rosslare-Dunkirk),Nordic Freight Lines,1750.0,866.69,2,N
701112,2024-06-01,UK Landbridge (Dublin-Holyhead),Nordic Freight Lines,2116.0,758.79,1,Y
704486,2024-01-29,EU Direct (Dublin-Cherbourg),Celtic Sealink,2975.0,1802.03,2,Y
701697,2024-06-12,UK Landbridge (Dublin-Holyhead),Nordic Freight Lines,2594.0,937.99,1,Y
703633,2025-04-03,EU Direct (Dublin-Cherbourg),Celtic Sealink,2787.0,1637.82,2,Y
701184,2025-03-18,UK Landbridge (Dublin-Holyhead),Nordic Freight Lines,580.0,206.56,1,Y
700520,2024-11-07,UK Landbridge (Dublin-Holyhead),Celtic Sealink,2593.0,1101.37,1,Y
704381,2025-01-20,EU Direct (Dublin-Cherbourg),Celtic Sealink,1738.0,1038.21,3,Y
702609,2024-07-22,UK Landbridge (Dublin-Holyhead),Celtic Sealink,1344.0,569.47,1,Y
705539,2024-01-07,EU Direct (Rosslare-Dunkirk),Nordic Freight Lines,1337.0,647.31,1,Y
703099,2024-08-03,EU Direct (Dublin-Cherbourg), Atlantic Cargo Ferries ,1090.0,696.27,2,Y
703030,2025-03-24,EU Direct (Dublin-Cherbourg),Atlantic Cargo Ferries,1201.0,826.34,2,Y
702545,2025-03-08,UK Landbridge (Dublin-Holyhead),Nordic Freight Lines,358.0,135.24,1,Y
702654,2025-05-29,UK Landbridge (Dublin-Holyhead),Nordic Freight Lines,1310.0,474.65,1,Y
702576,2025-09-20,UK Landbridge (Dublin-Holyhead),Celtic Sealink,471.0,193.05,1,Y
700826,2025-12-15,UK Landbridge (Dublin-Holyhead),celtic sealink,2389.0,944.37,1,Y
703016,2025-04-24,EU Direct (Dublin-Cherbourg),Atlantic Cargo Ferries,1857.0,1219.94,2,Y
703828,2025-08-28,EU Direct (Dublin-Cherbourg), Atlantic Cargo Ferries ,2474.0,1616.75,2,Y
701578,2025-08-28,UK Landbridge (Dublin-Holyhead),Nordic Freight Lines,2354.0,887.01,1,Y
703488,2024-02-13,EU Direct (Dublin-Cherbourg),Atlantic Cargo Ferries,2621.0,1637.44,2,N
702277,2024-03-05,UK Landbridge (Dublin-Holyhead),Nordic Freight Lines,971.0,369.22,1,Y
702932,2024-10-15,EU Direct (Dublin-Cherbourg),Celtic Sealink,704.0,422.75,2,Y
705842,2025-04-10,EU Direct (Rosslare-Dunkirk),Atlantic Cargo Ferries,2800.0,1894.75,3,Y
705658,2024-08-17,EU Direct (Rosslare-Dunkirk),Nordic Freight Lines,3133.0,1599.59,2,Y
701979,2024-12-30,UK Landbridge (Dublin-Holyhead),Celtic Sealink,1744.0,674.52,1,Y
702253,2024-01-17,UK Landbridge (Dublin-Holyhead),Celtic Sealink,1170.0,491.51,1,Y
701121,2024-01-12,UK Landbridge (Dublin-Holyhead),Celtic Sealink,719.0,320.62,1,N
700400,2024-08-20,UK Landbridge (Dublin-Holyhead),Celtic Sealink,3339.0,1474.23,2,Y
704748,2024-02-19,EU Direct (Rosslare-Dunkirk),Atlantic Cargo Ferries,1757.0,1129.45,2,Y
704060,2025-09-17,EU Direct (Dublin-Cherbourg),Celtic Sealink,1164.0,689.48,2,Y
704758,2024-05-18,EU Direct (Rosslare-Dunkirk),Nordic Freight Lines,955.0,445.64,2,Y
702368,2025-10-14,UK Landbridge (Dublin-Holyhead),Nordic Freight Lines,3309.0,1361.9,1,Y
704055,2025-12-19,EU Direct (Dublin-Cherbourg),Atlantic Cargo Ferries,3737.0,2581.72,2,Y
704102,2025-03-10,EU Direct (Dublin-Cherbourg),Celtic Sealink,3282.0,1905.7,2,Y
702265,2025-07-29,UK Landbridge (Dublin-Holyhead),Celtic Sealink,737.0,305.69,,Y
701379,2024-06-29,UK Landbridge (Dublin-Holyhead),Celtic Sealink,577.0,225.89,1,Y
703327,2024-02-10,EU Direct (Dublin-Cherbourg),Celtic Sealink,50,30.89,2,Y
703805,2025-07-12,EU Direct (Dublin-Cherbourg),Celtic Sealink,647.0,370.15,2,Y
704151,2025-02-14,EU Direct (Dublin-Cherbourg),Celtic Sealink,2543.0,1380.55,2,Y
701238,2025-11-22,UK Landbridge (Dublin-Holyhead),Celtic Sealink,2099.0,844.39,1,Y
704935,2025-08-29,EU Direct (Rosslare-Dunkirk),Nordic Freight Lines,2544.0,1217.75,2,N
702376,2024-08-08,UK Landbridge (Dublin-Holyhead),Celtic Sealink,2210.0,935.29,1,Y
701392,2024-06-17,UK Landbridge (Dublin-Holyhead),Nordic Freight Lines,1400.0,503.17,1,Y
703371,2025-11-25,EU Direct (Dublin-Cherbourg),Celtic Sealink,1807.0,1105.2,1,Y
702858,2024-05-29,UK Landbridge (Dublin-Holyhead),Celtic Sealink,895.0,372.44,2,Y
702539,2025-10-28,UK Landbridge (Dublin-Holyhead),celtic sealink,988.0,411.74,1,Y
703407,2025-09-08,EU Direct (Dublin-Cherbourg),Atlantic Cargo Ferries,1187.0,745.0,2,Y
702365,2024-05-31,UK Landbridge (Dublin-Holyhead),Celtic Sealink,705.0,286.17,1,Y
705581,2025-03-10,EU Direct (Rosslare-Dunkirk),Nordic Freight Lines,2185.0,1079.31,2,Y
700566,2024-06-28,UK Landbridge (Dublin-Holyhead),Celtic Sealink,3066.0,1335.36,1,Y
705774,2025-07-05,EU Direct (Rosslare-Dunkirk),NORDIC FREIGHT LINES,1076.0,519.56,2,Y
700419,2024-07-12,UK Landbridge (Dublin-Holyhead),Nordic Freight Lines,1389.0,490.92,1,Y
702901,2024-09-03,EU Direct (Dublin-Cherbourg),Celtic Sealink,523.0,298.51,2,Y
701462,2025-02-20,UK Landbridge (Dublin-Holyhead),Celtic Sealink,2871.0,1297.74,1,Y
705876,2024-08-08,EU Direct (Rosslare-Dunkirk),Nordic Freight Lines,1833.0,874.7,2,Y
701347,2025-08-02,UK Landbridge (Dublin-Holyhead),Nordic Freight Lines,1519.0,577.85,1,Y
700327,2025-09-26,UK Landbridge (Dublin-Holyhead),Nordic Freight Lines,1418.0,530.16,1,Y
700672,2024-05-15,UK Landbridge (Dublin-Holyhead),Celtic Sealink,3110.0,1279.84,1,Y
701077,2024-04-23,UK Landbridge (Dublin-Holyhead),Nordic Freight Lines,1412.0,500.76,1,Y
700047,2025-06-26,UK Landbridge (Dublin-Holyhead),Celtic Sealink,2038.0,867.83,1,Y
702248,2024-09-16,UK Landbridge (Dublin-Holyhead),Celtic Sealink,1079.0,474.32,1,Y
705546,2025-07-22,EU Direct (Rosslare-Dunkirk),Atlantic Cargo Ferries,1935.0,1301.14,2,Y
701916,2025-04-19,UK Landbridge (Dublin-Holyhead),Nordic Freight Lines,155.0,58.43,1,Y
700698,2025-03-14,UK Landbridge (Dublin-Holyhead),Celtic Sealink,1463.0,663.33,1,Y
701258,2024-12-23,UK Landbridge (Dublin-Holyhead),Nordic Freight Lines,1024.0,395.41,1,Y
701732,2025-05-14,UK Landbridge (Dublin-Holyhead),Celtic Sealink,741.0,325.98,1,Y
704953,2025-08-11,EU Direct (Rosslare-Dunkirk),Nordic Freight Lines,873.0,442.82,1,Y
704665,2024-12-18,EU Direct (Rosslare-Dunkirk),ATLANTIC CARGO FERRIES,300.0,178.92,2,Y
701000,2024-01-08,UK Landbridge (Dublin-Holyhead),Nordic Freight Lines,2270.0,847.02,1,Y
704533,2025-03-21,EU Direct (Dublin-Cherbourg),Celtic Sealink,3406.0,1837.85,2,Y
701702,2024-05-31,UK Landbridge (Dublin-Holyhead),Celtic Sealink,228.0,94.69,1,Y
700779,2024-10-19,UK Landbridge (Dublin-Holyhead),Celtic Sealink,2377.0,1020.02,1,Y
702789,2025-04-28,UK Landbridge (Dublin-Holyhead),Nordic Freight Lines,1236.0,452.45,1,Y
700014,2025-10-06,UK Landbridge (Dublin-Holyhead),Celtic Sealink,2354.0,1059.89,1,Y
704983,2025-04-02,EU Direct (Rosslare-Dunkirk),Atlantic Cargo Ferries,229.0,143.81,2,Y
703452,2025-07-09,EU Direct (Dublin-Cherbourg),Atlantic Cargo Ferries,1352.0,928.02,2,N
700052,2024-07-27,UK Landbridge (Dublin-Holyhead),Celtic Sealink,2047.0,829.9,1,Y
703755,2024-02-10,EU Direct (Dublin-Cherbourg),Atlantic Cargo Ferries,2533.0,1775.65,2,Y
705504,2024-03-06,EU Direct (Rosslare-Dunkirk),Nordic Freight Lines,1241.0,606.87,3,Y
704902,2024-10-06,EU Direct (Rosslare-Dunkirk),Atlantic Cargo Ferries,1474.0,859.52,2,Y
705109,2024-04-07,EU Direct (Rosslare-Dunkirk),Atlantic Cargo Ferries,1952.0,1159.05,2,Y
704709,2024-07-01,EU Direct (Rosslare-Dunkirk),Atlantic Cargo Ferries,1901.0,1203.2,2,Y
701079,2025-04-20,UK Landbridge (Dublin-Holyhead),Nordic Freight Lines,2873.0,1146.72,1,Y
700829,2025-10-01,UK Landbridge (Dublin-Holyhead),Nordic Freight Lines,50,18.51,1,N
700775,2025-12-09,UK Landbridge (Dublin-Holyhead),Nordic Freight Lines,1953.0,762.06,1,Y
701029,2024-04-17,UK Landbridge (Dublin-Holyhead),Nordic Freight Lines,1038.0,381.5,1,Y
701893,2025-07-14,UK Landbridge (Dublin-Holyhead),Celtic Sealink,1445.0,589.38,2,Y
705528,2024-02-09,EU Direct (Rosslare-Dunkirk), Atlantic Cargo Ferries ,1245.0,758.75,2,Y
702948,2024-09-09,EU Direct (Dublin-Cherbourg),Celtic Sealink,2077.0,1196.51,2,Y
704308,2025-11-05,EU Direct (Dublin-Cherbourg), Atlantic Cargo Ferries ,2323.0,1636.25,1,Y
705453,2025-06-06,EU Direct (Rosslare-Dunkirk),Atlantic Cargo Ferries,3408.0,2169.68,2,Y
705524,2025-07-10,EU Direct (Rosslare-Dunkirk),Atlantic Cargo Ferries,1249.0,839.85,2,Y
705075,2024-06-15,EU Direct (Rosslare-Dunkirk),Atlantic Cargo Ferries,2088.0,1274.23,2,Y
700336,2025-03-20,UK Landbridge (Dublin-Holyhead),Celtic Sealink,1297.0,529.3,1,Y
701823,2024-07-18,UK Landbridge (Dublin-Holyhead),Nordic Freight Lines,625.0,223.62,1,Y
701092,2024-02-15,UK Landbridge (Dublin-Holyhead),Celtic Sealink,1953.0,768.41,1,Y
701827,2024-10-07,UK Landbridge (Dublin-Holyhead),Celtic Sealink,3064.0,1381.04,1,Y
703571,2024-04-08,EU Direct (Dublin-Cherbourg),ATLANTIC CARGO FERRIES,1648.0,1006.12,1,Y
700036,2024-03-30,UK Landbridge (Dublin-Holyhead),Nordic Freight Lines,2906.0,1162.35,1,Y
700696,2024-10-02,UK Landbridge (Dublin-Holyhead),Celtic Sealink,3140.0,1320.69,1,Y
702788,2025-02-24,UK Landbridge (Dublin-Holyhead),Nordic Freight Lines,1164.0,454.0,1,Y
701098,2025-05-25,UK Landbridge (Dublin-Holyhead),Celtic Sealink,2715.0,1087.73,,Y
703387,2024-06-10,EU Direct (Dublin-Cherbourg),Atlantic Cargo Ferries,1860.0,1183.02,2,Y
705513,2024-04-01,EU Direct (Rosslare-Dunkirk),Nordic Freight Lines,1629.0,753.51,2,Y
703551,2025-02-15,EU Direct (Dublin-Cherbourg),Atlantic Cargo Ferries,2572.0,1615.77,2,Y
700428,2025-08-31,UK Landbridge (Dublin-Holyhead),Celtic Sealink,1731.0,785.15,2,Y
705317,2025-08-18,EU Direct (Rosslare-Dunkirk), Nordic Freight Lines ,1454.0,759.77,2,Y
701295,2024-07-26,UK Landbridge (Dublin-Holyhead),nordic freight lines,1831.0,704.84,1,Y
702972,2024-06-03,EU Direct (Dublin-Cherbourg),Celtic Sealink,468.0,257.04,2,Y
702645,2025-03-20,UK Landbridge (Dublin-Holyhead),Celtic Sealink,2049.0,855.82,1,Y
705501,2024-07-26,EU Direct (Rosslare-Dunkirk),Nordic Freight Lines,1162.0,549.04,2,Y
700032,2024-01-12,UK Landbridge (Dublin-Holyhead),Celtic Sealink,1835.0,713.5,1,Y
702726,2024-05-20,UK Landbridge (Dublin-Holyhead),Celtic Sealink,1838.0,776.69,1,Y
701839,2025-08-10,UK Landbridge (Dublin-Holyhead),Celtic Sealink,1760.0,762.05,,Y
704153,2024-03-08,EU Direct (Dublin-Cherbourg), Atlantic Cargo Ferries ,2687.0,1917.42,2,Y
701502,2025-01-10,UK Landbridge (Dublin-Holyhead),Celtic Sealink,2388.0,986.81,1,Y
705654,2024-10-06,EU Direct (Rosslare-Dunkirk),Atlantic Cargo Ferries,1944.0,1132.04,2,Y
700659,2024-05-03,UK Landbridge (Dublin-Holyhead),Nordic Freight Lines,2722.0,1054.66,1,N
704415,2024-09-05,EU Direct (Dublin-Cherbourg),Atlantic Cargo Ferries,480.0,342.5,2,Y
700035,2025-10-28,UK Landbridge (Dublin-Holyhead),Nordic Freight Lines,2208.0,893.34,1,Y
705726,2025-08-17,EU Direct (Rosslare-Dunkirk),Nordic Freight Lines,3252.0,1642.07,2,N
703484,2024-10-24,EU Direct (Dublin-Cherbourg),Atlantic Cargo Ferries,1536.0,959.17,3,Y
701621,2025-05-27,UK Landbridge (Dublin-Holyhead),Celtic Sealink,1807.0,812.16,1,Y
702890,2024-11-05,EU Direct (Dublin-Cherbourg),Atlantic Cargo Ferries,1664.0,1062.26,2,Y
700660,2025-08-11,UK Landbridge (Dublin-Holyhead),Nordic Freight Lines,1428.0,527.25,1,Y
705735,2025-04-30,EU Direct (Rosslare-Dunkirk),nordic freight lines,2016.0,1039.07,2,Y
703673,2025-02-09,EU Direct (Dublin-Cherbourg),Celtic Sealink,2138.0,1246.52,2,Y
700320,2025-04-29,UK Landbridge (Dublin-Holyhead),Celtic Sealink,208.0,91.62,1,Y
701328,2025-09-25,UK Landbridge (Dublin-Holyhead),Nordic Freight Lines,1725.0,652.43,1,Y
704903,2024-12-17,EU Direct (Rosslare-Dunkirk),Nordic Freight Lines,251.0,135.17,2,N
700258,2025-11-23,UK Landbridge (Dublin-Holyhead),Nordic Freight Lines,2534.0,919.35,1,Y
700079,2025-01-05,UK Landbridge (Dublin-Holyhead),Celtic Sealink,1894.0,818.01,1,Y
704690,2024-01-17,EU Direct (Rosslare-Dunkirk),Atlantic Cargo Ferries,1355.0,829.05,2,N
700406,2024-12-31,UK Landbridge (Dublin-Holyhead),Nordic Freight Lines,2063.0,848.69,1,Y
702102,2024-11-09,UK Landbridge (Dublin-Holyhead),Nordic Freight Lines,1099.0,439.57,1,Y
702111,2025-11-13,UK Landbridge (Dublin-Holyhead),Celtic Sealink,1305.0,565.71,1,Y
704143,2024-09-13,EU Direct (Dublin-Cherbourg),CELTIC SEALINK,2593.0,1417.4,1,Y
704207,2024-01-03,EU Direct (Dublin-Cherbourg),Atlantic Cargo Ferries,1638.0,1053.16,2,Y
705443,2024-08-07,EU Direct (Rosslare-Dunkirk),NORDIC FREIGHT LINES,394.0,194.36,1,Y
705599,2025-05-23,EU Direct (Rosslare-Dunkirk),Atlantic Cargo Ferries,2311.0,1541.81,2,N
700455,2025-10-25,UK Landbridge (Dublin-Holyhead),Celtic Sealink,1863.0,781.68,1,Y
703851,2025-02-11,EU Direct (Dublin-Cherbourg),Atlantic Cargo Ferries,2098.0,1481.64,2,Y
700723,2025-01-31,UK Landbridge (Dublin-Holyhead),Celtic Sealink,2195.0,902.63,1,Y
704490,2024-12-10,EU Direct (Dublin-Cherbourg),Celtic Sealink,1272.0,783.64,2,Y
703849,2025-02-22,EU Direct (Dublin-Cherbourg),Atlantic Cargo Ferries,2538.0,1715.05,3,Y
702793,2025-11-17,UK Landbridge (Dublin-Holyhead),Nordic Freight Lines,1616.0,636.79,2,Y
701744,2025-01-16,UK Landbridge (Dublin-Holyhead),Celtic Sealink,1225.0,495.16,1,Y
705428,2024-04-19,EU Direct (Rosslare-Dunkirk),Nordic Freight Lines,2264.0,1177.95,2,Y
700809,2025-12-24,UK Landbridge (Dublin-Holyhead),Celtic Sealink,2624.0,1070.16,1,Y
703396,2024-08-11,EU Direct (Dublin-Cherbourg),Celtic Sealink,451.0,257.05,2,Y
701350,2024-09-12,UK Landbridge (Dublin-Holyhead),Celtic Sealink,50,21.1,1,Y
700684,2024-06-06,UK Landbridge (Dublin-Holyhead),Celtic Sealink,1793.0,723.55,1,N
702074,2025-01-29,UK Landbridge (Dublin-Holyhead),Nordic Freight Lines,1376.0,544.48,1,Y
703882,2025-03-06,EU Direct (Dublin-Cherbourg),Atlantic Cargo Ferries,661.0,465.59,2,Y
700527,2025-09-03,UK Landbridge (Dublin-Holyhead),Celtic Sealink,2031.0,843.77,1,Y
703895,2024-12-22,EU Direct (Dublin-Cherbourg),Celtic Sealink,2321.0,1325.95,2,Y
700629,2025-03-10,UK Landbridge (Dublin-Holyhead),Nordic Freight Lines,887.0,353.06,1,Y
703582,2025-11-23,EU Direct (Dublin-Cherbourg),Atlantic Cargo Ferries,3326.0,2089.65,1,Y
700548,2024-08-05,UK Landbridge (Dublin-Holyhead),Nordic Freight Lines,2572.0,1058.55,1,Y
703351,2025-05-23,EU Direct (Dublin-Cherbourg),Atlantic Cargo Ferries,1752.0,1093.93,1,Y
705487,2024-05-10,EU Direct (Rosslare-Dunkirk),nordic freight lines,2600.0,1373.97,1,Y
705435,2025-03-21,EU Direct (Rosslare-Dunkirk),Atlantic Cargo Ferries,2634.0,1670.63,2,Y
701041,2025-09-09,UK Landbridge (Dublin-Holyhead),Nordic Freight Lines,1202.0,469.04,1,Y
702850,2024-10-11,UK Landbridge (Dublin-Holyhead),Nordic Freight Lines,544.0,212.05,,Y
705557,2025-08-03,EU Direct (Rosslare-Dunkirk),Nordic Freight Lines,50,26.83,2,Y
703308,2025-04-24,EU Direct (Dublin-Cherbourg),Atlantic Cargo Ferries,2750.0,1804.33,2,Y
700412,2024-09-16,UK Landbridge (Dublin-Holyhead),Celtic Sealink,2492.0,1063.44,1,Y
704297,2024-01-29,EU Direct (Dublin-Cherbourg),Celtic Sealink,1696.0,972.02,3,Y
702432,2024-08-01,UK Landbridge (Dublin-Holyhead),Nordic Freight Lines,1715.0,678.47,1,Y
702725,2025-06-12,UK Landbridge (Dublin-Holyhead), Nordic Freight Lines ,236.0,83.31,1,Y
700405,2024-11-19,UK Landbridge (Dublin-Holyhead),Nordic Freight Lines,1587.0,567.47,2,Y
700947,2025-12-21,UK Landbridge (Dublin-Holyhead),Celtic Sealink,1218.0,530.17,1,Y
701618,2024-04-05,UK Landbridge (Dublin-Holyhead),Nordic Freight Lines,693.0,267.28,1,Y
702848,2025-05-08,UK Landbridge (Dublin-Holyhead),Nordic Freight Lines,1562.0,626.01,1,Y
705348,2025-04-05,EU Direct (Rosslare-Dunkirk),Atlantic Cargo Ferries,2298.0,1523.65,2,Y
704419,2025-01-23,EU Direct (Dublin-Cherbourg),Celtic Sealink,2326.0,1278.43,2,Y
704001,2025-07-03,EU Direct (Dublin-Cherbourg),Celtic Sealink,1602.0,903.8,1,Y
705534,2025-07-18,EU Direct (Rosslare-Dunkirk),Nordic Freight Lines,956.0,502.72,2,Y
704373,2024-09-25,EU Direct (Dublin-Cherbourg),ATLANTIC CARGO FERRIES,2303.0,1541.07,2,Y
703540,2024-04-01,EU Direct (Dublin-Cherbourg), Celtic Sealink ,1651.0,937.75,2,Y
701938,2025-10-22,UK Landbridge (Dublin-Holyhead),Nordic Freight Lines,1870.0,748.83,1,Y
701876,2024-07-08,UK Landbridge (Dublin-Holyhead),Celtic Sealink,3462.0,1516.53,1,Y
702181,2024-01-16,UK Landbridge (Dublin-Holyhead),Nordic Freight Lines,2744.0,1059.43,2,Y
701047,2024-03-23,UK Landbridge (Dublin-Holyhead),Celtic Sealink,2496.0,964.9,1,Y
704555,2025-01-07,EU Direct (Dublin-Cherbourg),Atlantic Cargo Ferries,2178.0,1530.87,1,Y
701691,2024-02-21,UK Landbridge (Dublin-Holyhead),Nordic Freight Lines,1588.0,600.59,1,N
702510,2025-08-21,UK Landbridge (Dublin-Holyhead),Nordic Freight Lines,1711.0,693.62,1,Y
700657,2024-06-19,UK Landbridge (Dublin-Holyhead),Nordic Freight Lines,2195.0,885.87,1,Y
705862,2024-05-04,EU Direct (Rosslare-Dunkirk),Nordic Freight Lines,3534.0,1658.82,2,N
700319,2024-07-11,UK Landbridge (Dublin-Holyhead),NORDIC FREIGHT LINES,2369.0,942.86,1,Y
700868,2025-08-12,UK Landbridge (Dublin-Holyhead),Nordic Freight Lines,389.0,138.32,1,Y
705894,2025-07-28,EU Direct (Rosslare-Dunkirk),Nordic Freight Lines,1429.0,740.59,1,N
704306,2024-11-30,EU Direct (Dublin-Cherbourg),Celtic Sealink,2646.0,1482.65,1,Y
703777,2025-03-03,EU Direct (Dublin-Cherbourg),Atlantic Cargo Ferries,1257.0,813.97,2,Y
704230,2024-01-17,EU Direct (Dublin-Cherbourg),Atlantic Cargo Ferries,1791.0,1246.13,2,Y
702845,2025-04-01,UK Landbridge (Dublin-Holyhead),celtic sealink,3432.0,1411.19,1,Y
701429,2025-05-03,UK Landbridge (Dublin-Holyhead),Celtic Sealink,4311.0,1857.37,1,Y
700502,2025-10-30,UK Landbridge (Dublin-Holyhead),Celtic Sealink,2606.0,1125.27,1,Y
701358,2024-06-12,UK Landbridge (Dublin-Holyhead),Nordic Freight Lines,1851.0,686.29,1,Y
705510,2024-06-14,EU Direct (Rosslare-Dunkirk),Atlantic Cargo Ferries,1492.0,952.76,3,N
701182,2024-05-02,UK Landbridge (Dublin-Holyhead),Nordic Freight Lines,1851.0,672.55,1,Y
700241,2024-11-05,UK Landbridge (Dublin-Holyhead),Celtic Sealink,2140.0,908.21,1,Y
701136,2024-02-29,UK Landbridge (Dublin-Holyhead),Nordic Freight Lines,2060.0,779.26,2,Y
705483,2024-07-27,EU Direct (Rosslare-Dunkirk),Atlantic Cargo Ferries,1362.0,834.06,2,N
705047,2025-07-03,EU Direct (Rosslare-Dunkirk),Atlantic Cargo Ferries,3427.0,2182.63,1,Y
701766,2024-04-16,UK Landbridge (Dublin-Holyhead),Celtic Sealink,2449.0,1092.96,1,Y
704280,2025-02-19,EU Direct (Dublin-Cherbourg),celtic sealink,1496.0,818.22,2,Y
705019,2024-09-14,EU Direct (Rosslare-Dunkirk),Atlantic Cargo Ferries,1095.0,699.71,2,Y
700201,2024-08-19,UK Landbridge (Dublin-Holyhead),Nordic Freight Lines,2615.0,1038.36,1,Y
700852,2025-11-21,UK Landbridge (Dublin-Holyhead), Celtic Sealink ,1666.0,652.0,1,N
700655,2024-09-16,UK Landbridge (Dublin-Holyhead),Celtic Sealink,948.0,418.79,1,Y
703482,2024-05-28,EU Direct (Dublin-Cherbourg),Celtic Sealink,897.0,527.13,3,Y
705208,2024-01-07,EU Direct (Rosslare-Dunkirk),nordic freight lines,-1511.0,721.55,2,Y
701208,2024-11-21,UK Landbridge (Dublin-Holyhead),Nordic Freight Lines,2226.0,903.51,1,Y
704079,2025-02-25,EU Direct (Dublin-Cherbourg),Celtic Sealink,2604.0,1390.43,2,Y
705579,2024-12-18,EU Direct (Rosslare-Dunkirk),Atlantic Cargo Ferries,522.0,341.16,2,Y
702561,2024-10-01,UK Landbridge (Dublin-Holyhead),Celtic Sealink,1833.0,814.79,1,Y
700041,2025-08-09,UK Landbridge (Dublin-Holyhead),Nordic Freight Lines,874.0,313.43,1,Y
705788,2025-11-05,EU Direct (Rosslare-Dunkirk),Nordic Freight Lines,2591.0,1369.52,2,Y
705286,2024-12-08,EU Direct (Rosslare-Dunkirk),NORDIC FREIGHT LINES,2160.0,1016.61,2,Y
700380,2024-03-18,UK Landbridge (Dublin-Holyhead),Nordic Freight Lines,2523.0,918.6,1,Y
705509,2025-09-30,EU Direct (Rosslare-Dunkirk),Nordic Freight Lines,2406.0,1220.0,1,Y
704466,2024-10-28,EU Direct (Dublin-Cherbourg),Celtic Sealink,687.0,428.81,2,Y
705335,2024-12-02,EU Direct (Rosslare-Dunkirk),Atlantic Cargo Ferries,1821.0,1126.84,2,Y
700755,2025-01-28,UK Landbridge (Dublin-Holyhead),Celtic Sealink,2195.0,888.28,1,Y
700308,2024-01-22,UK Landbridge (Dublin-Holyhead),Nordic Freight Lines,2845.0,1096.7,1,Y
705972,2024-05-23,EU Direct (Rosslare-Dunkirk),Atlantic Cargo Ferries,627.0,378.48,2,Y
700334,2024-04-25,UK Landbridge (Dublin-Holyhead),Nordic Freight Lines,1373.0,517.63,1,Y
702123,2024-10-21,UK Landbridge (Dublin-Holyhead),Nordic Freight Lines,1517.0,613.09,1,Y
703427,2025-01-08,EU Direct (Dublin-Cherbourg),Atlantic Cargo Ferries,1734.0,1106.98,3,Y
701095,2024-01-06,UK Landbridge (Dublin-Holyhead),Celtic Sealink,2734.0,1217.89,2,Y
700843,2025-08-03,UK Landbridge (Dublin-Holyhead),Nordic Freight Lines,319.0,128.91,1,N
705754,2024-07-03,EU Direct (Rosslare-Dunkirk),Nordic Freight Lines,154.0,73.69,2,Y
701498,2024-05-09,UK Landbridge (Dublin-Holyhead),Nordic Freight Lines,2139.0,830.29,1,Y
702284,2025-07-14,UK Landbridge (Dublin-Holyhead),Celtic Sealink,1846.0,795.36,1,Y
703903,2024-05-31,EU Direct (Dublin-Cherbourg),Atlantic Cargo Ferries,1748.0,1211.4,2,Y
704582,2025-08-07,EU Direct (Dublin-Cherbourg),Celtic Sealink,2137.0,1266.08,2,Y
703965,2025-07-22,EU Direct (Dublin-Cherbourg),Celtic Sealink,297.0,164.64,2,Y
704196,2024-08-01,EU Direct (Dublin-Cherbourg),Atlantic Cargo Ferries,1844.0,1181.46,2,Y
702320,2024-01-05,UK Landbridge (Dublin-Holyhead),Celtic Sealink,3357.0,1300.05,1,Y
703037,2025-05-03,EU Direct (Dublin-Cherbourg),Atlantic Cargo Ferries,958.0,611.57,2,Y
701596,2025-07-14,UK Landbridge (Dublin-Holyhead),Nordic Freight Lines,1013.0,414.54,1,Y
704608,2024-11-17,EU Direct (Dublin-Cherbourg),Celtic Sealink,1982.0,1097.73,2,Y
703613,2024-08-25,EU Direct (Dublin-Cherbourg),Celtic Sealink,1235.0,729.7,2,Y
703861,2025-08-08,EU Direct (Dublin-Cherbourg),Atlantic Cargo Ferries,1632.0,995.58,2,Y
705434,2025-01-08,EU Direct (Rosslare-Dunkirk),Atlantic Cargo Ferries,1043.0,635.21,1,Y
703593,2024-04-28,EU Direct (Dublin-Cherbourg),Celtic Sealink,1058.0,613.44,1,Y
702718,2025-03-21,UK Landbridge (Dublin-Holyhead),Nordic Freight Lines,1822.0,694.36,1,Y
705149,2024-05-19,EU Direct (Rosslare-Dunkirk),Atlantic Cargo Ferries,2293.0,1432.9,2,Y
701172,2024-06-18,UK Landbridge (Dublin-Holyhead),Celtic Sealink,1954.0,820.19,1,Y
705974,2025-06-28,EU Direct (Rosslare-Dunkirk),Atlantic Cargo Ferries,2721.0,1586.3,2,Y
700168,2025-10-18,UK Landbridge (Dublin-Holyhead), Nordic Freight Lines ,1464.0,589.17,1,Y
704747,2025-09-01,EU Direct (Rosslare-Dunkirk),Atlantic Cargo Ferries,3126.0,2000.73,1,Y
704626,2024-02-06,EU Direct (Rosslare-Dunkirk),Nordic Freight Lines,1314.0,683.2,2,Y
700414,2024-01-29,UK Landbridge (Dublin-Holyhead),Nordic Freight Lines,1125.0,440.27,1,Y
705423,2025-01-29,EU Direct (Rosslare-Dunkirk),Atlantic Cargo Ferries,50,31.51,,Y
702814,2024-10-27,UK Landbridge (Dublin-Holyhead),Nordic Freight Lines,1525.0,593.69,1,Y
701158,2024-03-28,UK Landbridge (Dublin-Holyhead),Nordic Freight Lines,1422.0,552.21,1,Y
705072,2025-12-29,EU Direct (Rosslare-Dunkirk),Nordic Freight Lines,2556.0,1244.35,2,Y
700898,2025-01-01,UK Landbridge (Dublin-Holyhead),celtic sealink,3141.0,1303.61,1,Y
701257,2024-07-09,UK Landbridge (Dublin-Holyhead),CELTIC SEALINK,1023.0,401.34,1,N
700367,2024-04-04,UK Landbridge (Dublin-Holyhead),Nordic Freight Lines,2418.0,977.63,1,N
704877,2025-11-03,EU Direct (Rosslare-Dunkirk), Atlantic Cargo Ferries ,2251.0,1488.42,2,Y
705162,2025-05-22,EU Direct (Rosslare-Dunkirk),NORDIC FREIGHT LINES,2362.0,1218.26,2,N
705062,2025-01-29,EU Direct (Rosslare-Dunkirk),NORDIC FREIGHT LINES,2033.0,937.95,1,Y
702400,2025-02-16,UK Landbridge (Dublin-Holyhead),Nordic Freight Lines,2436.0,985.91,1,Y
700162,2025-10-01,UK Landbridge (Dublin-Holyhead),Celtic Sealink,2632.0,1139.24,1,Y
701248,2024-07-11,UK Landbridge (Dublin-Holyhead),Nordic Freight Lines,1531.0,569.65,1,Y
702326,2024-04-07,UK Landbridge (Dublin-Holyhead),Nordic Freight Lines,1226.0,505.43,1,Y
700490,2024-07-30,UK Landbridge (Dublin-Holyhead),Nordic Freight Lines,2823.0,1137.81,1,N
700618,2025-12-23,UK Landbridge (Dublin-Holyhead),Nordic Freight Lines,850.0,314.57,1,Y
705250,2025-02-16,EU Direct (Rosslare-Dunkirk),Nordic Freight Lines,2205.0,1034.35,2,Y
700402,2025-11-14,UK Landbridge (Dublin-Holyhead),Celtic Sealink,786.0,307.6,1,Y
701242,2025-11-16,UK Landbridge (Dublin-Holyhead),Celtic Sealink,2289.0,919.87,1,Y
700050,2024-04-08,UK Landbridge (Dublin-Holyhead),celtic sealink,2214.0,991.08,2,N
705041,2025-06-23,EU Direct (Rosslare-Dunkirk),Atlantic Cargo Ferries,1248.0,722.6,1,Y
704743,2024-11-29,EU Direct (Rosslare-Dunkirk),Nordic Freight Lines,2403.0,1184.74,2,Y
704152,2025-02-20,EU Direct (Dublin-Cherbourg),Celtic Sealink,864.0,494.69,2,Y
702644,2025-04-17,UK Landbridge (Dublin-Holyhead),Celtic Sealink,2390.0,957.06,1,Y
702335,2025-07-13,UK Landbridge (Dublin-Holyhead),Celtic Sealink,2409.0,1047.8,1,Y
700268,2024-10-02,UK Landbridge (Dublin-Holyhead),Nordic Freight Lines,57.0,22.02,1,Y
702030,2024-08-04,UK Landbridge (Dublin-Holyhead),Nordic Freight Lines,2697.0,1005.32,1,Y
702560,2025-06-04,UK Landbridge (Dublin-Holyhead),Nordic Freight Lines,2348.0,833.4,1,Y
700479,2025-04-04,UK Landbridge (Dublin-Holyhead),Nordic Freight Lines,1324.0,488.49,1,Y
702464,2025-08-05,UK Landbridge (Dublin-Holyhead),Nordic Freight Lines,1719.0,626.29,1,Y
705984,2024-08-19,EU Direct (Rosslare-Dunkirk),Atlantic Cargo Ferries,1701.0,1110.85,2,Y
701577,2024-04-22,UK Landbridge (Dublin-Holyhead),Celtic Sealink,2066.0,913.32,1,Y
704951,2025-12-12,EU Direct (Rosslare-Dunkirk),ATLANTIC CARGO FERRIES,2365.0,1474.66,2,Y
703266,2024-07-12,EU Direct (Dublin-Cherbourg),ATLANTIC CARGO FERRIES,1239.0,804.96,2,Y
701300,2025-03-20,UK Landbridge (Dublin-Holyhead),Celtic Sealink,3167.0,1417.17,2,Y
700058,2025-10-16,UK Landbridge (Dublin-Holyhead),Nordic Freight Lines,2035.0,749.53,1,N
702714,2025-09-27,UK Landbridge (Dublin-Holyhead),Nordic Freight Lines,1642.0,629.04,2,Y
704156,2024-07-26,EU Direct (Dublin-Cherbourg),Atlantic Cargo Ferries,1761.0,1099.49,2,Y
701146,2025-12-02,UK Landbridge (Dublin-Holyhead),Celtic Sealink,2636.0,1086.78,1,Y
700424,2025-07-03,UK Landbridge (Dublin-Holyhead),Nordic Freight Lines,1855.0,668.37,1,Y
703036,2025-12-15,EU Direct (Dublin-Cherbourg),Celtic Sealink,2584.0,1487.73,2,Y
700995,2024-04-26,UK Landbridge (Dublin-Holyhead),Nordic Freight Lines,2725.0,1113.31,1,Y
703483,2025-09-02,EU Direct (Dublin-Cherbourg),Atlantic Cargo Ferries,2490.0,1660.91,2,Y
705866,2024-05-10,EU Direct (Rosslare-Dunkirk),Nordic Freight Lines,2667.0,1441.36,2,Y
705212,2025-07-27,EU Direct (Rosslare-Dunkirk),Nordic Freight Lines,2581.0,1310.67,1,Y
705647,2025-03-02,EU Direct (Rosslare-Dunkirk),Nordic Freight Lines,1374.0,644.39,2,Y
705571,2024-05-26,EU Direct (Rosslare-Dunkirk),Atlantic Cargo Ferries,1789.0,1134.71,2,Y
700219,2024-01-10,UK Landbridge (Dublin-Holyhead),Nordic Freight Lines,955.0,341.93,1,Y
703627,2025-06-25,EU Direct (Dublin-Cherbourg),Celtic Sealink,3741.0,2143.98,1,Y
703607,2025-10-09,EU Direct (Dublin-Cherbourg),Atlantic Cargo Ferries,4199.0,2566.03,3,Y
700646,2024-01-31,UK Landbridge (Dublin-Holyhead),Nordic Freight Lines,2275.0,912.03,1,Y
705907,2024-08-31,EU Direct (Rosslare-Dunkirk),Atlantic Cargo Ferries,269.0,155.98,2,Y
705700,2025-04-25,EU Direct (Rosslare-Dunkirk),Nordic Freight Lines,1906.0,883.67,2,Y
705523,2024-02-21,EU Direct (Rosslare-Dunkirk),Nordic Freight Lines,590.0,307.86,2,Y
703889,2024-08-08,EU Direct (Dublin-Cherbourg),Atlantic Cargo Ferries,2597.0,1823.93,3,Y
700147,2024-10-02,UK Landbridge (Dublin-Holyhead),CELTIC SEALINK,2046.0,890.68,1,Y
705350,2025-11-03,EU Direct (Rosslare-Dunkirk),Nordic Freight Lines,2649.0,1414.73,2,Y
703683,2025-05-22,EU Direct (Dublin-Cherbourg),Atlantic Cargo Ferries,461.0,288.54,3,Y
700355,2024-09-11,UK Landbridge (Dublin-Holyhead),Nordic Freight Lines,2315.0,937.84,1,Y
704423,2024-06-07,EU Direct (Dublin-Cherbourg),Celtic Sealink,2405.0,1346.28,2,Y
704362,2025-09-20,EU Direct (Dublin-Cherbourg),Celtic Sealink,1379.0,828.42,2,Y
705314,2024-12-03,EU Direct (Rosslare-Dunkirk),Nordic Freight Lines,1786.0,951.44,2,Y
700439,2024-09-20,UK Landbridge (Dublin-Holyhead),Celtic Sealink,1872.0,815.67,1,Y
701286,2025-12-10,UK Landbridge (Dublin-Holyhead),Celtic Sealink,1769.0,741.19,1,Y
701209,2024-04-22,UK Landbridge (Dublin-Holyhead),Celtic Sealink,936.0,380.57,1,Y
703397,2025-06-16,EU Direct (Dublin-Cherbourg),Celtic Sealink,729.0,402.14,2,Y
701684,2024-11-30,UK Landbridge (Dublin-Holyhead),Celtic Sealink,1995.0,867.68,1,Y
704257,2024-11-12,EU Direct (Dublin-Cherbourg),Celtic Sealink,530.0,296.97,1,Y
701973,2025-08-27,UK Landbridge (Dublin-Holyhead),Nordic Freight Lines,927.0,343.56,1,Y
702826,2024-04-04,UK Landbridge (Dublin-Holyhead),Celtic Sealink,1024.0,419.78,1,Y
701875,2025-10-16,UK Landbridge (Dublin-Holyhead),Nordic Freight Lines,2735.0,1097.9,1,Y
703130,2025-08-01,EU Direct (Dublin-Cherbourg),ATLANTIC CARGO FERRIES,1078.0,718.13,2,Y
704337,2024-06-20,EU Direct (Dublin-Cherbourg),Celtic Sealink,311.0,188.04,2,Y
704222,2024-07-21,EU Direct (Dublin-Cherbourg),Atlantic Cargo Ferries,2009.0,1330.08,2,N
702657,2025-12-25,UK Landbridge (Dublin-Holyhead),Nordic Freight Lines,899.0,326.73,1,Y
705646,2025-03-15,EU Direct (Rosslare-Dunkirk),Nordic Freight Lines,1105.0,551.78,2,N
703909,2025-10-12,EU Direct (Dublin-Cherbourg),Atlantic Cargo Ferries,1858.0,1312.04,2,N
704957,2024-11-22,EU Direct (Rosslare-Dunkirk),Atlantic Cargo Ferries,1481.0,986.18,1,Y
702761,2024-03-28,UK Landbridge (Dublin-Holyhead),Nordic Freight Lines,2638.0,955.63,1,Y
705883,2024-05-10,EU Direct (Rosslare-Dunkirk),Atlantic Cargo Ferries,1081.0,652.16,2,Y
705651,2025-06-29,EU Direct (Rosslare-Dunkirk),Nordic Freight Lines,3033.0,1503.11,2,Y
700233,2024-07-09,UK Landbridge (Dublin-Holyhead),celtic sealink,1808.0,735.86,1,Y
700329,2025-08-29,UK Landbridge (Dublin-Holyhead),Celtic Sealink,2362.0,942.99,1,Y
705836,2025-01-28,EU Direct (Rosslare-Dunkirk),Atlantic Cargo Ferries,1323.0,867.17,2,Y
704205,2024-07-20,EU Direct (Dublin-Cherbourg),Celtic Sealink,1528.0,953.19,2,Y
704200,2025-02-18,EU Direct (Dublin-Cherbourg),Celtic Sealink,-1711.0,943.97,2,Y
700463,2024-07-10,UK Landbridge (Dublin-Holyhead),Celtic Sealink,1359.0,534.41,1,Y
705685,2024-03-06,EU Direct (Rosslare-Dunkirk),Atlantic Cargo Ferries,1734.0,1084.8,,N
702969,2024-07-29,EU Direct (Dublin-Cherbourg), Celtic Sealink ,2902.0,1718.62,,Y
705203,2024-12-11,EU Direct (Rosslare-Dunkirk),Nordic Freight Lines,2308.0,1209.61,2,Y
704704,2024-04-26,EU Direct (Rosslare-Dunkirk),Nordic Freight Lines,4424.0,2047.43,2,Y
700710,2024-10-06,UK Landbridge (Dublin-Holyhead),Nordic Freight Lines,3009.0,1213.46,1,Y
705632,2025-01-28,EU Direct (Rosslare-Dunkirk),Nordic Freight Lines,50,24.64,2,Y
701428,2025-07-18,UK Landbridge (Dublin-Holyhead),CELTIC SEALINK,2225.0,987.24,1,Y
702174,2024-08-03,UK Landbridge (Dublin-Holyhead),Nordic Freight Lines,2434.0,908.64,1,Y
700950,2025-11-29,UK Landbridge (Dublin-Holyhead),Nordic Freight Lines,2369.0,960.76,1,Y
702057,2024-03-25,UK Landbridge (Dublin-Holyhead),Celtic Sealink,1856.0,814.13,1,Y
704238,2025-03-16,EU Direct (Dublin-Cherbourg),Atlantic Cargo Ferries,970.0,656.78,2,N
700183,2024-12-21,UK Landbridge (Dublin-Holyhead),Celtic Sealink,2193.0,899.0,1,Y
702605,2024-12-08,UK Landbridge (Dublin-Holyhead),Celtic Sealink,1066.0,449.02,1,Y
703117,2025-10-03,EU Direct (Dublin-Cherbourg),Atlantic Cargo Ferries,1705.0,1066.49,1,N
700804,2024-01-10,UK Landbridge (Dublin-Holyhead),Celtic Sealink,2545.0,1115.29,1,Y
705399,2024-10-29,EU Direct (Rosslare-Dunkirk),Nordic Freight Lines,2997.0,1544.41,2,Y
705344,2025-11-25,EU Direct (Rosslare-Dunkirk),Atlantic Cargo Ferries,1615.0,1042.15,2,Y
704999,2025-07-25,EU Direct (Rosslare-Dunkirk),Atlantic Cargo Ferries,1594.0,1064.55,2,Y
704725,2025-03-18,EU Direct (Rosslare-Dunkirk),Nordic Freight Lines,798.0,374.63,2,N
705551,2024-10-04,EU Direct (Rosslare-Dunkirk),Nordic Freight Lines,496.0,250.56,2,Y
704584,2025-09-17,EU Direct (Dublin-Cherbourg),Celtic Sealink,1733.0,1037.94,2,Y
705090,2024-11-14,EU Direct (Rosslare-Dunkirk),Nordic Freight Lines,1238.0,642.73,2,N
700895,2025-10-18,UK Landbridge (Dublin-Holyhead),nordic freight lines,1769.0,672.06,1,Y
700415,2025-12-19,UK Landbridge (Dublin-Holyhead),Celtic Sealink,567.0,251.13,1,Y
703702,2024-08-08,EU Direct (Dublin-Cherbourg),Celtic Sealink,2787.0,1733.61,2,Y
702543,2025-03-17,UK Landbridge (Dublin-Holyhead),Celtic Sealink,1775.0,696.07,1,Y
701352,2024-03-31,UK Landbridge (Dublin-Holyhead),Celtic Sealink,1941.0,861.3,1,Y
700370,2025-06-17,UK Landbridge (Dublin-Holyhead),Nordic Freight Lines,1262.0,446.96,1,Y
702351,2025-11-19,UK Landbridge (Dublin-Holyhead),Nordic Freight Lines,2698.0,1064.71,1,Y
702015,2024-04-24,UK Landbridge (Dublin-Holyhead),Nordic Freight Lines,1761.0,698.06,1,N
702294,2024-01-20,UK Landbridge (Dublin-Holyhead),Celtic Sealink,2243.0,970.74,1,Y
704979,2025-01-10,EU Direct (Rosslare-Dunkirk),Nordic Freight Lines,815.0,376.43,3,Y
701507,2025-01-04,UK Landbridge (Dublin-Holyhead),Celtic Sealink,862.0,390.23,1,Y
704434,2025-10-17,EU Direct (Dublin-Cherbourg),Celtic Sealink,1294.0,767.54,2,Y
703768,2024-08-13,EU Direct (Dublin-Cherbourg),Atlantic Cargo Ferries,2242.0,1534.76,2,Y
703378,2025-07-14,EU Direct (Dublin-Cherbourg),Atlantic Cargo Ferries,989.0,609.56,2,Y
704128,2024-04-23,EU Direct (Dublin-Cherbourg),Celtic Sealink,766.0,411.03,2,Y
701516,2025-03-26,UK Landbridge (Dublin-Holyhead),Celtic Sealink,2423.0,1058.1,1,Y
700348,2024-12-31,UK Landbridge (Dublin-Holyhead),Nordic Freight Lines,2194.0,865.59,1,Y
705691,2025-01-29,EU Direct (Rosslare-Dunkirk),Atlantic Cargo Ferries,1697.0,1141.95,2,Y
701400,2024-09-25,UK Landbridge (Dublin-Holyhead),Nordic Freight Lines,50,18.59,1,Y
701565,2025-10-07,UK Landbridge (Dublin-Holyhead),Nordic Freight Lines,689.0,244.28,1,Y
703194,2024-12-03,EU Direct (Dublin-Cherbourg),Atlantic Cargo Ferries,1815.0,1142.51,2,Y
700817,2024-09-03,UK Landbridge (Dublin-Holyhead),Nordic Freight Lines,444.0,157.72,1,Y
703391,2025-05-17,EU Direct (Dublin-Cherbourg),Celtic Sealink,788.0,468.72,2,Y
704094,2024-09-14,EU Direct (Dublin-Cherbourg),Atlantic Cargo Ferries,2671.0,1636.78,2,Y
702346,2024-07-08,UK Landbridge (Dublin-Holyhead),Nordic Freight Lines,963.0,396.17,1,Y
701036,2025-07-12,UK Landbridge (Dublin-Holyhead),nordic freight lines,3798.0,1335.82,2,Y
701559,2024-07-07,UK Landbridge (Dublin-Holyhead),Nordic Freight Lines,2836.0,1045.27,1,Y
704178,2024-01-01,EU Direct (Dublin-Cherbourg),Celtic Sealink,981.0,610.68,2,Y
700864,2024-02-09,UK Landbridge (Dublin-Holyhead),Celtic Sealink,3224.0,1375.48,1,N
704785,2025-12-19,EU Direct (Rosslare-Dunkirk),Nordic Freight Lines,2325.0,1177.65,2,Y
703508,2025-05-18,EU Direct (Dublin-Cherbourg),Atlantic Cargo Ferries,462.0,317.7,2,Y
701330,2025-01-17,UK Landbridge (Dublin-Holyhead),Nordic Freight Lines,2327.0,892.42,1,Y
700077,2024-05-26,UK Landbridge (Dublin-Holyhead),Nordic Freight Lines,2057.0,764.43,2,N
701789,2024-11-03,UK Landbridge (Dublin-Holyhead),Celtic Sealink,2083.0,926.37,1,Y
700634,2025-10-13,UK Landbridge (Dublin-Holyhead),Celtic Sealink,1427.0,575.83,1,Y
705549,2024-01-10,EU Direct (Rosslare-Dunkirk),Nordic Freight Lines,970.0,500.75,2,Y
701761,2025-04-07,UK Landbridge (Dublin-Holyhead),Celtic Sealink,2053.0,847.36,1,N
703009,2024-04-23,EU Direct (Dublin-Cherbourg),Celtic Sealink,1166.0,715.34,2,Y
700545,2025-08-23,UK Landbridge (Dublin-Holyhead),CELTIC SEALINK,2734.0,1171.34,1,Y
703138,2025-02-16,EU Direct (Dublin-Cherbourg),ATLANTIC CARGO FERRIES,2709.0,1847.7,2,Y
705246,2025-01-20,EU Direct (Rosslare-Dunkirk),Nordic Freight Lines,1432.0,745.69,2,Y
704528,2024-11-24,EU Direct (Dublin-Cherbourg),Atlantic Cargo Ferries,2293.0,1579.83,2,Y
700209,2024-05-02,UK Landbridge (Dublin-Holyhead),Nordic Freight Lines,1322.0,494.83,1,Y
700129,2025-09-06,UK Landbridge (Dublin-Holyhead),Celtic Sealink,844.0,350.14,1,Y
705810,2025-12-03,EU Direct (Rosslare-Dunkirk),Atlantic Cargo Ferries,50,32.67,2,Y
701006,2025-06-09,UK Landbridge (Dublin-Holyhead),Nordic Freight Lines,1279.0,456.75,1,Y
704024,2025-07-16,EU Direct (Dublin-Cherbourg),Celtic Sealink,2237.0,1314.11,2,N
705326,2025-12-03,EU Direct (Rosslare-Dunkirk),Atlantic Cargo Ferries,909.0,550.43,2,Y
703048,2025-12-21,EU Direct (Dublin-Cherbourg),Atlantic Cargo Ferries,50,34.72,3,Y
704689,2025-11-25,EU Direct (Rosslare-Dunkirk), Nordic Freight Lines ,254.0,137.0,2,Y
703985,2024-02-29,EU Direct (Dublin-Cherbourg),Celtic Sealink,878.0,489.72,2,Y
703664,2025-11-10,EU Direct (Dublin-Cherbourg),Atlantic Cargo Ferries,3088.0,2153.38,3,Y
702652,2025-08-20,UK Landbridge (Dublin-Holyhead),Celtic Sealink,1352.0,526.02,1,Y
702345,2025-04-01,UK Landbridge (Dublin-Holyhead),Nordic Freight Lines,3481.0,1403.12,1,Y
701206,2024-08-09,UK Landbridge (Dublin-Holyhead),Celtic Sealink,1600.0,619.46,1,Y
704458,2024-10-11,EU Direct (Dublin-Cherbourg),Atlantic Cargo Ferries,1573.0,994.96,2,N
702587,2025-11-26,UK Landbridge (Dublin-Holyhead),Nordic Freight Lines,1488.0,533.46,2,Y
705232,2025-03-19,EU Direct (Rosslare-Dunkirk),Atlantic Cargo Ferries,2375.0,1461.36,2,Y
702190,2024-09-27,UK Landbridge (Dublin-Holyhead),Celtic Sealink,2605.0,1095.47,1,Y
703750,2025-08-20,EU Direct (Dublin-Cherbourg),Celtic Sealink,1039.0,620.02,2,Y
702318,2025-02-19,UK Landbridge (Dublin-Holyhead),Nordic Freight Lines,1197.0,453.56,1,Y
705695,2024-05-05,EU Direct (Rosslare-Dunkirk),Atlantic Cargo Ferries,2910.0,1964.49,2,Y
700425,2025-07-20,UK Landbridge (Dublin-Holyhead),Celtic Sealink,2871.0,1175.71,1,Y
701589,2025-02-06,UK Landbridge (Dublin-Holyhead),Celtic Sealink,2266.0,931.53,,Y
700472,2024-06-08,UK Landbridge (Dublin-Holyhead),Nordic Freight Lines,55.0,20.67,1,Y
704865,2024-10-23,EU Direct (Rosslare-Dunkirk),Nordic Freight Lines,2736.0,1386.35,2,Y
700664,2024-04-29,UK Landbridge (Dublin-Holyhead),Celtic Sealink,2192.0,975.29,1,Y
705662,2025-11-12,EU Direct (Rosslare-Dunkirk),Nordic Freight Lines,1470.0,693.06,2,Y
700711,2024-03-26,UK Landbridge (Dublin-Holyhead),Celtic Sealink,2374.0,960.04,1,Y
703535,2024-07-02,EU Direct (Dublin-Cherbourg),Celtic Sealink,2369.0,1374.62,2,Y
700256,2024-11-22,UK Landbridge (Dublin-Holyhead),Celtic Sealink,665.0,263.29,2,Y
701829,2025-08-03,UK Landbridge (Dublin-Holyhead),Nordic Freight Lines,1475.0,598.77,1,Y
700205,2025-11-15,UK Landbridge (Dublin-Holyhead),Celtic Sealink,1121.0,460.4,1,Y
704735,2024-05-12,EU Direct (Rosslare-Dunkirk),Nordic Freight Lines,1258.0,668.19,2,Y
702883,2024-11-22,EU Direct (Dublin-Cherbourg),Celtic Sealink,2042.0,1184.97,2,Y
701948,2024-08-01,UK Landbridge (Dublin-Holyhead),Celtic Sealink,2512.0,1072.66,1,Y
700278,2025-10-25,UK Landbridge (Dublin-Holyhead),Celtic Sealink,1636.0,643.5,2,Y
700821,2024-10-02,UK Landbridge (Dublin-Holyhead),Nordic Freight Lines,2279.0,904.74,1,N
701712,2025-03-23,UK Landbridge (Dublin-Holyhead),Celtic Sealink,2623.0,1086.23,1,Y
702884,2025-01-24,EU Direct (Dublin-Cherbourg),Celtic Sealink,1500.0,829.77,2,Y
701151,2024-11-06,UK Landbridge (Dublin-Holyhead),CELTIC SEALINK,1307.0,505.58,1,Y
702888,2024-12-09,EU Direct (Dublin-Cherbourg),Atlantic Cargo Ferries,3121.0,2001.83,2,Y
700154,2024-03-02,UK Landbridge (Dublin-Holyhead),Nordic Freight Lines,50,18.45,1,Y
703116,2024-01-21,EU Direct (Dublin-Cherbourg),Celtic Sealink,1169.0,686.06,2,Y
700810,2024-08-03,UK Landbridge (Dublin-Holyhead),Nordic Freight Lines,2370.0,846.9,1,Y
705569,2024-11-17,EU Direct (Rosslare-Dunkirk),Atlantic Cargo Ferries,2875.0,1778.49,2,Y
701773,2025-06-02,UK Landbridge (Dublin-Holyhead),Celtic Sealink,50,21.74,1,Y
702705,2025-12-17,UK Landbridge (Dublin-Holyhead),Nordic Freight Lines,2175.0,827.34,2,Y
705082,2024-01-30,EU Direct (Rosslare-Dunkirk),Atlantic Cargo Ferries,2549.0,1627.52,1,Y
705671,2024-01-21,EU Direct (Rosslare-Dunkirk),Nordic Freight Lines,1618.0,829.18,2,Y
704105,2024-03-29,EU Direct (Dublin-Cherbourg),Atlantic Cargo Ferries,1756.0,1130.45,2,Y
700272,2025-12-02,UK Landbridge (Dublin-Holyhead),Celtic Sealink,1829.0,740.34,2,Y
704791,2025-05-03,EU Direct (Rosslare-Dunkirk),Atlantic Cargo Ferries,1838.0,1158.34,2,N
700517,2024-08-09,UK Landbridge (Dublin-Holyhead),Nordic Freight Lines,3239.0,1320.23,1,Y
700534,2025-07-09,UK Landbridge (Dublin-Holyhead),Celtic Sealink,1181.0,520.32,1,Y
700001,2025-07-27,UK Landbridge (Dublin-Holyhead),Nordic Freight Lines,2776.0,1052.81,1,Y
705506,2025-11-08,EU Direct (Rosslare-Dunkirk),Atlantic Cargo Ferries,2030.0,1298.49,2,Y
703648,2025-02-07,EU Direct (Dublin-Cherbourg),ATLANTIC CARGO FERRIES,1644.0,1032.37,2,N
702970,2025-10-08,EU Direct (Dublin-Cherbourg),Atlantic Cargo Ferries,1702.0,1171.66,2,Y
705601,2024-05-07,EU Direct (Rosslare-Dunkirk),atlantic cargo ferries,2272.0,1410.13,3,Y
705839,2025-10-14,EU Direct (Rosslare-Dunkirk),Atlantic Cargo Ferries,1834.0,1081.46,1,Y
700693,2025-03-05,UK Landbridge (Dublin-Holyhead), Nordic Freight Lines ,50,19.66,2,Y
704840,2024-05-25,EU Direct (Rosslare-Dunkirk),Nordic Freight Lines,1345.0,725.84,2,Y
701215,2024-12-11,UK Landbridge (Dublin-Holyhead),nordic freight lines,1219.0,471.7,1,N
703164,2024-02-15,EU Direct (Dublin-Cherbourg),Atlantic Cargo Ferries,1590.0,968.2,2,Y
700080,2025-07-07,UK Landbridge (Dublin-Holyhead),Nordic Freight Lines,2478.0,898.19,1,Y
705768,2025-06-21,EU Direct (Rosslare-Dunkirk),Nordic Freight Lines,841.0,434.87,2,N
700640,2024-04-07,UK Landbridge (Dublin-Holyhead),Nordic Freight Lines,1168.0,471.77,1,Y
701935,2025-06-12,UK Landbridge (Dublin-Holyhead),Nordic Freight Lines,50,18.76,1,Y
701555,2024-01-24,UK Landbridge (Dublin-Holyhead), Celtic Sealink ,1554.0,650.09,1,Y
704155,2024-11-04,EU Direct (Dublin-Cherbourg),Celtic Sealink,1528.0,864.05,2,Y
702978,2025-08-03,EU Direct (Dublin-Cherbourg),Celtic Sealink,488.0,265.71,2,Y
702473,2024-08-10,UK Landbridge (Dublin-Holyhead),Nordic Freight Lines,692.0,253.97,1,Y
703054,2025-10-07,EU Direct (Dublin-Cherbourg),ATLANTIC CARGO FERRIES,751.0,510.04,2,Y
702271,2025-04-10,UK Landbridge (Dublin-Holyhead),Celtic Sealink,3991.0,1545.52,1,Y
705652,2024-12-17,EU Direct (Rosslare-Dunkirk),Nordic Freight Lines,1007.0,526.76,2,Y
702581,2024-05-21,UK Landbridge (Dublin-Holyhead),Nordic Freight Lines,1624.0,615.37,1,Y
701279,2025-12-17,UK Landbridge (Dublin-Holyhead),NORDIC FREIGHT LINES,695.0,253.76,1,Y
705342,2025-04-17,EU Direct (Rosslare-Dunkirk),Atlantic Cargo Ferries,1235.0,818.43,2,Y
702413,2024-12-19,UK Landbridge (Dublin-Holyhead),Celtic Sealink,1654.0,736.03,1,Y
701039,2024-08-28,UK Landbridge (Dublin-Holyhead),Celtic Sealink,1397.0,585.33,1,Y
704057,2024-06-29,EU Direct (Dublin-Cherbourg),Atlantic Cargo Ferries,2930.0,1923.52,2,Y
704098,2024-08-27,EU Direct (Dublin-Cherbourg),Celtic Sealink,1532.0,953.52,1,Y
703670,2025-08-25,EU Direct (Dublin-Cherbourg),Atlantic Cargo Ferries,2148.0,1330.42,2,N
703581,2024-06-20,EU Direct (Dublin-Cherbourg),Celtic Sealink,1350.0,767.06,2,Y
702752,2025-10-06,UK Landbridge (Dublin-Holyhead),Celtic Sealink,2005.0,908.81,1,Y
700378,2024-02-15,UK Landbridge (Dublin-Holyhead),Nordic Freight Lines,995.0,378.57,1,Y
703843,2025-02-25,EU Direct (Dublin-Cherbourg),atlantic cargo ferries,1181.0,735.6,2,Y
705543,2025-12-10,EU Direct (Rosslare-Dunkirk),Atlantic Cargo Ferries,1548.0,1045.24,2,Y
702245,2024-06-13,UK Landbridge (Dublin-Holyhead),Celtic Sealink,1165.0,493.58,1,Y
703061,2025-06-29,EU Direct (Dublin-Cherbourg),Atlantic Cargo Ferries,1639.0,1097.75,2,N
704030,2024-10-21,EU Direct (Dublin-Cherbourg),Celtic Sealink,1873.0,1039.24,2,Y
701957,2024-12-25,UK Landbridge (Dublin-Holyhead),Nordic Freight Lines,2058.0,802.25,1,Y
702041,2024-08-17,UK Landbridge (Dublin-Holyhead),Celtic Sealink,1894.0,752.88,1,Y
702180,2024-06-09,UK Landbridge (Dublin-Holyhead),Celtic Sealink,50,20.45,1,Y
701280,2025-12-10,UK Landbridge (Dublin-Holyhead),Nordic Freight Lines,2747.0,1009.21,1,Y
701256,2024-01-08,UK Landbridge (Dublin-Holyhead),Nordic Freight Lines,3099.0,1201.46,1,Y
702328,2025-07-13,UK Landbridge (Dublin-Holyhead),Nordic Freight Lines,1405.0,540.36,1,Y
701545,2024-11-04,UK Landbridge (Dublin-Holyhead),Nordic Freight Lines,2048.0,761.56,1,N
701911,2025-07-16,UK Landbridge (Dublin-Holyhead),Celtic Sealink,1831.0,720.31,1,Y
702981,2025-04-12,EU Direct (Dublin-Cherbourg),Celtic Sealink,2973.0,1790.22,2,Y
705718,2025-11-29,EU Direct (Rosslare-Dunkirk),Nordic Freight Lines,598.0,303.34,2,Y
701682,2025-05-02,UK Landbridge (Dublin-Holyhead),Nordic Freight Lines,2947.0,1198.81,1,Y
703111,2024-12-02,EU Direct (Dublin-Cherbourg),Celtic Sealink,-3062.0,1666.57,1,Y
700213,2025-02-20,UK Landbridge (Dublin-Holyhead),Celtic Sealink,93.0,40.39,1,Y
702211,2024-01-19,UK Landbridge (Dublin-Holyhead),Nordic Freight Lines,1947.0,800.15,2,Y
705374,2025-11-12,EU Direct (Rosslare-Dunkirk), Nordic Freight Lines ,780.0,377.89,2,N
704158,2025-02-17,EU Direct (Dublin-Cherbourg),Atlantic Cargo Ferries,2785.0,1905.68,2,N
701694,2024-01-07,UK Landbridge (Dublin-Holyhead),Nordic Freight Lines,3249.0,1315.43,1,Y
701197,2024-06-15,UK Landbridge (Dublin-Holyhead),Nordic Freight Lines,2878.0,1183.21,1,Y
700051,2024-03-13,UK Landbridge (Dublin-Holyhead),Celtic Sealink,1602.0,701.05,1,Y
705849,2024-02-26,EU Direct (Rosslare-Dunkirk),ATLANTIC CARGO FERRIES,1615.0,1000.56,2,Y
701774,2024-07-18,UK Landbridge (Dublin-Holyhead),Celtic Sealink,837.0,346.31,2,Y
703475,2024-12-16,EU Direct (Dublin-Cherbourg),Celtic Sealink,3641.0,2243.04,,Y
701972,2025-09-16,UK Landbridge (Dublin-Holyhead),celtic sealink,1176.0,501.95,1,Y
701836,2024-07-07,UK Landbridge (Dublin-Holyhead),Nordic Freight Lines,1514.0,562.41,1,Y
704440,2024-08-12,EU Direct (Dublin-Cherbourg),Celtic Sealink,1526.0,918.69,2,Y
701780,2024-11-13,UK Landbridge (Dublin-Holyhead),Nordic Freight Lines,1417.0,515.95,1,Y
704112,2025-03-04,EU Direct (Dublin-Cherbourg),Atlantic Cargo Ferries,1841.0,1254.44,2,N
705070,2024-09-11,EU Direct (Rosslare-Dunkirk),Nordic Freight Lines,1588.0,763.62,2,Y
705287,2024-05-22,EU Direct (Rosslare-Dunkirk),Atlantic Cargo Ferries,3642.0,2261.13,3,Y
704066,2024-07-24,EU Direct (Dublin-Cherbourg),Atlantic Cargo Ferries,2602.0,1679.57,2,N
703597,2025-03-01,EU Direct (Dublin-Cherbourg),Atlantic Cargo Ferries,1257.0,830.83,2,Y
705353,2025-09-04,EU Direct (Rosslare-Dunkirk),Atlantic Cargo Ferries,1645.0,1019.84,2,Y
703721,2024-06-01,EU Direct (Dublin-Cherbourg),Atlantic Cargo Ferries,2906.0,1931.64,2,N
703560,2025-07-10,EU Direct (Dublin-Cherbourg),Atlantic Cargo Ferries,1798.0,1281.46,2,Y
702099,2025-06-02,UK Landbridge (Dublin-Holyhead),Nordic Freight Lines,1846.0,664.48,1,Y
702904,2024-01-04,EU Direct (Dublin-Cherbourg),atlantic cargo ferries,2224.0,1373.38,3,Y
703076,2025-05-03,EU Direct (Dublin-Cherbourg),Atlantic Cargo Ferries,2439.0,1564.62,2,Y
705822,2024-09-30,EU Direct (Rosslare-Dunkirk),Nordic Freight Lines,2590.0,1379.61,2,Y
702936,2024-04-29,EU Direct (Dublin-Cherbourg),CELTIC SEALINK,722.0,417.75,2,Y
701770,2024-06-07,UK Landbridge (Dublin-Holyhead),Celtic Sealink,1869.0,804.23,1,Y
702830,2025-11-05,UK Landbridge (Dublin-Holyhead),Nordic Freight Lines,2880.0,1153.19,1,Y
702598,2025-06-29,UK Landbridge (Dublin-Holyhead),Celtic Sealink,495.0,221.41,1,Y
702514,2025-01-13,UK Landbridge (Dublin-Holyhead),celtic sealink,1697.0,702.64,1,Y
705224,2025-07-23,EU Direct (Rosslare-Dunkirk),Atlantic Cargo Ferries,1102.0,708.06,2,N
701828,2025-05-25,UK Landbridge (Dublin-Holyhead),NORDIC FREIGHT LINES,1901.0,679.54,1,Y
702227,2025-06-11,UK Landbridge (Dublin-Holyhead),Celtic Sealink,2897.0,1248.44,2,Y
700144,2025-01-25,UK Landbridge (Dublin-Holyhead),Celtic Sealink,1593.0,660.33,1,Y
705227,2024-01-31,EU Direct (Rosslare-Dunkirk),Atlantic Cargo Ferries,979.0,580.25,2,Y
701901,2024-04-02,UK Landbridge (Dublin-Holyhead),Celtic Sealink,2881.0,1304.88,1,Y
703093,2025-06-15,EU Direct (Dublin-Cherbourg),Celtic Sealink,1793.0,1013.08,2,Y
704647,2024-12-21,EU Direct (Rosslare-Dunkirk),Nordic Freight Lines,1173.0,600.45,3,Y
701278,2024-02-02,UK Landbridge (Dublin-Holyhead),Celtic Sealink,1618.0,696.07,1,Y
701115,2024-03-15,UK Landbridge (Dublin-Holyhead),Nordic Freight Lines,1994.0,790.51,1,Y
702623,2025-11-24,UK Landbridge (Dublin-Holyhead),Celtic Sealink,2142.0,891.16,1,Y
702296,2024-04-07,UK Landbridge (Dublin-Holyhead),Nordic Freight Lines,1429.0,556.8,1,Y
702172,2024-07-10,UK Landbridge (Dublin-Holyhead),Celtic Sealink,2637.0,1177.91,1,Y
703175,2025-01-25,EU Direct (Dublin-Cherbourg),Atlantic Cargo Ferries,527.0,372.92,2,Y
701465,2024-12-12,UK Landbridge (Dublin-Holyhead),CELTIC SEALINK,1295.0,576.01,1,Y
702301,2025-12-13,UK Landbridge (Dublin-Holyhead),Celtic Sealink,2876.0,1153.24,1,Y
702790,2024-06-29,UK Landbridge (Dublin-Holyhead),Celtic Sealink,1338.0,533.9,2,Y
705978,2024-10-06,EU Direct (Rosslare-Dunkirk),Atlantic Cargo Ferries,2948.0,1977.79,2,Y
700028,2024-06-22,UK Landbridge (Dublin-Holyhead),Nordic Freight Lines,2571.0,1049.57,1,Y
700939,2025-04-01,UK Landbridge (Dublin-Holyhead),Nordic Freight Lines,2879.0,1044.17,2,Y
700099,2024-01-13,UK Landbridge (Dublin-Holyhead),Nordic Freight Lines,2730.0,1039.28,1,Y
702921,2024-12-09,EU Direct (Dublin-Cherbourg),Celtic Sealink,1190.0,696.44,1,Y
701004,2025-01-11,UK Landbridge (Dublin-Holyhead),Celtic Sealink,1523.0,649.03,1,Y
703447,2024-12-21,EU Direct (Dublin-Cherbourg),Celtic Sealink,1552.0,852.66,2,Y
703646,2025-02-08,EU Direct (Dublin-Cherbourg),Atlantic Cargo Ferries,2456.0,1555.64,2,Y
704484,2024-03-24,EU Direct (Dublin-Cherbourg),Celtic Sealink,1277.0,767.73,2,Y
703888,2024-11-02,EU Direct (Dublin-Cherbourg),Atlantic Cargo Ferries,1337.0,839.4,2,Y
700337,2024-09-25,UK Landbridge (Dublin-Holyhead),Celtic Sealink,2212.0,944.74,1,Y
701517,2024-06-18,UK Landbridge (Dublin-Holyhead),Nordic Freight Lines,584.0,229.47,1,Y
703216,2024-07-27,EU Direct (Dublin-Cherbourg),Atlantic Cargo Ferries,1379.0,971.72,1,N
704604,2024-12-21,EU Direct (Dublin-Cherbourg), Atlantic Cargo Ferries ,1425.0,989.45,2,Y
704643,2024-07-14,EU Direct (Rosslare-Dunkirk),Atlantic Cargo Ferries,1243.0,832.88,2,Y
701779,2025-11-13,UK Landbridge (Dublin-Holyhead),Nordic Freight Lines,839.0,316.97,2,Y
705226,2024-12-29,EU Direct (Rosslare-Dunkirk),Atlantic Cargo Ferries,720.0,474.91,2,Y
701412,2025-03-14,UK Landbridge (Dublin-Holyhead),Nordic Freight Lines,2509.0,992.32,2,Y
700700,2025-07-17,UK Landbridge (Dublin-Holyhead),Celtic Sealink,1826.0,775.9,2,Y
702080,2024-07-24,UK Landbridge (Dublin-Holyhead),Celtic Sealink,3797.0,1582.08,1,Y
704395,2025-10-19,EU Direct (Dublin-Cherbourg),Celtic Sealink,815.0,488.02,3,Y
703242,2025-10-20,EU Direct (Dublin-Cherbourg),Atlantic Cargo Ferries,330.0,211.74,2,Y
704622,2025-04-24,EU Direct (Rosslare-Dunkirk),Nordic Freight Lines,1415.0,678.5,1,Y
701205,2025-06-16,UK Landbridge (Dublin-Holyhead),Celtic Sealink,1860.0,724.49,1,Y
701897,2025-04-05,UK Landbridge (Dublin-Holyhead),Celtic Sealink,528.0,212.29,1,Y
704267,2024-12-11,EU Direct (Dublin-Cherbourg),Atlantic Cargo Ferries,3146.0,2169.44,2,Y
704387,2024-09-09,EU Direct (Dublin-Cherbourg),Celtic Sealink,698.0,390.61,3,Y
700734,2024-09-08,UK Landbridge (Dublin-Holyhead),celtic sealink,2898.0,1161.5,1,Y
700813,2024-01-04,UK Landbridge (Dublin-Holyhead),Nordic Freight Lines,2050.0,791.46,1,Y
701002,2025-05-24,UK Landbridge (Dublin-Holyhead),Celtic Sealink,753.0,305.35,,Y
705820,2024-10-02,EU Direct (Rosslare-Dunkirk),Nordic Freight Lines,1756.0,906.85,2,Y
705786,2024-06-30,EU Direct (Rosslare-Dunkirk),Nordic Freight Lines,1838.0,855.22,3,Y
700394,2024-09-26,UK Landbridge (Dublin-Holyhead),Celtic Sealink,868.0,351.61,1,Y
704299,2024-02-25,EU Direct (Dublin-Cherbourg),celtic sealink,1831.0,1142.55,1,Y
705503,2024-07-28,EU Direct (Rosslare-Dunkirk),Atlantic Cargo Ferries,1489.0,933.52,1,Y
701716,2024-06-26,UK Landbridge (Dublin-Holyhead),Nordic Freight Lines,1974.0,745.6,1,Y
702156,2024-11-24,UK Landbridge (Dublin-Holyhead),Celtic Sealink,1447.0,605.74,2,Y
704572,2025-07-29,EU Direct (Dublin-Cherbourg),Celtic Sealink,1580.0,959.57,2,Y
705454,2025-05-09,EU Direct (Rosslare-Dunkirk),Nordic Freight Lines,679.0,330.83,2,N
701553,2024-01-10,UK Landbridge (Dublin-Holyhead),Celtic Sealink,3010.0,1271.76,1,Y
704212,2025-12-04,EU Direct (Dublin-Cherbourg),Atlantic Cargo Ferries,1929.0,1211.07,3,Y
701681,2024-06-26,UK Landbridge (Dublin-Holyhead),NORDIC FREIGHT LINES,1872.0,732.93,,Y
703041,2025-11-06,EU Direct (Dublin-Cherbourg),Celtic Sealink,1713.0,938.27,2,Y
705919,2024-12-22,EU Direct (Rosslare-Dunkirk),Atlantic Cargo Ferries,1529.0,1016.38,1,N
705931,2025-01-27,EU Direct (Rosslare-Dunkirk),Nordic Freight Lines,1994.0,989.76,2,Y
704821,2024-05-14,EU Direct (Rosslare-Dunkirk),Atlantic Cargo Ferries,2966.0,1788.68,2,Y
701814,2025-09-26,UK Landbridge (Dublin-Holyhead),Celtic Sealink,3193.0,1309.13,2,Y
705301,2024-10-02,EU Direct (Rosslare-Dunkirk),Atlantic Cargo Ferries,2400.0,1591.24,2,Y
700539,2024-02-01,UK Landbridge (Dublin-Holyhead),Nordic Freight Lines,1788.0,717.13,1,Y
703625,2024-02-14,EU Direct (Dublin-Cherbourg),Celtic Sealink,746.0,456.43,1,Y
702292,2024-01-28,UK Landbridge (Dublin-Holyhead),Nordic Freight Lines,1965.0,784.53,1,N
704179,2024-09-25,EU Direct (Dublin-Cherbourg),Celtic Sealink,1922.0,1101.73,2,Y
705388,2025-06-13,EU Direct (Rosslare-Dunkirk),Atlantic Cargo Ferries,2348.0,1475.49,2,Y
700384,2024-11-01,UK Landbridge (Dublin-Holyhead),Nordic Freight Lines,2165.0,867.7,1,Y
702900,2025-10-24,EU Direct (Dublin-Cherbourg),Celtic Sealink,2324.0,1280.11,2,Y
701270,2025-08-03,UK Landbridge (Dublin-Holyhead),Nordic Freight Lines,1842.0,725.58,1,Y
705668,2024-12-02,EU Direct (Rosslare-Dunkirk),Nordic Freight Lines,3533.0,1671.39,2,Y
704591,2024-06-06,EU Direct (Dublin-Cherbourg),Celtic Sealink,3429.0,2053.88,2,Y
700569,2025-07-11,UK Landbridge (Dublin-Holyhead),Nordic Freight Lines,2644.0,1024.56,1,Y
703135,2025-06-05,EU Direct (Dublin-Cherbourg),Celtic Sealink,1080.0,590.92,2,Y
700114,2024-09-06,UK Landbridge (Dublin-Holyhead),Nordic Freight Lines,1064.0,415.88,1,Y
703152,2025-11-28,EU Direct (Dublin-Cherbourg),Celtic Sealink,2845.0,1660.84,2,N
703744,2025-01-02,EU Direct (Dublin-Cherbourg),Atlantic Cargo Ferries,1896.0,1299.82,2,Y
702112,2025-07-08,UK Landbridge (Dublin-Holyhead),Celtic Sealink,949.0,380.58,1,Y
704807,2025-10-21,EU Direct (Rosslare-Dunkirk),Atlantic Cargo Ferries,2648.0,1530.33,2,Y
704556,2024-10-15,EU Direct (Dublin-Cherbourg),Celtic Sealink,2733.0,1477.72,2,Y
701491,2025-05-26,UK Landbridge (Dublin-Holyhead),Celtic Sealink,137.0,61.49,1,Y
700191,2024-04-27,UK Landbridge (Dublin-Holyhead),Celtic Sealink,2118.0,959.83,1,Y
705356,2025-01-11,EU Direct (Rosslare-Dunkirk),Nordic Freight Lines,50,25.19,2,Y
703781,2025-01-09,EU Direct (Dublin-Cherbourg),Celtic Sealink,1102.0,626.45,3,Y
705737,2025-01-05,EU Direct (Rosslare-Dunkirk),Nordic Freight Lines,2158.0,1140.59,2,N
703657,2025-01-30,EU Direct (Dublin-Cherbourg),Atlantic Cargo Ferries,1433.0,917.91,2,Y
700841,2025-12-22,UK Landbridge (Dublin-Holyhead),Nordic Freight Lines,1179.0,465.75,1,Y
704871,2025-12-07,EU Direct (Rosslare-Dunkirk),ATLANTIC CARGO FERRIES,1188.0,742.54,1,Y
701065,2024-05-14,UK Landbridge (Dublin-Holyhead),Nordic Freight Lines,1815.0,654.08,1,Y
705366,2024-06-25,EU Direct (Rosslare-Dunkirk),Nordic Freight Lines,2180.0,1021.0,2,N
702502,2024-10-28,UK Landbridge (Dublin-Holyhead),Nordic Freight Lines,1357.0,504.39,1,Y
701797,2024-04-15,UK Landbridge (Dublin-Holyhead),Celtic Sealink,1809.0,794.34,1,Y
701024,2024-08-04,UK Landbridge (Dublin-Holyhead), Nordic Freight Lines ,2289.0,930.96,1,N
702177,2025-10-12,UK Landbridge (Dublin-Holyhead),nordic freight lines,826.0,339.45,1,Y
701220,2025-07-29,UK Landbridge (Dublin-Holyhead),Nordic Freight Lines,2421.0,931.95,1,Y
700172,2024-08-17,UK Landbridge (Dublin-Holyhead),Nordic Freight Lines,830.0,330.7,1,N
702775,2024-09-16,UK Landbridge (Dublin-Holyhead), Nordic Freight Lines ,2451.0,901.97,1,Y
700211,2024-05-12,UK Landbridge (Dublin-Holyhead),Celtic Sealink,1240.0,504.84,1,Y
701027,2024-05-27,UK Landbridge (Dublin-Holyhead),Celtic Sealink,2312.0,983.49,1,Y
700160,2024-02-09,UK Landbridge (Dublin-Holyhead),Nordic Freight Lines,2253.0,829.8,1,Y
700871,2024-08-01,UK Landbridge (Dublin-Holyhead),Nordic Freight Lines,2021.0,746.92,1,N
704972,2024-10-16,EU Direct (Rosslare-Dunkirk),Nordic Freight Lines,2306.0,1100.19,2,Y
704424,2025-04-18,EU Direct (Dublin-Cherbourg),Celtic Sealink,1029.0,617.69,2,Y
702050,2024-12-25,UK Landbridge (Dublin-Holyhead),Celtic Sealink,1898.0,844.32,1,Y
705488,2024-03-17,EU Direct (Rosslare-Dunkirk),Atlantic Cargo Ferries,3536.0,2241.03,2,Y
704340,2025-02-03,EU Direct (Dublin-Cherbourg),Atlantic Cargo Ferries,1419.0,1012.51,2,Y
705354,2025-10-22,EU Direct (Rosslare-Dunkirk),Atlantic Cargo Ferries,834.0,556.73,2,Y
700295,2024-03-02,UK Landbridge (Dublin-Holyhead),nordic freight lines,1507.0,549.75,1,Y
700934,2025-10-04,UK Landbridge (Dublin-Holyhead),Celtic Sealink,2991.0,1347.06,1,Y
703911,2025-11-27,EU Direct (Dublin-Cherbourg),Celtic Sealink,1378.0,861.55,2,Y
703531,2025-05-05,EU Direct (Dublin-Cherbourg),Atlantic Cargo Ferries,3418.0,2149.48,2,Y
702375,2024-11-15,UK Landbridge (Dublin-Holyhead),Celtic Sealink,2800.0,1262.1,1,Y
705943,2024-02-24,EU Direct (Rosslare-Dunkirk),Atlantic Cargo Ferries,2297.0,1413.8,1,Y
703524,2024-10-02,EU Direct (Dublin-Cherbourg),Celtic Sealink,2639.0,1572.33,2,Y
704271,2025-11-22,EU Direct (Dublin-Cherbourg),Celtic Sealink,3498.0,2102.26,2,Y
703663,2025-03-15,EU Direct (Dublin-Cherbourg),Atlantic Cargo Ferries,2548.0,1697.04,1,Y
704294,2025-11-10,EU Direct (Dublin-Cherbourg),Atlantic Cargo Ferries,50,32.17,2,N
701080,2024-02-22,UK Landbridge (Dublin-Holyhead),Nordic Freight Lines,630.0,227.53,1,Y
705009,2025-10-07,EU Direct (Rosslare-Dunkirk),Nordic Freight Lines,1233.0,589.84,2,Y
704025,2025-04-30,EU Direct (Dublin-Cherbourg),Celtic Sealink,637.0,341.72,2,Y
700217,2025-03-15,UK Landbridge (Dublin-Holyhead),celtic sealink,2030.0,872.89,1,Y
703876,2025-06-26,EU Direct (Dublin-Cherbourg),Celtic Sealink,2033.0,1269.5,2,Y
700666,2024-03-04,UK Landbridge (Dublin-Holyhead),Nordic Freight Lines,2113.0,791.24,1,Y
705027,2025-10-16,EU Direct (Rosslare-Dunkirk),Nordic Freight Lines,1754.0,889.05,2,Y
705038,2024-05-27,EU Direct (Rosslare-Dunkirk),Nordic Freight Lines,1378.0,659.9,2,Y
703715,2025-02-25,EU Direct (Dublin-Cherbourg),Atlantic Cargo Ferries,2045.0,1413.04,2,Y
703743,2025-05-06,EU Direct (Dublin-Cherbourg),Atlantic Cargo Ferries,2484.0,1720.41,3,Y
705819,2025-06-09,EU Direct (Rosslare-Dunkirk),Nordic Freight Lines,-50,25.66,1,Y
701524,2025-05-27,UK Landbridge (Dublin-Holyhead),Nordic Freight Lines,570.0,209.53,1,Y
703642,2024-02-20,EU Direct (Dublin-Cherbourg),atlantic cargo ferries,873.0,623.4,2,Y
701291,2025-02-11,UK Landbridge (Dublin-Holyhead),Celtic Sealink,3397.0,1505.74,1,Y
702289,2024-02-10,UK Landbridge (Dublin-Holyhead),Celtic Sealink,1762.0,784.13,1,Y
701989,2025-08-20,UK Landbridge (Dublin-Holyhead),Nordic Freight Lines,1908.0,706.58,1,Y
701860,2025-04-02,UK Landbridge (Dublin-Holyhead),Nordic Freight Lines,1960.0,738.63,1,Y
703068,2024-12-24,EU Direct (Dublin-Cherbourg),celtic sealink,3215.0,1767.86,1,Y
700055,2024-03-27,UK Landbridge (Dublin-Holyhead),Nordic Freight Lines,2249.0,909.18,1,Y
705968,2024-08-09,EU Direct (Rosslare-Dunkirk), Atlantic Cargo Ferries ,1760.0,1129.92,2,Y
704780,2025-06-22,EU Direct (Rosslare-Dunkirk),Nordic Freight Lines,2520.0,1297.93,2,Y
703611,2025-04-21,EU Direct (Dublin-Cherbourg),Atlantic Cargo Ferries,1855.0,1176.81,2,Y
705496,2024-01-14,EU Direct (Rosslare-Dunkirk),nordic freight lines,1494.0,735.81,2,Y
701796,2025-09-23,UK Landbridge (Dublin-Holyhead),Celtic Sealink,2506.0,1002.57,1,Y
700924,2024-03-15,UK Landbridge (Dublin-Holyhead), Celtic Sealink ,1021.0,450.39,1,Y
704768,2025-05-23,EU Direct (Rosslare-Dunkirk),nordic freight lines,2870.0,1544.23,2,Y
705677,2024-10-06,EU Direct (Rosslare-Dunkirk),Nordic Freight Lines,2043.0,1021.68,2,Y
703500,2024-02-25,EU Direct (Dublin-Cherbourg),Celtic Sealink,3533.0,2094.3,2,Y
701743,2024-10-30,UK Landbridge (Dublin-Holyhead),Nordic Freight Lines,1974.0,788.8,2,Y
700202,2025-08-21,UK Landbridge (Dublin-Holyhead),Nordic Freight Lines,50,18.48,1,Y
701482,2024-03-14,UK Landbridge (Dublin-Holyhead),Nordic Freight Lines,2135.0,755.35,2,Y
705341,2024-12-06,EU Direct (Rosslare-Dunkirk),Nordic Freight Lines,1301.0,618.74,,Y
700456,2025-04-22,UK Landbridge (Dublin-Holyhead),Nordic Freight Lines,1057.0,423.09,1,Y
702264,2025-05-09,UK Landbridge (Dublin-Holyhead),Celtic Sealink,764.0,334.96,1,Y
701281,2025-07-18,UK Landbridge (Dublin-Holyhead),Nordic Freight Lines,1080.0,419.09,1,Y
702787,2024-05-18,UK Landbridge (Dublin-Holyhead),Celtic Sealink,715.0,300.71,1,Y
701315,2025-09-05,UK Landbridge (Dublin-Holyhead),Celtic Sealink,1756.0,783.62,1,Y
702115,2024-12-07,UK Landbridge (Dublin-Holyhead),Nordic Freight Lines,869.0,319.75,1,Y
703987,2024-12-28,EU Direct (Dublin-Cherbourg),Celtic Sealink,1235.0,772.06,1,Y
702701,2024-05-07,UK Landbridge (Dublin-Holyhead),Nordic Freight Lines,1050.0,407.42,1,Y
704331,2025-08-23,EU Direct (Dublin-Cherbourg),Celtic Sealink,2698.0,1558.57,2,Y
705484,2024-04-06,EU Direct (Rosslare-Dunkirk),Atlantic Cargo Ferries,875.0,541.74,2,Y
700805,2025-09-03,UK Landbridge (Dublin-Holyhead),celtic sealink,1530.0,604.94,1,Y
705711,2024-10-09,EU Direct (Rosslare-Dunkirk),Atlantic Cargo Ferries,1556.0,1002.21,3,Y
701496,2024-08-17,UK Landbridge (Dublin-Holyhead),Celtic Sealink,1862.0,757.95,1,Y
704739,2024-11-01,EU Direct (Rosslare-Dunkirk),Nordic Freight Lines,3244.0,1496.82,3,Y
700753,2024-12-06,UK Landbridge (Dublin-Holyhead),Celtic Sealink,1583.0,697.96,1,N
700909,2025-01-04,UK Landbridge (Dublin-Holyhead),Celtic Sealink,935.0,368.47,1,Y
705328,2025-06-02,EU Direct (Rosslare-Dunkirk),Nordic Freight Lines,1336.0,644.72,,Y
705352,2024-04-18,EU Direct (Rosslare-Dunkirk),Nordic Freight Lines,1115.0,550.37,2,Y
701100,2025-12-25,UK Landbridge (Dublin-Holyhead),Nordic Freight Lines,1905.0,784.73,1,Y
704752,2025-12-19,EU Direct (Rosslare-Dunkirk),Atlantic Cargo Ferries,1171.0,713.64,2,Y
700426,2025-02-03,UK Landbridge (Dublin-Holyhead),Nordic Freight Lines,2456.0,873.01,1,Y
705137,2025-03-22,EU Direct (Rosslare-Dunkirk),Nordic Freight Lines,1395.0,741.17,2,Y
701964,2025-09-08,UK Landbridge (Dublin-Holyhead),Celtic Sealink,1302.0,528.01,1,Y
700117,2024-11-24,UK Landbridge (Dublin-Holyhead),Celtic Sealink,2430.0,1039.58,1,Y
702168,2025-10-31,UK Landbridge (Dublin-Holyhead),Celtic Sealink,2125.0,937.26,1,N
705586,2025-11-08,EU Direct (Rosslare-Dunkirk),Atlantic Cargo Ferries,2494.0,1633.02,2,Y
702402,2024-11-24,UK Landbridge (Dublin-Holyhead),Nordic Freight Lines,2434.0,887.62,2,N
700368,2025-07-31,UK Landbridge (Dublin-Holyhead),Celtic Sealink,668.0,285.49,1,Y
703153,2025-08-13,EU Direct (Dublin-Cherbourg),Atlantic Cargo Ferries,1532.0,1013.97,3,Y
702866,2025-07-17,UK Landbridge (Dublin-Holyhead),Celtic Sealink,2523.0,1044.96,1,Y
703124,2024-09-09,EU Direct (Dublin-Cherbourg),Celtic Sealink,1484.0,908.69,2,Y
704377,2025-02-05,EU Direct (Dublin-Cherbourg),Atlantic Cargo Ferries,50,35.05,2,N
705803,2024-05-21,EU Direct (Rosslare-Dunkirk),Nordic Freight Lines,2639.0,1310.49,2,Y
701365,2024-05-20,UK Landbridge (Dublin-Holyhead),Nordic Freight Lines,2068.0,741.91,1,Y
700654,2025-01-01,UK Landbridge (Dublin-Holyhead),Celtic Sealink,1527.0,627.53,1,Y
702216,2024-05-10,UK Landbridge (Dublin-Holyhead),Celtic Sealink,1679.0,662.55,1,Y
703651,2024-08-19,EU Direct (Dublin-Cherbourg),Celtic Sealink,4075.0,2338.93,2,Y
703383,2025-03-15,EU Direct (Dublin-Cherbourg),atlantic cargo ferries,1040.0,652.02,2,Y
705431,2024-11-19,EU Direct (Rosslare-Dunkirk),Atlantic Cargo Ferries,838.0,525.24,3,Y
700446,2025-04-27,UK Landbridge (Dublin-Holyhead),Nordic Freight Lines,1227.0,466.26,1,Y
701519,2024-12-05,UK Landbridge (Dublin-Holyhead),Nordic Freight Lines,2417.0,866.46,1,Y
700389,2024-03-23,UK Landbridge (Dublin-Holyhead),Nordic Freight Lines,956.0,390.55,1,Y
703334,2024-08-24,EU Direct (Dublin-Cherbourg),Celtic Sealink,293.0,176.22,2,Y
703840,2024-04-02,EU Direct (Dublin-Cherbourg),Atlantic Cargo Ferries,1461.0,940.25,2,N
700576,2025-09-18,UK Landbridge (Dublin-Holyhead),Nordic Freight Lines,1976.0,724.69,1,Y
703869,2024-09-03,EU Direct (Dublin-Cherbourg),Atlantic Cargo Ferries,3136.0,1986.35,2,Y
704946,2024-05-06,EU Direct (Rosslare-Dunkirk),Atlantic Cargo Ferries,1691.0,1129.09,3,Y
700992,2024-02-16,UK Landbridge (Dublin-Holyhead),Celtic Sealink,2453.0,1037.68,1,Y
704298,2025-06-06,EU Direct (Dublin-Cherbourg),Celtic Sealink,2509.0,1519.34,2,Y
705299,2024-04-11,EU Direct (Rosslare-Dunkirk),Atlantic Cargo Ferries,2607.0,1762.24,2,Y
705649,2024-08-05,EU Direct (Rosslare-Dunkirk),Atlantic Cargo Ferries,1777.0,1058.81,2,Y
705716,2025-07-24,EU Direct (Rosslare-Dunkirk),Nordic Freight Lines,4171.0,2030.94,2,Y
700908,2025-07-06,UK Landbridge (Dublin-Holyhead),Nordic Freight Lines,121.0,45.14,1,Y
701687,2025-04-23,UK Landbridge (Dublin-Holyhead),Celtic Sealink,1607.0,635.33,2,Y
701896,2025-03-15,UK Landbridge (Dublin-Holyhead),Celtic Sealink,2435.0,1033.47,1,Y
702622,2024-05-06,UK Landbridge (Dublin-Holyhead),Nordic Freight Lines,468.0,176.04,1,Y
705415,2024-09-23,EU Direct (Rosslare-Dunkirk),atlantic cargo ferries,1302.0,816.15,2,Y
703217,2024-07-10,EU Direct (Dublin-Cherbourg),Celtic Sealink,1130.0,701.42,2,Y
703326,2025-10-09,EU Direct (Dublin-Cherbourg),atlantic cargo ferries,1505.0,987.32,2,Y
703094,2025-01-19,EU Direct (Dublin-Cherbourg),Celtic Sealink,1637.0,956.0,3,Y
702979,2025-07-28,EU Direct (Dublin-Cherbourg),Atlantic Cargo Ferries,863.0,594.81,2,Y
705091,2024-01-16,EU Direct (Rosslare-Dunkirk),Nordic Freight Lines,892.0,460.47,2,Y
703212,2024-04-08,EU Direct (Dublin-Cherbourg),Celtic Sealink,1483.0,842.03,2,Y
702894,2024-10-22,EU Direct (Dublin-Cherbourg),Celtic Sealink,2153.0,1258.68,3,Y
702367,2024-06-09,UK Landbridge (Dublin-Holyhead),Nordic Freight Lines,1625.0,657.22,2,Y
705445,2024-07-11,EU Direct (Rosslare-Dunkirk),Atlantic Cargo Ferries,2221.0,1328.96,3,Y
705233,2024-11-06,EU Direct (Rosslare-Dunkirk),Atlantic Cargo Ferries,1768.0,1084.94,2,Y
702750,2024-06-29,UK Landbridge (Dublin-Holyhead),Nordic Freight Lines,2408.0,892.52,1,Y
701116,2025-02-26,UK Landbridge (Dublin-Holyhead),NORDIC FREIGHT LINES,1641.0,675.48,1,Y
704859,2025-07-26,EU Direct (Rosslare-Dunkirk),atlantic cargo ferries,-50,32.77,2,Y
704653,2025-06-24,EU Direct (Rosslare-Dunkirk),Nordic Freight Lines,3185.0,1596.86,2,Y
702214,2024-08-11,UK Landbridge (Dublin-Holyhead),Nordic Freight Lines,2710.0,969.86,1,Y
702569,2024-07-09,UK Landbridge (Dublin-Holyhead),Nordic Freight Lines,3235.0,1177.55,1,Y
701271,2024-02-26,UK Landbridge (Dublin-Holyhead),Nordic Freight Lines,1124.0,462.54,1,Y
702307,2024-12-05,UK Landbridge (Dublin-Holyhead),Celtic Sealink,1550.0,698.61,1,Y
705225,2024-08-06,EU Direct (Rosslare-Dunkirk),Nordic Freight Lines,2549.0,1198.36,2,Y
705582,2024-06-16,EU Direct (Rosslare-Dunkirk),Atlantic Cargo Ferries,3025.0,1947.62,2,Y
705507,2024-11-24,EU Direct (Rosslare-Dunkirk),Atlantic Cargo Ferries,1550.0,927.37,2,Y
701728,2024-05-12,UK Landbridge (Dublin-Holyhead),Celtic Sealink,2533.0,984.22,1,Y
702919,2024-05-21,EU Direct (Dublin-Cherbourg),Celtic Sealink,909.0,542.07,3,Y
700343,2025-10-19,UK Landbridge (Dublin-Holyhead),Celtic Sealink,1189.0,467.49,1,Y
701056,2024-09-29,UK Landbridge (Dublin-Holyhead),celtic sealink,1702.0,683.36,1,Y
700823,2024-10-09,UK Landbridge (Dublin-Holyhead),Celtic Sealink,3592.0,1587.03,1,Y
701933,2025-03-17,UK Landbridge (Dublin-Holyhead),Nordic Freight Lines,1077.0,391.94,1,N
700411,2024-09-22,UK Landbridge (Dublin-Holyhead),Celtic Sealink,2255.0,940.12,1,Y
700903,2025-08-12,UK Landbridge (Dublin-Holyhead),Nordic Freight Lines,1816.0,724.44,2,Y
701319,2025-10-27,UK Landbridge (Dublin-Holyhead),Nordic Freight Lines,1856.0,707.96,1,Y
703691,2025-01-03,EU Direct (Dublin-Cherbourg),Atlantic Cargo Ferries,1291.0,819.14,2,N
703690,2025-11-26,EU Direct (Dublin-Cherbourg),Atlantic Cargo Ferries,796.0,509.05,1,Y
705606,2025-12-14,EU Direct (Rosslare-Dunkirk),Nordic Freight Lines,2073.0,1027.99,3,Y
705179,2024-11-09,EU Direct (Rosslare-Dunkirk),Nordic Freight Lines,2419.0,1182.85,2,Y
703808,2025-12-04,EU Direct (Dublin-Cherbourg),Atlantic Cargo Ferries,911.0,593.43,2,Y
705619,2024-09-13,EU Direct (Rosslare-Dunkirk),Nordic Freight Lines,1428.0,668.28,2,Y
700608,2024-07-20,UK Landbridge (Dublin-Holyhead),Nordic Freight Lines,1541.0,542.34,1,Y
703444,2025-07-18,EU Direct (Dublin-Cherbourg),Atlantic Cargo Ferries,4443.0,2738.66,2,Y
701912,2024-01-27,UK Landbridge (Dublin-Holyhead),Celtic Sealink,2720.0,1199.44,1,Y
700563,2025-06-24,UK Landbridge (Dublin-Holyhead),Celtic Sealink,2876.0,1205.3,1,Y
700067,2024-02-21,UK Landbridge (Dublin-Holyhead),Celtic Sealink,1095.0,438.09,1,Y
703003,2024-10-04,EU Direct (Dublin-Cherbourg),Celtic Sealink,2042.0,1153.08,3,Y
700083,2024-09-08,UK Landbridge (Dublin-Holyhead),Nordic Freight Lines,1555.0,633.09,1,Y
704893,2024-08-02,EU Direct (Rosslare-Dunkirk),Atlantic Cargo Ferries,2231.0,1295.05,2,Y
701070,2024-02-11,UK Landbridge (Dublin-Holyhead),Celtic Sealink,1210.0,527.55,1,Y
705455,2025-03-28,EU Direct (Rosslare-Dunkirk),Nordic Freight Lines,1391.0,705.29,2,N
704589,2024-02-19,EU Direct (Dublin-Cherbourg),Atlantic Cargo Ferries,1168.0,741.91,2,Y
704090,2025-08-02,EU Direct (Dublin-Cherbourg),Atlantic Cargo Ferries,50,33.11,2,N
702664,2024-06-28,UK Landbridge (Dublin-Holyhead),Nordic Freight Lines,2303.0,894.54,2,Y
701078,2025-07-10,UK Landbridge (Dublin-Holyhead),Nordic Freight Lines,1830.0,736.7,,Y
704812,2025-02-09,EU Direct (Rosslare-Dunkirk),Atlantic Cargo Ferries,1387.0,854.15,2,N
704092,2025-11-22,EU Direct (Dublin-Cherbourg),Atlantic Cargo Ferries,3055.0,2122.41,2,Y
703671,2025-10-11,EU Direct (Dublin-Cherbourg),Celtic Sealink,2438.0,1506.48,2,Y
703767,2025-10-25,EU Direct (Dublin-Cherbourg),Celtic Sealink,698.0,385.08,3,Y
705164,2025-10-19,EU Direct (Rosslare-Dunkirk),Nordic Freight Lines,2288.0,1176.36,2,Y
700111,2024-10-22,UK Landbridge (Dublin-Holyhead),Celtic Sealink,1461.0,638.98,1,Y
700475,2024-07-11,UK Landbridge (Dublin-Holyhead),Celtic Sealink,1430.0,600.09,2,Y
701994,2024-12-20,UK Landbridge (Dublin-Holyhead),Celtic Sealink,1821.0,712.01,2,Y
700789,2025-09-20,UK Landbridge (Dublin-Holyhead),Celtic Sealink,1097.0,424.29,1,Y
700340,2025-07-05,UK Landbridge (Dublin-Holyhead),Nordic Freight Lines,1596.0,637.59,1,N
703523,2025-02-19,EU Direct (Dublin-Cherbourg),Celtic Sealink,1553.0,830.9,3,Y
701611,2024-03-03,UK Landbridge (Dublin-Holyhead),Celtic Sealink,1543.0,682.06,1,Y
701351,2025-09-28,UK Landbridge (Dublin-Holyhead),Nordic Freight Lines,2741.0,1084.86,1,Y
704494,2024-06-07,EU Direct (Dublin-Cherbourg),Atlantic Cargo Ferries,2304.0,1543.06,3,Y
704715,2024-06-18,EU Direct (Rosslare-Dunkirk),Atlantic Cargo Ferries,2421.0,1588.45,2,Y
703677,2025-03-16,EU Direct (Dublin-Cherbourg),Atlantic Cargo Ferries,50,32.74,2,Y
705148,2025-08-18,EU Direct (Rosslare-Dunkirk),Nordic Freight Lines,2390.0,1216.97,3,N
700930,2025-08-08,UK Landbridge (Dublin-Holyhead), Celtic Sealink ,1903.0,750.8,1,N
702555,2025-08-13,UK Landbridge (Dublin-Holyhead),Celtic Sealink,1047.0,464.49,,Y
700299,2024-10-24,UK Landbridge (Dublin-Holyhead),Celtic Sealink,887.0,347.23,2,Y
701838,2025-10-29,UK Landbridge (Dublin-Holyhead),Celtic Sealink,1406.0,595.98,1,Y
705844,2024-07-11,EU Direct (Rosslare-Dunkirk),Atlantic Cargo Ferries,1117.0,668.5,2,Y
704636,2024-12-07,EU Direct (Rosslare-Dunkirk),Atlantic Cargo Ferries,2008.0,1311.0,2,N
705372,2024-07-30,EU Direct (Rosslare-Dunkirk),Atlantic Cargo Ferries,2425.0,1510.24,2,Y
700167,2025-10-12,UK Landbridge (Dublin-Holyhead),Nordic Freight Lines,1784.0,662.96,2,Y
705709,2025-08-19,EU Direct (Rosslare-Dunkirk),Nordic Freight Lines,1839.0,943.97,2,Y
705048,2025-11-03,EU Direct (Rosslare-Dunkirk),Atlantic Cargo Ferries,1890.0,1218.46,2,Y
700505,2025-06-03,UK Landbridge (Dublin-Holyhead),Celtic Sealink,1057.0,471.0,1,Y
701264,2024-09-01,UK Landbridge (Dublin-Holyhead),Nordic Freight Lines,2301.0,830.23,1,N
702303,2024-05-10,UK Landbridge (Dublin-Holyhead),celtic sealink,1327.0,546.19,1,Y
704101,2024-04-13,EU Direct (Dublin-Cherbourg),Atlantic Cargo Ferries,473.0,316.65,2,Y
700231,2024-08-27,UK Landbridge (Dublin-Holyhead),Nordic Freight Lines,1236.0,465.66,1,Y
702256,2025-02-04,UK Landbridge (Dublin-Holyhead),Celtic Sealink,2198.0,878.85,2,Y
704368,2024-01-07,EU Direct (Dublin-Cherbourg),Atlantic Cargo Ferries,2769.0,1894.52,2,Y
703236,2025-03-11,EU Direct (Dublin-Cherbourg),Atlantic Cargo Ferries,2094.0,1408.55,1,Y
705375,2025-11-14,EU Direct (Rosslare-Dunkirk),Nordic Freight Lines,2069.0,1061.53,2,Y
705702,2024-12-29,EU Direct (Rosslare-Dunkirk),Atlantic Cargo Ferries,2938.0,1813.75,2,Y
702985,2025-10-13,EU Direct (Dublin-Cherbourg),Celtic Sealink,1612.0,883.97,2,Y
705010,2024-12-06,EU Direct (Rosslare-Dunkirk),Atlantic Cargo Ferries,1119.0,706.25,2,Y
701463,2024-09-29,UK Landbridge (Dublin-Holyhead),Nordic Freight Lines,1796.0,677.3,1,Y
705416,2025-04-29,EU Direct (Rosslare-Dunkirk),Atlantic Cargo Ferries,1417.0,923.88,2,Y
700848,2024-05-05,UK Landbridge (Dublin-Holyhead),Nordic Freight Lines,1323.0,530.99,1,Y
703043,2025-06-02,EU Direct (Dublin-Cherbourg),Celtic Sealink,1185.0,646.76,3,Y
702554,2025-04-24,UK Landbridge (Dublin-Holyhead),Nordic Freight Lines,1861.0,657.7,1,Y
701038,2024-11-13,UK Landbridge (Dublin-Holyhead),Nordic Freight Lines,786.0,293.02,2,N
701659,2025-08-02,UK Landbridge (Dublin-Holyhead),Celtic Sealink,2661.0,1196.2,1,Y
700802,2025-10-09,UK Landbridge (Dublin-Holyhead),Nordic Freight Lines,3031.0,1086.83,2,Y
704425,2025-01-14,EU Direct (Dublin-Cherbourg),Celtic Sealink,1781.0,1044.1,2,Y
705868,2025-07-16,EU Direct (Rosslare-Dunkirk),Nordic Freight Lines,1710.0,902.0,1,Y
701662,2025-01-10,UK Landbridge (Dublin-Holyhead),Nordic Freight Lines,50,18.14,1,Y
700998,2025-05-17,UK Landbridge (Dublin-Holyhead),Celtic Sealink,2991.0,1286.07,1,Y
704252,2025-02-02,EU Direct (Dublin-Cherbourg),Celtic Sealink,50,26.99,2,Y
705313,2024-11-17,EU Direct (Rosslare-Dunkirk),NORDIC FREIGHT LINES,1989.0,1004.37,3,Y
704182,2025-06-21,EU Direct (Dublin-Cherbourg),Celtic Sealink,347.0,204.11,2,N
702683,2025-11-20,UK Landbridge (Dublin-Holyhead),Nordic Freight Lines,2388.0,972.91,2,Y
701393,2025-12-18,UK Landbridge (Dublin-Holyhead),Celtic Sealink,2105.0,823.19,1,Y
705452,2024-10-28,EU Direct (Rosslare-Dunkirk),Atlantic Cargo Ferries,2276.0,1454.06,3,Y
703839,2025-05-26,EU Direct (Dublin-Cherbourg),Atlantic Cargo Ferries,2299.0,1576.7,2,Y
704787,2024-08-21,EU Direct (Rosslare-Dunkirk),Nordic Freight Lines,2669.0,1277.41,2,Y
704413,2025-08-21,EU Direct (Dublin-Cherbourg),celtic sealink,4080.0,2532.69,2,Y
704446,2025-07-16,EU Direct (Dublin-Cherbourg),Atlantic Cargo Ferries,2891.0,2048.11,2,Y
704453,2025-03-24,EU Direct (Dublin-Cherbourg),Atlantic Cargo Ferries,2756.0,1924.57,2,Y
701590,2025-07-17,UK Landbridge (Dublin-Holyhead),Nordic Freight Lines,50,20.31,1,Y
702431,2024-02-16,UK Landbridge (Dublin-Holyhead),Celtic Sealink,3934.0,1523.95,1,Y
703810,2024-01-31,EU Direct (Dublin-Cherbourg),ATLANTIC CARGO FERRIES,2729.0,1793.26,2,Y
705574,2025-01-10,EU Direct (Rosslare-Dunkirk),Atlantic Cargo Ferries,50,33.67,2,Y
705777,2025-08-30,EU Direct (Rosslare-Dunkirk),Atlantic Cargo Ferries,3612.0,2362.28,2,Y
703249,2025-10-10,EU Direct (Dublin-Cherbourg),Celtic Sealink,2149.0,1248.51,2,Y
700063,2025-03-06,UK Landbridge (Dublin-Holyhead),Nordic Freight Lines,1605.0,595.02,1,Y
700500,2024-10-20,UK Landbridge (Dublin-Holyhead),Nordic Freight Lines,1849.0,735.13,1,Y
702009,2025-04-12,UK Landbridge (Dublin-Holyhead),Celtic Sealink,2569.0,1100.98,1,Y
700728,2024-08-19,UK Landbridge (Dublin-Holyhead),Nordic Freight Lines,50,19.12,1,Y
700740,2024-01-25,UK Landbridge (Dublin-Holyhead),Nordic Freight Lines,50,18.52,2,N
700890,2025-11-24,UK Landbridge (Dublin-Holyhead), Nordic Freight Lines ,2262.0,842.12,1,Y
701737,2024-04-11,UK Landbridge (Dublin-Holyhead),Celtic Sealink,2445.0,1081.89,1,Y
705792,2024-09-04,EU Direct (Rosslare-Dunkirk),Nordic Freight Lines,1037.0,496.82,2,Y
705270,2025-12-29,EU Direct (Rosslare-Dunkirk),Nordic Freight Lines,732.0,360.39,2,Y
701666,2024-08-25,UK Landbridge (Dublin-Holyhead),Celtic Sealink,638.0,286.26,2,Y
702410,2025-12-11,UK Landbridge (Dublin-Holyhead),Celtic Sealink,2285.0,917.91,1,Y
702027,2024-01-12,UK Landbridge (Dublin-Holyhead),Celtic Sealink,778.0,329.84,1,Y
703562,2024-07-23,EU Direct (Dublin-Cherbourg),Atlantic Cargo Ferries,1867.0,1312.79,2,Y
705485,2024-09-23,EU Direct (Rosslare-Dunkirk),Atlantic Cargo Ferries,2210.0,1375.04,2,Y
700339,2025-05-08,UK Landbridge (Dublin-Holyhead),Celtic Sealink,2239.0,936.5,1,Y
702682,2024-09-04,UK Landbridge (Dublin-Holyhead),Celtic Sealink,2545.0,1138.33,1,Y
703073,2024-05-02,EU Direct (Dublin-Cherbourg),Atlantic Cargo Ferries,2597.0,1822.63,2,Y
704962,2025-11-15,EU Direct (Rosslare-Dunkirk),Nordic Freight Lines,475.0,245.15,2,Y
701667,2025-09-10,UK Landbridge (Dublin-Holyhead),Nordic Freight Lines,1747.0,629.34,1,Y
700037,2024-02-08,UK Landbridge (Dublin-Holyhead),Celtic Sealink,740.0,324.14,1,Y
702780,2024-02-19,UK Landbridge (Dublin-Holyhead),Nordic Freight Lines,2191.0,879.28,1,Y
700597,2024-11-23,UK Landbridge (Dublin-Holyhead),Celtic Sealink,880.0,389.1,1,Y
701587,2024-07-23,UK Landbridge (Dublin-Holyhead),Nordic Freight Lines,-2239.0,810.01,1,Y
705247,2025-10-29,EU Direct (Rosslare-Dunkirk),Atlantic Cargo Ferries,2785.0,1751.02,3,Y
702620,2025-01-15,UK Landbridge (Dublin-Holyhead),Nordic Freight Lines,3138.0,1262.18,,Y
705457,2024-04-07,EU Direct (Rosslare-Dunkirk),Nordic Freight Lines,1758.0,845.52,2,Y
705367,2024-04-28,EU Direct (Rosslare-Dunkirk),Atlantic Cargo Ferries,2131.0,1265.36,1,Y
700028,2024-06-22,UK Landbridge (Dublin-Holyhead),Nordic Freight Lines,2571.0,1049.57,1,Y
701586,2025-11-20,UK Landbridge (Dublin-Holyhead),Celtic Sealink,2249.0,999.86,1,Y
705032,2024-01-23,EU Direct (Rosslare-Dunkirk),Nordic Freight Lines,99.0,49.92,2,Y
702579,2025-07-07,UK Landbridge (Dublin-Holyhead),Celtic Sealink,3496.0,1584.49,1,Y
700454,2025-08-01,UK Landbridge (Dublin-Holyhead),Celtic Sealink,1155.0,520.39,1,Y
705977,2025-04-28,EU Direct (Rosslare-Dunkirk),Atlantic Cargo Ferries,3115.0,1806.28,3,Y
703717,2025-08-06,EU Direct (Dublin-Cherbourg),Atlantic Cargo Ferries,919.0,568.57,2,Y
700192,2025-04-09,UK Landbridge (Dublin-Holyhead),Nordic Freight Lines,1840.0,695.02,1,Y
701126,2024-04-21,UK Landbridge (Dublin-Holyhead),Celtic Sealink,2413.0,1030.6,1,N
702197,2025-12-25,UK Landbridge (Dublin-Holyhead),Celtic Sealink,1246.0,554.48,2,Y
705511,2024-10-05,EU Direct (Rosslare-Dunkirk),Nordic Freight Lines,1298.0,693.35,2,Y
705603,2025-06-09,EU Direct (Rosslare-Dunkirk),Nordic Freight Lines,1695.0,893.1,2,Y
703694,2025-03-22,EU Direct (Dublin-Cherbourg),Celtic Sealink,3179.0,1821.79,3,Y
700511,2025-01-08,UK Landbridge (Dublin-Holyhead),CELTIC SEALINK,1647.0,706.06,1,Y
700619,2024-08-28,UK Landbridge (Dublin-Holyhead),Celtic Sealink,2261.0,956.97,1,N
702847,2025-04-06,UK Landbridge (Dublin-Holyhead),Nordic Freight Lines,2090.0,738.94,1,Y
700145,2024-08-07,UK Landbridge (Dublin-Holyhead),Nordic Freight Lines,537.0,204.34,1,Y
704459,2025-03-03,EU Direct (Dublin-Cherbourg),Atlantic Cargo Ferries,1243.0,808.15,2,Y
703259,2025-11-28,EU Direct (Dublin-Cherbourg),Atlantic Cargo Ferries,926.0,647.53,2,Y
704211,2025-10-31,EU Direct (Dublin-Cherbourg),Celtic Sealink,3449.0,2046.58,2,Y
703556,2024-10-08,EU Direct (Dublin-Cherbourg),Celtic Sealink,1288.0,694.14,2,Y
701202,2024-03-18,UK Landbridge (Dublin-Holyhead),nordic freight lines,2209.0,864.92,1,Y
704922,2025-01-05,EU Direct (Rosslare-Dunkirk),Atlantic Cargo Ferries,1244.0,749.37,2,Y
705258,2025-01-11,EU Direct (Rosslare-Dunkirk),Nordic Freight Lines,1858.0,939.54,2,Y
701591,2024-06-11,UK Landbridge (Dublin-Holyhead),Celtic Sealink,1018.0,397.92,1,Y
702589,2024-06-15,UK Landbridge (Dublin-Holyhead), Celtic Sealink ,2822.0,1253.55,1,Y
705633,2024-12-18,EU Direct (Rosslare-Dunkirk),Nordic Freight Lines,3591.0,1730.96,2,Y
701394,2025-07-20,UK Landbridge (Dublin-Holyhead),Celtic Sealink,850.0,356.34,1,N
703466,2024-12-18,EU Direct (Dublin-Cherbourg),Atlantic Cargo Ferries,1654.0,1152.4,2,Y
702202,2024-08-14,UK Landbridge (Dublin-Holyhead),Celtic Sealink,2203.0,852.85,2,Y
701699,2025-01-16,UK Landbridge (Dublin-Holyhead),celtic sealink,2138.0,942.78,1,Y
702173,2025-04-03,UK Landbridge (Dublin-Holyhead),Celtic Sealink,3262.0,1365.47,1,Y
701622,2024-02-06,UK Landbridge (Dublin-Holyhead),Celtic Sealink,1249.0,538.15,1,Y
701541,2024-09-10,UK Landbridge (Dublin-Holyhead),Nordic Freight Lines,2578.0,1002.83,1,Y
700572,2024-04-05,UK Landbridge (Dublin-Holyhead),Nordic Freight Lines,2501.0,937.53,1,Y
700250,2025-02-28,UK Landbridge (Dublin-Holyhead),Celtic Sealink,2031.0,819.37,1,Y
704363,2024-09-23,EU Direct (Dublin-Cherbourg),Atlantic Cargo Ferries,2097.0,1318.75,2,Y
705697,2025-05-05,EU Direct (Rosslare-Dunkirk),Nordic Freight Lines,2223.0,1062.83,2,Y
703865,2024-09-13,EU Direct (Dublin-Cherbourg),Celtic Sealink,2058.0,1184.31,2,Y
703143,2024-12-18,EU Direct (Dublin-Cherbourg),Atlantic Cargo Ferries,1620.0,1029.22,2,N
702219,2025-01-25,UK Landbridge (Dublin-Holyhead),Nordic Freight Lines,50,18.86,1,Y
701250,2024-01-31,UK Landbridge (Dublin-Holyhead),Celtic Sealink,1929.0,791.83,1,Y
701439,2025-09-27,UK Landbridge (Dublin-Holyhead),Celtic Sealink,3056.0,1300.95,,Y
702627,2024-05-03,UK Landbridge (Dublin-Holyhead),Nordic Freight Lines,3091.0,1230.08,1,Y
703874,2024-05-30,EU Direct (Dublin-Cherbourg),Atlantic Cargo Ferries,1346.0,942.46,2,Y
705656,2025-12-02,EU Direct (Rosslare-Dunkirk),Nordic Freight Lines,903.0,468.49,2,Y
700175,2025-07-26,UK Landbridge (Dublin-Holyhead),NORDIC FREIGHT LINES,2111.0,857.51,1,Y
701651,2025-08-23,UK Landbridge (Dublin-Holyhead),Nordic Freight Lines,2407.0,986.18,1,Y
705132,2024-08-17,EU Direct (Rosslare-Dunkirk),Nordic Freight Lines,682.0,342.29,2,Y
705611,2025-02-09,EU Direct (Rosslare-Dunkirk),Nordic Freight Lines,1564.0,789.67,3,Y
703247,2024-09-25,EU Direct (Dublin-Cherbourg),Atlantic Cargo Ferries,2717.0,1834.01,,Y
701416,2025-11-21,UK Landbridge (Dublin-Holyhead),Celtic Sealink,1316.0,533.73,1,N
703198,2024-01-19,EU Direct (Dublin-Cherbourg),Atlantic Cargo Ferries,1044.0,666.22,3,Y
705398,2024-07-15,EU Direct (Rosslare-Dunkirk),Atlantic Cargo Ferries,2595.0,1728.88,1,Y
701959,2025-10-14,UK Landbridge (Dublin-Holyhead),Nordic Freight Lines,1892.0,708.46,1,Y
703693,2024-09-12,EU Direct (Dublin-Cherbourg),Atlantic Cargo Ferries,1223.0,748.92,2,Y
701855,2025-09-22,UK Landbridge (Dublin-Holyhead),Celtic Sealink,1149.0,512.14,1,Y
705139,2024-04-14,EU Direct (Rosslare-Dunkirk),Atlantic Cargo Ferries,1329.0,892.5,1,Y
702152,2024-06-11,UK Landbridge (Dublin-Holyhead),Nordic Freight Lines,2273.0,823.96,2,Y
701132,2024-02-20,UK Landbridge (Dublin-Holyhead),Celtic Sealink,2205.0,856.79,1,Y
704541,2024-01-13,EU Direct (Dublin-Cherbourg), Atlantic Cargo Ferries ,1865.0,1295.3,2,Y
704906,2025-01-25,EU Direct (Rosslare-Dunkirk),Atlantic Cargo Ferries,1891.0,1184.33,2,Y
704927,2024-02-27,EU Direct (Rosslare-Dunkirk),Nordic Freight Lines,3324.0,1788.2,1,Y
703990,2024-10-28,EU Direct (Dublin-Cherbourg), Celtic Sealink ,375.0,233.91,2,Y
701217,2024-01-20,UK Landbridge (Dublin-Holyhead),Nordic Freight Lines,2190.0,796.35,,Y
701443,2024-08-23,UK Landbridge (Dublin-Holyhead),Nordic Freight Lines,1372.0,529.76,1,Y
700594,2024-12-14,UK Landbridge (Dublin-Holyhead),Celtic Sealink,1922.0,833.98,1,Y
705152,2025-01-31,EU Direct (Rosslare-Dunkirk),Atlantic Cargo Ferries,695.0,466.46,3,Y
704399,2024-11-07,EU Direct (Dublin-Cherbourg),Atlantic Cargo Ferries,2250.0,1496.53,2,Y
701442,2024-01-09,UK Landbridge (Dublin-Holyhead),NORDIC FREIGHT LINES,2390.0,890.37,,Y
705515,2024-06-30,EU Direct (Rosslare-Dunkirk), Atlantic Cargo Ferries ,2130.0,1306.86,2,Y
704575,2025-07-18,EU Direct (Dublin-Cherbourg),Atlantic Cargo Ferries,1680.0,1197.46,2,Y
704783,2025-05-04,EU Direct (Rosslare-Dunkirk),Nordic Freight Lines,709.0,382.14,2,Y
700494,2024-12-03,UK Landbridge (Dublin-Holyhead),Celtic Sealink,749.0,330.81,1,Y
704095,2024-05-22,EU Direct (Dublin-Cherbourg),ATLANTIC CARGO FERRIES,2452.0,1636.8,2,N
704048,2025-01-06,EU Direct (Dublin-Cherbourg),Atlantic Cargo Ferries,2341.0,1470.21,2,Y
703224,2025-07-14,EU Direct (Dublin-Cherbourg),Celtic Sealink,1384.0,835.53,2,Y
704265,2025-12-13,EU Direct (Dublin-Cherbourg),Celtic Sealink,404.0,230.02,2,Y
701225,2025-05-08,UK Landbridge (Dublin-Holyhead),Celtic Sealink,2442.0,963.34,1,N
702582,2025-10-30,UK Landbridge (Dublin-Holyhead),Nordic Freight Lines,1943.0,723.58,1,Y
703463,2025-01-10,EU Direct (Dublin-Cherbourg),CELTIC SEALINK,1958.0,1198.23,1,Y
703485,2025-12-10,EU Direct (Dublin-Cherbourg),Celtic Sealink,2484.0,1384.52,2,Y
700644,2025-06-14,UK Landbridge (Dublin-Holyhead),Nordic Freight Lines,1835.0,647.54,1,Y
700476,2025-06-28,UK Landbridge (Dublin-Holyhead),Nordic Freight Lines,1399.0,499.06,1,Y
705385,2025-06-11,EU Direct (Rosslare-Dunkirk),Atlantic Cargo Ferries,1798.0,1044.73,2,Y
703498,2025-09-27,EU Direct (Dublin-Cherbourg),Celtic Sealink,2332.0,1279.47,2,Y
705538,2025-02-18,EU Direct (Rosslare-Dunkirk),nordic freight lines,2660.0,1282.29,2,Y
705012,2025-03-22,EU Direct (Rosslare-Dunkirk),NORDIC FREIGHT LINES,801.0,392.69,2,Y
700633,2025-11-01,UK Landbridge (Dublin-Holyhead),Nordic Freight Lines,1100.0,429.29,2,Y
701809,2024-12-04,UK Landbridge (Dublin-Holyhead),nordic freight lines,1275.0,486.9,2,Y
700240,2025-10-17,UK Landbridge (Dublin-Holyhead),Celtic Sealink,638.0,261.48,1,Y
703679,2025-11-15,EU Direct (Dublin-Cherbourg),atlantic cargo ferries,4112.0,2657.06,3,Y
705923,2025-08-12,EU Direct (Rosslare-Dunkirk),ATLANTIC CARGO FERRIES,3356.0,2152.43,2,Y
704113,2024-07-24,EU Direct (Dublin-Cherbourg),Atlantic Cargo Ferries,1275.0,797.55,2,Y
704406,2024-01-02,EU Direct (Dublin-Cherbourg),Celtic Sealink,908.0,510.49,2,Y
700725,2024-07-09,UK Landbridge (Dublin-Holyhead), Celtic Sealink ,1482.0,646.74,1,Y
701363,2024-07-12,UK Landbridge (Dublin-Holyhead),Celtic Sealink,1486.0,652.15,1,Y
700886,2024-10-31,UK Landbridge (Dublin-Holyhead),Nordic Freight Lines,2090.0,808.15,1,Y
704454,2024-03-19,EU Direct (Dublin-Cherbourg),Atlantic Cargo Ferries,1643.0,1029.65,2,Y
705879,2025-08-07,EU Direct (Rosslare-Dunkirk),Nordic Freight Lines,155.0,82.3,2,Y
703157,2025-02-24,EU Direct (Dublin-Cherbourg),Celtic Sealink,1349.0,745.32,2,N
700056,2024-09-21,UK Landbridge (Dublin-Holyhead),Nordic Freight Lines,1717.0,681.75,1,Y
705989,2024-07-10,EU Direct (Rosslare-Dunkirk),Nordic Freight Lines,1698.0,890.26,2,Y
705167,2024-06-23,EU Direct (Rosslare-Dunkirk),Atlantic Cargo Ferries,50,33.39,2,Y
705239,2024-06-21,EU Direct (Rosslare-Dunkirk),Nordic Freight Lines,1145.0,528.58,2,N
705163,2025-05-03,EU Direct (Rosslare-Dunkirk),Nordic Freight Lines,3737.0,1778.81,2,Y
705351,2025-03-08,EU Direct (Rosslare-Dunkirk),Nordic Freight Lines,1998.0,1077.14,2,Y
704301,2025-07-13,EU Direct (Dublin-Cherbourg),celtic sealink,1899.0,1068.79,2,Y
700140,2025-06-18,UK Landbridge (Dublin-Holyhead), Nordic Freight Lines ,1792.0,656.48,1,Y
702075,2025-09-04,UK Landbridge (Dublin-Holyhead),Nordic Freight Lines,2362.0,892.66,1,N
701477,2025-06-01,UK Landbridge (Dublin-Holyhead),Celtic Sealink,2118.0,918.1,1,Y
703363,2024-08-28,EU Direct (Dublin-Cherbourg),Atlantic Cargo Ferries,2923.0,1845.83,3,Y
701069,2024-06-23,UK Landbridge (Dublin-Holyhead),Nordic Freight Lines,2559.0,1034.06,,N
702878,2025-11-08,UK Landbridge (Dublin-Holyhead),Celtic Sealink,2302.0,906.18,1,Y
703643,2025-06-12,EU Direct (Dublin-Cherbourg),Celtic Sealink,2130.0,1310.35,2,Y
702065,2024-03-26,UK Landbridge (Dublin-Holyhead),Celtic Sealink,914.0,412.23,1,N
705567,2025-04-01,EU Direct (Rosslare-Dunkirk),atlantic cargo ferries,1636.0,1057.08,2,Y
702797,2025-05-01,UK Landbridge (Dublin-Holyhead),Nordic Freight Lines,1654.0,611.06,1,Y
704360,2024-01-25,EU Direct (Dublin-Cherbourg),Celtic Sealink,2606.0,1519.71,2,Y
701929,2024-08-17,UK Landbridge (Dublin-Holyhead),Celtic Sealink,2659.0,1158.59,1,Y
702739,2025-12-10,UK Landbridge (Dublin-Holyhead),Celtic Sealink,1702.0,671.36,1,Y
702184,2024-12-30,UK Landbridge (Dublin-Holyhead),Nordic Freight Lines,1859.0,682.04,1,Y
703418,2024-06-11,EU Direct (Dublin-Cherbourg),Atlantic Cargo Ferries,92.0,56.15,2,Y
700811,2025-03-21,UK Landbridge (Dublin-Holyhead),Celtic Sealink,1554.0,614.05,2,Y
700169,2024-01-15,UK Landbridge (Dublin-Holyhead),Celtic Sealink,437.0,192.08,1,Y
700477,2024-03-12,UK Landbridge (Dublin-Holyhead),Celtic Sealink,1439.0,615.25,1,Y
703313,2024-12-30,EU Direct (Dublin-Cherbourg),Atlantic Cargo Ferries,679.0,418.1,2,Y
703604,2024-01-05,EU Direct (Dublin-Cherbourg),Celtic Sealink,50,30.21,2,Y
701403,2025-07-03,UK Landbridge (Dublin-Holyhead),Nordic Freight Lines,1496.0,529.62,1,Y
703629,2025-10-13,EU Direct (Dublin-Cherbourg),Atlantic Cargo Ferries,3227.0,2179.17,2,Y
702542,2024-02-17,UK Landbridge (Dublin-Holyhead),Nordic Freight Lines,1032.0,369.16,1,Y
701111,2025-09-23,UK Landbridge (Dublin-Holyhead),Nordic Freight Lines,1382.0,557.24,1,Y
701526,2024-01-02,UK Landbridge (Dublin-Holyhead),Nordic Freight Lines,1996.0,723.94,2,N
700501,2024-11-06,UK Landbridge (Dublin-Holyhead), Nordic Freight Lines ,50,19.23,1,Y
700024,2025-09-07,UK Landbridge (Dublin-Holyhead),Nordic Freight Lines,1963.0,805.17,1,Y
700595,2024-06-07,UK Landbridge (Dublin-Holyhead),Celtic Sealink,2671.0,1203.57,1,Y
704284,2024-11-14,EU Direct (Dublin-Cherbourg),Atlantic Cargo Ferries,2954.0,1901.15,2,N
702398,2024-01-13,UK Landbridge (Dublin-Holyhead),Celtic Sealink,3253.0,1391.92,1,Y
704439,2025-03-30,EU Direct (Dublin-Cherbourg),Celtic Sealink,3201.0,1744.9,2,Y
704737,2025-07-02,EU Direct (Rosslare-Dunkirk),Atlantic Cargo Ferries,1193.0,736.21,2,Y
705022,2024-05-06,EU Direct (Rosslare-Dunkirk),Nordic Freight Lines,4100.0,1906.63,2,Y
702977,2025-02-07,EU Direct (Dublin-Cherbourg),Celtic Sealink,1994.0,1084.34,2,Y
705026,2024-09-17,EU Direct (Rosslare-Dunkirk),Nordic Freight Lines,1940.0,900.65,2,Y
703017,2025-12-17,EU Direct (Dublin-Cherbourg),Celtic Sealink,278.0,167.75,2,Y
703764,2025-02-01,EU Direct (Dublin-Cherbourg),Atlantic Cargo Ferries,1464.0,1040.46,2,Y
703228,2025-05-20,EU Direct (Dublin-Cherbourg),Celtic Sealink,1719.0,1007.94,2,Y
705320,2025-04-01,EU Direct (Rosslare-Dunkirk),Nordic Freight Lines,2713.0,1350.86,2,Y
702676,2025-12-26,UK Landbridge (Dublin-Holyhead),Celtic Sealink,-695.0,294.65,2,Y
703321,2025-11-02,EU Direct (Dublin-Cherbourg),Celtic Sealink,50,29.67,2,Y
703899,2024-10-24,EU Direct (Dublin-Cherbourg),Celtic Sealink,2708.0,1608.85,2,Y
703769,2024-09-04,EU Direct (Dublin-Cherbourg),Atlantic Cargo Ferries,1179.0,794.26,2,Y
700460,2024-04-17,UK Landbridge (Dublin-Holyhead),nordic freight lines,1900.0,687.3,1,Y
703885,2024-05-07,EU Direct (Dublin-Cherbourg),Atlantic Cargo Ferries,2813.0,1887.62,3,N
704802,2025-09-06,EU Direct (Rosslare-Dunkirk),Atlantic Cargo Ferries,2124.0,1390.87,2,Y
700944,2025-06-21,UK Landbridge (Dublin-Holyhead),Celtic Sealink,1926.0,750.65,1,Y
700891,2025-12-27,UK Landbridge (Dublin-Holyhead),Nordic Freight Lines,2073.0,783.8,1,Y
700357,2025-01-12,UK Landbridge (Dublin-Holyhead), Celtic Sealink ,2369.0,1011.94,1,Y
705981,2025-08-24,EU Direct (Rosslare-Dunkirk),Nordic Freight Lines,2424.0,1146.62,2,N
700158,2025-10-19,UK Landbridge (Dublin-Holyhead),Celtic Sealink,579.0,260.87,1,Y
704878,2024-09-16,EU Direct (Rosslare-Dunkirk),Nordic Freight Lines,1846.0,972.2,2,N
700925,2024-03-15,UK Landbridge (Dublin-Holyhead),Celtic Sealink,1677.0,694.83,1,Y
703964,2025-01-01,EU Direct (Dublin-Cherbourg),Celtic Sealink,1756.0,1093.59,2,Y
701886,2025-12-12,UK Landbridge (Dublin-Holyhead),Nordic Freight Lines,1976.0,710.16,1,Y
701466,2025-04-01,UK Landbridge (Dublin-Holyhead),Nordic Freight Lines,894.0,318.96,1,Y
701700,2024-02-28,UK Landbridge (Dublin-Holyhead),Celtic Sealink,2593.0,1156.69,1,Y
700103,2025-08-29,UK Landbridge (Dublin-Holyhead),Nordic Freight Lines,1682.0,594.76,1,N
700204,2025-04-09,UK Landbridge (Dublin-Holyhead),Celtic Sealink,2108.0,866.04,1,Y
704140,2024-12-30,EU Direct (Dublin-Cherbourg),CELTIC SEALINK,2180.0,1175.89,2,Y
702601,2025-09-03,UK Landbridge (Dublin-Holyhead),Nordic Freight Lines,2045.0,755.97,1,Y
702710,2025-08-28,UK Landbridge (Dublin-Holyhead),Celtic Sealink,775.0,321.93,1,Y
703149,2024-01-20,EU Direct (Dublin-Cherbourg),Atlantic Cargo Ferries,1942.0,1260.31,2,Y
703238,2025-11-30,EU Direct (Dublin-Cherbourg),Atlantic Cargo Ferries,301.0,203.89,1,N
700788,2025-06-11,UK Landbridge (Dublin-Holyhead), Nordic Freight Lines ,2231.0,895.7,1,Y
704974,2024-11-06,EU Direct (Rosslare-Dunkirk),Atlantic Cargo Ferries,2653.0,1710.83,3,Y
704121,2024-09-15,EU Direct (Dublin-Cherbourg),Celtic Sealink,2247.0,1213.55,1,Y
700011,2025-02-07,UK Landbridge (Dublin-Holyhead), Celtic Sealink ,3021.0,1284.44,1,Y
700561,2025-09-18,UK Landbridge (Dublin-Holyhead),Nordic Freight Lines,3071.0,1119.35,2,Y
703050,2025-02-14,EU Direct (Dublin-Cherbourg),Celtic Sealink,2244.0,1247.29,,Y
704316,2025-06-19,EU Direct (Dublin-Cherbourg),Atlantic Cargo Ferries,2796.0,1742.48,2,Y
704014,2024-08-22,EU Direct (Dublin-Cherbourg),Celtic Sealink,1474.0,820.94,2,Y
702016,2024-07-11,UK Landbridge (Dublin-Holyhead),Celtic Sealink,1100.0,455.49,1,Y
701853,2025-11-04,UK Landbridge (Dublin-Holyhead),Nordic Freight Lines,1711.0,691.91,1,Y
704742,2025-01-31,EU Direct (Rosslare-Dunkirk),Atlantic Cargo Ferries,2321.0,1456.94,2,Y
705021,2024-06-22,EU Direct (Rosslare-Dunkirk),Nordic Freight Lines,1680.0,865.13,2,Y
703773,2025-12-04,EU Direct (Dublin-Cherbourg),Celtic Sealink,107.0,59.76,2,Y
704657,2025-09-19,EU Direct (Rosslare-Dunkirk),Nordic Freight Lines,1787.0,924.66,2,Y
703343,2025-04-16,EU Direct (Dublin-Cherbourg),Celtic Sealink,2334.0,1288.7,2,Y
703554,2025-02-01,EU Direct (Dublin-Cherbourg),Celtic Sealink,1270.0,710.45,2,Y
700872,2025-12-24,UK Landbridge (Dublin-Holyhead),Celtic Sealink,1669.0,740.0,1,Y
701364,2024-05-03,UK Landbridge (Dublin-Holyhead),Nordic Freight Lines,3901.0,1375.74,2,N
704350,2024-03-12,EU Direct (Dublin-Cherbourg),Atlantic Cargo Ferries,2309.0,1584.52,2,Y
700190,2024-02-23,UK Landbridge (Dublin-Holyhead),Nordic Freight Lines,2115.0,871.74,1,Y
703893,2024-11-28,EU Direct (Dublin-Cherbourg),Celtic Sealink,2042.0,1186.28,2,Y
705634,2024-12-24,EU Direct (Rosslare-Dunkirk),Nordic Freight Lines,1382.0,647.24,3,Y
701762,2025-11-20,UK Landbridge (Dublin-Holyhead),Nordic Freight Lines,2172.0,772.44,1,Y
704354,2025-08-19,EU Direct (Dublin-Cherbourg),ATLANTIC CARGO FERRIES,2544.0,1783.51,2,Y
704366,2024-07-26,EU Direct (Dublin-Cherbourg),Atlantic Cargo Ferries,1938.0,1378.73,3,N
705234,2025-02-25,EU Direct (Rosslare-Dunkirk),ATLANTIC CARGO FERRIES,439.0,273.89,2,Y
703958,2025-08-01,EU Direct (Dublin-Cherbourg),Atlantic Cargo Ferries,1959.0,1302.04,1,Y
701769,2024-01-26,UK Landbridge (Dublin-Holyhead),CELTIC SEALINK,1397.0,622.14,1,Y
701906,2024-09-22,UK Landbridge (Dublin-Holyhead),Celtic Sealink,1790.0,798.77,1,Y
704557,2024-05-16,EU Direct (Dublin-Cherbourg),Atlantic Cargo Ferries,50,31.75,1,Y
700135,2024-11-28,UK Landbridge (Dublin-Holyhead),Celtic Sealink,1899.0,797.08,1,Y
701954,2025-11-29,UK Landbridge (Dublin-Holyhead),Nordic Freight Lines,1886.0,762.95,1,Y
703587,2025-08-22,EU Direct (Dublin-Cherbourg), Celtic Sealink ,3390.0,1871.62,3,Y
703786,2025-07-06,EU Direct (Dublin-Cherbourg),CELTIC SEALINK,1950.0,1151.82,2,Y
702983,2025-11-01,EU Direct (Dublin-Cherbourg),Atlantic Cargo Ferries,627.0,390.9,2,Y
704949,2025-09-11,EU Direct (Rosslare-Dunkirk),Atlantic Cargo Ferries,2100.0,1274.37,2,Y
703304,2025-01-29,EU Direct (Dublin-Cherbourg),Atlantic Cargo Ferries,2297.0,1583.58,2,N
700993,2024-09-21,UK Landbridge (Dublin-Holyhead),Nordic Freight Lines,1785.0,708.44,1,Y
705391,2024-10-10,EU Direct (Rosslare-Dunkirk),Nordic Freight Lines,3009.0,1625.11,2,Y
702818,2025-05-25,UK Landbridge (Dublin-Holyhead),Nordic Freight Lines,1213.0,457.27,1,Y
701042,2025-01-15,UK Landbridge (Dublin-Holyhead),Celtic Sealink,2578.0,1167.66,1,Y
705824,2024-05-06,EU Direct (Rosslare-Dunkirk),Nordic Freight Lines,1316.0,633.21,2,Y
705056,2025-07-23,EU Direct (Rosslare-Dunkirk),Nordic Freight Lines,2826.0,1367.42,2,Y
702515,2025-03-24,UK Landbridge (Dublin-Holyhead),Celtic Sealink,2500.0,981.97,1,Y
703052,2024-11-08,EU Direct (Dublin-Cherbourg),Atlantic Cargo Ferries,1018.0,635.7,3,N
701731,2025-05-21,UK Landbridge (Dublin-Holyhead),Celtic Sealink,2325.0,972.6,2,Y
704711,2025-10-27,EU Direct (Rosslare-Dunkirk),Atlantic Cargo Ferries,994.0,668.37,2,Y
701607,2024-06-10,UK Landbridge (Dublin-Holyhead),Nordic Freight Lines,2872.0,1018.69,1,Y
705365,2024-12-05,EU Direct (Rosslare-Dunkirk),Atlantic Cargo Ferries,1208.0,727.96,3,N
702803,2024-09-11,UK Landbridge (Dublin-Holyhead),Nordic Freight Lines,761.0,272.99,1,Y
703935,2024-02-12,EU Direct (Dublin-Cherbourg),Celtic Sealink,1192.0,660.66,2,Y
703884,2024-10-04,EU Direct (Dublin-Cherbourg),Celtic Sealink,2012.0,1240.6,2,Y
705121,2025-05-11,EU Direct (Rosslare-Dunkirk),Nordic Freight Lines,3223.0,1592.64,3,Y
704020,2024-11-06,EU Direct (Dublin-Cherbourg),Atlantic Cargo Ferries,1810.0,1103.18,3,Y
704799,2024-10-11,EU Direct (Rosslare-Dunkirk),Nordic Freight Lines,2215.0,1146.16,1,Y
704496,2025-10-17,EU Direct (Dublin-Cherbourg),Celtic Sealink,2802.0,1559.07,3,N
705976,2024-11-09,EU Direct (Rosslare-Dunkirk),Atlantic Cargo Ferries,2072.0,1362.91,2,N
705406,2024-05-01,EU Direct (Rosslare-Dunkirk),Atlantic Cargo Ferries,2075.0,1257.08,2,Y
700850,2025-10-30,UK Landbridge (Dublin-Holyhead),Nordic Freight Lines,3154.0,1272.42,1,N
703900,2024-11-07,EU Direct (Dublin-Cherbourg),CELTIC SEALINK,2165.0,1286.71,2,Y
704736,2024-11-04,EU Direct (Rosslare-Dunkirk),Atlantic Cargo Ferries,135.0,87.3,2,Y
701900,2024-06-09,UK Landbridge (Dublin-Holyhead),Nordic Freight Lines,3541.0,1247.66,1,Y
701320,2024-06-13,UK Landbridge (Dublin-Holyhead),Celtic Sealink,2618.0,1181.39,1,Y
704615,2024-03-05,EU Direct (Dublin-Cherbourg),Atlantic Cargo Ferries,2187.0,1426.22,2,Y
704353,2024-08-06,EU Direct (Dublin-Cherbourg),Atlantic Cargo Ferries,1975.0,1253.76,2,Y
701019,2025-07-13,UK Landbridge (Dublin-Holyhead), Nordic Freight Lines ,1446.0,537.01,1,Y
705214,2025-08-01,EU Direct (Rosslare-Dunkirk),Atlantic Cargo Ferries,3789.0,2390.07,2,Y
700985,2024-07-25,UK Landbridge (Dublin-Holyhead),Celtic Sealink,3134.0,1212.52,1,N
701252,2024-12-06,UK Landbridge (Dublin-Holyhead),Celtic Sealink,1247.0,547.49,1,Y
700489,2024-11-06,UK Landbridge (Dublin-Holyhead),Nordic Freight Lines,1456.0,547.59,1,Y
703302,2025-10-18,EU Direct (Dublin-Cherbourg),Celtic Sealink,134.0,82.79,2,Y
702048,2024-06-18,UK Landbridge (Dublin-Holyhead),Nordic Freight Lines,2394.0,891.64,1,Y
702868,2024-10-17,UK Landbridge (Dublin-Holyhead),Nordic Freight Lines,3179.0,1152.63,1,Y
704778,2024-10-09,EU Direct (Rosslare-Dunkirk),Nordic Freight Lines,1690.0,910.8,2,Y
703920,2024-12-10,EU Direct (Dublin-Cherbourg),Atlantic Cargo Ferries,1908.0,1238.62,2,Y
705002,2024-11-23,EU Direct (Rosslare-Dunkirk),Nordic Freight Lines,2925.0,1457.09,2,Y
705521,2025-04-22,EU Direct (Rosslare-Dunkirk),NORDIC FREIGHT LINES,1856.0,941.73,2,Y
700049,2024-03-31,UK Landbridge (Dublin-Holyhead),Celtic Sealink,1776.0,785.56,1,Y
700956,2024-08-28,UK Landbridge (Dublin-Holyhead),Celtic Sealink,3323.0,1325.45,,Y
702961,2025-10-23,EU Direct (Dublin-Cherbourg),Celtic Sealink,1733.0,940.92,2,Y
700064,2024-01-28,UK Landbridge (Dublin-Holyhead),Nordic Freight Lines,2472.0,875.68,1,Y
704521,2025-09-06,EU Direct (Dublin-Cherbourg),celtic sealink,2452.0,1367.6,2,Y
702489,2025-01-06,UK Landbridge (Dublin-Holyhead),Celtic Sealink,1240.0,515.2,2,Y
704126,2025-05-22,EU Direct (Dublin-Cherbourg), Atlantic Cargo Ferries ,1226.0,753.81,2,Y
700181,2025-06-02,UK Landbridge (Dublin-Holyhead),Nordic Freight Lines,894.0,334.29,1,Y
704925,2025-06-27,EU Direct (Rosslare-Dunkirk),Nordic Freight Lines,2218.0,1043.29,2,Y
701848,2025-10-17,UK Landbridge (Dublin-Holyhead),Nordic Freight Lines,1707.0,683.17,1,Y
701506,2024-08-24,UK Landbridge (Dublin-Holyhead),Celtic Sealink,2088.0,876.32,1,Y
702045,2024-03-14,UK Landbridge (Dublin-Holyhead),Celtic Sealink,1292.0,520.36,1,Y
705973,2025-03-15,EU Direct (Rosslare-Dunkirk),Nordic Freight Lines,2225.0,1103.27,3,Y
704959,2025-09-18,EU Direct (Rosslare-Dunkirk),Nordic Freight Lines,203.0,107.68,1,N
704388,2024-03-06,EU Direct (Dublin-Cherbourg),celtic sealink,106.0,61.66,2,Y
700247,2024-02-02,UK Landbridge (Dublin-Holyhead),Celtic Sealink,2386.0,970.18,1,N
704165,2025-12-01,EU Direct (Dublin-Cherbourg),Celtic Sealink,644.0,385.36,1,Y
701228,2024-07-31,UK Landbridge (Dublin-Holyhead),nordic freight lines,1820.0,747.95,2,Y
702000,2025-03-21,UK Landbridge (Dublin-Holyhead),Celtic Sealink,1223.0,518.42,1,Y
700876,2024-10-18,UK Landbridge (Dublin-Holyhead),CELTIC SEALINK,1745.0,775.02,1,Y
704342,2024-06-01,EU Direct (Dublin-Cherbourg),Celtic Sealink,2819.0,1557.45,2,Y
701931,2024-10-31,UK Landbridge (Dublin-Holyhead),Celtic Sealink,3274.0,1389.62,1,Y
704379,2024-08-21,EU Direct (Dublin-Cherbourg),Atlantic Cargo Ferries,3846.0,2522.84,1,Y
704658,2025-12-08,EU Direct (Rosslare-Dunkirk),Nordic Freight Lines,2634.0,1307.54,,Y
703064,2025-11-09,EU Direct (Dublin-Cherbourg),Celtic Sealink,1270.0,697.38,3,N
705187,2024-10-11,EU Direct (Rosslare-Dunkirk),Nordic Freight Lines,3168.0,1512.35,2,Y
705345,2025-06-03,EU Direct (Rosslare-Dunkirk),Nordic Freight Lines,2764.0,1318.53,3,Y
702380,2025-05-23,UK Landbridge (Dublin-Holyhead),celtic sealink,1856.0,753.58,1,Y
702363,2025-10-09,UK Landbridge (Dublin-Holyhead),Celtic Sealink,485.0,204.01,1,Y
704620,2024-04-13,EU Direct (Rosslare-Dunkirk),Nordic Freight Lines,1115.0,524.73,2,Y
700988,2025-11-26,UK Landbridge (Dublin-Holyhead),Nordic Freight Lines,2950.0,1133.18,1,Y
702905,2025-09-21,EU Direct (Dublin-Cherbourg),Celtic Sealink,1173.0,661.41,2,Y
704273,2024-01-29,EU Direct (Dublin-Cherbourg),Celtic Sealink,1710.0,991.67,3,Y
704717,2024-04-11,EU Direct (Rosslare-Dunkirk),Nordic Freight Lines,790.0,383.31,3,Y
705103,2025-02-13,EU Direct (Rosslare-Dunkirk),ATLANTIC CARGO FERRIES,2571.0,1671.77,2,N
705541,2025-11-25,EU Direct (Rosslare-Dunkirk),Nordic Freight Lines,50,24.22,2,Y
702804,2024-08-17,UK Landbridge (Dublin-Holyhead),Nordic Freight Lines,1617.0,568.94,1,Y
701324,2024-08-09,UK Landbridge (Dublin-Holyhead),CELTIC SEALINK,3642.0,1515.24,1,Y
704563,2025-04-13,EU Direct (Dublin-Cherbourg),Atlantic Cargo Ferries,1715.0,1153.99,2,Y
704309,2025-07-04,EU Direct (Dublin-Cherbourg),Atlantic Cargo Ferries,2143.0,1424.26,,Y
702872,2024-02-28,UK Landbridge (Dublin-Holyhead),Celtic Sealink,1386.0,549.26,1,Y
703733,2024-03-05,EU Direct (Dublin-Cherbourg),Celtic Sealink,1860.0,1096.4,2,Y
700410,2024-05-17,UK Landbridge (Dublin-Holyhead),Nordic Freight Lines,1221.0,501.35,1,Y
701244,2024-03-09,UK Landbridge (Dublin-Holyhead),Nordic Freight Lines,681.0,264.19,2,Y
701413,2024-02-10,UK Landbridge (Dublin-Holyhead),Nordic Freight Lines,50,19.4,1,Y
705376,2025-02-25,EU Direct (Rosslare-Dunkirk),Atlantic Cargo Ferries,341.0,207.4,2,Y
700257,2025-11-15,UK Landbridge (Dublin-Holyhead),Celtic Sealink,968.0,381.85,1,Y
705184,2025-03-11,EU Direct (Rosslare-Dunkirk),Nordic Freight Lines,2127.0,1131.86,2,Y
703091,2025-01-09,EU Direct (Dublin-Cherbourg),Celtic Sealink,3110.0,1908.6,2,Y
704612,2024-07-25,EU Direct (Dublin-Cherbourg),Celtic Sealink,1560.0,949.09,2,Y
704256,2024-03-22,EU Direct (Dublin-Cherbourg),Atlantic Cargo Ferries,50,32.65,2,Y
700433,2024-05-05,UK Landbridge (Dublin-Holyhead),Celtic Sealink,966.0,382.69,1,Y
702447,2024-03-01,UK Landbridge (Dublin-Holyhead),Celtic Sealink,1295.0,583.66,1,Y
702737,2025-03-24,UK Landbridge (Dublin-Holyhead),Celtic Sealink,4690.0,1890.59,1,Y
704443,2024-06-06,EU Direct (Dublin-Cherbourg),Atlantic Cargo Ferries,1621.0,1085.41,2,N
704232,2024-02-27,EU Direct (Dublin-Cherbourg),Atlantic Cargo Ferries,2762.0,1775.72,,Y
700959,2025-02-16,UK Landbridge (Dublin-Holyhead),Nordic Freight Lines,2653.0,1076.68,1,Y
705986,2025-03-27,EU Direct (Rosslare-Dunkirk),Atlantic Cargo Ferries,2734.0,1741.47,2,N
703062,2025-12-07,EU Direct (Dublin-Cherbourg),Celtic Sealink,2491.0,1358.59,,Y
703665,2025-05-22,EU Direct (Dublin-Cherbourg),Atlantic Cargo Ferries,332.0,229.98,2,Y
704119,2024-09-20,EU Direct (Dublin-Cherbourg),Celtic Sealink,643.0,397.1,2,N
704506,2024-09-23,EU Direct (Dublin-Cherbourg),ATLANTIC CARGO FERRIES,1654.0,1017.75,2,Y
703119,2025-04-26,EU Direct (Dublin-Cherbourg),Celtic Sealink,3232.0,1953.31,2,Y
700669,2025-04-25,UK Landbridge (Dublin-Holyhead),Celtic Sealink,977.0,432.64,1,Y
702731,2024-09-06,UK Landbridge (Dublin-Holyhead),Celtic Sealink,1515.0,613.03,1,Y
705944,2025-06-08,EU Direct (Rosslare-Dunkirk),Nordic Freight Lines,2855.0,1384.58,2,Y
704659,2025-09-17,EU Direct (Rosslare-Dunkirk),Nordic Freight Lines,2537.0,1291.11,2,Y
700542,2025-05-24,UK Landbridge (Dublin-Holyhead),Nordic Freight Lines,1368.0,490.34,1,Y
704976,2025-12-17,EU Direct (Rosslare-Dunkirk),Nordic Freight Lines,1862.0,905.11,2,Y
705282,2024-09-03,EU Direct (Rosslare-Dunkirk),Nordic Freight Lines,1360.0,723.01,2,Y
705675,2024-08-28,EU Direct (Rosslare-Dunkirk),Atlantic Cargo Ferries,2444.0,1640.44,2,N
702290,2024-08-16,UK Landbridge (Dublin-Holyhead),Celtic Sealink,1576.0,622.82,1,Y
703528,2024-06-13,EU Direct (Dublin-Cherbourg),Celtic Sealink,1162.0,647.17,3,Y
704114,2024-08-27,EU Direct (Dublin-Cherbourg),Atlantic Cargo Ferries,1888.0,1178.58,2,Y
702917,2025-11-22,EU Direct (Dublin-Cherbourg),Atlantic Cargo Ferries,960.0,600.99,2,Y
701013,2025-02-01,UK Landbridge (Dublin-Holyhead),Celtic Sealink,2272.0,937.98,1,Y
705617,2024-03-28,EU Direct (Rosslare-Dunkirk),Atlantic Cargo Ferries,1739.0,1034.23,2,Y
702966,2024-02-28,EU Direct (Dublin-Cherbourg),Celtic Sealink,2000.0,1217.04,2,Y
701337,2024-03-18,UK Landbridge (Dublin-Holyhead),Nordic Freight Lines,1348.0,523.38,1,Y
701346,2025-11-11,UK Landbridge (Dublin-Holyhead),Nordic Freight Lines,2285.0,898.42,2,Y
700239,2024-02-25,UK Landbridge (Dublin-Holyhead),Nordic Freight Lines,395.0,154.64,1,Y
700071,2024-01-10,UK Landbridge (Dublin-Holyhead),Celtic Sealink,1676.0,717.81,1,Y
700081,2025-06-12,UK Landbridge (Dublin-Holyhead),Celtic Sealink,2295.0,932.42,1,Y
703934,2025-09-04,EU Direct (Dublin-Cherbourg),Atlantic Cargo Ferries,2853.0,1994.54,2,Y
703230,2024-08-27,EU Direct (Dublin-Cherbourg),Atlantic Cargo Ferries,1790.0,1256.42,2,Y
704850,2025-02-09,EU Direct (Rosslare-Dunkirk),Nordic Freight Lines,50,24.92,2,Y
701148,2024-07-14,UK Landbridge (Dublin-Holyhead),CELTIC SEALINK,2816.0,1242.57,1,Y
701480,2024-02-11,UK Landbridge (Dublin-Holyhead),CELTIC SEALINK,1858.0,750.14,1,Y
704904,2025-10-02,EU Direct (Rosslare-Dunkirk),Nordic Freight Lines,2899.0,1558.16,2,Y
700626,2025-04-14,UK Landbridge (Dublin-Holyhead),Celtic Sealink,2501.0,1064.91,1,Y
703688,2025-06-27,EU Direct (Dublin-Cherbourg),atlantic cargo ferries,1736.0,1155.98,2,Y
700701,2024-08-29,UK Landbridge (Dublin-Holyhead),Celtic Sealink,2419.0,964.04,1,Y
703988,2025-12-30,EU Direct (Dublin-Cherbourg),Atlantic Cargo Ferries,2611.0,1770.46,1,Y
705294,2025-12-08,EU Direct (Rosslare-Dunkirk),Atlantic Cargo Ferries,2796.0,1681.23,2,Y
705255,2025-06-11,EU Direct (Rosslare-Dunkirk),Nordic Freight Lines,1682.0,870.86,2,Y
705292,2024-09-06,EU Direct (Rosslare-Dunkirk),Atlantic Cargo Ferries,50,30.09,2,N
704858,2025-08-29,EU Direct (Rosslare-Dunkirk),Nordic Freight Lines,1193.0,560.8,,Y
703787,2024-05-08,EU Direct (Dublin-Cherbourg),Atlantic Cargo Ferries,1459.0,1002.72,1,Y
700579,2025-07-06,UK Landbridge (Dublin-Holyhead),Nordic Freight Lines,3748.0,1508.06,1,Y
701922,2024-03-04,UK Landbridge (Dublin-Holyhead),Nordic Freight Lines,-2721.0,1080.05,1,Y
703655,2024-05-09,EU Direct (Dublin-Cherbourg),Celtic Sealink,737.0,417.18,1,Y
705086,2025-06-18,EU Direct (Rosslare-Dunkirk),Nordic Freight Lines,1929.0,904.39,2,N
705616,2024-09-01,EU Direct (Rosslare-Dunkirk),Atlantic Cargo Ferries,1155.0,748.15,2,Y
703374,2024-10-13,EU Direct (Dublin-Cherbourg),Atlantic Cargo Ferries,1178.0,765.98,1,Y
705618,2025-12-26,EU Direct (Rosslare-Dunkirk),atlantic cargo ferries,2193.0,1333.6,2,Y
703784,2025-11-16,EU Direct (Dublin-Cherbourg),Celtic Sealink,2192.0,1258.58,,Y
705813,2024-12-15,EU Direct (Rosslare-Dunkirk),Nordic Freight Lines,1208.0,600.04,2,Y
700488,2024-07-19,UK Landbridge (Dublin-Holyhead),Celtic Sealink,3103.0,1236.2,1,Y
705888,2025-09-08,EU Direct (Rosslare-Dunkirk),Atlantic Cargo Ferries,2795.0,1764.58,3,Y
704068,2025-02-05,EU Direct (Dublin-Cherbourg),CELTIC SEALINK,1401.0,843.29,2,Y
704503,2024-07-24,EU Direct (Dublin-Cherbourg),Atlantic Cargo Ferries,909.0,571.43,2,N
700038,2025-12-04,UK Landbridge (Dublin-Holyhead),Nordic Freight Lines,1917.0,691.49,1,Y
700321,2025-12-01,UK Landbridge (Dublin-Holyhead),Celtic Sealink,2915.0,1201.35,1,Y
705469,2024-06-18,EU Direct (Rosslare-Dunkirk),Nordic Freight Lines,3292.0,1528.06,2,Y
704845,2024-01-18,EU Direct (Rosslare-Dunkirk),atlantic cargo ferries,1827.0,1116.27,2,Y
704188,2024-03-22,EU Direct (Dublin-Cherbourg),Celtic Sealink,3023.0,1849.45,2,Y
705680,2024-03-06,EU Direct (Rosslare-Dunkirk),Atlantic Cargo Ferries,2906.0,1726.45,2,Y
701287,2025-02-10,UK Landbridge (Dublin-Holyhead),Nordic Freight Lines,834.0,297.25,1,N
701703,2025-07-02,UK Landbridge (Dublin-Holyhead),Nordic Freight Lines,1692.0,682.5,1,Y
700906,2025-06-16,UK Landbridge (Dublin-Holyhead),Nordic Freight Lines,2156.0,861.1,1,Y
704798,2025-07-21,EU Direct (Rosslare-Dunkirk),Nordic Freight Lines,1771.0,904.72,1,Y
702082,2025-07-21,UK Landbridge (Dublin-Holyhead),Celtic Sealink,1724.0,722.6,1,N
700636,2025-09-03,UK Landbridge (Dublin-Holyhead),Nordic Freight Lines,1574.0,634.91,1,Y
703806,2024-08-21,EU Direct (Dublin-Cherbourg),Atlantic Cargo Ferries,1776.0,1260.7,2,N
704333,2024-08-21,EU Direct (Dublin-Cherbourg),Atlantic Cargo Ferries,2556.0,1794.45,2,Y
703821,2024-05-27,EU Direct (Dublin-Cherbourg),Celtic Sealink,1370.0,819.27,2,Y
702682,2024-09-04,UK Landbridge (Dublin-Holyhead),Celtic Sealink,2545.0,1138.33,1,Y
705848,2024-05-01,EU Direct (Rosslare-Dunkirk),Nordic Freight Lines,3041.0,1607.19,2,Y
704321,2024-01-23,EU Direct (Dublin-Cherbourg),Atlantic Cargo Ferries,1985.0,1389.87,2,Y
703024,2025-11-15,EU Direct (Dublin-Cherbourg),Atlantic Cargo Ferries,2584.0,1582.66,2,Y
705985,2025-03-10,EU Direct (Rosslare-Dunkirk),Nordic Freight Lines,2651.0,1252.94,2,Y
702935,2024-06-24,EU Direct (Dublin-Cherbourg),Celtic Sealink,1429.0,856.98,2,Y
702766,2024-11-04,UK Landbridge (Dublin-Holyhead),Nordic Freight Lines,3265.0,1307.53,1,Y
705559,2025-02-12,EU Direct (Rosslare-Dunkirk),Atlantic Cargo Ferries,3476.0,2077.2,2,Y
700263,2025-04-21,UK Landbridge (Dublin-Holyhead),Celtic Sealink,2614.0,1039.27,1,N
700090,2025-10-03,UK Landbridge (Dublin-Holyhead),Nordic Freight Lines,217.0,82.67,1,Y
701619,2024-03-02,UK Landbridge (Dublin-Holyhead),NORDIC FREIGHT LINES,418.0,161.93,1,Y
702446,2025-05-14,UK Landbridge (Dublin-Holyhead),Nordic Freight Lines,1344.0,506.97,1,Y
702513,2025-02-06,UK Landbridge (Dublin-Holyhead),Celtic Sealink,2582.0,1067.42,1,Y
702746,2024-04-20,UK Landbridge (Dublin-Holyhead),Nordic Freight Lines,1364.0,493.13,1,Y
703734,2025-11-10,EU Direct (Dublin-Cherbourg),Celtic Sealink,3450.0,2063.04,2,Y
700123,2024-07-30,UK Landbridge (Dublin-Holyhead),Nordic Freight Lines,2322.0,914.81,2,Y
702192,2024-03-20,UK Landbridge (Dublin-Holyhead),Nordic Freight Lines,467.0,166.7,1,Y
702876,2024-07-16,UK Landbridge (Dublin-Holyhead),Celtic Sealink,1556.0,647.97,1,Y
702105,2024-09-14,UK Landbridge (Dublin-Holyhead),Nordic Freight Lines,50,18.38,2,Y
701475,2024-07-04,UK Landbridge (Dublin-Holyhead),Celtic Sealink,1062.0,469.69,1,Y
704467,2025-10-15,EU Direct (Dublin-Cherbourg),Celtic Sealink,1328.0,830.65,2,N
700513,2025-01-19,UK Landbridge (Dublin-Holyhead),Celtic Sealink,1647.0,666.06,1,Y
702594,2025-09-12,UK Landbridge (Dublin-Holyhead),Nordic Freight Lines,949.0,342.47,1,N
705007,2024-03-25,EU Direct (Rosslare-Dunkirk),Atlantic Cargo Ferries,1721.0,1132.72,2,Y
701612,2025-04-23,UK Landbridge (Dublin-Holyhead),Nordic Freight Lines,2450.0,933.45,1,Y
704276,2025-09-26,EU Direct (Dublin-Cherbourg),Atlantic Cargo Ferries,1525.0,980.28,2,Y
702831,2024-06-30,UK Landbridge (Dublin-Holyhead),nordic freight lines,3531.0,1276.46,1,Y
702786,2024-03-15,UK Landbridge (Dublin-Holyhead),Celtic Sealink,1550.0,609.66,1,Y
705741,2024-08-14,EU Direct (Rosslare-Dunkirk),Nordic Freight Lines,2086.0,990.06,3,Y
705404,2025-04-23,EU Direct (Rosslare-Dunkirk),Atlantic Cargo Ferries,2972.0,1811.3,2,Y
705397,2024-08-23,EU Direct (Rosslare-Dunkirk),Nordic Freight Lines,2693.0,1394.93,2,Y
700577,2024-12-05,UK Landbridge (Dublin-Holyhead),Nordic Freight Lines,3025.0,1157.19,1,Y
703658,2024-06-22,EU Direct (Dublin-Cherbourg),Atlantic Cargo Ferries,776.0,553.98,2,Y
705600,2024-11-22,EU Direct (Rosslare-Dunkirk),Nordic Freight Lines,2635.0,1264.73,2,Y
703284,2024-01-17,EU Direct (Dublin-Cherbourg),Celtic Sealink,300.0,167.6,,Y
702085,2025-05-01,UK Landbridge (Dublin-Holyhead),Celtic Sealink,3014.0,1353.01,1,N
703045,2025-03-07,EU Direct (Dublin-Cherbourg),Celtic Sealink,1285.0,786.32,2,Y
705112,2025-12-16,EU Direct (Rosslare-Dunkirk),Atlantic Cargo Ferries,1409.0,872.21,2,N
703736,2024-12-16,EU Direct (Dublin-Cherbourg),Celtic Sealink,3509.0,1917.8,2,Y
703463,2025-01-10,EU Direct (Dublin-Cherbourg),CELTIC SEALINK,1958.0,1198.23,1,Y
701537,2024-11-30,UK Landbridge (Dublin-Holyhead),Nordic Freight Lines,2124.0,823.7,1,Y
703661,2025-06-09,EU Direct (Dublin-Cherbourg),Celtic Sealink,50,28.07,2,Y
703971,2025-03-04,EU Direct (Dublin-Cherbourg),Atlantic Cargo Ferries,3809.0,2442.25,2,Y
701425,2024-09-06,UK Landbridge (Dublin-Holyhead),Nordic Freight Lines,1054.0,423.74,1,Y
705852,2024-10-12,EU Direct (Rosslare-Dunkirk),NORDIC FREIGHT LINES,1128.0,570.28,2,Y
704481,2025-08-14,EU Direct (Dublin-Cherbourg),Celtic Sealink,1526.0,941.5,2,Y
701927,2024-09-15,UK Landbridge (Dublin-Holyhead), Nordic Freight Lines ,612.0,219.15,1,Y
700075,2025-08-17,UK Landbridge (Dublin-Holyhead),Nordic Freight Lines,3305.0,1177.98,1,Y
704037,2024-12-07,EU Direct (Dublin-Cherbourg),Atlantic Cargo Ferries,1131.0,715.98,2,Y
705665,2024-11-22,EU Direct (Rosslare-Dunkirk),Atlantic Cargo Ferries,1553.0,991.76,2,Y
701395,2024-09-02,UK Landbridge (Dublin-Holyhead),Nordic Freight Lines,50,18.31,2,N
701627,2025-03-27,UK Landbridge (Dublin-Holyhead),Celtic Sealink,425.0,177.03,1,Y
701199,2025-03-14,UK Landbridge (Dublin-Holyhead),Nordic Freight Lines,529.0,203.22,1,Y
705577,2024-03-24,EU Direct (Rosslare-Dunkirk),Atlantic Cargo Ferries,1489.0,875.99,2,Y
702304,2024-10-18,UK Landbridge (Dublin-Holyhead),Celtic Sealink,938.0,398.27,1,Y
700622,2024-08-29,UK Landbridge (Dublin-Holyhead),Celtic Sealink,909.0,364.67,1,Y
703469,2025-12-23,EU Direct (Dublin-Cherbourg), Celtic Sealink ,300.0,184.32,2,Y
703183,2024-02-23,EU Direct (Dublin-Cherbourg),Celtic Sealink,1869.0,1093.98,2,Y
702925,2025-10-30,EU Direct (Dublin-Cherbourg),celtic sealink,2872.0,1720.66,3,Y
704844,2025-04-27,EU Direct (Rosslare-Dunkirk),Nordic Freight Lines,637.0,296.43,2,Y
705119,2025-02-09,EU Direct (Rosslare-Dunkirk),Atlantic Cargo Ferries,2132.0,1270.53,2,Y
703852,2025-03-18,EU Direct (Dublin-Cherbourg), Atlantic Cargo Ferries ,2336.0,1512.41,2,Y
702097,2025-04-11,UK Landbridge (Dublin-Holyhead),Nordic Freight Lines,494.0,197.45,,N
700316,2025-08-28,UK Landbridge (Dublin-Holyhead),Nordic Freight Lines,1893.0,733.04,1,Y
702059,2024-12-24,UK Landbridge (Dublin-Holyhead),Celtic Sealink,3605.0,1618.11,1,Y
700535,2025-07-20,UK Landbridge (Dublin-Holyhead),Nordic Freight Lines,2652.0,1011.23,1,Y
704529,2024-03-28,EU Direct (Dublin-Cherbourg),Celtic Sealink,1568.0,903.48,3,Y
703503,2025-03-27,EU Direct (Dublin-Cherbourg),Celtic Sealink,1710.0,1026.75,2,Y
704404,2025-03-22,EU Direct (Dublin-Cherbourg),Atlantic Cargo Ferries,2935.0,2074.65,2,Y
705854,2024-03-20,EU Direct (Rosslare-Dunkirk),Nordic Freight Lines,1719.0,865.85,2,Y
701060,2024-12-09,UK Landbridge (Dublin-Holyhead),Celtic Sealink,3249.0,1368.97,2,Y
705259,2024-02-18,EU Direct (Rosslare-Dunkirk),Atlantic Cargo Ferries,574.0,362.07,2,Y
701156,2024-05-22,UK Landbridge (Dublin-Holyhead),Celtic Sealink,2923.0,1252.02,1,Y
700432,2025-04-17,UK Landbridge (Dublin-Holyhead), Nordic Freight Lines ,3310.0,1261.02,1,Y
702506,2025-06-02,UK Landbridge (Dublin-Holyhead),Celtic Sealink,2528.0,1087.6,1,Y
703173,2024-03-04,EU Direct (Dublin-Cherbourg),Celtic Sealink,2443.0,1342.35,3,Y
703904,2025-01-08,EU Direct (Dublin-Cherbourg),Atlantic Cargo Ferries,1726.0,1187.66,2,Y
704613,2024-08-27,EU Direct (Dublin-Cherbourg),Celtic Sealink,3290.0,2009.81,2,Y
701600,2024-03-28,UK Landbridge (Dublin-Holyhead),Celtic Sealink,1178.0,527.89,1,Y
701905,2024-09-13,UK Landbridge (Dublin-Holyhead),Nordic Freight Lines,2434.0,919.78,1,N
705958,2024-08-09,EU Direct (Rosslare-Dunkirk),Nordic Freight Lines,1158.0,596.62,1,Y
704449,2025-04-18,EU Direct (Dublin-Cherbourg),Atlantic Cargo Ferries,2473.0,1591.32,2,N
702982,2025-10-20,EU Direct (Dublin-Cherbourg), Atlantic Cargo Ferries ,2065.0,1421.2,2,Y
704788,2025-11-17,EU Direct (Rosslare-Dunkirk),Atlantic Cargo Ferries,1646.0,1040.29,2,Y
701239,2024-07-03,UK Landbridge (Dublin-Holyhead),CELTIC SEALINK,448.0,198.83,1,Y
700884,2024-12-24,UK Landbridge (Dublin-Holyhead),Nordic Freight Lines,1614.0,641.62,1,Y
704849,2024-12-21,EU Direct (Rosslare-Dunkirk),Atlantic Cargo Ferries,2272.0,1521.63,3,Y
703860,2024-09-20,EU Direct (Dublin-Cherbourg),Atlantic Cargo Ferries,3677.0,2480.22,2,Y
700550,2025-04-16,UK Landbridge (Dublin-Holyhead),Celtic Sealink,2448.0,994.44,1,Y
703974,2025-01-21,EU Direct (Dublin-Cherbourg),Atlantic Cargo Ferries,1564.0,956.6,2,Y
703510,2024-09-29,EU Direct (Dublin-Cherbourg),Atlantic Cargo Ferries,433.0,288.7,2,Y
703203,2025-04-17,EU Direct (Dublin-Cherbourg),Atlantic Cargo Ferries,1929.0,1250.16,2,Y
700025,2025-01-11,UK Landbridge (Dublin-Holyhead),Celtic Sealink,1373.0,549.22,2,Y
705609,2024-03-23,EU Direct (Rosslare-Dunkirk),Nordic Freight Lines,50,26.29,2,Y
705461,2025-12-10,EU Direct (Rosslare-Dunkirk),Atlantic Cargo Ferries,1469.0,893.08,2,Y
703563,2025-09-08,EU Direct (Dublin-Cherbourg),Atlantic Cargo Ferries,1352.0,867.41,2,Y
700596,2024-05-03,UK Landbridge (Dublin-Holyhead),Celtic Sealink,804.0,333.81,1,Y
701688,2025-10-26,UK Landbridge (Dublin-Holyhead),Celtic Sealink,783.0,334.63,1,Y
704367,2024-11-23,EU Direct (Dublin-Cherbourg),celtic sealink,2028.0,1205.29,1,N
700134,2025-07-11,UK Landbridge (Dublin-Holyhead),Nordic Freight Lines,2013.0,769.24,2,Y
700866,2024-04-22,UK Landbridge (Dublin-Holyhead),Celtic Sealink,1828.0,824.49,1,Y
704005,2024-01-15,EU Direct (Dublin-Cherbourg),ATLANTIC CARGO FERRIES,2320.0,1477.15,2,Y
701195,2025-01-01,UK Landbridge (Dublin-Holyhead),Celtic Sealink,997.0,449.62,1,Y
700617,2024-12-20,UK Landbridge (Dublin-Holyhead),Nordic Freight Lines,1706.0,682.44,1,Y
705470,2024-04-06,EU Direct (Rosslare-Dunkirk),Atlantic Cargo Ferries,1747.0,1092.83,2,Y
705980,2024-02-07,EU Direct (Rosslare-Dunkirk),NORDIC FREIGHT LINES,2839.0,1496.54,3,Y
704639,2025-12-01,EU Direct (Rosslare-Dunkirk),Nordic Freight Lines,503.0,234.72,2,Y
701159,2025-07-21,UK Landbridge (Dublin-Holyhead),Celtic Sealink,407.0,167.98,1,Y
701810,2025-08-11,UK Landbridge (Dublin-Holyhead),Nordic Freight Lines,140.0,57.39,1,Y
700999,2024-10-29,UK Landbridge (Dublin-Holyhead),Celtic Sealink,1838.0,789.25,2,N
702224,2024-09-12,UK Landbridge (Dublin-Holyhead),NORDIC FREIGHT LINES,2362.0,931.34,1,Y
702799,2025-06-08,UK Landbridge (Dublin-Holyhead),Celtic Sealink,2898.0,1238.2,1,Y
705198,2025-05-07,EU Direct (Rosslare-Dunkirk),Nordic Freight Lines,1421.0,698.53,3,Y
705296,2025-06-14,EU Direct (Rosslare-Dunkirk),Nordic Freight Lines,3029.0,1631.6,2,Y
702239,2025-10-19,UK Landbridge (Dublin-Holyhead),Celtic Sealink,2416.0,945.37,2,Y
703751,2024-09-26,EU Direct (Dublin-Cherbourg),CELTIC SEALINK,1749.0,1066.92,2,Y
701177,2025-11-24,UK Landbridge (Dublin-Holyhead),Nordic Freight Lines,2236.0,888.26,1,Y
701396,2025-01-01,UK Landbridge (Dublin-Holyhead),Celtic Sealink,512.0,231.31,1,Y
701642,2025-03-09,UK Landbridge (Dublin-Holyhead),Celtic Sealink,4162.0,1887.63,,Y
702010,2024-07-18,UK Landbridge (Dublin-Holyhead),Nordic Freight Lines,2134.0,812.89,2,Y
702207,2024-05-14,UK Landbridge (Dublin-Holyhead),Nordic Freight Lines,2028.0,736.26,1,Y
703549,2025-05-31,EU Direct (Dublin-Cherbourg),Celtic Sealink,1954.0,1216.92,2,Y
701593,2024-08-21,UK Landbridge (Dublin-Holyhead), Celtic Sealink ,2287.0,993.25,1,Y
703957,2025-09-23,EU Direct (Dublin-Cherbourg),celtic sealink,2281.0,1407.23,3,Y
700707,2024-06-16,UK Landbridge (Dublin-Holyhead),Celtic Sealink,1958.0,768.01,1,Y
700407,2025-03-02,UK Landbridge (Dublin-Holyhead),Nordic Freight Lines,2392.0,912.53,1,Y
700345,2024-02-25,UK Landbridge (Dublin-Holyhead),Celtic Sealink,721.0,292.5,1,Y
701464,2025-06-09,UK Landbridge (Dublin-Holyhead),Nordic Freight Lines,2506.0,885.18,1,N
705273,2025-08-15,EU Direct (Rosslare-Dunkirk),ATLANTIC CARGO FERRIES,1961.0,1156.32,2,Y
704176,2024-03-04,EU Direct (Dublin-Cherbourg),CELTIC SEALINK,552.0,296.03,3,Y
705925,2025-03-03,EU Direct (Rosslare-Dunkirk),Nordic Freight Lines,2501.0,1200.7,2,Y
703057,2024-04-06,EU Direct (Dublin-Cherbourg),Celtic Sealink,2556.0,1545.41,2,Y
701085,2024-03-17,UK Landbridge (Dublin-Holyhead),Nordic Freight Lines,4027.0,1652.43,1,N
701616,2024-09-29,UK Landbridge (Dublin-Holyhead),Nordic Freight Lines,2327.0,829.72,1,Y
705396,2024-05-06,EU Direct (Rosslare-Dunkirk),Atlantic Cargo Ferries,2095.0,1314.42,3,Y
703552,2024-12-24,EU Direct (Dublin-Cherbourg),Atlantic Cargo Ferries,537.0,359.46,2,Y
700838,2024-05-29,UK Landbridge (Dublin-Holyhead),nordic freight lines,1360.0,510.09,1,N
703120,2024-02-22,EU Direct (Dublin-Cherbourg),Celtic Sealink,2187.0,1196.82,2,Y
700587,2024-03-20,UK Landbridge (Dublin-Holyhead),Nordic Freight Lines,1872.0,672.15,1,N
702806,2024-03-03,UK Landbridge (Dublin-Holyhead),Nordic Freight Lines,2211.0,825.59,2,Y
700931,2024-08-27,UK Landbridge (Dublin-Holyhead),Celtic Sealink,3015.0,1340.15,1,Y
701408,2024-02-21,UK Landbridge (Dublin-Holyhead),Celtic Sealink,3072.0,1219.77,1,Y
700600,2025-02-21,UK Landbridge (Dublin-Holyhead),Nordic Freight Lines,1935.0,688.7,1,Y
701272,2024-01-05,UK Landbridge (Dublin-Holyhead),Nordic Freight Lines,2073.0,773.25,2,Y
705789,2024-05-18,EU Direct (Rosslare-Dunkirk),Atlantic Cargo Ferries,1882.0,1086.6,2,Y
700748,2025-05-16,UK Landbridge (Dublin-Holyhead),nordic freight lines,1755.0,679.11,1,Y
702229,2024-11-11,UK Landbridge (Dublin-Holyhead),Celtic Sealink,1028.0,442.61,1,Y
704173,2025-04-26,EU Direct (Dublin-Cherbourg),Atlantic Cargo Ferries,2563.0,1576.28,2,Y
702031,2025-08-08,UK Landbridge (Dublin-Holyhead),NORDIC FREIGHT LINES,1500.0,545.91,1,Y
702491,2024-04-14,UK Landbridge (Dublin-Holyhead),Celtic Sealink,2106.0,924.37,1,Y
703602,2024-12-11,EU Direct (Dublin-Cherbourg),Celtic Sealink,3403.0,2010.15,3,Y
704818,2024-11-11,EU Direct (Rosslare-Dunkirk),Atlantic Cargo Ferries,2915.0,1778.36,2,Y
700921,2025-06-23,UK Landbridge (Dublin-Holyhead),Nordic Freight Lines,2124.0,818.83,1,Y
700726,2024-06-11,UK Landbridge (Dublin-Holyhead),Nordic Freight Lines,874.0,355.5,1,Y
701410,2025-01-06,UK Landbridge (Dublin-Holyhead),Nordic Freight Lines,2283.0,870.5,1,Y
703905,2024-01-02,EU Direct (Dublin-Cherbourg),Atlantic Cargo Ferries,2115.0,1442.11,3,Y
703270,2024-07-20,EU Direct (Dublin-Cherbourg),Celtic Sealink,2800.0,1653.13,2,Y
705960,2025-04-01,EU Direct (Rosslare-Dunkirk),Nordic Freight Lines,787.0,392.19,2,Y
703754,2025-01-02,EU Direct (Dublin-Cherbourg), Celtic Sealink ,882.0,546.55,2,Y
702998,2025-07-09,EU Direct (Dublin-Cherbourg), Atlantic Cargo Ferries ,1403.0,928.79,2,Y
705873,2024-07-12,EU Direct (Rosslare-Dunkirk),Atlantic Cargo Ferries,1242.0,727.67,1,Y
702838,2024-08-01,UK Landbridge (Dublin-Holyhead),Nordic Freight Lines,2666.0,947.28,1,Y
705199,2024-10-02,EU Direct (Rosslare-Dunkirk),Atlantic Cargo Ferries,1993.0,1268.83,2,Y
701820,2024-05-10,UK Landbridge (Dublin-Holyhead),Nordic Freight Lines,1254.0,512.05,1,Y
705590,2024-05-13,EU Direct (Rosslare-Dunkirk),Atlantic Cargo Ferries,50,30.24,3,Y
702358,2024-08-19,UK Landbridge (Dublin-Holyhead),Nordic Freight Lines,1979.0,710.24,1,N
703235,2025-11-04,EU Direct (Dublin-Cherbourg),Celtic Sealink,1857.0,1122.13,2,Y
701525,2025-08-29,UK Landbridge (Dublin-Holyhead),Celtic Sealink,1492.0,617.99,1,Y
704656,2025-07-14,EU Direct (Rosslare-Dunkirk),NORDIC FREIGHT LINES,1674.0,801.69,2,Y
701415,2025-08-07,UK Landbridge (Dublin-Holyhead),Nordic Freight Lines,666.0,254.58,1,Y
702019,2024-12-20,UK Landbridge (Dublin-Holyhead),Celtic Sealink,1545.0,696.62,1,N
702183,2024-09-15,UK Landbridge (Dublin-Holyhead),Celtic Sealink,1773.0,796.04,1,Y
705917,2024-02-10,EU Direct (Rosslare-Dunkirk),Nordic Freight Lines,2366.0,1160.57,2,Y
700399,2025-04-18,UK Landbridge (Dublin-Holyhead),Nordic Freight Lines,2281.0,863.74,1,Y
703544,2024-08-11,EU Direct (Dublin-Cherbourg),Atlantic Cargo Ferries,1912.0,1337.26,1,Y
701768,2024-08-25,UK Landbridge (Dublin-Holyhead),Celtic Sealink,1397.0,612.18,1,Y
700130,2024-10-12,UK Landbridge (Dublin-Holyhead),Celtic Sealink,1778.0,781.45,1,Y
704991,2024-02-28,EU Direct (Rosslare-Dunkirk),Atlantic Cargo Ferries,1546.0,901.34,2,Y
702417,2025-01-27,UK Landbridge (Dublin-Holyhead),Nordic Freight Lines,1972.0,783.57,1,Y
701632,2024-05-08,UK Landbridge (Dublin-Holyhead),Celtic Sealink,2068.0,881.27,1,Y
702540,2025-04-05,UK Landbridge (Dublin-Holyhead),Nordic Freight Lines,917.0,327.87,1,Y
703166,2024-02-13,EU Direct (Dublin-Cherbourg),Celtic Sealink,602.0,374.36,2,N
700280,2025-04-29,UK Landbridge (Dublin-Holyhead),Celtic Sealink,1845.0,748.65,1,N
704539,2024-06-08,EU Direct (Dublin-Cherbourg),Atlantic Cargo Ferries,1568.0,1085.55,1,Y
705857,2025-10-23,EU Direct (Rosslare-Dunkirk),Atlantic Cargo Ferries,2384.0,1595.31,2,Y
704517,2024-08-05,EU Direct (Dublin-Cherbourg),Celtic Sealink,1255.0,744.36,1,Y
701360,2025-03-28,UK Landbridge (Dublin-Holyhead),Nordic Freight Lines,943.0,351.22,1,Y
700245,2024-09-19,UK Landbridge (Dublin-Holyhead),Nordic Freight Lines,1082.0,442.58,2,N
705479,2024-07-02,EU Direct (Rosslare-Dunkirk),atlantic cargo ferries,1465.0,857.2,2,Y
703416,2024-05-26,EU Direct (Dublin-Cherbourg),Atlantic Cargo Ferries,990.0,682.31,1,Y
700795,2024-07-16,UK Landbridge (Dublin-Holyhead),Celtic Sealink,1621.0,728.42,1,Y
704255,2025-10-28,EU Direct (Dublin-Cherbourg),celtic sealink,635.0,382.51,2,N
704008,2025-03-08,EU Direct (Dublin-Cherbourg),Atlantic Cargo Ferries,1268.0,781.44,3,Y
703924,2025-11-17,EU Direct (Dublin-Cherbourg),Celtic Sealink,3064.0,1818.78,2,Y
705190,2024-02-01,EU Direct (Rosslare-Dunkirk),Atlantic Cargo Ferries,2149.0,1397.04,3,Y
704106,2025-07-14,EU Direct (Dublin-Cherbourg),Celtic Sealink,1868.0,1083.54,2,Y
704086,2025-09-14,EU Direct (Dublin-Cherbourg),CELTIC SEALINK,1652.0,1002.26,3,Y
700230,2025-08-11,UK Landbridge (Dublin-Holyhead),Nordic Freight Lines,950.0,378.83,1,Y
703495,2025-06-28,EU Direct (Dublin-Cherbourg),Atlantic Cargo Ferries,1883.0,1222.98,2,Y
705561,2025-09-10,EU Direct (Rosslare-Dunkirk),Nordic Freight Lines,1218.0,569.31,2,N
705881,2024-04-16,EU Direct (Rosslare-Dunkirk),Atlantic Cargo Ferries,2445.0,1488.58,2,Y
703881,2024-06-09,EU Direct (Dublin-Cherbourg),Celtic Sealink,2498.0,1461.81,1,Y
705040,2024-01-04,EU Direct (Rosslare-Dunkirk),Atlantic Cargo Ferries,2318.0,1480.8,2,Y
701581,2025-05-22,UK Landbridge (Dublin-Holyhead),Nordic Freight Lines,1659.0,667.29,1,Y
701267,2024-06-26,UK Landbridge (Dublin-Holyhead),Celtic Sealink,1122.0,451.96,1,Y
700631,2025-05-01,UK Landbridge (Dublin-Holyhead),Celtic Sealink,806.0,332.17,,N
704948,2025-08-17,EU Direct (Rosslare-Dunkirk),Nordic Freight Lines,1678.0,852.18,2,Y
700112,2024-02-02,UK Landbridge (Dublin-Holyhead), Nordic Freight Lines ,508.0,207.51,1,N
700836,2025-01-04,UK Landbridge (Dublin-Holyhead),Nordic Freight Lines,1269.0,485.57,1,Y
703585,2024-05-06,EU Direct (Dublin-Cherbourg),Celtic Sealink,1041.0,620.61,2,Y
704275,2025-05-04,EU Direct (Dublin-Cherbourg),Celtic Sealink,1991.0,1144.84,2,Y
703069,2024-10-07,EU Direct (Dublin-Cherbourg),Celtic Sealink,1433.0,792.67,1,Y
700156,2025-12-17,UK Landbridge (Dublin-Holyhead),Nordic Freight Lines,3469.0,1245.31,1,N
700363,2024-09-04,UK Landbridge (Dublin-Holyhead),Celtic Sealink,636.0,259.4,1,Y
705537,2024-05-01,EU Direct (Rosslare-Dunkirk),Nordic Freight Lines,1415.0,657.83,2,Y
702658,2025-01-29,UK Landbridge (Dublin-Holyhead),Celtic Sealink,2398.0,972.66,1,Y
703997,2024-06-20,EU Direct (Dublin-Cherbourg),Celtic Sealink,747.0,406.1,2,Y
705044,2025-10-20,EU Direct (Rosslare-Dunkirk),Atlantic Cargo Ferries,1313.0,866.58,,Y
705325,2024-12-24,EU Direct (Rosslare-Dunkirk),Nordic Freight Lines,2019.0,977.26,2,Y
700806,2024-01-20,UK Landbridge (Dublin-Holyhead),Celtic Sealink,1627.0,680.23,1,Y
701407,2024-03-02,UK Landbridge (Dublin-Holyhead),Celtic Sealink,2752.0,1120.41,1,N
703476,2024-12-04,EU Direct (Dublin-Cherbourg),Atlantic Cargo Ferries,2944.0,2015.23,2,Y
705775,2025-05-20,EU Direct (Rosslare-Dunkirk),Nordic Freight Lines,1658.0,846.34,2,Y
701889,2025-04-24,UK Landbridge (Dublin-Holyhead),Celtic Sealink,749.0,299.92,1,Y
705648,2025-04-13,EU Direct (Rosslare-Dunkirk),Nordic Freight Lines,521.0,264.75,2,N
704924,2025-02-16,EU Direct (Rosslare-Dunkirk),Atlantic Cargo Ferries,2668.0,1664.82,2,Y
701884,2025-07-25,UK Landbridge (Dublin-Holyhead),Nordic Freight Lines,677.0,261.01,1,Y
702989,2024-09-30,EU Direct (Dublin-Cherbourg),Celtic Sealink,1581.0,971.54,2,Y
703432,2024-10-23,EU Direct (Dublin-Cherbourg),Atlantic Cargo Ferries,3578.0,2309.01,,Y
703853,2024-10-26,EU Direct (Dublin-Cherbourg),celtic sealink,2168.0,1337.46,2,Y
704473,2024-04-24,EU Direct (Dublin-Cherbourg),Atlantic Cargo Ferries,257.0,158.82,2,Y
701317,2025-01-23,UK Landbridge (Dublin-Holyhead),Nordic Freight Lines,1341.0,513.48,1,Y
704900,2025-08-22,EU Direct (Rosslare-Dunkirk),Atlantic Cargo Ferries,1998.0,1251.76,1,Y
704546,2024-04-18,EU Direct (Dublin-Cherbourg),Celtic Sealink,1650.0,1009.55,2,Y
702882,2025-08-19,EU Direct (Dublin-Cherbourg),Atlantic Cargo Ferries,3613.0,2407.29,2,Y
702869,2025-01-23,UK Landbridge (Dublin-Holyhead),Nordic Freight Lines,2608.0,920.36,1,Y
704634,2024-11-20,EU Direct (Rosslare-Dunkirk),Atlantic Cargo Ferries,2499.0,1590.68,2,Y
704907,2024-09-21,EU Direct (Rosslare-Dunkirk),Atlantic Cargo Ferries,1888.0,1135.43,2,Y
705242,2024-03-28,EU Direct (Rosslare-Dunkirk),Nordic Freight Lines,1067.0,547.34,2,Y
700084,2025-11-19,UK Landbridge (Dublin-Holyhead),Nordic Freight Lines,2480.0,994.08,1,Y
703381,2025-04-20,EU Direct (Dublin-Cherbourg),Celtic Sealink,577.0,327.19,2,Y
703201,2025-04-01,EU Direct (Dublin-Cherbourg),Atlantic Cargo Ferries,2679.0,1823.25,2,N
701903,2025-09-06,UK Landbridge (Dublin-Holyhead),Nordic Freight Lines,2082.0,823.74,1,Y
702205,2025-03-12,UK Landbridge (Dublin-Holyhead),Nordic Freight Lines,2255.0,912.37,1,Y
700270,2024-07-18,UK Landbridge (Dublin-Holyhead),Nordic Freight Lines,2673.0,1009.56,1,Y
702630,2024-06-27,UK Landbridge (Dublin-Holyhead),Celtic Sealink,2091.0,919.54,1,Y
700744,2024-03-11,UK Landbridge (Dublin-Holyhead),Nordic Freight Lines,735.0,291.37,1,Y
700680,2024-03-16,UK Landbridge (Dublin-Holyhead),Celtic Sealink,2129.0,936.22,1,Y
701314,2025-08-09,UK Landbridge (Dublin-Holyhead),Nordic Freight Lines,2520.0,899.23,1,Y
701282,2025-08-18,UK Landbridge (Dublin-Holyhead),Nordic Freight Lines,1147.0,438.92,1,Y
705962,2024-06-11,EU Direct (Rosslare-Dunkirk),Atlantic Cargo Ferries,1966.0,1302.42,2,Y
700745,2025-10-14,UK Landbridge (Dublin-Holyhead),NORDIC FREIGHT LINES,2587.0,1024.24,1,Y
701375,2024-05-28,UK Landbridge (Dublin-Holyhead),Nordic Freight Lines,910.0,366.49,1,Y
704728,2025-04-28,EU Direct (Rosslare-Dunkirk),NORDIC FREIGHT LINES,1670.0,834.57,2,Y
703004,2024-11-24,EU Direct (Dublin-Cherbourg),Atlantic Cargo Ferries,1381.0,931.73,2,Y
701058,2024-05-14,UK Landbridge (Dublin-Holyhead),Nordic Freight Lines,1266.0,482.76,1,Y
703650,2025-01-08,EU Direct (Dublin-Cherbourg),Atlantic Cargo Ferries,699.0,491.46,2,Y
701340,2024-07-15,UK Landbridge (Dublin-Holyhead),Celtic Sealink,1496.0,612.42,2,Y
703890,2025-12-26,EU Direct (Dublin-Cherbourg),CELTIC SEALINK,1532.0,930.37,2,Y
704347,2024-10-07,EU Direct (Dublin-Cherbourg),Celtic Sealink,2860.0,1669.4,2,Y
700237,2024-09-25,UK Landbridge (Dublin-Holyhead),Celtic Sealink,1085.0,440.03,1,Y
704511,2024-05-24,EU Direct (Dublin-Cherbourg),Atlantic Cargo Ferries,2609.0,1838.89,2,Y
702795,2025-06-26,UK Landbridge (Dublin-Holyhead),Celtic Sealink,2548.0,1134.83,1,Y
701640,2025-08-29,UK Landbridge (Dublin-Holyhead),Nordic Freight Lines,50,19.44,1,Y
700615,2025-08-02,UK Landbridge (Dublin-Holyhead),Nordic Freight Lines,1866.0,660.56,1,Y
701405,2024-10-05,UK Landbridge (Dublin-Holyhead),Nordic Freight Lines,50,17.86,1,Y
704568,2025-04-20,EU Direct (Dublin-Cherbourg),Atlantic Cargo Ferries,2826.0,1872.27,3,Y
702642,2025-01-21,UK Landbridge (Dublin-Holyhead),NORDIC FREIGHT LINES,2097.0,797.27,1,Y
702143,2024-04-25,UK Landbridge (Dublin-Holyhead),Celtic Sealink,2363.0,976.69,1,Y
700235,2024-05-03,UK Landbridge (Dublin-Holyhead),Nordic Freight Lines,2103.0,761.12,1,N
701830,2025-03-18,UK Landbridge (Dublin-Holyhead),Celtic Sealink,1618.0,722.83,1,Y
704632,2025-01-03,EU Direct (Rosslare-Dunkirk),Atlantic Cargo Ferries,1600.0,936.74,2,Y
701303,2025-05-09,UK Landbridge (Dublin-Holyhead),Celtic Sealink,1585.0,685.64,1,Y
702161,2025-12-11,UK Landbridge (Dublin-Holyhead),CELTIC SEALINK,742.0,287.61,1,Y
705346,2024-04-28,EU Direct (Rosslare-Dunkirk),Nordic Freight Lines,1720.0,871.47,2,Y
705767,2025-12-12,EU Direct (Rosslare-Dunkirk),Nordic Freight Lines,158.0,79.33,3,Y
704598,2025-09-01,EU Direct (Dublin-Cherbourg),Atlantic Cargo Ferries,3141.0,1953.06,2,Y
703623,2024-07-28,EU Direct (Dublin-Cherbourg),Celtic Sealink,2093.0,1213.59,3,Y
702393,2025-11-08,UK Landbridge (Dublin-Holyhead),Nordic Freight Lines,1810.0,714.69,2,Y
704231,2025-01-13,EU Direct (Dublin-Cherbourg),Celtic Sealink,3004.0,1719.58,2,Y
702093,2025-07-29,UK Landbridge (Dublin-Holyhead),Nordic Freight Lines,775.0,296.69,1,Y
703858,2024-12-20,EU Direct (Dublin-Cherbourg),Atlantic Cargo Ferries,2230.0,1390.93,2,Y
700560,2024-07-01,UK Landbridge (Dublin-Holyhead),Nordic Freight Lines,2704.0,953.66,1,Y
701500,2024-12-20,UK Landbridge (Dublin-Holyhead), Nordic Freight Lines ,2533.0,1028.04,1,Y
700058,2025-10-16,UK Landbridge (Dublin-Holyhead),Nordic Freight Lines,2035.0,749.53,1,N
700416,2024-12-23,UK Landbridge (Dublin-Holyhead),Nordic Freight Lines,2576.0,938.05,1,N
702745,2025-01-14,UK Landbridge (Dublin-Holyhead),Nordic Freight Lines,2047.0,721.96,1,Y
705913,2024-08-29,EU Direct (Rosslare-Dunkirk),Atlantic Cargo Ferries,3599.0,2315.11,2,Y
704059,2024-12-14,EU Direct (Dublin-Cherbourg),atlantic cargo ferries,1805.0,1101.12,1,Y
705585,2025-07-07,EU Direct (Rosslare-Dunkirk),Atlantic Cargo Ferries,657.0,426.54,2,Y
700754,2025-03-27,UK Landbridge (Dublin-Holyhead),Celtic Sealink,1739.0,774.02,1,Y
701803,2025-08-19,UK Landbridge (Dublin-Holyhead),Celtic Sealink,1021.0,441.11,1,Y
704089,2025-05-25,EU Direct (Dublin-Cherbourg),Celtic Sealink,1612.0,915.08,2,Y
701653,2025-04-10,UK Landbridge (Dublin-Holyhead),Nordic Freight Lines,947.0,337.34,1,Y
700086,2025-03-07,UK Landbridge (Dublin-Holyhead),Celtic Sealink,3575.0,1440.41,1,Y
704044,2024-01-16,EU Direct (Dublin-Cherbourg), Celtic Sealink ,185.0,114.32,2,Y
700291,2025-09-28,UK Landbridge (Dublin-Holyhead),Nordic Freight Lines,1941.0,738.71,1,Y
704061,2025-12-11,EU Direct (Dublin-Cherbourg),Atlantic Cargo Ferries,948.0,653.72,2,Y
701542,2025-05-07,UK Landbridge (Dublin-Holyhead),Celtic Sealink,2574.0,1133.89,1,Y
702238,2024-07-11,UK Landbridge (Dublin-Holyhead),Nordic Freight Lines,1255.0,496.77,1,Y
702226,2025-02-07,UK Landbridge (Dublin-Holyhead),Nordic Freight Lines,2023.0,757.49,1,Y
704427,2024-08-19,EU Direct (Dublin-Cherbourg),Celtic Sealink,2240.0,1265.72,3,Y
702853,2024-08-03,UK Landbridge (Dublin-Holyhead),Celtic Sealink,2520.0,987.64,1,Y
701785,2024-11-03,UK Landbridge (Dublin-Holyhead),Nordic Freight Lines,1474.0,598.24,2,Y
702266,2025-10-03,UK Landbridge (Dublin-Holyhead),Celtic Sealink,749.0,317.63,1,Y
702591,2025-06-02,UK Landbridge (Dublin-Holyhead),Celtic Sealink,3089.0,1343.5,1,Y
701015,2024-03-18,UK Landbridge (Dublin-Holyhead),Celtic Sealink,2673.0,1063.6,1,Y
702834,2024-08-25,UK Landbridge (Dublin-Holyhead),Nordic Freight Lines,451.0,159.86,1,Y
704355,2025-11-22,EU Direct (Dublin-Cherbourg),Celtic Sealink,1255.0,759.85,3,Y
704833,2025-05-26,EU Direct (Rosslare-Dunkirk),Nordic Freight Lines,1102.0,541.46,2,Y
703589,2024-09-07,EU Direct (Dublin-Cherbourg),Atlantic Cargo Ferries,1436.0,960.88,2,Y
701842,2024-12-26,UK Landbridge (Dublin-Holyhead),Nordic Freight Lines,1790.0,681.01,1,Y
704545,2025-03-10,EU Direct (Dublin-Cherbourg),Atlantic Cargo Ferries,1258.0,804.13,3,N
703346,2025-01-06,EU Direct (Dublin-Cherbourg),celtic sealink,869.0,540.68,2,Y
704982,2025-07-16,EU Direct (Rosslare-Dunkirk),Atlantic Cargo Ferries,1712.0,1012.73,1,Y
701981,2024-01-23,UK Landbridge (Dublin-Holyhead),Nordic Freight Lines,724.0,278.64,1,Y
703799,2025-08-09,EU Direct (Dublin-Cherbourg),Celtic Sealink,748.0,411.52,2,Y
701342,2025-08-08,UK Landbridge (Dublin-Holyhead),Celtic Sealink,1588.0,661.06,1,Y
700289,2024-01-23,UK Landbridge (Dublin-Holyhead),Nordic Freight Lines,2127.0,814.09,2,Y
703699,2024-07-11,EU Direct (Dublin-Cherbourg),Celtic Sealink,1853.0,1138.1,2,Y
702567,2024-06-12,UK Landbridge (Dublin-Holyhead),Celtic Sealink,3567.0,1573.13,1,Y
700100,2025-09-22,UK Landbridge (Dublin-Holyhead),Celtic Sealink,2530.0,1136.97,1,Y
701664,2024-10-01,UK Landbridge (Dublin-Holyhead),Celtic Sealink,2693.0,1083.25,1,Y
700018,2024-05-21,UK Landbridge (Dublin-Holyhead),Nordic Freight Lines,3755.0,1471.2,1,Y
700503,2025-09-30,UK Landbridge (Dublin-Holyhead),Celtic Sealink,2315.0,1049.22,1,Y
705895,2024-08-08,EU Direct (Rosslare-Dunkirk), Nordic Freight Lines ,1768.0,824.83,2,Y
704668,2024-11-19,EU Direct (Rosslare-Dunkirk),Atlantic Cargo Ferries,2369.0,1599.08,1,Y
705216,2024-07-29,EU Direct (Rosslare-Dunkirk),Atlantic Cargo Ferries,970.0,629.74,2,N
702729,2024-07-01,UK Landbridge (Dublin-Holyhead),Nordic Freight Lines,1276.0,493.39,1,Y
700727,2025-11-12,UK Landbridge (Dublin-Holyhead),Celtic Sealink,2155.0,901.55,1,Y
700497,2024-10-15,UK Landbridge (Dublin-Holyhead), Nordic Freight Lines ,3444.0,1293.02,1,Y
702258,2025-03-18,UK Landbridge (Dublin-Holyhead),Nordic Freight Lines,2665.0,1056.55,1,Y
704245,2024-04-19,EU Direct (Dublin-Cherbourg),Atlantic Cargo Ferries,1240.0,798.39,2,Y
705863,2025-09-16,EU Direct (Rosslare-Dunkirk),Atlantic Cargo Ferries,2326.0,1394.69,2,Y
703910,2025-03-06,EU Direct (Dublin-Cherbourg),Atlantic Cargo Ferries,1052.0,699.45,2,N
700751,2024-03-28,UK Landbridge (Dublin-Holyhead),Nordic Freight Lines,753.0,286.99,1,Y
700284,2025-08-21,UK Landbridge (Dublin-Holyhead),Nordic Freight Lines,1685.0,671.51,1,Y
703333,2025-03-09,EU Direct (Dublin-Cherbourg),Atlantic Cargo Ferries,1552.0,1000.26,2,Y
700034,2025-10-02,UK Landbridge (Dublin-Holyhead),Celtic Sealink,1879.0,795.5,1,Y
704476,2025-02-27,EU Direct (Dublin-Cherbourg),Celtic Sealink,1007.0,554.42,2,Y
704286,2025-10-07,EU Direct (Dublin-Cherbourg),Atlantic Cargo Ferries,2233.0,1370.85,3,Y
704036,2025-05-27,EU Direct (Dublin-Cherbourg),Atlantic Cargo Ferries,50,32.32,2,Y
704887,2025-01-23,EU Direct (Rosslare-Dunkirk),Atlantic Cargo Ferries,1770.0,1111.84,2,Y
704580,2024-02-08,EU Direct (Dublin-Cherbourg),atlantic cargo ferries,781.0,494.63,2,Y
700076,2024-01-10,UK Landbridge (Dublin-Holyhead),Nordic Freight Lines,2353.0,922.64,1,Y
702588,2024-03-23,UK Landbridge (Dublin-Holyhead),Nordic Freight Lines,1598.0,637.04,1,Y
703280,2025-03-20,EU Direct (Dublin-Cherbourg),Celtic Sealink,1628.0,981.88,2,Y
704633,2024-06-01,EU Direct (Rosslare-Dunkirk),Atlantic Cargo Ferries,2050.0,1301.77,2,Y
703504,2024-08-25,EU Direct (Dublin-Cherbourg),Atlantic Cargo Ferries,1987.0,1392.17,3,Y
702769,2024-10-31,UK Landbridge (Dublin-Holyhead),Nordic Freight Lines,256.0,99.78,1,Y
703839,2025-05-26,EU Direct (Dublin-Cherbourg),Atlantic Cargo Ferries,2299.0,1576.7,2,Y
700149,2025-02-07,UK Landbridge (Dublin-Holyhead),NORDIC FREIGHT LINES,988.0,358.75,1,Y
702943,2025-01-12,EU Direct (Dublin-Cherbourg),Atlantic Cargo Ferries,1501.0,939.51,1,Y
701432,2024-08-04,UK Landbridge (Dublin-Holyhead),Nordic Freight Lines,1188.0,435.58,2,Y
704181,2024-07-29,EU Direct (Dublin-Cherbourg),Atlantic Cargo Ferries,983.0,680.34,2,Y
702692,2025-12-08,UK Landbridge (Dublin-Holyhead), Nordic Freight Lines ,3139.0,1117.64,1,Y
701059,2025-05-27,UK Landbridge (Dublin-Holyhead),Celtic Sealink,50,20.1,1,Y
702254,2024-12-02,UK Landbridge (Dublin-Holyhead),Celtic Sealink,2323.0,949.9,1,Y
705126,2024-11-22,EU Direct (Rosslare-Dunkirk),Nordic Freight Lines,1153.0,588.56,2,Y
703101,2024-03-18,EU Direct (Dublin-Cherbourg),Atlantic Cargo Ferries,1300.0,867.92,2,Y
702206,2024-08-10,UK Landbridge (Dublin-Holyhead),Nordic Freight Lines,2248.0,844.36,1,Y
703341,2025-12-07,EU Direct (Dublin-Cherbourg),ATLANTIC CARGO FERRIES,2456.0,1670.72,2,Y
702454,2024-08-06,UK Landbridge (Dublin-Holyhead),Celtic Sealink,866.0,376.49,1,Y
702690,2025-08-11,UK Landbridge (Dublin-Holyhead),Nordic Freight Lines,1622.0,654.85,2,Y
705965,2025-01-01,EU Direct (Rosslare-Dunkirk),Nordic Freight Lines,4659.0,2301.94,2,Y
704769,2025-04-17,EU Direct (Rosslare-Dunkirk),Atlantic Cargo Ferries,1114.0,723.61,3,Y
703813,2025-06-26,EU Direct (Dublin-Cherbourg),Celtic Sealink,1747.0,1012.16,2,Y
701053,2025-01-18,UK Landbridge (Dublin-Holyhead),Celtic Sealink,1965.0,772.64,1,Y
701210,2024-01-04,UK Landbridge (Dublin-Holyhead),Nordic Freight Lines,1852.0,725.73,1,Y
705645,2024-06-24,EU Direct (Rosslare-Dunkirk),Nordic Freight Lines,50,24.52,2,Y
700033,2025-02-06,UK Landbridge (Dublin-Holyhead),Celtic Sealink,2612.0,1048.58,1,Y
702300,2024-04-07,UK Landbridge (Dublin-Holyhead),Nordic Freight Lines,707.0,262.68,1,Y
704460,2024-11-05,EU Direct (Dublin-Cherbourg),Atlantic Cargo Ferries,50,31.37,2,Y
703375,2025-04-27,EU Direct (Dublin-Cherbourg),Celtic Sealink,1719.0,1018.26,2,Y
700818,2024-08-31,UK Landbridge (Dublin-Holyhead),Nordic Freight Lines,2537.0,917.69,1,Y
705607,2024-06-30,EU Direct (Rosslare-Dunkirk),Nordic Freight Lines,911.0,423.04,2,Y
701756,2024-04-06,UK Landbridge (Dublin-Holyhead),Nordic Freight Lines,3279.0,1280.34,1,Y
700994,2024-10-25,UK Landbridge (Dublin-Holyhead),Celtic Sealink,1130.0,499.0,2,Y
700978,2024-01-14,UK Landbridge (Dublin-Holyhead),Nordic Freight Lines,2097.0,860.11,1,Y
700246,2025-09-15,UK Landbridge (Dublin-Holyhead),Celtic Sealink,600.0,259.49,1,Y
705117,2024-01-12,EU Direct (Rosslare-Dunkirk),Atlantic Cargo Ferries,390.0,260.78,,Y
702843,2024-06-03,UK Landbridge (Dublin-Holyhead),Nordic Freight Lines,2184.0,830.86,2,Y
702395,2025-12-26,UK Landbridge (Dublin-Holyhead),nordic freight lines,1820.0,704.1,1,Y
702693,2025-01-06,UK Landbridge (Dublin-Holyhead),Nordic Freight Lines,1868.0,683.33,1,Y
705681,2025-03-25,EU Direct (Rosslare-Dunkirk),Nordic Freight Lines,1682.0,879.44,1,Y
703339,2025-09-24,EU Direct (Dublin-Cherbourg),Atlantic Cargo Ferries,577.0,356.82,3,N
701671,2025-01-24,UK Landbridge (Dublin-Holyhead),Celtic Sealink,1308.0,531.16,1,Y
702861,2024-09-26,UK Landbridge (Dublin-Holyhead),Celtic Sealink,2129.0,871.83,1,Y
701118,2025-02-13,UK Landbridge (Dublin-Holyhead),Nordic Freight Lines,1660.0,645.98,1,Y
701932,2025-04-18,UK Landbridge (Dublin-Holyhead),Nordic Freight Lines,1560.0,638.81,1,N
700243,2025-03-23,UK Landbridge (Dublin-Holyhead),Celtic Sealink,1233.0,520.07,1,Y
704782,2024-07-16,EU Direct (Rosslare-Dunkirk),Nordic Freight Lines,2536.0,1190.75,2,Y
705951,2025-10-23,EU Direct (Rosslare-Dunkirk),Atlantic Cargo Ferries,2557.0,1635.94,2,Y
705552,2025-10-06,EU Direct (Rosslare-Dunkirk),Nordic Freight Lines,1664.0,892.9,2,Y
703190,2025-11-14,EU Direct (Dublin-Cherbourg),Celtic Sealink,3802.0,2041.41,1,Y
701486,2024-08-31,UK Landbridge (Dublin-Holyhead),NORDIC FREIGHT LINES,2212.0,836.02,1,N
703949,2024-09-14,EU Direct (Dublin-Cherbourg),Celtic Sealink,2135.0,1305.46,2,Y
705812,2025-04-23,EU Direct (Rosslare-Dunkirk),Atlantic Cargo Ferries,1584.0,1056.97,1,Y
701961,2024-08-01,UK Landbridge (Dublin-Holyhead),Celtic Sealink,945.0,390.16,1,Y
700642,2024-10-08,UK Landbridge (Dublin-Holyhead),Celtic Sealink,1008.0,404.32,1,Y
702201,2024-03-11,UK Landbridge (Dublin-Holyhead),Nordic Freight Lines,1289.0,463.14,2,Y
705201,2025-12-23,EU Direct (Rosslare-Dunkirk),Nordic Freight Lines,2075.0,1041.53,2,Y
703066,2025-01-27,EU Direct (Dublin-Cherbourg),Celtic Sealink,2594.0,1505.16,2,Y
701750,2025-09-14,UK Landbridge (Dublin-Holyhead),Celtic Sealink,3527.0,1437.94,1,Y
700797,2025-11-08,UK Landbridge (Dublin-Holyhead),Nordic Freight Lines,2754.0,1093.15,1,Y
701473,2024-12-09,UK Landbridge (Dublin-Holyhead),Celtic Sealink,1747.0,679.21,1,Y
703411,2024-01-25,EU Direct (Dublin-Cherbourg),Atlantic Cargo Ferries,2817.0,1852.51,2,N
704428,2024-03-11,EU Direct (Dublin-Cherbourg),Celtic Sealink,1971.0,1147.79,2,Y
703868,2024-01-31,EU Direct (Dublin-Cherbourg),Atlantic Cargo Ferries,3010.0,2045.29,2,Y
702139,2024-03-04,UK Landbridge (Dublin-Holyhead),Celtic Sealink,1034.0,455.66,1,Y
700398,2025-11-12,UK Landbridge (Dublin-Holyhead),Celtic Sealink,1406.0,548.86,1,N
700771,2025-12-07,UK Landbridge (Dublin-Holyhead),Celtic Sealink,1555.0,679.75,1,Y
702913,2024-01-14,EU Direct (Dublin-Cherbourg),Celtic Sealink,1142.0,704.23,1,Y
703583,2025-02-28,EU Direct (Dublin-Cherbourg),Celtic Sealink,2064.0,1137.2,2,Y
702687,2025-02-05,UK Landbridge (Dublin-Holyhead),Nordic Freight Lines,710.0,292.96,1,N
705135,2024-06-02,EU Direct (Rosslare-Dunkirk),Nordic Freight Lines,1994.0,925.21,2,Y
701437,2024-02-14,UK Landbridge (Dublin-Holyhead),Nordic Freight Lines,1488.0,550.78,1,Y
700495,2024-11-07,UK Landbridge (Dublin-Holyhead),Nordic Freight Lines,1899.0,748.49,1,Y
700955,2025-04-17,UK Landbridge (Dublin-Holyhead),Celtic Sealink,2637.0,1144.82,1,Y
704278,2025-08-28,EU Direct (Dublin-Cherbourg),Atlantic Cargo Ferries,612.0,376.16,3,Y
705004,2024-05-19,EU Direct (Rosslare-Dunkirk),Atlantic Cargo Ferries,781.0,497.86,2,Y
704319,2024-11-17,EU Direct (Dublin-Cherbourg),Atlantic Cargo Ferries,406.0,279.1,2,Y
701176,2025-11-20,UK Landbridge (Dublin-Holyhead),Celtic Sealink,1864.0,764.68,1,Y
700470,2025-08-20,UK Landbridge (Dublin-Holyhead),Nordic Freight Lines,1779.0,652.5,1,Y
701711,2025-04-17,UK Landbridge (Dublin-Holyhead),Celtic Sealink,2390.0,946.74,1,Y
703696,2025-11-27,EU Direct (Dublin-Cherbourg),Celtic Sealink,1038.0,625.41,2,Y
704911,2024-01-06,EU Direct (Rosslare-Dunkirk),Atlantic Cargo Ferries,2999.0,1892.15,2,Y
702079,2024-01-18,UK Landbridge (Dublin-Holyhead),Nordic Freight Lines,865.0,342.9,1,N
704111,2024-09-19,EU Direct (Dublin-Cherbourg),Celtic Sealink,2881.0,1544.5,2,Y
701169,2024-06-27,UK Landbridge (Dublin-Holyhead),Nordic Freight Lines,761.0,302.29,1,Y
702617,2025-10-12,UK Landbridge (Dublin-Holyhead),Celtic Sealink,2700.0,1057.64,1,Y
703826,2024-03-18,EU Direct (Dublin-Cherbourg),Atlantic Cargo Ferries,1383.0,896.66,1,N
702639,2025-07-05,UK Landbridge (Dublin-Holyhead),Nordic Freight Lines,1411.0,512.76,1,Y
704651,2024-07-10,EU Direct (Rosslare-Dunkirk),Nordic Freight Lines,1558.0,747.99,2,Y
703360,2024-10-12,EU Direct (Dublin-Cherbourg),Atlantic Cargo Ferries,1743.0,1081.01,3,Y
704136,2025-07-12,EU Direct (Dublin-Cherbourg),Atlantic Cargo Ferries,50,35.62,2,Y
703766,2024-04-25,EU Direct (Dublin-Cherbourg),Celtic Sealink,1739.0,1006.99,2,Y
701790,2025-03-23,UK Landbridge (Dublin-Holyhead),Nordic Freight Lines,1655.0,667.71,1,Y
701552,2024-09-15,UK Landbridge (Dublin-Holyhead),Nordic Freight Lines,1843.0,731.51,1,Y
702699,2025-11-15,UK Landbridge (Dublin-Holyhead),nordic freight lines,2127.0,783.9,1,Y
700790,2024-06-24,UK Landbridge (Dublin-Holyhead),Celtic Sealink,50,21.52,1,Y
702383,2024-01-19,UK Landbridge (Dublin-Holyhead),Nordic Freight Lines,3498.0,1425.33,1,Y
704560,2024-11-17,EU Direct (Dublin-Cherbourg),Celtic Sealink,779.0,485.58,2,Y
704536,2025-10-20,EU Direct (Dublin-Cherbourg),Celtic Sealink,1682.0,914.7,2,Y
702694,2025-04-25,UK Landbridge (Dublin-Holyhead),Celtic Sealink,1520.0,648.26,1,Y
703477,2024-03-04,EU Direct (Dublin-Cherbourg),Celtic Sealink,1316.0,820.84,2,Y
705210,2024-09-25,EU Direct (Rosslare-Dunkirk),Atlantic Cargo Ferries,2915.0,1807.03,2,Y
704942,2025-05-10,EU Direct (Rosslare-Dunkirk),Nordic Freight Lines,803.0,431.85,2,Y
705028,2025-11-02,EU Direct (Rosslare-Dunkirk),Atlantic Cargo Ferries,2327.0,1441.59,2,Y
705878,2024-05-23,EU Direct (Rosslare-Dunkirk),Atlantic Cargo Ferries,3528.0,2117.02,2,Y
701355,2024-04-25,UK Landbridge (Dublin-Holyhead),Nordic Freight Lines,880.0,351.94,1,Y
702643,2025-03-09,UK Landbridge (Dublin-Holyhead),Celtic Sealink,1828.0,715.49,1,Y
704263,2025-03-10,EU Direct (Dublin-Cherbourg),Atlantic Cargo Ferries,1190.0,834.98,3,Y
705853,2025-07-08,EU Direct (Rosslare-Dunkirk),Atlantic Cargo Ferries,1461.0,895.99,1,Y
704346,2024-02-25,EU Direct (Dublin-Cherbourg),atlantic cargo ferries,2925.0,1984.17,2,Y
705000,2024-12-28,EU Direct (Rosslare-Dunkirk),Nordic Freight Lines,1543.0,749.08,2,Y
700580,2024-10-27,UK Landbridge (Dublin-Holyhead),Nordic Freight Lines,249.0,100.47,1,Y
700195,2024-02-01,UK Landbridge (Dublin-Holyhead),Nordic Freight Lines,2528.0,1028.32,1,Y
702120,2024-01-14,UK Landbridge (Dublin-Holyhead),Celtic Sealink,1259.0,566.05,1,Y
701356,2025-01-06,UK Landbridge (Dublin-Holyhead),Nordic Freight Lines,1250.0,449.46,1,Y
704480,2024-12-12,EU Direct (Dublin-Cherbourg),Atlantic Cargo Ferries,2395.0,1581.88,2,Y
705136,2025-03-10,EU Direct (Rosslare-Dunkirk),Nordic Freight Lines,1922.0,931.97,2,Y
702655,2024-07-17,UK Landbridge (Dublin-Holyhead),Celtic Sealink,2559.0,1087.73,2,Y
705935,2025-07-05,EU Direct (Rosslare-Dunkirk),Nordic Freight Lines,704.0,351.9,3,Y
702313,2024-12-30,UK Landbridge (Dublin-Holyhead),Nordic Freight Lines,1984.0,743.31,1,Y
702482,2025-12-06,UK Landbridge (Dublin-Holyhead),Nordic Freight Lines,2095.0,807.92,1,Y
705063,2025-11-16,EU Direct (Rosslare-Dunkirk),Atlantic Cargo Ferries,528.0,315.4,2,N
703614,2025-10-08,EU Direct (Dublin-Cherbourg),Atlantic Cargo Ferries,2991.0,2044.67,2,Y
702559,2024-02-23,UK Landbridge (Dublin-Holyhead),Nordic Freight Lines,2862.0,1020.43,1,Y
700979,2024-10-17,UK Landbridge (Dublin-Holyhead),Nordic Freight Lines,1328.0,494.63,1,Y
702193,2025-07-05,UK Landbridge (Dublin-Holyhead),Nordic Freight Lines,1625.0,657.04,1,Y
705029,2024-05-04,EU Direct (Rosslare-Dunkirk),Atlantic Cargo Ferries,614.0,373.62,2,Y
704860,2024-10-25,EU Direct (Rosslare-Dunkirk),Nordic Freight Lines,2036.0,973.65,2,Y
700186,2024-12-31,UK Landbridge (Dublin-Holyhead),Celtic Sealink,1673.0,728.54,1,Y
700875,2024-02-05,UK Landbridge (Dublin-Holyhead),Celtic Sealink,949.0,383.41,1,Y
704115,2024-08-23,EU Direct (Dublin-Cherbourg),Celtic Sealink,2534.0,1371.25,2,Y
702681,2025-12-20,UK Landbridge (Dublin-Holyhead),Celtic Sealink,1700.0,689.56,1,Y
705283,2024-10-23,EU Direct (Rosslare-Dunkirk),Nordic Freight Lines,50,24.1,2,N
702915,2024-06-02,EU Direct (Dublin-Cherbourg),Celtic Sealink,1716.0,916.31,2,N
703429,2024-10-06,EU Direct (Dublin-Cherbourg),Celtic Sealink,1058.0,607.76,1,Y
702929,2024-11-19,EU Direct (Dublin-Cherbourg),Celtic Sealink,2671.0,1466.27,2,Y
705563,2024-03-08,EU Direct (Rosslare-Dunkirk),Atlantic Cargo Ferries,1215.0,786.54,2,Y
704684,2025-02-20,EU Direct (Rosslare-Dunkirk),Atlantic Cargo Ferries,1939.0,1301.01,2,Y
702273,2025-06-16,UK Landbridge (Dublin-Holyhead),Celtic Sealink,2755.0,1157.28,2,Y
700276,2025-08-05,UK Landbridge (Dublin-Holyhead),Celtic Sealink,1705.0,764.73,1,Y
700521,2025-09-13,UK Landbridge (Dublin-Holyhead),Celtic Sealink,1000.0,452.33,1,N
700126,2025-03-01,UK Landbridge (Dublin-Holyhead),Nordic Freight Lines,2363.0,875.27,1,Y
700949,2024-10-29,UK Landbridge (Dublin-Holyhead),Nordic Freight Lines,3389.0,1297.91,2,Y
703586,2025-08-14,EU Direct (Dublin-Cherbourg),Atlantic Cargo Ferries,2143.0,1389.46,2,N
701035,2024-03-22,UK Landbridge (Dublin-Holyhead),Nordic Freight Lines,1244.0,440.4,2,Y
703405,2024-01-01,EU Direct (Dublin-Cherbourg),Atlantic Cargo Ferries,2583.0,1745.1,2,Y
704767,2025-01-13,EU Direct (Rosslare-Dunkirk),Atlantic Cargo Ferries,50,31.92,1,N
701353,2024-01-20,UK Landbridge (Dublin-Holyhead),Nordic Freight Lines,1531.0,579.38,1,Y
705076,2025-07-24,EU Direct (Rosslare-Dunkirk),Nordic Freight Lines,1695.0,911.16,2,Y
703451,2024-12-03,EU Direct (Dublin-Cherbourg),Celtic Sealink,2088.0,1133.13,2,Y
703499,2024-09-26,EU Direct (Dublin-Cherbourg),Celtic Sealink,1052.0,571.46,1,Y
702196,2025-03-26,UK Landbridge (Dublin-Holyhead),Nordic Freight Lines,1603.0,638.56,1,Y
701944,2024-11-08,UK Landbridge (Dublin-Holyhead),Celtic Sealink,2353.0,998.1,1,Y
702553,2024-03-13,UK Landbridge (Dublin-Holyhead),Nordic Freight Lines,2302.0,934.23,1,Y
704489,2025-09-24,EU Direct (Dublin-Cherbourg),Celtic Sealink,2128.0,1219.24,2,Y
700742,2025-12-21,UK Landbridge (Dublin-Holyhead),Celtic Sealink,2544.0,1126.3,1,Y
702118,2025-09-19,UK Landbridge (Dublin-Holyhead),Celtic Sealink,2665.0,1158.81,1,N
704226,2025-07-07,EU Direct (Dublin-Cherbourg),Atlantic Cargo Ferries,1889.0,1231.38,2,Y
701909,2024-08-15,UK Landbridge (Dublin-Holyhead),Nordic Freight Lines,1992.0,751.29,1,Y
703746,2025-06-05,EU Direct (Dublin-Cherbourg),Celtic Sealink,2241.0,1280.51,2,Y
705181,2025-04-04,EU Direct (Rosslare-Dunkirk),Nordic Freight Lines,3167.0,1672.26,1,Y
703493,2024-10-25,EU Direct (Dublin-Cherbourg),Celtic Sealink,1793.0,1000.6,2,N
702672,2024-04-20,UK Landbridge (Dublin-Holyhead),Celtic Sealink,2783.0,1174.81,2,Y
705850,2025-11-02,EU Direct (Rosslare-Dunkirk),Nordic Freight Lines,276.0,139.24,2,N
702758,2025-11-24,UK Landbridge (Dublin-Holyhead), Celtic Sealink ,1905.0,785.3,1,Y
703757,2024-05-08,EU Direct (Dublin-Cherbourg),Atlantic Cargo Ferries,2091.0,1483.09,2,Y
705738,2025-04-10,EU Direct (Rosslare-Dunkirk),Atlantic Cargo Ferries,1087.0,632.63,2,Y
705860,2024-10-11,EU Direct (Rosslare-Dunkirk),Nordic Freight Lines,1999.0,996.2,2,Y
704921,2025-10-08,EU Direct (Rosslare-Dunkirk),nordic freight lines,1134.0,601.66,2,Y
703139,2025-01-23,EU Direct (Dublin-Cherbourg),Atlantic Cargo Ferries,1610.0,1100.53,2,Y
701302,2024-04-24,UK Landbridge (Dublin-Holyhead),Celtic Sealink,1508.0,680.97,1,Y
701087,2025-04-12,UK Landbridge (Dublin-Holyhead),Celtic Sealink,1998.0,848.31,1,Y
702908,2024-07-19,EU Direct (Dublin-Cherbourg),Atlantic Cargo Ferries,1993.0,1352.3,2,Y
702037,2025-04-17,UK Landbridge (Dublin-Holyhead),Nordic Freight Lines,2151.0,771.46,2,Y
705727,2024-12-16,EU Direct (Rosslare-Dunkirk),Nordic Freight Lines,2643.0,1362.22,2,Y
702261,2024-05-24,UK Landbridge (Dublin-Holyhead),Celtic Sealink,1271.0,512.29,1,Y
703912,2024-11-05,EU Direct (Dublin-Cherbourg),Atlantic Cargo Ferries,620.0,426.83,2,Y
702233,2025-06-29,UK Landbridge (Dublin-Holyhead),Celtic Sealink,1387.0,601.28,1,Y
703703,2024-08-20,EU Direct (Dublin-Cherbourg),Celtic Sealink,2848.0,1566.47,2,Y
703558,2025-04-04,EU Direct (Dublin-Cherbourg),Atlantic Cargo Ferries,2296.0,1430.34,2,Y
703329,2025-01-09,EU Direct (Dublin-Cherbourg),Celtic Sealink,2459.0,1538.18,2,Y
700583,2024-12-28,UK Landbridge (Dublin-Holyhead),Celtic Sealink,2899.0,1166.43,,Y
702509,2025-11-17,UK Landbridge (Dublin-Holyhead),NORDIC FREIGHT LINES,50,17.98,1,Y
704722,2025-07-30,EU Direct (Rosslare-Dunkirk),Atlantic Cargo Ferries,2414.0,1583.69,2,Y
705752,2024-10-13,EU Direct (Rosslare-Dunkirk),Atlantic Cargo Ferries,4091.0,2399.67,2,Y
700459,2024-12-30,UK Landbridge (Dublin-Holyhead),Celtic Sealink,1959.0,763.9,1,Y
705584,2024-12-03,EU Direct (Rosslare-Dunkirk),Atlantic Cargo Ferries,1255.0,726.71,2,Y
704475,2025-07-07,EU Direct (Dublin-Cherbourg),Atlantic Cargo Ferries,2677.0,1787.15,2,Y
703824,2025-08-07,EU Direct (Dublin-Cherbourg),Celtic Sealink,1744.0,972.59,3,Y
701046,2025-08-17,UK Landbridge (Dublin-Holyhead),celtic sealink,2572.0,1018.44,1,Y
701617,2024-08-05,UK Landbridge (Dublin-Holyhead),Celtic Sealink,2172.0,871.49,2,Y
703103,2024-11-23,EU Direct (Dublin-Cherbourg),Celtic Sealink,1229.0,656.74,2,Y
705013,2025-06-21,EU Direct (Rosslare-Dunkirk),atlantic cargo ferries,1087.0,694.41,2,Y
702517,2025-11-21,UK Landbridge (Dublin-Holyhead),NORDIC FREIGHT LINES,2795.0,1129.37,1,Y
701923,2024-02-05,UK Landbridge (Dublin-Holyhead),Nordic Freight Lines,2120.0,874.59,1,Y
700125,2024-11-09,UK Landbridge (Dublin-Holyhead),Celtic Sealink,1682.0,751.69,1,Y
704281,2025-06-30,EU Direct (Dublin-Cherbourg),Atlantic Cargo Ferries,2614.0,1780.08,2,N
702107,2025-01-07,UK Landbridge (Dublin-Holyhead),Nordic Freight Lines,124.0,46.25,1,Y
701185,2025-01-06,UK Landbridge (Dublin-Holyhead),Nordic Freight Lines,2342.0,829.68,1,Y
704537,2024-08-11,EU Direct (Dublin-Cherbourg),Celtic Sealink,1890.0,1070.61,2,Y
700780,2024-07-11,UK Landbridge (Dublin-Holyhead),Celtic Sealink,985.0,382.19,1,Y
703676,2025-07-26,EU Direct (Dublin-Cherbourg),Celtic Sealink,3820.0,2189.12,2,Y
702867,2024-07-09,UK Landbridge (Dublin-Holyhead),Celtic Sealink,1162.0,478.43,1,Y
700820,2025-04-30,UK Landbridge (Dublin-Holyhead),Nordic Freight Lines,1327.0,469.49,1,N
702347,2025-04-10,UK Landbridge (Dublin-Holyhead),CELTIC SEALINK,2242.0,877.42,1,Y
700185,2025-05-26,UK Landbridge (Dublin-Holyhead),Celtic Sealink,619.0,246.58,1,Y
702953,2025-10-31,EU Direct (Dublin-Cherbourg),Celtic Sealink,1371.0,814.4,3,Y
700528,2024-03-14,UK Landbridge (Dublin-Holyhead),Celtic Sealink,3424.0,1373.57,2,Y
703647,2025-05-31,EU Direct (Dublin-Cherbourg),Celtic Sealink,1754.0,1036.07,2,Y
705204,2025-04-16,EU Direct (Rosslare-Dunkirk),Nordic Freight Lines,2405.0,1292.4,2,Y
700009,2024-06-30,UK Landbridge (Dublin-Holyhead),Nordic Freight Lines,1559.0,596.69,1,N
704683,2025-07-27,EU Direct (Rosslare-Dunkirk),Nordic Freight Lines,1423.0,764.49,2,Y
702339,2025-04-21,UK Landbridge (Dublin-Holyhead),Celtic Sealink,2778.0,1161.48,1,Y
703758,2024-06-10,EU Direct (Dublin-Cherbourg),Atlantic Cargo Ferries,2772.0,1951.8,2,Y
700188,2025-05-28,UK Landbridge (Dublin-Holyhead), Nordic Freight Lines ,1953.0,755.13,2,Y
705927,2024-10-22,EU Direct (Rosslare-Dunkirk),Nordic Freight Lines,835.0,404.86,1,Y
703122,2025-03-12,EU Direct (Dublin-Cherbourg),Atlantic Cargo Ferries,2931.0,2058.13,2,Y
701554,2024-11-28,UK Landbridge (Dublin-Holyhead),Celtic Sealink,3180.0,1387.12,1,Y
705535,2025-11-02,EU Direct (Rosslare-Dunkirk),Atlantic Cargo Ferries,1734.0,1167.61,2,Y
703370,2025-12-26,EU Direct (Dublin-Cherbourg), Celtic Sealink ,1812.0,1118.75,2,Y
702492,2025-01-28,UK Landbridge (Dublin-Holyhead),Celtic Sealink,3406.0,1466.21,1,Y
702986,2024-08-22,EU Direct (Dublin-Cherbourg),Atlantic Cargo Ferries,1657.0,1043.8,2,Y
700023,2025-02-01,UK Landbridge (Dublin-Holyhead),Nordic Freight Lines,3069.0,1165.04,1,Y
700178,2025-01-02,UK Landbridge (Dublin-Holyhead),Nordic Freight Lines,2933.0,1042.6,1,Y
704345,2025-10-13,EU Direct (Dublin-Cherbourg),Atlantic Cargo Ferries,1223.0,757.5,2,Y
700026,2024-11-30,UK Landbridge (Dublin-Holyhead),Celtic Sealink,1235.0,529.84,1,Y
701441,2024-08-15,UK Landbridge (Dublin-Holyhead),Nordic Freight Lines,2882.0,1044.78,1,Y
701983,2024-10-25,UK Landbridge (Dublin-Holyhead),Nordic Freight Lines,1139.0,405.16,2,N
703966,2025-05-21,EU Direct (Dublin-Cherbourg),Atlantic Cargo Ferries,903.0,569.2,2,Y
703501,2025-08-05,EU Direct (Dublin-Cherbourg),Atlantic Cargo Ferries,826.0,543.35,2,Y
704874,2025-05-25,EU Direct (Rosslare-Dunkirk),Nordic Freight Lines,1934.0,892.12,2,Y
700556,2024-12-24,UK Landbridge (Dublin-Holyhead),nordic freight lines,1134.0,453.35,1,Y
703200,2025-03-18,EU Direct (Dublin-Cherbourg),Celtic Sealink,50,31.27,1,Y
700182,2025-08-31,UK Landbridge (Dublin-Holyhead),Nordic Freight Lines,2475.0,982.52,1,Y
701794,2024-11-07,UK Landbridge (Dublin-Holyhead),Celtic Sealink,1399.0,622.26,1,Y
701985,2024-05-10,UK Landbridge (Dublin-Holyhead),Nordic Freight Lines,653.0,267.9,1,Y
700115,2025-04-26,UK Landbridge (Dublin-Holyhead),Celtic Sealink,718.0,321.49,2,Y
702337,2024-05-25,UK Landbridge (Dublin-Holyhead),Celtic Sealink,1023.0,446.56,1,Y
703610,2025-03-29,EU Direct (Dublin-Cherbourg),Atlantic Cargo Ferries,3028.0,1891.5,2,Y
700403,2025-09-18,UK Landbridge (Dublin-Holyhead),Celtic Sealink,1585.0,681.14,1,Y
701503,2024-08-19,UK Landbridge (Dublin-Holyhead),Celtic Sealink,2608.0,1057.94,1,Y
703668,2025-04-20,EU Direct (Dublin-Cherbourg),Atlantic Cargo Ferries,1011.0,713.21,2,Y
705462,2025-05-23,EU Direct (Rosslare-Dunkirk),Nordic Freight Lines,1948.0,1018.7,2,Y
704261,2024-10-28,EU Direct (Dublin-Cherbourg),Celtic Sealink,933.0,530.98,2,Y
701312,2024-06-19,UK Landbridge (Dublin-Holyhead),Celtic Sealink,855.0,339.13,1,Y
703244,2025-08-25,EU Direct (Dublin-Cherbourg),Atlantic Cargo Ferries,2389.0,1688.33,2,Y
700096,2024-01-20,UK Landbridge (Dublin-Holyhead),Nordic Freight Lines,2029.0,827.19,1,Y
704828,2025-12-20,EU Direct (Rosslare-Dunkirk),Nordic Freight Lines,1375.0,683.43,2,N
705966,2025-02-07,EU Direct (Rosslare-Dunkirk),Nordic Freight Lines,654.0,319.76,2,Y
702720,2025-02-19,UK Landbridge (Dublin-Holyhead),CELTIC SEALINK,1101.0,467.68,1,Y
700562,2024-11-19,UK Landbridge (Dublin-Holyhead),Nordic Freight Lines,1925.0,793.95,1,Y
705621,2024-01-18,EU Direct (Rosslare-Dunkirk), Atlantic Cargo Ferries ,1210.0,699.37,2,N
700248,2024-01-01,UK Landbridge (Dublin-Holyhead),Celtic Sealink,235.0,94.22,2,Y
701207,2025-06-18,UK Landbridge (Dublin-Holyhead),celtic sealink,2236.0,978.13,1,Y
705494,2025-06-21,EU Direct (Rosslare-Dunkirk),Atlantic Cargo Ferries,270.0,159.84,2,Y
705800,2024-09-18,EU Direct (Rosslare-Dunkirk),Nordic Freight Lines,832.0,441.27,2,Y
704809,2025-07-19,EU Direct (Rosslare-Dunkirk),Atlantic Cargo Ferries,50,29.48,2,Y
703669,2025-12-30,EU Direct (Dublin-Cherbourg),Celtic Sealink,3461.0,1980.68,2,Y
701706,2025-07-17,UK Landbridge (Dublin-Holyhead),Celtic Sealink,1711.0,741.15,1,Y
702812,2025-07-05,UK Landbridge (Dublin-Holyhead),Celtic Sealink,248.0,107.87,1,Y
701110,2024-12-05,UK Landbridge (Dublin-Holyhead),Nordic Freight Lines,3299.0,1348.75,1,Y
702533,2025-08-17,UK Landbridge (Dublin-Holyhead),Nordic Freight Lines,2069.0,796.42,1,Y
704515,2024-04-27,EU Direct (Dublin-Cherbourg),Celtic Sealink,1789.0,956.6,2,Y
703811,2025-10-07,EU Direct (Dublin-Cherbourg),celtic sealink,1699.0,990.86,2,Y
703053,2025-01-05,EU Direct (Dublin-Cherbourg),Atlantic Cargo Ferries,1038.0,709.82,,Y
702478,2025-11-03,UK Landbridge (Dublin-Holyhead),Celtic Sealink,169.0,70.1,1,N
701523,2025-04-10,UK Landbridge (Dublin-Holyhead),Nordic Freight Lines,1862.0,763.96,1,Y
703367,2025-03-08,EU Direct (Dublin-Cherbourg),Celtic Sealink,2085.0,1287.25,2,Y
704712,2025-01-12,EU Direct (Rosslare-Dunkirk),Atlantic Cargo Ferries,2736.0,1582.29,2,Y
701140,2025-09-18,UK Landbridge (Dublin-Holyhead),celtic sealink,200.0,77.76,1,N
705667,2025-02-16,EU Direct (Rosslare-Dunkirk),Nordic Freight Lines,78.0,41.25,1,Y
703630,2025-01-09,EU Direct (Dublin-Cherbourg),Atlantic Cargo Ferries,3165.0,1974.49,3,Y
700927,2024-05-31,UK Landbridge (Dublin-Holyhead),Celtic Sealink,363.0,164.64,1,Y
700815,2025-07-02,UK Landbridge (Dublin-Holyhead),Nordic Freight Lines,2127.0,754.24,1,Y
705192,2025-05-13,EU Direct (Rosslare-Dunkirk),Atlantic Cargo Ferries,2410.0,1603.1,2,Y
705642,2024-07-03,EU Direct (Rosslare-Dunkirk),Atlantic Cargo Ferries,368.0,221.98,2,Y
705237,2024-09-16,EU Direct (Rosslare-Dunkirk),Atlantic Cargo Ferries,1761.0,1187.78,2,Y
703711,2025-08-15,EU Direct (Dublin-Cherbourg),Celtic Sealink,1337.0,714.88,2,Y
704050,2025-12-15,EU Direct (Dublin-Cherbourg),Atlantic Cargo Ferries,2897.0,2057.25,2,Y
701595,2025-04-30,UK Landbridge (Dublin-Holyhead),Nordic Freight Lines,4094.0,1586.4,2,Y
701765,2024-06-23,UK Landbridge (Dublin-Holyhead),Celtic Sealink,4321.0,1743.24,1,Y
704761,2024-03-23,EU Direct (Rosslare-Dunkirk),atlantic cargo ferries,3149.0,2076.45,3,N
701196,2025-11-11,UK Landbridge (Dublin-Holyhead),Nordic Freight Lines,1543.0,603.69,2,Y
701333,2024-05-29,UK Landbridge (Dublin-Holyhead),Nordic Freight Lines,1690.0,636.6,1,Y
704104,2025-05-06,EU Direct (Dublin-Cherbourg),Celtic Sealink,1229.0,754.66,2,Y
701708,2025-07-03,UK Landbridge (Dublin-Holyhead),Celtic Sealink,2000.0,894.67,1,Y
703265,2025-02-22,EU Direct (Dublin-Cherbourg),Atlantic Cargo Ferries,2510.0,1743.81,1,Y
701847,2024-03-05,UK Landbridge (Dublin-Holyhead),Celtic Sealink,736.0,311.88,1,Y
702573,2025-08-13,UK Landbridge (Dublin-Holyhead),Celtic Sealink,1241.0,481.11,1,Y
700621,2025-12-29,UK Landbridge (Dublin-Holyhead),Celtic Sealink,1693.0,714.64,1,Y
705122,2024-11-16,EU Direct (Rosslare-Dunkirk),Atlantic Cargo Ferries,2007.0,1278.73,2,Y
700894,2024-04-23,UK Landbridge (Dublin-Holyhead),Celtic Sealink,3114.0,1303.37,1,Y
702223,2024-10-24,UK Landbridge (Dublin-Holyhead),Nordic Freight Lines,212.0,81.28,2,Y
702159,2025-09-25,UK Landbridge (Dublin-Holyhead),Nordic Freight Lines,374.0,146.35,1,Y
701025,2025-05-10,UK Landbridge (Dublin-Holyhead),Nordic Freight Lines,813.0,306.52,1,Y
704692,2025-02-26,EU Direct (Rosslare-Dunkirk),Atlantic Cargo Ferries,1642.0,969.91,2,N
703817,2024-12-09,EU Direct (Dublin-Cherbourg),Atlantic Cargo Ferries,3098.0,2062.48,2,Y
702291,2025-08-01,UK Landbridge (Dublin-Holyhead),Nordic Freight Lines,1967.0,724.66,1,Y
703085,2024-10-12,EU Direct (Dublin-Cherbourg), Celtic Sealink ,4836.0,2800.53,2,Y
703652,2025-05-16,EU Direct (Dublin-Cherbourg),Celtic Sealink,2776.0,1717.48,2,Y
703834,2025-08-11,EU Direct (Dublin-Cherbourg),Celtic Sealink,2271.0,1274.46,1,Y
702033,2025-01-04,UK Landbridge (Dublin-Holyhead),Nordic Freight Lines,2153.0,861.97,1,Y
705490,2025-07-03,EU Direct (Rosslare-Dunkirk),Atlantic Cargo Ferries,897.0,573.76,2,Y
705478,2025-05-23,EU Direct (Rosslare-Dunkirk),Nordic Freight Lines,898.0,426.43,2,Y
703184,2025-08-16,EU Direct (Dublin-Cherbourg),celtic sealink,1144.0,705.37,2,N
702593,2024-01-28,UK Landbridge (Dublin-Holyhead),Celtic Sealink,50,19.87,1,N
705703,2024-09-05,EU Direct (Rosslare-Dunkirk),Nordic Freight Lines,891.0,474.6,2,Y
700040,2024-11-15,UK Landbridge (Dublin-Holyhead),Nordic Freight Lines,737.0,298.36,1,Y
702373,2025-09-19,UK Landbridge (Dublin-Holyhead),Nordic Freight Lines,2374.0,880.21,1,N
700267,2024-12-21,UK Landbridge (Dublin-Holyhead),Celtic Sealink,1365.0,595.8,1,Y
700777,2024-06-30,UK Landbridge (Dublin-Holyhead),Nordic Freight Lines,923.0,333.15,1,Y
703878,2024-07-27,EU Direct (Dublin-Cherbourg),Atlantic Cargo Ferries,2528.0,1636.4,2,Y
702751,2024-08-11,UK Landbridge (Dublin-Holyhead),Celtic Sealink,1087.0,423.7,1,Y
705683,2024-09-19,EU Direct (Rosslare-Dunkirk),NORDIC FREIGHT LINES,935.0,497.85,2,Y
705918,2024-06-05,EU Direct (Rosslare-Dunkirk),Nordic Freight Lines,2299.0,1140.73,2,Y
700937,2025-12-09,UK Landbridge (Dublin-Holyhead),NORDIC FREIGHT LINES,1160.0,476.11,1,Y
702822,2025-04-01,UK Landbridge (Dublin-Holyhead),Nordic Freight Lines,1453.0,529.52,2,Y
704482,2025-05-07,EU Direct (Dublin-Cherbourg),Celtic Sealink,2592.0,1430.13,2,Y
700776,2024-12-24,UK Landbridge (Dublin-Holyhead),Celtic Sealink,3322.0,1308.59,1,Y
704287,2025-06-08,EU Direct (Dublin-Cherbourg),Atlantic Cargo Ferries,2367.0,1673.33,2,Y
702809,2024-01-24,UK Landbridge (Dublin-Holyhead),celtic sealink,2142.0,942.77,1,Y
705942,2025-08-22,EU Direct (Rosslare-Dunkirk),Nordic Freight Lines,3834.0,1898.23,2,Y
703794,2025-05-29,EU Direct (Dublin-Cherbourg),Celtic Sealink,2106.0,1265.21,2,Y
704672,2025-09-16,EU Direct (Rosslare-Dunkirk),Nordic Freight Lines,333.0,179.61,3,Y
703227,2025-03-14,EU Direct (Dublin-Cherbourg),Atlantic Cargo Ferries,2110.0,1365.35,3,Y
704289,2025-12-10,EU Direct (Dublin-Cherbourg),Celtic Sealink,1645.0,962.99,2,Y
703044,2024-05-15,EU Direct (Dublin-Cherbourg),Celtic Sealink,1147.0,694.8,2,Y
703692,2024-03-09,EU Direct (Dublin-Cherbourg),Atlantic Cargo Ferries,2507.0,1651.85,2,N
702053,2024-10-07,UK Landbridge (Dublin-Holyhead),Celtic Sealink,1735.0,742.95,1,Y
700486,2025-04-22,UK Landbridge (Dublin-Holyhead),Celtic Sealink,2898.0,1201.3,1,Y
702557,2025-08-23,UK Landbridge (Dublin-Holyhead),Nordic Freight Lines,2384.0,883.65,1,Y
701791,2024-09-05,UK Landbridge (Dublin-Holyhead),Nordic Freight Lines,2152.0,764.02,1,N
701821,2024-08-31,UK Landbridge (Dublin-Holyhead),Nordic Freight Lines,2033.0,718.75,1,N
703674,2024-06-19,EU Direct (Dublin-Cherbourg),Celtic Sealink,2873.0,1704.8,2,N
702073,2025-08-24,UK Landbridge (Dublin-Holyhead),Celtic Sealink,2257.0,944.98,1,Y
705150,2025-01-29,EU Direct (Rosslare-Dunkirk), Atlantic Cargo Ferries ,1067.0,677.85,2,Y
705277,2025-05-17,EU Direct (Rosslare-Dunkirk),Atlantic Cargo Ferries,2457.0,1513.15,2,Y
705623,2025-11-03,EU Direct (Rosslare-Dunkirk), Nordic Freight Lines ,1513.0,732.84,2,Y
705841,2024-08-27,EU Direct (Rosslare-Dunkirk),Nordic Freight Lines,2199.0,1029.42,2,Y
700907,2025-01-29,UK Landbridge (Dublin-Holyhead),Nordic Freight Lines,4165.0,1481.6,1,Y
703262,2024-04-11,EU Direct (Dublin-Cherbourg), Celtic Sealink ,652.0,392.07,2,Y
701594,2025-05-07,UK Landbridge (Dublin-Holyhead),Nordic Freight Lines,2529.0,1013.38,1,Y
700558,2024-08-03,UK Landbridge (Dublin-Holyhead),Nordic Freight Lines,1787.0,665.3,1,Y
703491,2025-05-19,EU Direct (Dublin-Cherbourg),Celtic Sealink,2891.0,1735.05,2,Y
701974,2024-10-09,UK Landbridge (Dublin-Holyhead),Celtic Sealink,2115.0,895.48,1,N
703128,2024-08-07,EU Direct (Dublin-Cherbourg),Atlantic Cargo Ferries,1466.0,989.05,2,Y
705560,2024-01-05,EU Direct (Rosslare-Dunkirk),Nordic Freight Lines,1330.0,715.33,2,Y
705915,2025-09-03,EU Direct (Rosslare-Dunkirk), Nordic Freight Lines ,1567.0,745.82,2,Y
704322,2024-05-20,EU Direct (Dublin-Cherbourg),Celtic Sealink,3479.0,1923.08,2,Y
701255,2025-09-25,UK Landbridge (Dublin-Holyhead),Nordic Freight Lines,1248.0,478.65,1,Y
701261,2024-11-26,UK Landbridge (Dublin-Holyhead),Celtic Sealink,1612.0,709.39,2,Y
700559,2025-11-26,UK Landbridge (Dublin-Holyhead),NORDIC FREIGHT LINES,2517.0,990.69,,Y
702281,2024-04-25,UK Landbridge (Dublin-Holyhead),Nordic Freight Lines,2477.0,921.6,1,Y
703309,2024-08-09,EU Direct (Dublin-Cherbourg),Atlantic Cargo Ferries,3066.0,2163.32,1,Y
704207,2024-01-03,EU Direct (Dublin-Cherbourg),Atlantic Cargo Ferries,1638.0,1053.16,2,Y
701832,2025-03-04,UK Landbridge (Dublin-Holyhead),Nordic Freight Lines,522.0,205.94,1,Y
704221,2024-08-11,EU Direct (Dublin-Cherbourg),Atlantic Cargo Ferries,1092.0,716.35,2,Y
700778,2025-07-24,UK Landbridge (Dublin-Holyhead),nordic freight lines,1031.0,366.59,1,N
701292,2025-10-25,UK Landbridge (Dublin-Holyhead),nordic freight lines,1148.0,414.85,1,Y
702094,2025-06-07,UK Landbridge (Dublin-Holyhead),Celtic Sealink,912.0,400.5,1,Y
703082,2024-01-04,EU Direct (Dublin-Cherbourg),Celtic Sealink,2973.0,1814.08,2,Y
705089,2025-04-29,EU Direct (Rosslare-Dunkirk),Nordic Freight Lines,2165.0,1032.16,2,Y
702242,2025-11-02,UK Landbridge (Dublin-Holyhead),Nordic Freight Lines,5043.0,1964.54,1,Y
704307,2025-10-09,EU Direct (Dublin-Cherbourg),Atlantic Cargo Ferries,1247.0,778.43,2,Y
701037,2025-05-28,UK Landbridge (Dublin-Holyhead),Nordic Freight Lines,2803.0,1049.52,1,N
700131,2024-01-03,UK Landbridge (Dublin-Holyhead),Nordic Freight Lines,2757.0,999.76,1,Y
702709,2025-08-12,UK Landbridge (Dublin-Holyhead),Nordic Freight Lines,743.0,292.94,1,Y
701936,2025-04-07,UK Landbridge (Dublin-Holyhead),Nordic Freight Lines,50,20.5,1,Y
702907,2025-07-22,EU Direct (Dublin-Cherbourg),Celtic Sealink,1124.0,627.9,1,Y
702400,2025-02-16,UK Landbridge (Dublin-Holyhead),Nordic Freight Lines,2436.0,985.91,1,Y
702276,2025-12-04,UK Landbridge (Dublin-Holyhead),Nordic Freight Lines,1286.0,480.38,1,Y
703809,2025-04-24,EU Direct (Dublin-Cherbourg),Atlantic Cargo Ferries,1540.0,946.05,2,Y
701318,2025-07-09,UK Landbridge (Dublin-Holyhead), Celtic Sealink ,2647.0,1078.41,1,Y
703980,2024-02-16,EU Direct (Dublin-Cherbourg),Atlantic Cargo Ferries,894.0,570.57,2,Y
700686,2024-07-12,UK Landbridge (Dublin-Holyhead), Celtic Sealink ,50,22.32,1,Y
700108,2025-08-03,UK Landbridge (Dublin-Holyhead),Celtic Sealink,2989.0,1194.7,1,Y
704645,2025-03-17,EU Direct (Rosslare-Dunkirk),Nordic Freight Lines,880.0,440.66,2,Y
702022,2025-03-12,UK Landbridge (Dublin-Holyhead),Nordic Freight Lines,1586.0,590.06,1,N
703458,2025-11-10,EU Direct (Dublin-Cherbourg),Atlantic Cargo Ferries,456.0,315.0,2,N
700119,2025-11-03,UK Landbridge (Dublin-Holyhead),Nordic Freight Lines,1277.0,454.37,1,N
703115,2025-10-28,EU Direct (Dublin-Cherbourg),Atlantic Cargo Ferries,1587.0,1090.89,2,Y
700837,2024-04-29,UK Landbridge (Dublin-Holyhead),Celtic Sealink,958.0,383.65,1,Y
705459,2025-12-09,EU Direct (Rosslare-Dunkirk),Atlantic Cargo Ferries,1772.0,1135.45,2,Y
701947,2025-12-10,UK Landbridge (Dublin-Holyhead),Celtic Sealink,228.0,101.58,1,Y
704852,2025-10-23,EU Direct (Rosslare-Dunkirk), Nordic Freight Lines ,1475.0,717.54,2,Y
703098,2024-11-22,EU Direct (Dublin-Cherbourg),Atlantic Cargo Ferries,2293.0,1397.42,2,Y
704330,2024-12-24,EU Direct (Dublin-Cherbourg),Celtic Sealink,2564.0,1396.6,2,Y
702504,2024-02-24,UK Landbridge (Dublin-Holyhead),Nordic Freight Lines,1298.0,476.45,1,N
702735,2025-01-16,UK Landbridge (Dublin-Holyhead),Nordic Freight Lines,1491.0,549.49,1,Y
704759,2025-10-10,EU Direct (Rosslare-Dunkirk), Atlantic Cargo Ferries ,2316.0,1446.83,2,Y
704984,2024-12-20,EU Direct (Rosslare-Dunkirk),Nordic Freight Lines,1567.0,801.62,3,N
700951,2024-01-27,UK Landbridge (Dublin-Holyhead),Nordic Freight Lines,779.0,274.0,1,Y
702656,2025-05-18,UK Landbridge (Dublin-Holyhead),Celtic Sealink,1936.0,828.1,1,Y
703147,2024-04-07,EU Direct (Dublin-Cherbourg),Celtic Sealink,1895.0,1125.0,2,Y
701539,2024-12-27,UK Landbridge (Dublin-Holyhead),Celtic Sealink,2421.0,939.24,1,Y
704462,2024-05-31,EU Direct (Dublin-Cherbourg),Atlantic Cargo Ferries,2024.0,1336.92,2,Y
705794,2025-06-03,EU Direct (Rosslare-Dunkirk),Atlantic Cargo Ferries,2360.0,1453.01,3,Y
703490,2024-09-05,EU Direct (Dublin-Cherbourg),Celtic Sealink,1901.0,1023.07,2,Y
700688,2025-09-19,UK Landbridge (Dublin-Holyhead),Celtic Sealink,1522.0,609.6,1,Y
704939,2025-08-20,EU Direct (Rosslare-Dunkirk),Atlantic Cargo Ferries,1073.0,640.52,1,Y
702203,2024-02-19,UK Landbridge (Dublin-Holyhead),Celtic Sealink,919.0,381.63,1,Y
701293,2025-07-23,UK Landbridge (Dublin-Holyhead),Celtic Sealink,1480.0,644.84,1,Y
701289,2025-09-29,UK Landbridge (Dublin-Holyhead),Celtic Sealink,1522.0,678.4,1,Y
700210,2025-07-02,UK Landbridge (Dublin-Holyhead),Nordic Freight Lines,50,19.95,1,Y
701086,2024-05-11,UK Landbridge (Dublin-Holyhead),nordic freight lines,2008.0,816.9,1,Y
702673,2024-01-28,UK Landbridge (Dublin-Holyhead),Nordic Freight Lines,1351.0,531.17,1,Y
704163,2024-10-08,EU Direct (Dublin-Cherbourg),celtic sealink,156.0,83.89,1,Y
703596,2025-04-03,EU Direct (Dublin-Cherbourg),Celtic Sealink,50,26.91,2,Y
705725,2024-05-31,EU Direct (Rosslare-Dunkirk),Nordic Freight Lines,2544.0,1313.91,1,Y
704430,2024-08-26,EU Direct (Dublin-Cherbourg),Celtic Sealink,1809.0,1004.45,2,Y
703414,2025-12-25,EU Direct (Dublin-Cherbourg),Celtic Sealink,174.0,95.48,2,Y
703867,2025-02-01,EU Direct (Dublin-Cherbourg),Celtic Sealink,2840.0,1754.39,2,Y
701921,2025-02-05,UK Landbridge (Dublin-Holyhead),Nordic Freight Lines,1954.0,789.38,1,Y
705373,2025-05-06,EU Direct (Rosslare-Dunkirk),Atlantic Cargo Ferries,2233.0,1482.89,2,Y
704258,2024-07-24,EU Direct (Dublin-Cherbourg),atlantic cargo ferries,1507.0,1052.48,2,Y
702967,2025-10-04,EU Direct (Dublin-Cherbourg),Celtic Sealink,1280.0,774.36,2,Y
704026,2025-03-29,EU Direct (Dublin-Cherbourg),Celtic Sealink,825.0,457.6,3,Y
700238,2025-09-16,UK Landbridge (Dublin-Holyhead),Celtic Sealink,3167.0,1258.37,1,Y
705831,2025-10-18,EU Direct (Rosslare-Dunkirk),Atlantic Cargo Ferries,2203.0,1434.39,2,Y
702715,2024-01-28,UK Landbridge (Dublin-Holyhead),Celtic Sealink,2300.0,978.88,1,Y
700132,2025-06-13,UK Landbridge (Dublin-Holyhead),Celtic Sealink,1366.0,586.09,2,N
704139,2024-05-06,EU Direct (Dublin-Cherbourg), Celtic Sealink ,2867.0,1603.69,3,Y
700863,2025-05-13,UK Landbridge (Dublin-Holyhead),Nordic Freight Lines,965.0,349.73,1,Y
705604,2025-06-02,EU Direct (Rosslare-Dunkirk),Nordic Freight Lines,650.0,346.96,2,Y
705159,2025-05-02,EU Direct (Rosslare-Dunkirk),nordic freight lines,611.0,318.11,3,Y
704746,2025-05-20,EU Direct (Rosslare-Dunkirk), Atlantic Cargo Ferries ,2240.0,1395.5,3,Y
703783,2024-08-25,EU Direct (Dublin-Cherbourg),Atlantic Cargo Ferries,2279.0,1483.24,2,Y
700464,2024-12-07,UK Landbridge (Dublin-Holyhead),Celtic Sealink,1857.0,742.02,1,Y
704049,2025-10-26,EU Direct (Dublin-Cherbourg),Atlantic Cargo Ferries,2982.0,2037.01,3,Y
700302,2024-09-27,UK Landbridge (Dublin-Holyhead),Celtic Sealink,2107.0,896.61,1,Y
701520,2025-06-14,UK Landbridge (Dublin-Holyhead),Nordic Freight Lines,712.0,270.62,1,Y
702570,2024-11-20,UK Landbridge (Dublin-Holyhead),Nordic Freight Lines,1949.0,785.86,2,Y
705155,2024-06-02,EU Direct (Rosslare-Dunkirk),Nordic Freight Lines,3627.0,1928.63,3,Y
701928,2025-11-29,UK Landbridge (Dublin-Holyhead),Nordic Freight Lines,529.0,191.71,1,Y
705545,2024-08-16,EU Direct (Rosslare-Dunkirk),Atlantic Cargo Ferries,2536.0,1656.35,2,Y
702164,2024-03-03,UK Landbridge (Dublin-Holyhead),Celtic Sealink,609.0,258.71,1,Y
705885,2024-12-19,EU Direct (Rosslare-Dunkirk),Atlantic Cargo Ferries,1607.0,1063.67,2,Y
703509,2025-10-13,EU Direct (Dublin-Cherbourg),CELTIC SEALINK,1149.0,660.43,2,Y
704421,2025-02-13,EU Direct (Dublin-Cherbourg),Atlantic Cargo Ferries,1547.0,968.47,2,Y
700892,2024-12-18,UK Landbridge (Dublin-Holyhead),Nordic Freight Lines,1300.0,497.52,1,Y
703160,2025-04-27,EU Direct (Dublin-Cherbourg),Atlantic Cargo Ferries,1612.0,1140.11,1,Y
703361,2024-04-29,EU Direct (Dublin-Cherbourg),Atlantic Cargo Ferries,633.0,420.79,3,Y
701470,2024-02-01,UK Landbridge (Dublin-Holyhead),Celtic Sealink,2266.0,1007.81,1,Y
702703,2024-08-07,UK Landbridge (Dublin-Holyhead),Celtic Sealink,500.0,211.46,1,Y
703741,2024-11-06,EU Direct (Dublin-Cherbourg),Celtic Sealink,2582.0,1550.14,2,Y
700148,2024-11-25,UK Landbridge (Dublin-Holyhead),Celtic Sealink,2321.0,1030.12,1,Y
702419,2024-12-13,UK Landbridge (Dublin-Holyhead),Nordic Freight Lines,1031.0,408.85,1,Y
700720,2024-07-22,UK Landbridge (Dublin-Holyhead), Nordic Freight Lines ,1424.0,511.91,1,Y
705118,2024-10-25,EU Direct (Rosslare-Dunkirk),Atlantic Cargo Ferries,1514.0,1000.11,2,Y
701549,2024-03-07,UK Landbridge (Dublin-Holyhead), Nordic Freight Lines ,2954.0,1192.66,1,Y
701343,2024-10-28,UK Landbridge (Dublin-Holyhead),Celtic Sealink,1950.0,871.01,1,Y
703537,2025-04-01,EU Direct (Dublin-Cherbourg),Celtic Sealink,2448.0,1517.59,2,Y
700602,2025-09-10,UK Landbridge (Dublin-Holyhead),Nordic Freight Lines,3490.0,1376.34,1,Y
703250,2024-08-06,EU Direct (Dublin-Cherbourg),Atlantic Cargo Ferries,2701.0,1829.54,2,Y
700814,2025-11-15,UK Landbridge (Dublin-Holyhead),Nordic Freight Lines,914.0,332.56,1,Y
701867,2024-10-30,UK Landbridge (Dublin-Holyhead),Nordic Freight Lines,1548.0,617.98,1,Y
702926,2024-05-08,EU Direct (Dublin-Cherbourg),Atlantic Cargo Ferries,1488.0,948.35,2,Y
703423,2024-05-12,EU Direct (Dublin-Cherbourg),Atlantic Cargo Ferries,713.0,452.86,2,Y
700792,2024-11-14,UK Landbridge (Dublin-Holyhead),Nordic Freight Lines,1263.0,460.43,1,Y
705934,2024-05-10,EU Direct (Rosslare-Dunkirk),Nordic Freight Lines,1315.0,700.02,2,Y
702990,2025-08-02,EU Direct (Dublin-Cherbourg),Atlantic Cargo Ferries,1875.0,1309.35,3,Y
701489,2024-08-23,UK Landbridge (Dublin-Holyhead),Nordic Freight Lines,1334.0,477.46,1,Y
701472,2025-06-06,UK Landbridge (Dublin-Holyhead),Nordic Freight Lines,1389.0,550.85,1,Y
700980,2025-03-11,UK Landbridge (Dublin-Holyhead), Celtic Sealink ,1594.0,696.86,1,Y
702749,2024-02-10,UK Landbridge (Dublin-Holyhead),Nordic Freight Lines,2145.0,781.14,1,Y
703322,2024-08-01,EU Direct (Dublin-Cherbourg),Atlantic Cargo Ferries,3128.0,1933.57,2,Y
700252,2025-11-21,UK Landbridge (Dublin-Holyhead),Celtic Sealink,2463.0,967.03,1,Y
700387,2025-09-05,UK Landbridge (Dublin-Holyhead),Celtic Sealink,938.0,422.22,1,Y
701296,2025-10-05,UK Landbridge (Dublin-Holyhead),Celtic Sealink,2650.0,1168.5,1,Y
701045,2024-12-30,UK Landbridge (Dublin-Holyhead),celtic sealink,2091.0,822.36,1,Y
703973,2024-07-14,EU Direct (Dublin-Cherbourg),Celtic Sealink,2724.0,1622.92,2,Y
705932,2024-10-15,EU Direct (Rosslare-Dunkirk),Atlantic Cargo Ferries,1965.0,1267.53,2,Y
703685,2025-01-19,EU Direct (Dublin-Cherbourg),Atlantic Cargo Ferries,2769.0,1701.39,2,Y
703087,2025-12-10,EU Direct (Dublin-Cherbourg),CELTIC SEALINK,1722.0,1058.84,3,Y
702360,2024-09-24,UK Landbridge (Dublin-Holyhead),Nordic Freight Lines,2175.0,808.76,1,Y
701872,2024-01-25,UK Landbridge (Dublin-Holyhead),Nordic Freight Lines,1514.0,542.98,1,Y
702024,2024-03-23,UK Landbridge (Dublin-Holyhead),Celtic Sealink,2028.0,799.41,1,Y
701204,2025-04-05,UK Landbridge (Dublin-Holyhead),Nordic Freight Lines,2222.0,803.93,2,Y
704285,2025-11-03,EU Direct (Dublin-Cherbourg),Celtic Sealink,1938.0,1059.29,2,Y
705323,2025-02-13,EU Direct (Rosslare-Dunkirk),Nordic Freight Lines,1438.0,666.34,2,Y
701641,2025-10-12,UK Landbridge (Dublin-Holyhead),Nordic Freight Lines,2694.0,1109.25,2,Y
703538,2025-03-23,EU Direct (Dublin-Cherbourg),Celtic Sealink,2361.0,1393.14,2,Y
702236,2024-10-14,UK Landbridge (Dublin-Holyhead),Nordic Freight Lines,2410.0,987.06,1,Y
700812,2024-10-05,UK Landbridge (Dublin-Holyhead),Celtic Sealink,2599.0,1065.58,1,Y
700528,2024-03-14,UK Landbridge (Dublin-Holyhead),Celtic Sealink,3424.0,1373.57,2,Y
704678,2025-12-31,EU Direct (Rosslare-Dunkirk),Atlantic Cargo Ferries,-372.0,220.03,2,Y
705828,2024-08-24,EU Direct (Rosslare-Dunkirk),Nordic Freight Lines,1000.0,540.54,2,Y
700831,2024-06-12,UK Landbridge (Dublin-Holyhead),Nordic Freight Lines,1461.0,565.83,1,Y
705806,2025-12-07,EU Direct (Rosslare-Dunkirk),Nordic Freight Lines,2137.0,987.56,2,Y
703859,2025-10-09,EU Direct (Dublin-Cherbourg),Celtic Sealink,2866.0,1641.51,2,Y
700977,2024-02-09,UK Landbridge (Dublin-Holyhead),Nordic Freight Lines,-50,19.78,1,Y
705790,2025-04-26,EU Direct (Rosslare-Dunkirk),Atlantic Cargo Ferries,2523.0,1591.42,2,Y
702392,2024-05-19,UK Landbridge (Dublin-Holyhead),Celtic Sealink,304.0,118.8,1,Y
704418,2025-04-04,EU Direct (Dublin-Cherbourg),CELTIC SEALINK,1124.0,686.36,2,Y
701914,2025-01-25,UK Landbridge (Dublin-Holyhead),Nordic Freight Lines,1168.0,428.64,1,Y
702341,2024-05-29,UK Landbridge (Dublin-Holyhead),Nordic Freight Lines,1662.0,624.67,1,Y
703539,2024-03-23,EU Direct (Dublin-Cherbourg),Atlantic Cargo Ferries,2244.0,1386.16,1,Y
701990,2025-07-14,UK Landbridge (Dublin-Holyhead),nordic freight lines,1734.0,660.52,1,Y
701399,2025-07-27,UK Landbridge (Dublin-Holyhead),Celtic Sealink,2972.0,1202.33,1,Y
704573,2025-01-31,EU Direct (Dublin-Cherbourg),Atlantic Cargo Ferries,1552.0,1021.97,2,Y
701775,2025-10-30,UK Landbridge (Dublin-Holyhead),CELTIC SEALINK,1231.0,540.11,1,Y
703787,2024-05-08,EU Direct (Dublin-Cherbourg),Atlantic Cargo Ferries,1459.0,1002.72,1,Y
702249,2024-06-24,UK Landbridge (Dublin-Holyhead),Celtic Sealink,2623.0,1189.77,1,Y
703193,2024-05-21,EU Direct (Dublin-Cherbourg),Atlantic Cargo Ferries,676.0,462.1,2,Y
704216,2024-07-11,EU Direct (Dublin-Cherbourg),Celtic Sealink,1155.0,627.89,2,Y
703833,2024-03-20,EU Direct (Dublin-Cherbourg),Atlantic Cargo Ferries,3388.0,2123.56,2,Y
704235,2024-10-07,EU Direct (Dublin-Cherbourg),Celtic Sealink,2712.0,1576.67,2,Y
704708,2024-03-29,EU Direct (Rosslare-Dunkirk),Atlantic Cargo Ferries,2643.0,1654.67,2,Y
700935,2024-10-02,UK Landbridge (Dublin-Holyhead),Celtic Sealink,1588.0,714.71,1,N
705760,2025-01-27,EU Direct (Rosslare-Dunkirk),Atlantic Cargo Ferries,1393.0,852.8,2,Y
702827,2024-11-01,UK Landbridge (Dublin-Holyhead),Nordic Freight Lines,1923.0,767.05,1,Y
700649,2025-06-01,UK Landbridge (Dublin-Holyhead),Nordic Freight Lines,2012.0,809.46,1,Y
704583,2024-11-18,EU Direct (Dublin-Cherbourg), Celtic Sealink ,1819.0,1060.2,2,Y
704977,2025-02-19,EU Direct (Rosslare-Dunkirk),Atlantic Cargo Ferries,3473.0,2221.15,2,Y
700301,2025-10-03,UK Landbridge (Dublin-Holyhead),Nordic Freight Lines,3260.0,1196.08,1,Y
704675,2025-01-17,EU Direct (Rosslare-Dunkirk),Atlantic Cargo Ferries,1875.0,1157.57,2,Y
704096,2024-04-15,EU Direct (Dublin-Cherbourg),Celtic Sealink,1549.0,952.89,2,N
700444,2024-01-22,UK Landbridge (Dublin-Holyhead),Nordic Freight Lines,830.0,314.89,1,Y
705498,2024-05-28,EU Direct (Rosslare-Dunkirk),Atlantic Cargo Ferries,1741.0,1126.66,2,Y
703233,2025-03-26,EU Direct (Dublin-Cherbourg),Atlantic Cargo Ferries,1839.0,1216.8,2,Y
703880,2025-04-11,EU Direct (Dublin-Cherbourg),Atlantic Cargo Ferries,-2935.0,2007.94,2,Y
700614,2024-04-07,UK Landbridge (Dublin-Holyhead),Celtic Sealink,381.0,157.91,1,Y
703275,2024-02-09,EU Direct (Dublin-Cherbourg),Celtic Sealink,2297.0,1346.8,2,Y
702730,2024-08-09,UK Landbridge (Dublin-Holyhead),Celtic Sealink,1607.0,693.87,1,Y
704872,2024-02-19,EU Direct (Rosslare-Dunkirk),Atlantic Cargo Ferries,1618.0,943.38,2,Y
702087,2025-11-16,UK Landbridge (Dublin-Holyhead),Celtic Sealink,803.0,350.71,1,Y
701321,2024-04-28,UK Landbridge (Dublin-Holyhead),Celtic Sealink,1161.0,520.62,1,N
702046,2024-12-27,UK Landbridge (Dublin-Holyhead),NORDIC FREIGHT LINES,1292.0,486.0,2,Y
701388,2024-11-08,UK Landbridge (Dublin-Holyhead),Nordic Freight Lines,695.0,264.55,1,Y
703972,2024-10-08,EU Direct (Dublin-Cherbourg),Celtic Sealink,1713.0,929.55,2,Y
705151,2024-06-05,EU Direct (Rosslare-Dunkirk),Nordic Freight Lines,1089.0,559.08,3,N
705379,2025-09-10,EU Direct (Rosslare-Dunkirk),Nordic Freight Lines,1767.0,891.44,2,Y
704738,2024-07-31,EU Direct (Rosslare-Dunkirk),Atlantic Cargo Ferries,1352.0,794.65,2,Y
705696,2024-04-06,EU Direct (Rosslare-Dunkirk),Nordic Freight Lines,1511.0,734.97,2,Y
703156,2025-09-17,EU Direct (Dublin-Cherbourg),Atlantic Cargo Ferries,3235.0,2087.02,2,Y
704262,2024-03-04,EU Direct (Dublin-Cherbourg),Celtic Sealink,2624.0,1533.35,2,Y
702546,2025-03-07,UK Landbridge (Dublin-Holyhead),Nordic Freight Lines,50,20.22,1,Y
703996,2024-10-28,EU Direct (Dublin-Cherbourg),Celtic Sealink,1138.0,621.58,3,Y
705562,2024-06-11,EU Direct (Rosslare-Dunkirk),Atlantic Cargo Ferries,1781.0,1201.64,3,Y
700053,2024-04-09,UK Landbridge (Dublin-Holyhead),Celtic Sealink,1331.0,560.39,,Y
700275,2025-12-26,UK Landbridge (Dublin-Holyhead),Nordic Freight Lines,1466.0,580.63,1,Y
704144,2024-03-09,EU Direct (Dublin-Cherbourg),Atlantic Cargo Ferries,1059.0,671.81,2,Y
704745,2024-12-23,EU Direct (Rosslare-Dunkirk),Nordic Freight Lines,1657.0,775.24,2,Y
702106,2025-06-08,UK Landbridge (Dublin-Holyhead),Nordic Freight Lines,868.0,327.15,1,Y
705311,2024-05-25,EU Direct (Rosslare-Dunkirk),Nordic Freight Lines,1258.0,666.93,2,Y
703269,2025-05-21,EU Direct (Dublin-Cherbourg),CELTIC SEALINK,1412.0,800.66,2,Y
701497,2025-07-29,UK Landbridge (Dublin-Holyhead),Nordic Freight Lines,1382.0,523.65,1,Y
704578,2024-02-15,EU Direct (Dublin-Cherbourg),Atlantic Cargo Ferries,2466.0,1664.6,3,Y
705936,2024-11-03,EU Direct (Rosslare-Dunkirk),NORDIC FREIGHT LINES,1992.0,949.09,2,N
703792,2024-05-30,EU Direct (Dublin-Cherbourg),Celtic Sealink,995.0,593.87,2,Y
703350,2025-06-26,EU Direct (Dublin-Cherbourg),Celtic Sealink,50,30.88,2,Y
704896,2025-10-12,EU Direct (Rosslare-Dunkirk),Nordic Freight Lines,2831.0,1372.42,1,Y
704967,2024-05-07,EU Direct (Rosslare-Dunkirk),Atlantic Cargo Ferries,1987.0,1271.15,2,Y
702012,2024-09-19,UK Landbridge (Dublin-Holyhead),Nordic Freight Lines,2476.0,872.94,1,N
705476,2024-09-10,EU Direct (Rosslare-Dunkirk),Atlantic Cargo Ferries,2973.0,1739.47,2,Y
703261,2025-04-07,EU Direct (Dublin-Cherbourg), Celtic Sealink ,604.0,352.91,3,Y
705223,2025-04-30,EU Direct (Rosslare-Dunkirk),Nordic Freight Lines,2172.0,1150.85,2,Y
705640,2025-10-08,EU Direct (Rosslare-Dunkirk),Nordic Freight Lines,4029.0,2080.12,2,Y
700589,2024-03-23,UK Landbridge (Dublin-Holyhead),Nordic Freight Lines,1582.0,643.31,1,N
704084,2024-01-07,EU Direct (Dublin-Cherbourg), Atlantic Cargo Ferries ,962.0,649.21,2,Y
705166,2024-01-09,EU Direct (Rosslare-Dunkirk),Atlantic Cargo Ferries,3940.0,2602.62,2,Y
702794,2025-01-18,UK Landbridge (Dublin-Holyhead), Nordic Freight Lines ,2257.0,800.7,1,Y
701965,2025-03-09,UK Landbridge (Dublin-Holyhead),Nordic Freight Lines,1283.0,456.28,1,Y
704081,2025-12-22,EU Direct (Dublin-Cherbourg),CELTIC SEALINK,2394.0,1447.93,,Y
705991,2025-07-12,EU Direct (Rosslare-Dunkirk),Nordic Freight Lines,1953.0,970.95,2,Y
703697,2025-05-10,EU Direct (Dublin-Cherbourg),Celtic Sealink,729.0,439.06,3,Y
701385,2024-01-23,UK Landbridge (Dublin-Holyhead),Nordic Freight Lines,1957.0,769.27,2,Y
703546,2025-09-25,EU Direct (Dublin-Cherbourg),Atlantic Cargo Ferries,2479.0,1740.01,2,Y
704577,2024-11-06,EU Direct (Dublin-Cherbourg),Celtic Sealink,3207.0,1950.0,2,Y
704100,2025-10-23,EU Direct (Dublin-Cherbourg),Celtic Sealink,2168.0,1174.89,2,Y
700706,2025-01-06,UK Landbridge (Dublin-Holyhead),Celtic Sealink,1785.0,787.59,1,N
705161,2024-06-21,EU Direct (Rosslare-Dunkirk),Atlantic Cargo Ferries,2317.0,1481.32,2,Y
700483,2024-09-19,UK Landbridge (Dublin-Holyhead),Nordic Freight Lines,2076.0,806.37,1,Y
703706,2024-12-06,EU Direct (Dublin-Cherbourg),Celtic Sealink,3445.0,1937.89,3,Y
702225,2024-04-06,UK Landbridge (Dublin-Holyhead),Celtic Sealink,50,21.74,1,Y
701494,2025-08-05,UK Landbridge (Dublin-Holyhead),Celtic Sealink,3086.0,1210.43,2,Y
704269,2025-08-10,EU Direct (Dublin-Cherbourg),Celtic Sealink,50,28.37,2,Y
704247,2024-11-13,EU Direct (Dublin-Cherbourg),ATLANTIC CARGO FERRIES,1890.0,1208.34,2,N
704954,2024-02-18,EU Direct (Rosslare-Dunkirk),Atlantic Cargo Ferries,2166.0,1250.13,2,Y
705596,2025-11-11,EU Direct (Rosslare-Dunkirk),Nordic Freight Lines,392.0,183.52,3,Y
700954,2024-09-27,UK Landbridge (Dublin-Holyhead),Celtic Sealink,3409.0,1506.53,1,Y
703140,2024-07-01,EU Direct (Dublin-Cherbourg),Celtic Sealink,2308.0,1357.01,2,Y
700752,2024-05-04,UK Landbridge (Dublin-Holyhead),Celtic Sealink,1278.0,541.93,1,Y
700473,2025-01-11,UK Landbridge (Dublin-Holyhead),Nordic Freight Lines,1589.0,606.9,1,Y
705477,2024-08-29,EU Direct (Rosslare-Dunkirk),Nordic Freight Lines,1074.0,528.54,2,Y
703862,2025-05-28,EU Direct (Dublin-Cherbourg),Celtic Sealink,835.0,465.62,2,Y
704266,2024-10-06,EU Direct (Dublin-Cherbourg),Atlantic Cargo Ferries,1090.0,748.96,2,Y
702117,2025-12-05,UK Landbridge (Dublin-Holyhead),Nordic Freight Lines,804.0,297.46,1,Y
702580,2025-12-04,UK Landbridge (Dublin-Holyhead),Celtic Sealink,2625.0,1158.37,1,Y
702892,2024-02-27,EU Direct (Dublin-Cherbourg),Atlantic Cargo Ferries,2801.0,1917.37,2,Y
702641,2024-12-11,UK Landbridge (Dublin-Holyhead),Celtic Sealink,3662.0,1426.71,1,Y
704409,2025-09-11,EU Direct (Dublin-Cherbourg),Atlantic Cargo Ferries,471.0,296.65,2,Y
705664,2025-12-23,EU Direct (Rosslare-Dunkirk),Nordic Freight Lines,1300.0,679.41,1,N
705653,2024-10-22,EU Direct (Rosslare-Dunkirk),nordic freight lines,864.0,439.65,2,Y
703550,2025-10-15,EU Direct (Dublin-Cherbourg),Celtic Sealink,1107.0,646.03,1,Y
700184,2024-01-22,UK Landbridge (Dublin-Holyhead),Celtic Sealink,2379.0,1039.81,1,Y
705988,2024-03-28,EU Direct (Rosslare-Dunkirk),Nordic Freight Lines,1464.0,756.65,2,N
700905,2024-08-09,UK Landbridge (Dublin-Holyhead),Nordic Freight Lines,2116.0,842.04,1,Y
705558,2025-04-14,EU Direct (Rosslare-Dunkirk),Nordic Freight Lines,1475.0,766.46,2,Y
705318,2024-03-05,EU Direct (Rosslare-Dunkirk),Atlantic Cargo Ferries,829.0,536.33,2,Y
700153,2025-11-13,UK Landbridge (Dublin-Holyhead),Nordic Freight Lines,2919.0,1093.18,1,Y
705733,2024-03-16,EU Direct (Rosslare-Dunkirk),Nordic Freight Lines,1346.0,700.14,2,Y
705382,2025-03-23,EU Direct (Rosslare-Dunkirk),Atlantic Cargo Ferries,1964.0,1265.17,3,Y
705266,2024-03-19,EU Direct (Rosslare-Dunkirk),Atlantic Cargo Ferries,1313.0,817.86,2,Y
701570,2024-12-19,UK Landbridge (Dublin-Holyhead),Nordic Freight Lines,1786.0,713.64,2,Y
702874,2025-06-19,UK Landbridge (Dublin-Holyhead),Nordic Freight Lines,1926.0,759.14,1,Y
705659,2025-10-24,EU Direct (Rosslare-Dunkirk),Atlantic Cargo Ferries,2340.0,1540.03,2,Y
705481,2025-12-02,EU Direct (Rosslare-Dunkirk),Nordic Freight Lines,3019.0,1527.42,2,N
700834,2024-12-08,UK Landbridge (Dublin-Holyhead),Nordic Freight Lines,1287.0,478.39,1,Y
703344,2024-01-19,EU Direct (Dublin-Cherbourg),Atlantic Cargo Ferries,1945.0,1350.13,2,Y
703109,2024-08-20,EU Direct (Dublin-Cherbourg),Atlantic Cargo Ferries,515.0,362.05,2,Y
703379,2025-03-28,EU Direct (Dublin-Cherbourg),Atlantic Cargo Ferries,543.0,355.63,2,Y
700679,2024-07-17,UK Landbridge (Dublin-Holyhead),Celtic Sealink,2214.0,868.74,1,Y
703850,2024-07-29,EU Direct (Dublin-Cherbourg),Celtic Sealink,2386.0,1314.7,2,Y
702541,2024-02-18,UK Landbridge (Dublin-Holyhead),Celtic Sealink,849.0,381.7,1,Y
701354,2025-08-05,UK Landbridge (Dublin-Holyhead),Nordic Freight Lines,2522.0,955.59,1,Y
700265,2024-09-19,UK Landbridge (Dublin-Holyhead),Nordic Freight Lines,814.0,297.84,2,N
700851,2025-06-07,UK Landbridge (Dublin-Holyhead),Celtic Sealink,2041.0,843.71,1,Y
701509,2025-10-16,UK Landbridge (Dublin-Holyhead),Nordic Freight Lines,1746.0,652.53,1,Y
704021,2025-09-18,EU Direct (Dublin-Cherbourg),Atlantic Cargo Ferries,698.0,480.08,2,Y
704118,2025-12-25,EU Direct (Dublin-Cherbourg),Atlantic Cargo Ferries,2899.0,1910.62,,N
703273,2025-11-20,EU Direct (Dublin-Cherbourg),celtic sealink,1813.0,1068.78,2,N
704569,2025-05-14,EU Direct (Dublin-Cherbourg),Atlantic Cargo Ferries,50,34.12,2,Y
703705,2025-03-15,EU Direct (Dublin-Cherbourg),Celtic Sealink,1922.0,1060.05,2,Y
703366,2024-12-17,EU Direct (Dublin-Cherbourg),Atlantic Cargo Ferries,919.0,577.55,3,Y
703142,2024-05-04,EU Direct (Dublin-Cherbourg),Atlantic Cargo Ferries,2122.0,1389.48,2,Y
704703,2024-09-18,EU Direct (Rosslare-Dunkirk),Atlantic Cargo Ferries,1791.0,1085.99,2,N
700359,2024-10-21,UK Landbridge (Dublin-Holyhead),CELTIC SEALINK,826.0,333.11,1,Y
700916,2024-08-04,UK Landbridge (Dublin-Holyhead),Nordic Freight Lines,2052.0,754.37,1,Y
704535,2025-03-28,EU Direct (Dublin-Cherbourg),Celtic Sealink,1688.0,941.8,2,Y
701890,2024-11-13,UK Landbridge (Dublin-Holyhead),Celtic Sealink,995.0,390.22,1,Y
703522,2024-03-15,EU Direct (Dublin-Cherbourg),Celtic Sealink,812.0,443.8,2,Y
705217,2025-02-01,EU Direct (Rosslare-Dunkirk),NORDIC FREIGHT LINES,1292.0,600.42,,Y
702914,2024-11-23,EU Direct (Dublin-Cherbourg),Atlantic Cargo Ferries,1427.0,1006.99,2,Y
700922,2024-06-06,UK Landbridge (Dublin-Holyhead),nordic freight lines,2640.0,993.41,2,Y
701456,2025-02-19,UK Landbridge (Dublin-Holyhead),Celtic Sealink,1884.0,852.17,1,Y
702269,2025-01-03,UK Landbridge (Dublin-Holyhead),Nordic Freight Lines,2505.0,985.02,,Y
700451,2025-02-05,UK Landbridge (Dublin-Holyhead),Celtic Sealink,955.0,379.63,1,Y
702279,2025-11-18,UK Landbridge (Dublin-Holyhead),Nordic Freight Lines,1920.0,691.29,1,Y
701349,2024-09-07,UK Landbridge (Dublin-Holyhead),Nordic Freight Lines,1918.0,743.78,2,Y
700306,2024-08-19,UK Landbridge (Dublin-Holyhead),Nordic Freight Lines,1489.0,568.45,1,Y
705017,2024-05-23,EU Direct (Rosslare-Dunkirk),Nordic Freight Lines,1466.0,700.01,2,Y
700963,2025-10-03,UK Landbridge (Dublin-Holyhead),Celtic Sealink,1572.0,640.01,1,Y
703254,2024-12-20,EU Direct (Dublin-Cherbourg),Atlantic Cargo Ferries,1359.0,890.55,2,Y
702352,2024-06-23,UK Landbridge (Dublin-Holyhead),Celtic Sealink,1296.0,562.38,1,Y
705766,2025-10-18,EU Direct (Rosslare-Dunkirk),Atlantic Cargo Ferries,2543.0,1514.32,2,Y
701654,2024-10-24,UK Landbridge (Dublin-Holyhead),Celtic Sealink,2061.0,867.5,1,Y
704464,2025-01-01,EU Direct (Dublin-Cherbourg),Atlantic Cargo Ferries,1741.0,1171.68,2,Y
703454,2025-10-02,EU Direct (Dublin-Cherbourg),Celtic Sealink,1603.0,947.99,2,Y
700882,2024-04-10,UK Landbridge (Dublin-Holyhead),Nordic Freight Lines,828.0,293.99,1,N
700547,2024-11-03,UK Landbridge (Dublin-Holyhead),Nordic Freight Lines,2247.0,825.69,1,Y
703576,2024-11-01,EU Direct (Dublin-Cherbourg),Atlantic Cargo Ferries,883.0,611.34,2,Y
702549,2024-10-05,UK Landbridge (Dublin-Holyhead),Nordic Freight Lines,2433.0,991.23,1,Y
702343,2024-06-16,UK Landbridge (Dublin-Holyhead),Celtic Sealink,2293.0,961.16,1,Y
700676,2024-03-28,UK Landbridge (Dublin-Holyhead),Celtic Sealink,2065.0,840.08,1,Y
700262,2024-06-15,UK Landbridge (Dublin-Holyhead), Nordic Freight Lines ,2674.0,1074.75,1,N
704259,2024-03-28,EU Direct (Dublin-Cherbourg),Celtic Sealink,2351.0,1335.12,3,Y
705464,2024-02-24,EU Direct (Rosslare-Dunkirk),Nordic Freight Lines,1526.0,755.33,2,Y
705111,2025-05-03,EU Direct (Rosslare-Dunkirk),Nordic Freight Lines,1380.0,682.58,2,Y
701926,2025-08-16,UK Landbridge (Dublin-Holyhead),Nordic Freight Lines,2365.0,956.58,1,Y
703573,2024-01-15,EU Direct (Dublin-Cherbourg),Celtic Sealink,1575.0,883.26,2,Y
705338,2024-09-23,EU Direct (Rosslare-Dunkirk),Nordic Freight Lines,2920.0,1391.64,1,Y
704937,2025-04-10,EU Direct (Rosslare-Dunkirk),Nordic Freight Lines,778.0,391.2,2,Y
704958,2025-12-09,EU Direct (Rosslare-Dunkirk),Nordic Freight Lines,2412.0,1255.49,2,Y
702512,2025-12-20,UK Landbridge (Dublin-Holyhead),Nordic Freight Lines,2611.0,1004.97,1,Y
702499,2024-03-16,UK Landbridge (Dublin-Holyhead),Celtic Sealink,1073.0,477.31,1,Y
702066,2025-05-11,UK Landbridge (Dublin-Holyhead),Nordic Freight Lines,1881.0,769.48,1,Y
701575,2024-12-09,UK Landbridge (Dublin-Holyhead),Celtic Sealink,2313.0,1006.16,1,Y
704157,2024-11-18,EU Direct (Dublin-Cherbourg),Atlantic Cargo Ferries,1118.0,742.79,2,Y
701725,2024-01-26,UK Landbridge (Dublin-Holyhead),Nordic Freight Lines,2663.0,953.9,1,Y
705114,2025-01-25,EU Direct (Rosslare-Dunkirk),Nordic Freight Lines,305.0,147.01,3,Y
704682,2025-07-03,EU Direct (Rosslare-Dunkirk),Atlantic Cargo Ferries,1830.0,1096.59,1,Y
704504,2024-03-24,EU Direct (Dublin-Cherbourg),Atlantic Cargo Ferries,1454.0,901.18,1,Y
701745,2025-01-20,UK Landbridge (Dublin-Holyhead),Celtic Sealink,3013.0,1201.06,1,Y
700933,2025-11-13,UK Landbridge (Dublin-Holyhead),Celtic Sealink,2995.0,1260.57,2,Y
702263,2025-04-05,UK Landbridge (Dublin-Holyhead),Nordic Freight Lines,391.0,140.55,1,Y
702566,2024-12-24,UK Landbridge (Dublin-Holyhead), Nordic Freight Lines ,1250.0,448.21,1,Y
703453,2024-08-09,EU Direct (Dublin-Cherbourg),Atlantic Cargo Ferries,2802.0,1952.85,2,N
703608,2025-07-26,EU Direct (Dublin-Cherbourg),ATLANTIC CARGO FERRIES,2293.0,1567.91,2,Y
703426,2024-01-06,EU Direct (Dublin-Cherbourg),Celtic Sealink,1758.0,1039.17,2,Y
704547,2024-03-14,EU Direct (Dublin-Cherbourg),Atlantic Cargo Ferries,1816.0,1194.29,2,N
705573,2025-04-03,EU Direct (Rosslare-Dunkirk),Atlantic Cargo Ferries,1434.0,898.48,2,Y
704650,2024-07-11,EU Direct (Rosslare-Dunkirk),Nordic Freight Lines,2661.0,1351.73,2,Y
700716,2025-05-15,UK Landbridge (Dublin-Holyhead),Nordic Freight Lines,166.0,66.87,1,Y
701841,2024-11-17,UK Landbridge (Dublin-Holyhead),Nordic Freight Lines,1938.0,755.01,1,Y
700206,2024-01-22,UK Landbridge (Dublin-Holyhead),Celtic Sealink,2702.0,1194.52,1,Y
705770,2025-12-01,EU Direct (Rosslare-Dunkirk),Nordic Freight Lines,3127.0,1465.99,2,Y
700379,2025-06-27,UK Landbridge (Dublin-Holyhead),Nordic Freight Lines,2310.0,952.31,1,Y
700532,2025-10-04,UK Landbridge (Dublin-Holyhead),Nordic Freight Lines,3059.0,1156.22,1,Y
705732,2025-06-18,EU Direct (Rosslare-Dunkirk),nordic freight lines,2016.0,970.21,2,Y
700457,2025-01-04,UK Landbridge (Dublin-Holyhead),Nordic Freight Lines,1759.0,665.49,2,Y
700965,2025-07-04,UK Landbridge (Dublin-Holyhead),Nordic Freight Lines,2265.0,828.07,1,Y
703788,2024-04-05,EU Direct (Dublin-Cherbourg),Atlantic Cargo Ferries,1290.0,866.98,2,Y
701359,2024-08-12,UK Landbridge (Dublin-Holyhead),nordic freight lines,2061.0,837.4,1,Y
702272,2025-02-07,UK Landbridge (Dublin-Holyhead), Celtic Sealink ,2781.0,1170.11,1,Y
702854,2025-11-19,UK Landbridge (Dublin-Holyhead),Nordic Freight Lines,50,18.05,1,Y
700060,2024-08-30,UK Landbridge (Dublin-Holyhead),Celtic Sealink,1762.0,686.81,1,Y
700847,2025-02-26,UK Landbridge (Dublin-Holyhead),Celtic Sealink,2188.0,918.07,1,Y
701971,2025-09-18,UK Landbridge (Dublin-Holyhead),nordic freight lines,2134.0,864.0,1,Y
702017,2025-09-06,UK Landbridge (Dublin-Holyhead),Nordic Freight Lines,1504.0,566.16,1,Y
703666,2024-08-18,EU Direct (Dublin-Cherbourg),Atlantic Cargo Ferries,566.0,373.91,2,Y
701369,2025-10-08,UK Landbridge (Dublin-Holyhead),Celtic Sealink,2097.0,857.46,1,Y
702084,2024-04-10,UK Landbridge (Dublin-Holyhead),Nordic Freight Lines,656.0,246.95,1,Y
702691,2025-01-26,UK Landbridge (Dublin-Holyhead),Nordic Freight Lines,50,20.41,1,Y
703026,2024-06-15,EU Direct (Dublin-Cherbourg),Atlantic Cargo Ferries,1585.0,980.34,2,Y
703039,2025-08-04,EU Direct (Dublin-Cherbourg),Atlantic Cargo Ferries,50,34.36,2,Y
703192,2024-08-21,EU Direct (Dublin-Cherbourg),Atlantic Cargo Ferries,1795.0,1200.19,2,Y
704429,2024-09-18,EU Direct (Dublin-Cherbourg),Celtic Sealink,2982.0,1658.64,2,Y
703720,2025-05-29,EU Direct (Dublin-Cherbourg),celtic sealink,50,29.31,2,N
703424,2025-02-08,EU Direct (Dublin-Cherbourg),Celtic Sealink,3478.0,2066.89,3,Y
703939,2024-07-23,EU Direct (Dublin-Cherbourg),Celtic Sealink,1300.0,792.13,2,Y
703251,2024-02-04,EU Direct (Dublin-Cherbourg),Atlantic Cargo Ferries,3709.0,2551.01,2,N
703950,2025-10-04,EU Direct (Dublin-Cherbourg),Celtic Sealink,3087.0,1881.2,2,Y
701420,2025-04-10,UK Landbridge (Dublin-Holyhead),Celtic Sealink,2082.0,892.83,1,Y
701528,2025-08-04,UK Landbridge (Dublin-Holyhead),Celtic Sealink,1040.0,434.52,1,Y
703097,2024-12-15,EU Direct (Dublin-Cherbourg),Atlantic Cargo Ferries,255.0,179.16,1,Y
703146,2024-03-22,EU Direct (Dublin-Cherbourg),Celtic Sealink,2168.0,1323.65,2,Y
702487,2024-03-16,UK Landbridge (Dublin-Holyhead),Celtic Sealink,2531.0,1009.54,1,Y
704774,2024-04-11,EU Direct (Rosslare-Dunkirk),Nordic Freight Lines,2777.0,1495.91,1,Y
705060,2024-12-12,EU Direct (Rosslare-Dunkirk),Atlantic Cargo Ferries,1922.0,1275.22,2,N
704648,2024-07-11,EU Direct (Rosslare-Dunkirk),Atlantic Cargo Ferries,2572.0,1544.78,3,Y
701960,2024-01-19,UK Landbridge (Dublin-Holyhead),Nordic Freight Lines,3576.0,1340.83,1,Y
705785,2025-11-30,EU Direct (Rosslare-Dunkirk),Atlantic Cargo Ferries,1710.0,1147.11,2,Y
701224,2024-03-31,UK Landbridge (Dublin-Holyhead),Nordic Freight Lines,896.0,333.16,1,Y
702497,2024-03-15,UK Landbridge (Dublin-Holyhead),Nordic Freight Lines,491.0,189.33,1,Y
701749,2024-09-07,UK Landbridge (Dublin-Holyhead),Nordic Freight Lines,2841.0,1071.57,1,Y
700255,2024-02-23,UK Landbridge (Dublin-Holyhead),CELTIC SEALINK,919.0,359.12,1,Y
703989,2025-03-14,EU Direct (Dublin-Cherbourg),Celtic Sealink,2542.0,1517.55,3,Y
703402,2024-11-09,EU Direct (Dublin-Cherbourg),Celtic Sealink,1854.0,1013.25,1,Y
705755,2024-07-26,EU Direct (Rosslare-Dunkirk),Nordic Freight Lines,1234.0,594.06,2,Y
701190,2025-08-05,UK Landbridge (Dublin-Holyhead),Celtic Sealink,1737.0,718.55,1,Y
705074,2025-08-13,EU Direct (Rosslare-Dunkirk), Atlantic Cargo Ferries ,1747.0,1093.33,2,Y
704254,2025-07-12,EU Direct (Dublin-Cherbourg),Atlantic Cargo Ferries,1162.0,747.55,2,Y
700799,2025-09-07,UK Landbridge (Dublin-Holyhead),Celtic Sealink,2020.0,893.06,1,Y
703802,2025-07-04,EU Direct (Dublin-Cherbourg),Celtic Sealink,1455.0,842.86,2,Y
705608,2024-12-05,EU Direct (Rosslare-Dunkirk),Nordic Freight Lines,2763.0,1333.77,1,Y
704970,2025-04-05,EU Direct (Rosslare-Dunkirk),Nordic Freight Lines,2613.0,1355.94,2,Y
705312,2024-12-06,EU Direct (Rosslare-Dunkirk),Nordic Freight Lines,1724.0,836.87,2,Y
702438,2025-09-02,UK Landbridge (Dublin-Holyhead),Nordic Freight Lines,2741.0,1052.18,1,Y
702452,2025-03-29,UK Landbridge (Dublin-Holyhead),Celtic Sealink,1841.0,811.51,1,Y
701672,2025-05-21,UK Landbridge (Dublin-Holyhead), Nordic Freight Lines ,1659.0,672.9,1,Y
701698,2024-12-06,UK Landbridge (Dublin-Holyhead),Celtic Sealink,1834.0,822.58,1,Y
704757,2025-11-23,EU Direct (Rosslare-Dunkirk),Nordic Freight Lines,2626.0,1350.87,2,Y
701277,2025-04-10,UK Landbridge (Dublin-Holyhead),Celtic Sealink,50,19.84,1,Y
702634,2024-01-14,UK Landbridge (Dublin-Holyhead),Nordic Freight Lines,3409.0,1323.68,1,Y
703952,2025-08-26,EU Direct (Dublin-Cherbourg),Celtic Sealink,2378.0,1427.48,2,Y
702386,2025-09-15,UK Landbridge (Dublin-Holyhead),NORDIC FREIGHT LINES,1345.0,553.0,1,Y
700630,2025-03-10,UK Landbridge (Dublin-Holyhead),Nordic Freight Lines,1751.0,672.83,1,Y
703222,2025-04-20,EU Direct (Dublin-Cherbourg),Celtic Sealink,1302.0,786.45,2,Y
703106,2024-03-08,EU Direct (Dublin-Cherbourg),Atlantic Cargo Ferries,3163.0,2184.36,2,Y
702461,2024-07-17,UK Landbridge (Dublin-Holyhead),Nordic Freight Lines,2897.0,1150.6,1,Y
702088,2025-08-14,UK Landbridge (Dublin-Holyhead),Celtic Sealink,3337.0,1397.0,1,Y
703656,2024-11-14,EU Direct (Dublin-Cherbourg),Celtic Sealink,1758.0,1089.38,1,Y
701997,2024-02-10,UK Landbridge (Dublin-Holyhead),Nordic Freight Lines,4258.0,1581.32,1,Y
705413,2024-11-04,EU Direct (Rosslare-Dunkirk),Atlantic Cargo Ferries,3166.0,1850.41,2,Y
704965,2025-08-01,EU Direct (Rosslare-Dunkirk),Nordic Freight Lines,3258.0,1727.21,3,Y
702744,2024-06-11,UK Landbridge (Dublin-Holyhead),Nordic Freight Lines,2538.0,1012.28,1,Y
705856,2025-07-12,EU Direct (Rosslare-Dunkirk),Atlantic Cargo Ferries,1322.0,842.49,2,Y
700593,2024-10-20,UK Landbridge (Dublin-Holyhead), Celtic Sealink ,2543.0,1110.66,1,Y
701028,2025-12-14,UK Landbridge (Dublin-Holyhead), Celtic Sealink ,1327.0,588.41,1,Y
705030,2025-12-19,EU Direct (Rosslare-Dunkirk),Nordic Freight Lines,1407.0,687.98,2,Y
704810,2024-06-11,EU Direct (Rosslare-Dunkirk),Atlantic Cargo Ferries,2249.0,1342.66,2,N
703680,2024-01-08,EU Direct (Dublin-Cherbourg),celtic sealink,2855.0,1602.62,1,Y
704270,2025-12-02,EU Direct (Dublin-Cherbourg),Celtic Sealink,1358.0,742.83,2,Y
705087,2025-11-21,EU Direct (Rosslare-Dunkirk),Atlantic Cargo Ferries,286.0,189.05,2,Y
704945,2025-10-24,EU Direct (Rosslare-Dunkirk),Atlantic Cargo Ferries,1752.0,1182.81,2,Y
701164,2024-05-14,UK Landbridge (Dublin-Holyhead),Nordic Freight Lines,1072.0,432.04,1,Y
702424,2024-05-20,UK Landbridge (Dublin-Holyhead),Nordic Freight Lines,3558.0,1342.99,1,Y
703716,2025-09-12,EU Direct (Dublin-Cherbourg),Atlantic Cargo Ferries,3472.0,2435.89,2,Y
703812,2024-07-17,EU Direct (Dublin-Cherbourg),Celtic Sealink,2824.0,1518.34,2,Y
700983,2024-01-31,UK Landbridge (Dublin-Holyhead),Nordic Freight Lines,2535.0,990.27,1,Y
700928,2025-04-04,UK Landbridge (Dublin-Holyhead),Nordic Freight Lines,2703.0,1051.21,1,Y
703626,2024-11-16,EU Direct (Dublin-Cherbourg),Celtic Sealink,2456.0,1332.22,2,Y
701584,2025-06-30,UK Landbridge (Dublin-Holyhead),Nordic Freight Lines,3587.0,1286.11,2,Y
705834,2025-12-25,EU Direct (Rosslare-Dunkirk),ATLANTIC CARGO FERRIES,1864.0,1127.91,2,Y
704508,2024-10-22,EU Direct (Dublin-Cherbourg),Atlantic Cargo Ferries,2219.0,1492.12,2,Y
701869,2024-07-07,UK Landbridge (Dublin-Holyhead),Nordic Freight Lines,2247.0,796.38,1,Y
703942,2024-01-01,EU Direct (Dublin-Cherbourg), Celtic Sealink ,50,28.21,2,Y
700997,2024-12-21,UK Landbridge (Dublin-Holyhead),Nordic Freight Lines,1179.0,460.21,1,Y
704246,2024-08-01,EU Direct (Dublin-Cherbourg),Atlantic Cargo Ferries,530.0,360.1,2,N
702122,2024-07-23,UK Landbridge (Dublin-Holyhead),Nordic Freight Lines,1113.0,407.65,1,Y
705392,2025-12-10,EU Direct (Rosslare-Dunkirk),Nordic Freight Lines,2180.0,1015.24,2,Y
701910,2024-04-30,UK Landbridge (Dublin-Holyhead),Nordic Freight Lines,1434.0,538.28,1,Y
703487,2025-10-22,EU Direct (Dublin-Cherbourg),Celtic Sealink,1752.0,1061.77,2,Y
701444,2025-11-10,UK Landbridge (Dublin-Holyhead), Nordic Freight Lines ,2671.0,967.69,2,Y
702280,2025-12-24,UK Landbridge (Dublin-Holyhead),Celtic Sealink,2596.0,1120.07,1,Y
700139,2025-12-16,UK Landbridge (Dublin-Holyhead),Nordic Freight Lines,2302.0,815.37,2,Y
700557,2025-09-22,UK Landbridge (Dublin-Holyhead),Nordic Freight Lines,2196.0,850.26,1,Y
700796,2024-11-05,UK Landbridge (Dublin-Holyhead),Nordic Freight Lines,1039.0,406.01,1,Y
700482,2025-05-31,UK Landbridge (Dublin-Holyhead),Celtic Sealink,3042.0,1221.46,1,Y
704552,2024-03-22,EU Direct (Dublin-Cherbourg),Celtic Sealink,1532.0,934.9,2,Y
702127,2024-05-13,UK Landbridge (Dublin-Holyhead),Nordic Freight Lines,1462.0,540.38,1,Y
705489,2024-01-24,EU Direct (Rosslare-Dunkirk),Nordic Freight Lines,1067.0,562.35,3,Y
704762,2024-01-15,EU Direct (Rosslare-Dunkirk),Nordic Freight Lines,1228.0,597.0,1,Y
705859,2024-09-16,EU Direct (Rosslare-Dunkirk),Atlantic Cargo Ferries,3381.0,2197.46,2,Y
705533,2024-02-21,EU Direct (Rosslare-Dunkirk),Atlantic Cargo Ferries,2973.0,1801.27,2,Y
703291,2024-03-18,EU Direct (Dublin-Cherbourg),Atlantic Cargo Ferries,1965.0,1272.88,2,Y
705183,2024-10-09,EU Direct (Rosslare-Dunkirk),Atlantic Cargo Ferries,2207.0,1444.19,2,Y
700767,2025-02-25,UK Landbridge (Dublin-Holyhead),Nordic Freight Lines,728.0,297.8,1,Y
700591,2025-03-05,UK Landbridge (Dublin-Holyhead),Nordic Freight Lines,1825.0,720.0,1,Y
702911,2025-11-22,EU Direct (Dublin-Cherbourg),CELTIC SEALINK,1963.0,1055.47,2,Y
701052,2025-08-07,UK Landbridge (Dublin-Holyhead), Celtic Sealink ,2782.0,1103.33,1,Y
705468,2024-02-07,EU Direct (Rosslare-Dunkirk),Nordic Freight Lines,2199.0,1145.48,1,Y
702638,2025-04-14,UK Landbridge (Dublin-Holyhead),celtic sealink,2278.0,978.88,1,Y
701222,2024-11-19,UK Landbridge (Dublin-Holyhead),Celtic Sealink,2884.0,1114.66,1,Y
701050,2024-02-08,UK Landbridge (Dublin-Holyhead),Celtic Sealink,853.0,356.81,2,Y
701862,2024-07-20,UK Landbridge (Dublin-Holyhead),Nordic Freight Lines,1281.0,462.29,1,N
700274,2025-11-14,UK Landbridge (Dublin-Holyhead),Celtic Sealink,2175.0,882.52,1,Y
702475,2024-10-10,UK Landbridge (Dublin-Holyhead),Nordic Freight Lines,1921.0,715.24,2,Y
704051,2024-07-28,EU Direct (Dublin-Cherbourg),Atlantic Cargo Ferries,3079.0,2153.06,3,Y
701390,2024-05-29,UK Landbridge (Dublin-Holyhead),Celtic Sealink,4593.0,1807.36,1,Y
705882,2024-06-17,EU Direct (Rosslare-Dunkirk),Atlantic Cargo Ferries,2425.0,1534.45,2,Y
703316,2025-12-26,EU Direct (Dublin-Cherbourg),Atlantic Cargo Ferries,3048.0,2077.33,2,Y
704864,2025-06-15,EU Direct (Rosslare-Dunkirk),Atlantic Cargo Ferries,2331.0,1513.72,3,Y
704939,2025-08-20,EU Direct (Rosslare-Dunkirk),Atlantic Cargo Ferries,1073.0,640.52,1,Y
701878,2024-10-03,UK Landbridge (Dublin-Holyhead),Celtic Sealink,2161.0,875.01,1,Y
701499,2024-05-01,UK Landbridge (Dublin-Holyhead),Celtic Sealink,-2474.0,1069.19,1,Y
700768,2025-09-29,UK Landbridge (Dublin-Holyhead),Nordic Freight Lines,50,20.47,2,Y
704654,2024-11-15,EU Direct (Rosslare-Dunkirk),Nordic Freight Lines,1739.0,867.2,2,Y
701269,2024-12-19,UK Landbridge (Dublin-Holyhead),Nordic Freight Lines,2651.0,1055.9,1,Y
704372,2024-03-29,EU Direct (Dublin-Cherbourg),Celtic Sealink,2288.0,1385.88,2,Y
701104,2024-07-24,UK Landbridge (Dublin-Holyhead),Celtic Sealink,1435.0,600.92,1,Y
705688,2024-01-20,EU Direct (Rosslare-Dunkirk),Nordic Freight Lines,2164.0,1017.03,3,Y
704175,2025-07-14,EU Direct (Dublin-Cherbourg),Atlantic Cargo Ferries,2985.0,2121.78,2,Y
704870,2024-07-29,EU Direct (Rosslare-Dunkirk),Nordic Freight Lines,1434.0,744.44,2,Y
703770,2024-11-13,EU Direct (Dublin-Cherbourg),ATLANTIC CARGO FERRIES,2506.0,1669.96,2,Y
700194,2025-01-09,UK Landbridge (Dublin-Holyhead),Celtic Sealink,2152.0,965.86,1,N
704435,2025-04-16,EU Direct (Dublin-Cherbourg),Atlantic Cargo Ferries,2344.0,1476.42,2,Y
705729,2025-10-27,EU Direct (Rosslare-Dunkirk),ATLANTIC CARGO FERRIES,1772.0,1193.61,1,Y
705472,2025-04-04,EU Direct (Rosslare-Dunkirk),Nordic Freight Lines,2585.0,1283.64,1,Y
702629,2025-01-10,UK Landbridge (Dublin-Holyhead),Nordic Freight Lines,3332.0,1299.7,1,N
703682,2024-01-30,EU Direct (Dublin-Cherbourg),Atlantic Cargo Ferries,2304.0,1526.22,1,Y
705517,2024-02-22,EU Direct (Rosslare-Dunkirk),Atlantic Cargo Ferries,1563.0,1056.25,2,N
703507,2025-11-13,EU Direct (Dublin-Cherbourg),Atlantic Cargo Ferries,1942.0,1358.46,2,Y
702963,2024-01-24,EU Direct (Dublin-Cherbourg),Atlantic Cargo Ferries,1523.0,1067.84,2,Y
704204,2025-11-30,EU Direct (Dublin-Cherbourg),Celtic Sealink,2700.0,1570.63,2,Y
704010,2024-07-21,EU Direct (Dublin-Cherbourg),Atlantic Cargo Ferries,2469.0,1759.17,2,Y
701102,2025-06-23,UK Landbridge (Dublin-Holyhead),Celtic Sealink,1598.0,632.11,1,Y
700461,2025-08-27,UK Landbridge (Dublin-Holyhead),Celtic Sealink,1986.0,847.29,1,Y
702330,2024-09-23,UK Landbridge (Dublin-Holyhead),Celtic Sealink,2067.0,920.55,1,Y
703470,2025-02-03,EU Direct (Dublin-Cherbourg),Celtic Sealink,1033.0,604.28,3,Y
702764,2024-08-13,UK Landbridge (Dublin-Holyhead),Celtic Sealink,2872.0,1184.74,1,Y
701625,2025-03-06,UK Landbridge (Dublin-Holyhead),celtic sealink,2139.0,860.61,1,Y
703323,2025-11-13,EU Direct (Dublin-Cherbourg),Atlantic Cargo Ferries,4224.0,2935.85,2,Y
701614,2025-01-29,UK Landbridge (Dublin-Holyhead),Celtic Sealink,1104.0,461.57,1,Y
705370,2025-05-28,EU Direct (Rosslare-Dunkirk),Atlantic Cargo Ferries,1983.0,1259.77,2,Y
704773,2025-04-14,EU Direct (Rosslare-Dunkirk),atlantic cargo ferries,1652.0,1048.07,2,N
705486,2025-08-31,EU Direct (Rosslare-Dunkirk),Atlantic Cargo Ferries,2395.0,1520.42,,Y
703295,2024-03-19,EU Direct (Dublin-Cherbourg),atlantic cargo ferries,2901.0,1828.84,2,Y
704291,2025-11-13,EU Direct (Dublin-Cherbourg),Celtic Sealink,1682.0,1022.18,2,N
701246,2024-04-30,UK Landbridge (Dublin-Holyhead),Nordic Freight Lines,2483.0,974.14,1,Y
701764,2024-09-01,UK Landbridge (Dublin-Holyhead),Nordic Freight Lines,2121.0,771.8,1,Y
701811,2025-01-08,UK Landbridge (Dublin-Holyhead),Celtic Sealink,2993.0,1345.79,1,Y
705411,2025-06-18,EU Direct (Rosslare-Dunkirk),Atlantic Cargo Ferries,2798.0,1689.84,2,Y
701332,2024-05-05,UK Landbridge (Dublin-Holyhead),Nordic Freight Lines,779.0,291.07,1,N
700101,2024-09-19,UK Landbridge (Dublin-Holyhead),Celtic Sealink,2129.0,838.32,1,Y
702662,2025-04-26,UK Landbridge (Dublin-Holyhead),Nordic Freight Lines,1503.0,617.28,1,Y
705583,2025-11-18,EU Direct (Rosslare-Dunkirk),Atlantic Cargo Ferries,1099.0,717.1,3,Y
700366,2025-10-23,UK Landbridge (Dublin-Holyhead),Nordic Freight Lines,2268.0,840.85,1,Y
701062,2025-08-12,UK Landbridge (Dublin-Holyhead),Nordic Freight Lines,3090.0,1153.39,1,Y
704194,2024-07-07,EU Direct (Dublin-Cherbourg),Atlantic Cargo Ferries,1320.0,836.79,2,Y
702527,2025-09-13,UK Landbridge (Dublin-Holyhead),Celtic Sealink,2436.0,1011.62,1,Y
701233,2025-06-29,UK Landbridge (Dublin-Holyhead),Nordic Freight Lines,1951.0,709.65,1,Y
704116,2024-07-24,EU Direct (Dublin-Cherbourg),Atlantic Cargo Ferries,2266.0,1564.55,3,Y
702187,2024-10-05,UK Landbridge (Dublin-Holyhead),nordic freight lines,3291.0,1167.57,1,Y
700082,2025-07-12,UK Landbridge (Dublin-Holyhead),NORDIC FREIGHT LINES,2121.0,841.39,1,Y
701344,2024-05-18,UK Landbridge (Dublin-Holyhead),Nordic Freight Lines,3386.0,1300.9,1,Y
700942,2024-06-06,UK Landbridge (Dublin-Holyhead),Nordic Freight Lines,1829.0,659.94,1,Y
701951,2025-09-01,UK Landbridge (Dublin-Holyhead),celtic sealink,1640.0,714.79,1,Y
703519,2024-03-07,EU Direct (Dublin-Cherbourg),Celtic Sealink,1941.0,1056.76,3,Y
702879,2024-12-08,UK Landbridge (Dublin-Holyhead),Nordic Freight Lines,1880.0,722.67,1,Y
700741,2025-07-25,UK Landbridge (Dublin-Holyhead),Nordic Freight Lines,650.0,244.03,1,Y
701404,2025-01-28,UK Landbridge (Dublin-Holyhead),Nordic Freight Lines,1000.0,361.78,1,N
702206,2024-08-10,UK Landbridge (Dublin-Holyhead),Nordic Freight Lines,2248.0,844.36,1,Y
705544,2024-08-25,EU Direct (Rosslare-Dunkirk),Atlantic Cargo Ferries,4346.0,2774.43,2,Y
700078,2025-03-24,UK Landbridge (Dublin-Holyhead),Nordic Freight Lines,50,18.98,1,Y
705153,2024-07-14,EU Direct (Rosslare-Dunkirk),Atlantic Cargo Ferries,1339.0,790.34,2,Y
704813,2025-02-07,EU Direct (Rosslare-Dunkirk),Nordic Freight Lines,2211.0,1081.87,2,Y
701221,2025-08-23,UK Landbridge (Dublin-Holyhead),nordic freight lines,1448.0,569.58,1,Y
704944,2025-01-07,EU Direct (Rosslare-Dunkirk),Atlantic Cargo Ferries,3207.0,2024.51,1,Y
701194,2024-12-26,UK Landbridge (Dublin-Holyhead), Nordic Freight Lines ,1209.0,440.65,2,Y
702409,2024-09-04,UK Landbridge (Dublin-Holyhead),Nordic Freight Lines,1643.0,663.56,1,Y
701781,2024-11-19,UK Landbridge (Dublin-Holyhead),Nordic Freight Lines,1650.0,665.81,1,Y
705602,2024-06-02,EU Direct (Rosslare-Dunkirk),Atlantic Cargo Ferries,2021.0,1239.71,2,Y
701970,2025-10-08,UK Landbridge (Dublin-Holyhead),nordic freight lines,2858.0,1067.65,1,Y
703838,2025-10-30,EU Direct (Dublin-Cherbourg),Celtic Sealink,3008.0,1860.39,2,Y
702204,2024-05-26,UK Landbridge (Dublin-Holyhead),Nordic Freight Lines,1428.0,532.37,1,Y
702838,2024-08-01,UK Landbridge (Dublin-Holyhead),Nordic Freight Lines,2666.0,947.28,1,Y
701522,2025-05-31,UK Landbridge (Dublin-Holyhead),Nordic Freight Lines,3421.0,1213.96,1,Y
704501,2025-07-21,EU Direct (Dublin-Cherbourg),Atlantic Cargo Ferries,3419.0,2204.2,2,Y
700133,2024-04-24,UK Landbridge (Dublin-Holyhead),Celtic Sealink,1287.0,535.39,1,Y
703034,2025-08-27,EU Direct (Dublin-Cherbourg),Atlantic Cargo Ferries,895.0,598.63,2,Y
705003,2025-05-02,EU Direct (Rosslare-Dunkirk),Atlantic Cargo Ferries,2208.0,1283.09,2,N
704219,2025-11-20,EU Direct (Dublin-Cherbourg),Celtic Sealink,789.0,450.81,2,N
700981,2024-04-01,UK Landbridge (Dublin-Holyhead), Celtic Sealink ,1113.0,475.13,1,Y
704110,2024-08-12,EU Direct (Dublin-Cherbourg),Atlantic Cargo Ferries,50,35.11,2,Y
701891,2025-02-24,UK Landbridge (Dublin-Holyhead),Celtic Sealink,1753.0,730.33,1,Y
700397,2024-02-14,UK Landbridge (Dublin-Holyhead),Celtic Sealink,956.0,417.67,1,Y
700231,2024-08-27,UK Landbridge (Dublin-Holyhead),Nordic Freight Lines,1236.0,465.66,1,Y
704046,2024-03-11,EU Direct (Dublin-Cherbourg),Celtic Sealink,2414.0,1475.49,2,Y
703918,2025-08-23,EU Direct (Dublin-Cherbourg),Atlantic Cargo Ferries,1067.0,651.32,2,Y
700260,2024-12-04,UK Landbridge (Dublin-Holyhead),Celtic Sealink,1526.0,639.24,1,Y
701031,2025-05-13,UK Landbridge (Dublin-Holyhead),Celtic Sealink,1794.0,749.79,2,Y
705300,2024-03-23,EU Direct (Rosslare-Dunkirk),Nordic Freight Lines,2440.0,1281.6,2,Y
701322,2024-06-28,UK Landbridge (Dublin-Holyhead),Celtic Sealink,946.0,381.21,1,Y
704985,2025-04-09,EU Direct (Rosslare-Dunkirk),Nordic Freight Lines,1311.0,683.59,2,Y
701345,2025-01-15,UK Landbridge (Dublin-Holyhead),Nordic Freight Lines,1794.0,654.81,1,Y
704150,2024-05-06,EU Direct (Dublin-Cherbourg),Atlantic Cargo Ferries,1707.0,1118.68,2,Y
705451,2025-01-05,EU Direct (Rosslare-Dunkirk),Atlantic Cargo Ferries,2541.0,1711.19,2,Y
702465,2025-02-04,UK Landbridge (Dublin-Holyhead),Nordic Freight Lines,3017.0,1062.54,1,Y
700261,2025-04-21,UK Landbridge (Dublin-Holyhead),Nordic Freight Lines,2293.0,872.05,1,Y
700782,2024-11-06,UK Landbridge (Dublin-Holyhead),Nordic Freight Lines,1118.0,457.3,1,Y
700218,2025-07-14,UK Landbridge (Dublin-Holyhead),nordic freight lines,1066.0,418.84,2,Y
701776,2024-04-19,UK Landbridge (Dublin-Holyhead),Celtic Sealink,2869.0,1121.17,1,Y
704950,2025-02-13,EU Direct (Rosslare-Dunkirk),Atlantic Cargo Ferries,1431.0,947.1,2,Y
702975,2025-01-19,EU Direct (Dublin-Cherbourg),Celtic Sealink,2121.0,1298.3,2,Y
700073,2024-05-02,UK Landbridge (Dublin-Holyhead),Celtic Sealink,219.0,96.95,1,Y
702896,2025-04-29,EU Direct (Dublin-Cherbourg),Atlantic Cargo Ferries,2315.0,1484.12,2,Y
705014,2024-04-15,EU Direct (Rosslare-Dunkirk),Atlantic Cargo Ferries,2542.0,1556.02,2,Y
704420,2024-05-09,EU Direct (Dublin-Cherbourg),Celtic Sealink,703.0,406.3,2,Y
701918,2025-12-23,UK Landbridge (Dublin-Holyhead),Celtic Sealink,2185.0,970.15,1,Y
704437,2024-04-12,EU Direct (Dublin-Cherbourg),Atlantic Cargo Ferries,2070.0,1378.22,2,Y
701055,2025-12-28,UK Landbridge (Dublin-Holyhead),Nordic Freight Lines,1689.0,651.65,1,Y
703940,2025-08-14,EU Direct (Dublin-Cherbourg),Celtic Sealink,51.0,31.31,2,Y
701585,2025-08-25,UK Landbridge (Dublin-Holyhead),Nordic Freight Lines,2131.0,825.1,1,Y
700743,2025-12-03,UK Landbridge (Dublin-Holyhead),Nordic Freight Lines,2372.0,960.19,1,Y
702062,2025-05-18,UK Landbridge (Dublin-Holyhead),Celtic Sealink,3674.0,1544.77,1,Y
702178,2024-06-16,UK Landbridge (Dublin-Holyhead),Nordic Freight Lines,219.0,86.25,1,Y
705243,2024-08-24,EU Direct (Rosslare-Dunkirk),Nordic Freight Lines,1665.0,809.4,2,Y
701569,2024-05-29,UK Landbridge (Dublin-Holyhead),Nordic Freight Lines,2314.0,931.12,1,N
703747,2025-09-25,EU Direct (Dublin-Cherbourg),CELTIC SEALINK,2755.0,1666.86,2,Y
705963,2024-03-16,EU Direct (Rosslare-Dunkirk),Atlantic Cargo Ferries,-1232.0,819.34,2,Y
705905,2024-09-25,EU Direct (Rosslare-Dunkirk),Nordic Freight Lines,3024.0,1496.68,2,N
701113,2025-06-07,UK Landbridge (Dublin-Holyhead),Celtic Sealink,1705.0,673.64,1,Y
700854,2024-07-28,UK Landbridge (Dublin-Holyhead),Celtic Sealink,2078.0,938.12,1,Y
701802,2024-07-02,UK Landbridge (Dublin-Holyhead),Nordic Freight Lines,1604.0,605.02,1,Y
702732,2024-07-07,UK Landbridge (Dublin-Holyhead),Nordic Freight Lines,513.0,202.82,2,Y
704078,2024-06-20,EU Direct (Dublin-Cherbourg),atlantic cargo ferries,1149.0,776.58,3,Y
700553,2024-08-22,UK Landbridge (Dublin-Holyhead),Celtic Sealink,1449.0,614.46,1,Y
702836,2024-07-23,UK Landbridge (Dublin-Holyhead),Celtic Sealink,2202.0,975.89,1,Y
700044,2024-07-15,UK Landbridge (Dublin-Holyhead),Celtic Sealink,1608.0,649.45,1,Y
704710,2025-09-06,EU Direct (Rosslare-Dunkirk),Atlantic Cargo Ferries,2193.0,1356.68,2,Y
703906,2024-01-08,EU Direct (Dublin-Cherbourg),Atlantic Cargo Ferries,2659.0,1816.64,2,Y
700637,2024-06-09,UK Landbridge (Dublin-Holyhead),Celtic Sealink,858.0,366.05,1,Y
705956,2024-08-17,EU Direct (Rosslare-Dunkirk),Nordic Freight Lines,2588.0,1357.66,2,N
701049,2024-12-11,UK Landbridge (Dublin-Holyhead),Nordic Freight Lines,687.0,262.46,1,Y
705098,2025-10-20,EU Direct (Rosslare-Dunkirk),Nordic Freight Lines,521.0,248.19,3,Y
700351,2024-08-06,UK Landbridge (Dublin-Holyhead),CELTIC SEALINK,1515.0,685.28,1,Y
702130,2024-04-01,UK Landbridge (Dublin-Holyhead),Celtic Sealink,2567.0,1029.9,1,Y
705556,2024-03-11,EU Direct (Rosslare-Dunkirk),Atlantic Cargo Ferries,2359.0,1559.46,2,Y
701754,2024-05-24,UK Landbridge (Dublin-Holyhead),Nordic Freight Lines,201.0,77.42,1,Y
702481,2024-05-11,UK Landbridge (Dublin-Holyhead),Celtic Sealink,961.0,397.02,1,Y
701605,2025-07-25,UK Landbridge (Dublin-Holyhead),Nordic Freight Lines,2583.0,928.39,1,Y
700824,2025-07-07,UK Landbridge (Dublin-Holyhead),Celtic Sealink,2087.0,806.81,1,Y
704756,2025-02-03,EU Direct (Rosslare-Dunkirk),Nordic Freight Lines,1674.0,896.44,3,Y
705639,2025-08-01,EU Direct (Rosslare-Dunkirk),Atlantic Cargo Ferries,2883.0,1940.74,2,Y
702305,2024-06-16,UK Landbridge (Dublin-Holyhead),Celtic Sealink,778.0,327.15,1,Y
700800,2025-01-05,UK Landbridge (Dublin-Holyhead),Nordic Freight Lines,2682.0,1063.89,1,Y
702049,2024-04-25,UK Landbridge (Dublin-Holyhead),Nordic Freight Lines,2319.0,947.31,1,Y
702851,2024-10-14,UK Landbridge (Dublin-Holyhead),Nordic Freight Lines,2222.0,915.89,1,Y
705043,2024-09-20,EU Direct (Rosslare-Dunkirk),Atlantic Cargo Ferries,58.0,35.87,2,Y
704166,2025-09-19,EU Direct (Dublin-Cherbourg),Celtic Sealink,2060.0,1239.58,2,Y
701438,2024-09-04,UK Landbridge (Dublin-Holyhead),Nordic Freight Lines,1134.0,434.79,1,Y
704470,2024-04-22,EU Direct (Dublin-Cherbourg),Celtic Sealink,1970.0,1141.13,2,Y
700880,2025-08-07,UK Landbridge (Dublin-Holyhead),Nordic Freight Lines,908.0,333.11,2,Y
701899,2025-08-11,UK Landbridge (Dublin-Holyhead),Nordic Freight Lines,1995.0,799.2,2,Y
700417,2024-03-04,UK Landbridge (Dublin-Holyhead),Nordic Freight Lines,50,19.74,1,Y
702674,2025-01-30,UK Landbridge (Dublin-Holyhead),Celtic Sealink,968.0,379.79,1,Y
703442,2024-11-18,EU Direct (Dublin-Cherbourg),Atlantic Cargo Ferries,2199.0,1443.47,2,Y
704292,2024-11-09,EU Direct (Dublin-Cherbourg),CELTIC SEALINK,3156.0,1813.28,2,Y
703008,2025-10-06,EU Direct (Dublin-Cherbourg),Celtic Sealink,1785.0,1042.28,2,Y
704154,2024-07-04,EU Direct (Dublin-Cherbourg),Celtic Sealink,2455.0,1337.03,2,Y
700915,2024-08-02,UK Landbridge (Dublin-Holyhead),Celtic Sealink,2741.0,1159.44,1,Y
703944,2024-03-04,EU Direct (Dublin-Cherbourg),Atlantic Cargo Ferries,1089.0,672.93,2,N
700855,2025-03-22,UK Landbridge (Dublin-Holyhead),Celtic Sealink,1939.0,840.64,1,Y
701996,2024-10-04,UK Landbridge (Dublin-Holyhead),Celtic Sealink,-361.0,157.72,2,Y
704936,2025-03-30,EU Direct (Rosslare-Dunkirk), Nordic Freight Lines ,3674.0,1915.69,2,Y
702441,2024-01-21,UK Landbridge (Dublin-Holyhead),NORDIC FREIGHT LINES,1387.0,566.92,1,Y
702449,2025-11-22,UK Landbridge (Dublin-Holyhead),Nordic Freight Lines,895.0,365.46,1,N
702189,2025-02-26,UK Landbridge (Dublin-Holyhead),Nordic Freight Lines,1952.0,773.3,1,Y
703959,2024-01-31,EU Direct (Dublin-Cherbourg),Celtic Sealink,1479.0,833.68,2,Y
702103,2024-11-04,UK Landbridge (Dublin-Holyhead),Celtic Sealink,2227.0,906.76,1,Y
700447,2025-09-23,UK Landbridge (Dublin-Holyhead),Nordic Freight Lines,1618.0,589.56,2,Y
701371,2025-12-29,UK Landbridge (Dublin-Holyhead), Celtic Sealink ,1330.0,534.63,1,Y
704107,2025-12-20,EU Direct (Dublin-Cherbourg),Atlantic Cargo Ferries,3429.0,2406.22,2,Y
705050,2024-12-02,EU Direct (Rosslare-Dunkirk),Atlantic Cargo Ferries,-3118.0,2106.68,2,Y
700430,2024-11-20,UK Landbridge (Dublin-Holyhead),Celtic Sealink,1627.0,712.24,1,Y
700013,2025-08-11,UK Landbridge (Dublin-Holyhead),Nordic Freight Lines,2385.0,930.11,1,Y
703897,2025-08-23,EU Direct (Dublin-Cherbourg),celtic sealink,2639.0,1440.64,2,Y
705869,2024-10-29,EU Direct (Rosslare-Dunkirk),Atlantic Cargo Ferries,1901.0,1227.67,2,Y
705408,2024-09-07,EU Direct (Rosslare-Dunkirk),Nordic Freight Lines,2873.0,1499.41,2,Y
703159,2025-08-27,EU Direct (Dublin-Cherbourg),Atlantic Cargo Ferries,396.0,280.71,2,Y
705403,2024-03-18,EU Direct (Rosslare-Dunkirk),Atlantic Cargo Ferries,1557.0,1054.29,1,Y
701149,2025-07-02,UK Landbridge (Dublin-Holyhead),Nordic Freight Lines,1118.0,394.17,1,N
703923,2024-03-25,EU Direct (Dublin-Cherbourg),Atlantic Cargo Ferries,767.0,498.41,2,Y
704805,2024-12-21,EU Direct (Rosslare-Dunkirk),Nordic Freight Lines,1403.0,718.79,2,Y
703211,2025-08-04,EU Direct (Dublin-Cherbourg),Celtic Sealink,1515.0,822.68,2,Y
701637,2024-04-22,UK Landbridge (Dublin-Holyhead),Celtic Sealink,1398.0,570.2,1,Y
701232,2024-04-05,UK Landbridge (Dublin-Holyhead),Celtic Sealink,196.0,84.77,1,Y
702243,2025-10-17,UK Landbridge (Dublin-Holyhead),Celtic Sealink,2189.0,921.15,1,Y
700208,2024-04-08,UK Landbridge (Dublin-Holyhead),Nordic Freight Lines,1781.0,644.41,1,Y
701076,2024-03-28,UK Landbridge (Dublin-Holyhead),Nordic Freight Lines,2094.0,827.13,1,Y
700524,2025-03-17,UK Landbridge (Dublin-Holyhead),Celtic Sealink,2674.0,1172.44,1,Y
704070,2025-06-11,EU Direct (Dublin-Cherbourg),Atlantic Cargo Ferries,2462.0,1582.97,2,Y
701683,2025-03-04,UK Landbridge (Dublin-Holyhead),Nordic Freight Lines,155.0,61.77,1,N
704842,2025-06-15,EU Direct (Rosslare-Dunkirk),Nordic Freight Lines,2008.0,954.45,2,Y
705309,2025-02-18,EU Direct (Rosslare-Dunkirk),Nordic Freight Lines,1991.0,1041.84,2,Y
705473,2024-04-26,EU Direct (Rosslare-Dunkirk),Nordic Freight Lines,2880.0,1341.94,2,Y
702125,2025-04-22,UK Landbridge (Dublin-Holyhead),Nordic Freight Lines,2585.0,1018.15,1,Y
704317,2024-01-23,EU Direct (Dublin-Cherbourg),CELTIC SEALINK,488.0,290.22,2,Y
704542,2024-06-24,EU Direct (Dublin-Cherbourg),Atlantic Cargo Ferries,1662.0,1124.94,2,Y
701430,2025-09-07,UK Landbridge (Dublin-Holyhead),Nordic Freight Lines,2827.0,1069.25,2,Y
703281,2024-02-23,EU Direct (Dublin-Cherbourg),Celtic Sealink,1860.0,1121.1,1,Y
703891,2024-06-20,EU Direct (Dublin-Cherbourg),Celtic Sealink,2634.0,1633.2,2,N
703603,2024-09-17,EU Direct (Dublin-Cherbourg),Atlantic Cargo Ferries,2787.0,1810.38,2,Y
705173,2024-02-13,EU Direct (Rosslare-Dunkirk),Atlantic Cargo Ferries,1316.0,882.64,2,Y
705971,2025-12-25,EU Direct (Rosslare-Dunkirk),Nordic Freight Lines,450.0,232.37,1,Y
703232,2025-12-14,EU Direct (Dublin-Cherbourg),Atlantic Cargo Ferries,1007.0,639.57,2,Y
702523,2024-01-26,UK Landbridge (Dublin-Holyhead), Celtic Sealink ,2087.0,850.8,2,Y
704327,2025-10-15,EU Direct (Dublin-Cherbourg),Celtic Sealink,846.0,464.9,1,Y
702078,2025-10-31,UK Landbridge (Dublin-Holyhead),Nordic Freight Lines,2154.0,757.62,1,N
704324,2025-07-30,EU Direct (Dublin-Cherbourg),Celtic Sealink,1901.0,1133.58,2,Y
701298,2024-01-01,UK Landbridge (Dublin-Holyhead),Celtic Sealink,1874.0,804.05,1,Y
704956,2025-09-04,EU Direct (Rosslare-Dunkirk),Nordic Freight Lines,1243.0,597.81,2,N
704978,2025-10-26,EU Direct (Rosslare-Dunkirk),Atlantic Cargo Ferries,1729.0,1025.35,2,Y
702996,2024-06-11,EU Direct (Dublin-Cherbourg),Celtic Sealink,2335.0,1409.18,2,Y
702779,2025-01-30,UK Landbridge (Dublin-Holyhead),Nordic Freight Lines,364.0,148.1,,Y
704074,2024-03-27,EU Direct (Dublin-Cherbourg),Celtic Sealink,1052.0,625.62,2,N
701064,2024-11-18,UK Landbridge (Dublin-Holyhead),Celtic Sealink,1870.0,729.08,1,Y
701074,2025-03-02,UK Landbridge (Dublin-Holyhead),Nordic Freight Lines,1242.0,482.86,1,Y
702306,2025-10-02,UK Landbridge (Dublin-Holyhead),Celtic Sealink,1870.0,733.33,1,Y
705340,2024-09-09,EU Direct (Rosslare-Dunkirk),Nordic Freight Lines,4419.0,2386.57,3,Y
702008,2025-10-18,UK Landbridge (Dublin-Holyhead),Nordic Freight Lines,3164.0,1197.51,1,Y
701212,2024-02-08,UK Landbridge (Dublin-Holyhead),Celtic Sealink,1627.0,649.82,1,Y
705261,2024-08-10,EU Direct (Rosslare-Dunkirk),Nordic Freight Lines,1211.0,559.59,2,Y
701326,2025-01-02,UK Landbridge (Dublin-Holyhead),Nordic Freight Lines,2059.0,803.5,1,Y
703040,2025-06-05,EU Direct (Dublin-Cherbourg),Celtic Sealink,2800.0,1662.44,2,Y
702278,2025-12-09,UK Landbridge (Dublin-Holyhead),Celtic Sealink,1553.0,621.02,1,Y
703445,2024-07-16,EU Direct (Dublin-Cherbourg),Celtic Sealink,1242.0,738.65,2,Y
701870,2025-01-17,UK Landbridge (Dublin-Holyhead),Nordic Freight Lines,2476.0,881.96,2,Y
700761,2024-08-28,UK Landbridge (Dublin-Holyhead),Nordic Freight Lines,1459.0,562.23,1,Y
705115,2025-05-28,EU Direct (Rosslare-Dunkirk),Nordic Freight Lines,2701.0,1453.41,2,Y
700712,2024-08-27,UK Landbridge (Dublin-Holyhead),Nordic Freight Lines,2312.0,942.08,1,Y
703187,2024-07-09,EU Direct (Dublin-Cherbourg),Celtic Sealink,1518.0,919.8,3,Y
703136,2024-02-05,EU Direct (Dublin-Cherbourg),Celtic Sealink,1830.0,1044.82,2,Y
705049,2025-11-26,EU Direct (Rosslare-Dunkirk), Nordic Freight Lines ,1036.0,493.94,2,N
703645,2025-02-03,EU Direct (Dublin-Cherbourg),Celtic Sealink,1512.0,924.54,2,Y
704846,2025-10-20,EU Direct (Rosslare-Dunkirk),Atlantic Cargo Ferries,1877.0,1094.15,,Y
702121,2024-02-04,UK Landbridge (Dublin-Holyhead),Nordic Freight Lines,2461.0,1001.23,1,Y
705195,2024-05-01,EU Direct (Rosslare-Dunkirk),Nordic Freight Lines,1524.0,777.48,2,Y
702067,2025-04-01,UK Landbridge (Dublin-Holyhead),Nordic Freight Lines,2123.0,764.2,1,Y
701817,2024-03-22,UK Landbridge (Dublin-Holyhead),Nordic Freight Lines,2632.0,1042.08,1,Y
701696,2025-06-13,UK Landbridge (Dublin-Holyhead),Nordic Freight Lines,1944.0,782.71,1,Y
703169,2024-07-04,EU Direct (Dublin-Cherbourg),Celtic Sealink,3169.0,1712.01,2,Y
701479,2024-04-09,UK Landbridge (Dublin-Holyhead),Celtic Sealink,3207.0,1393.35,1,Y
703423,2024-05-12,EU Direct (Dublin-Cherbourg),Atlantic Cargo Ferries,713.0,452.86,2,Y
703063,2025-05-10,EU Direct (Dublin-Cherbourg),Atlantic Cargo Ferries,3020.0,1873.99,2,N
700212,2025-08-26,UK Landbridge (Dublin-Holyhead),CELTIC SEALINK,702.0,292.92,1,Y
703855,2025-01-19,EU Direct (Dublin-Cherbourg),atlantic cargo ferries,2174.0,1472.04,2,N
705231,2024-09-19,EU Direct (Rosslare-Dunkirk),Nordic Freight Lines,50,23.46,2,Y
705194,2024-05-19,EU Direct (Rosslare-Dunkirk),atlantic cargo ferries,1923.0,1158.84,2,N
700667,2024-11-16,UK Landbridge (Dublin-Holyhead),Celtic Sealink,1294.0,510.17,1,Y
701107,2024-07-02,UK Landbridge (Dublin-Holyhead),Nordic Freight Lines,2708.0,1075.35,1,Y
700650,2024-06-19,UK Landbridge (Dublin-Holyhead),Celtic Sealink,2502.0,1069.61,1,Y
702221,2024-08-11,UK Landbridge (Dublin-Holyhead),Nordic Freight Lines,931.0,381.57,1,Y
701917,2024-10-18,UK Landbridge (Dublin-Holyhead),Nordic Freight Lines,3366.0,1340.06,2,Y
704277,2024-09-25,EU Direct (Dublin-Cherbourg), Celtic Sealink ,2075.0,1171.05,2,Y
705249,2025-03-13,EU Direct (Rosslare-Dunkirk),Nordic Freight Lines,1860.0,883.71,1,Y
705104,2024-03-08,EU Direct (Rosslare-Dunkirk),Nordic Freight Lines,2708.0,1407.66,2,Y
705269,2024-06-04,EU Direct (Rosslare-Dunkirk),Nordic Freight Lines,1835.0,951.74,2,Y
700303,2025-12-17,UK Landbridge (Dublin-Holyhead),Nordic Freight Lines,1085.0,441.52,2,Y
703144,2025-05-21,EU Direct (Dublin-Cherbourg),Celtic Sealink,450.0,274.13,2,Y
704465,2024-01-29,EU Direct (Dublin-Cherbourg),Celtic Sealink,2176.0,1290.14,1,Y
703438,2024-09-23,EU Direct (Dublin-Cherbourg),Atlantic Cargo Ferries,3707.0,2304.38,2,Y
703753,2025-05-28,EU Direct (Dublin-Cherbourg),Atlantic Cargo Ferries,1395.0,910.07,,Y
705471,2024-11-10,EU Direct (Rosslare-Dunkirk),Nordic Freight Lines,2155.0,1013.94,2,Y
701285,2024-01-18,UK Landbridge (Dublin-Holyhead),Nordic Freight Lines,2066.0,847.41,1,Y
705508,2025-06-12,EU Direct (Rosslare-Dunkirk),Atlantic Cargo Ferries,948.0,591.61,2,Y
703332,2024-02-09,EU Direct (Dublin-Cherbourg),celtic sealink,858.0,518.63,2,Y
702153,2024-05-22,UK Landbridge (Dublin-Holyhead),Celtic Sealink,964.0,399.09,1,Y
705081,2024-04-25,EU Direct (Rosslare-Dunkirk),Nordic Freight Lines,2552.0,1229.21,1,Y
701977,2025-01-27,UK Landbridge (Dublin-Holyhead),Nordic Freight Lines,1692.0,680.37,1,Y
702412,2024-01-30,UK Landbridge (Dublin-Holyhead),Nordic Freight Lines,1670.0,593.04,1,Y
705724,2024-04-19,EU Direct (Rosslare-Dunkirk),Atlantic Cargo Ferries,4134.0,2708.71,2,N
704516,2024-01-16,EU Direct (Dublin-Cherbourg), Celtic Sealink ,2056.0,1151.19,2,Y
703856,2024-03-10,EU Direct (Dublin-Cherbourg),ATLANTIC CARGO FERRIES,1507.0,1057.07,2,Y
700274,2025-11-14,UK Landbridge (Dublin-Holyhead),Celtic Sealink,2175.0,882.52,1,Y
704730,2025-05-02,EU Direct (Rosslare-Dunkirk),Nordic Freight Lines,2973.0,1598.52,1,Y
704505,2025-07-08,EU Direct (Dublin-Cherbourg),Celtic Sealink,2089.0,1158.25,2,N
700296,2024-09-19,UK Landbridge (Dublin-Holyhead),nordic freight lines,1479.0,569.28,1,N
704564,2024-03-21,EU Direct (Dublin-Cherbourg),Celtic Sealink,1213.0,664.98,1,Y
702336,2025-12-24,UK Landbridge (Dublin-Holyhead),Celtic Sealink,1382.0,586.29,1,Y
705930,2025-01-20,EU Direct (Rosslare-Dunkirk),Atlantic Cargo Ferries,1428.0,924.52,2,N
705298,2025-03-02,EU Direct (Rosslare-Dunkirk),Atlantic Cargo Ferries,1299.0,860.92,2,Y
702381,2025-03-08,UK Landbridge (Dublin-Holyhead),Celtic Sealink,1165.0,509.96,1,Y
703714,2025-02-23,EU Direct (Dublin-Cherbourg),Atlantic Cargo Ferries,1565.0,967.95,2,Y
702463,2025-12-25,UK Landbridge (Dublin-Holyhead),Celtic Sealink,995.0,428.62,1,Y
704952,2024-06-11,EU Direct (Rosslare-Dunkirk),Nordic Freight Lines,2586.0,1353.53,2,Y
700124,2024-06-25,UK Landbridge (Dublin-Holyhead),Celtic Sealink,882.0,373.99,1,Y
700974,2025-12-14,UK Landbridge (Dublin-Holyhead),Nordic Freight Lines,3024.0,1162.26,1,N
700253,2025-01-14,UK Landbridge (Dublin-Holyhead),Celtic Sealink,1634.0,639.41,1,Y
702637,2025-08-09,UK Landbridge (Dublin-Holyhead),Nordic Freight Lines,1676.0,647.74,1,Y
701665,2024-04-06,UK Landbridge (Dublin-Holyhead),Nordic Freight Lines,1171.0,481.1,1,Y
701920,2025-06-18,UK Landbridge (Dublin-Holyhead),Nordic Freight Lines,1036.0,372.39,2,Y
701763,2025-03-13,UK Landbridge (Dublin-Holyhead),Nordic Freight Lines,589.0,227.78,1,N
704245,2024-04-19,EU Direct (Dublin-Cherbourg),Atlantic Cargo Ferries,1240.0,798.39,2,Y
705530,2025-04-08,EU Direct (Rosslare-Dunkirk),Atlantic Cargo Ferries,1366.0,873.12,2,Y
700565,2024-11-18,UK Landbridge (Dublin-Holyhead),Nordic Freight Lines,1952.0,744.65,1,Y
701949,2024-05-26,UK Landbridge (Dublin-Holyhead),Nordic Freight Lines,1996.0,821.14,1,Y
701236,2024-11-15,UK Landbridge (Dublin-Holyhead),Nordic Freight Lines,1815.0,705.65,1,Y
703467,2024-02-22,EU Direct (Dublin-Cherbourg),Atlantic Cargo Ferries,1543.0,1043.22,3,N
704359,2024-08-26,EU Direct (Dublin-Cherbourg),Atlantic Cargo Ferries,865.0,536.36,2,Y
702649,2025-09-04,UK Landbridge (Dublin-Holyhead),Nordic Freight Lines,1103.0,421.88,1,Y
703598,2025-06-13,EU Direct (Dublin-Cherbourg),Celtic Sealink,2345.0,1259.72,2,Y
703926,2025-08-06,EU Direct (Dublin-Cherbourg),Celtic Sealink,1313.0,738.7,2,Y
704240,2024-04-08,EU Direct (Dublin-Cherbourg),Atlantic Cargo Ferries,1402.0,936.44,2,Y
702175,2025-05-01,UK Landbridge (Dublin-Holyhead),Celtic Sealink,646.0,257.9,1,Y
701563,2024-10-11,UK Landbridge (Dublin-Holyhead),Celtic Sealink,1541.0,654.36,1,Y
704628,2024-09-19,EU Direct (Rosslare-Dunkirk),Atlantic Cargo Ferries,1891.0,1164.96,2,Y
702257,2024-08-01,UK Landbridge (Dublin-Holyhead),Nordic Freight Lines,2229.0,887.58,1,Y
703145,2025-06-06,EU Direct (Dublin-Cherbourg),Atlantic Cargo Ferries,1199.0,741.59,2,Y
703324,2025-04-12,EU Direct (Dublin-Cherbourg),Atlantic Cargo Ferries,1888.0,1316.65,2,N
702302,2024-02-12,UK Landbridge (Dublin-Holyhead),Celtic Sealink,1702.0,669.86,1,Y
701531,2024-11-10,UK Landbridge (Dublin-Holyhead),Nordic Freight Lines,2787.0,1147.89,1,Y
700242,2025-11-13,UK Landbridge (Dublin-Holyhead),Celtic Sealink,1547.0,640.73,1,Y
702474,2025-09-29,UK Landbridge (Dublin-Holyhead),Celtic Sealink,2268.0,1015.14,1,Y
703372,2025-10-15,EU Direct (Dublin-Cherbourg),Celtic Sealink,1681.0,989.04,2,Y
704933,2025-09-06,EU Direct (Rosslare-Dunkirk),Nordic Freight Lines,1744.0,929.65,2,Y
705124,2025-07-16,EU Direct (Rosslare-Dunkirk),Atlantic Cargo Ferries,1228.0,714.56,1,Y
700335,2024-08-27,UK Landbridge (Dublin-Holyhead),Nordic Freight Lines,2499.0,1025.47,1,Y
702323,2025-10-31,UK Landbridge (Dublin-Holyhead),Celtic Sealink,3384.0,1403.79,1,Y
702397,2025-05-20,UK Landbridge (Dublin-Holyhead),Nordic Freight Lines,3137.0,1194.91,1,N
704975,2024-01-17,EU Direct (Rosslare-Dunkirk),Atlantic Cargo Ferries,269.0,159.18,2,N
700913,2025-08-28,UK Landbridge (Dublin-Holyhead),Nordic Freight Lines,1737.0,619.91,1,Y
704016,2024-12-19,EU Direct (Dublin-Cherbourg),Celtic Sealink,877.0,496.94,2,Y
702829,2024-09-24,UK Landbridge (Dublin-Holyhead),Celtic Sealink,2260.0,909.6,1,Y
700508,2024-07-09,UK Landbridge (Dublin-Holyhead),Nordic Freight Lines,2343.0,953.34,1,Y
701099,2024-03-20,UK Landbridge (Dublin-Holyhead),celtic sealink,2645.0,1197.13,1,N
702525,2025-11-07,UK Landbridge (Dublin-Holyhead),Nordic Freight Lines,82.0,31.83,1,N
701021,2025-03-29,UK Landbridge (Dublin-Holyhead),Celtic Sealink,1552.0,629.31,1,Y
705386,2025-06-13,EU Direct (Rosslare-Dunkirk),Atlantic Cargo Ferries,1311.0,770.29,2,Y
701329,2024-12-22,UK Landbridge (Dublin-Holyhead),Nordic Freight Lines,3011.0,1221.6,1,Y
700668,2024-07-11,UK Landbridge (Dublin-Holyhead),Nordic Freight Lines,2498.0,921.68,1,Y
700491,2024-01-29,UK Landbridge (Dublin-Holyhead),Celtic Sealink,1272.0,544.68,1,Y
703362,2025-09-25,EU Direct (Dublin-Cherbourg),CELTIC SEALINK,1541.0,939.94,2,N
700438,2024-09-26,UK Landbridge (Dublin-Holyhead),Nordic Freight Lines,1842.0,745.62,1,Y
700200,2025-06-10,UK Landbridge (Dublin-Holyhead),Nordic Freight Lines,1611.0,623.53,1,Y
704586,2025-12-10,EU Direct (Dublin-Cherbourg),Celtic Sealink,1859.0,1077.35,2,Y
701334,2024-09-14,UK Landbridge (Dublin-Holyhead),Nordic Freight Lines,1597.0,617.48,1,Y
700674,2025-04-07,UK Landbridge (Dublin-Holyhead),Celtic Sealink,1954.0,776.46,1,Y
705499,2024-11-18,EU Direct (Rosslare-Dunkirk),Atlantic Cargo Ferries,272.0,179.37,1,Y
700290,2025-12-26,UK Landbridge (Dublin-Holyhead),Celtic Sealink,1732.0,746.38,1,Y
704883,2024-01-30,EU Direct (Rosslare-Dunkirk),Atlantic Cargo Ferries,-3318.0,2166.59,2,N
700943,2024-05-18,UK Landbridge (Dublin-Holyhead),Nordic Freight Lines,4202.0,1541.21,,Y
703547,2025-03-08,EU Direct (Dublin-Cherbourg),Celtic Sealink,1252.0,727.44,2,Y
705870,2025-04-19,EU Direct (Rosslare-Dunkirk),Nordic Freight Lines,3192.0,1509.96,2,Y
702095,2025-05-20,UK Landbridge (Dublin-Holyhead),nordic freight lines,943.0,361.4,1,Y
702800,2025-09-02,UK Landbridge (Dublin-Holyhead),Nordic Freight Lines,2758.0,1009.06,1,Y
705235,2025-11-24,EU Direct (Rosslare-Dunkirk),Nordic Freight Lines,1195.0,595.16,2,Y
700059,2025-06-29,UK Landbridge (Dublin-Holyhead), Celtic Sealink ,2759.0,1158.33,1,Y
703637,2024-11-14,EU Direct (Dublin-Cherbourg),Celtic Sealink,838.0,465.58,2,Y
704829,2024-08-29,EU Direct (Rosslare-Dunkirk),Atlantic Cargo Ferries,500.0,330.63,1,Y
705757,2024-02-10,EU Direct (Rosslare-Dunkirk),Atlantic Cargo Ferries,880.0,591.7,1,Y
705598,2025-12-08,EU Direct (Rosslare-Dunkirk),Atlantic Cargo Ferries,3002.0,1865.19,2,Y
701071,2024-06-04,UK Landbridge (Dublin-Holyhead),Celtic Sealink,1153.0,459.22,1,Y
701837,2025-06-09,UK Landbridge (Dublin-Holyhead),Nordic Freight Lines,1730.0,692.37,1,Y
702038,2025-11-01,UK Landbridge (Dublin-Holyhead),Celtic Sealink,2498.0,969.36,1,Y
700229,2025-08-22,UK Landbridge (Dublin-Holyhead),Celtic Sealink,1730.0,764.18,1,Y
700176,2025-02-22,UK Landbridge (Dublin-Holyhead),celtic sealink,873.0,384.67,1,Y
701183,2025-08-04,UK Landbridge (Dublin-Holyhead), Celtic Sealink ,2143.0,884.08,1,Y
700582,2025-11-02,UK Landbridge (Dublin-Holyhead),Nordic Freight Lines,2411.0,862.48,1,Y
700199,2024-03-14,UK Landbridge (Dublin-Holyhead),Celtic Sealink,1157.0,510.83,1,Y
700350,2024-01-04,UK Landbridge (Dublin-Holyhead),Celtic Sealink,2579.0,1019.45,1,Y
703515,2025-01-28,EU Direct (Dublin-Cherbourg),Atlantic Cargo Ferries,2101.0,1435.62,2,Y
704375,2024-06-25,EU Direct (Dublin-Cherbourg),Atlantic Cargo Ferries,2517.0,1634.06,2,Y
704806,2025-01-07,EU Direct (Rosslare-Dunkirk),Nordic Freight Lines,1173.0,599.13,2,N
704605,2024-08-04,EU Direct (Dublin-Cherbourg),Celtic Sealink,2909.0,1731.85,2,Y
703240,2024-05-06,EU Direct (Dublin-Cherbourg),Celtic Sealink,1707.0,987.7,2,Y
702548,2024-08-28,UK Landbridge (Dublin-Holyhead),Nordic Freight Lines,2166.0,833.71,1,Y
702686,2024-12-11,UK Landbridge (Dublin-Holyhead),Nordic Freight Lines,2238.0,840.29,1,Y
704390,2024-12-01,EU Direct (Dublin-Cherbourg),Celtic Sealink,1747.0,1074.69,3,Y
700481,2025-11-28,UK Landbridge (Dublin-Holyhead),Celtic Sealink,1767.0,787.32,1,Y
701874,2024-05-09,UK Landbridge (Dublin-Holyhead),Nordic Freight Lines,2912.0,1040.31,1,Y
703555,2024-11-08,EU Direct (Dublin-Cherbourg),Atlantic Cargo Ferries,2289.0,1530.51,2,Y
704600,2024-12-19,EU Direct (Dublin-Cherbourg),Celtic Sealink,2467.0,1336.73,2,Y
700953,2024-07-29,UK Landbridge (Dublin-Holyhead),Nordic Freight Lines,3720.0,1345.03,1,Y
704382,2025-06-20,EU Direct (Dublin-Cherbourg),Celtic Sealink,1593.0,945.8,2,Y
703765,2024-12-29,EU Direct (Dublin-Cherbourg),Atlantic Cargo Ferries,2265.0,1593.05,2,Y
701331,2025-10-14,UK Landbridge (Dublin-Holyhead),Celtic Sealink,1865.0,822.0,1,Y
700031,2025-04-02,UK Landbridge (Dublin-Holyhead),CELTIC SEALINK,2663.0,1143.5,1,Y
702952,2024-10-27,EU Direct (Dublin-Cherbourg),Atlantic Cargo Ferries,3317.0,2267.66,2,N
705071,2024-07-05,EU Direct (Rosslare-Dunkirk),Atlantic Cargo Ferries,2006.0,1348.16,2,Y
700196,2025-07-27,UK Landbridge (Dublin-Holyhead),Celtic Sealink,1331.0,515.67,1,Y
702521,2024-08-21,UK Landbridge (Dublin-Holyhead), Celtic Sealink ,239.0,96.71,2,Y
702176,2024-11-03,UK Landbridge (Dublin-Holyhead),Celtic Sealink,2047.0,802.36,1,Y
701976,2024-08-15,UK Landbridge (Dublin-Holyhead),Nordic Freight Lines,2636.0,1045.85,1,N
704393,2024-05-03,EU Direct (Dublin-Cherbourg),Atlantic Cargo Ferries,2850.0,1892.58,2,Y
700635,2024-05-20,UK Landbridge (Dublin-Holyhead),Celtic Sealink,3012.0,1342.15,1,Y
700968,2025-11-24,UK Landbridge (Dublin-Holyhead),Celtic Sealink,461.0,189.65,1,Y
700269,2024-01-28,UK Landbridge (Dublin-Holyhead),Celtic Sealink,1617.0,634.0,1,Y
705068,2024-03-24,EU Direct (Rosslare-Dunkirk),Nordic Freight Lines,2197.0,1012.21,3,Y
702783,2025-12-31,UK Landbridge (Dublin-Holyhead),Celtic Sealink,2858.0,1243.03,1,Y
702974,2024-11-24,EU Direct (Dublin-Cherbourg),CELTIC SEALINK,2411.0,1311.39,2,Y
705676,2024-06-20,EU Direct (Rosslare-Dunkirk),Nordic Freight Lines,1785.0,908.84,2,Y
705514,2025-08-19,EU Direct (Rosslare-Dunkirk),Nordic Freight Lines,50,25.73,2,Y
702051,2025-04-17,UK Landbridge (Dublin-Holyhead),Nordic Freight Lines,1931.0,713.23,1,Y
704981,2025-05-24,EU Direct (Rosslare-Dunkirk),Nordic Freight Lines,957.0,441.58,2,Y
700045,2025-12-04,UK Landbridge (Dublin-Holyhead),Celtic Sealink,1493.0,601.42,2,Y
704971,2025-06-26,EU Direct (Rosslare-Dunkirk),Nordic Freight Lines,2634.0,1362.33,2,Y
704796,2025-01-27,EU Direct (Rosslare-Dunkirk),Nordic Freight Lines,2592.0,1232.29,2,Y
700236,2025-09-14,UK Landbridge (Dublin-Holyhead),nordic freight lines,2707.0,995.67,1,Y
704910,2025-01-01,EU Direct (Rosslare-Dunkirk),Atlantic Cargo Ferries,2108.0,1283.36,3,Y
705101,2025-02-26,EU Direct (Rosslare-Dunkirk),atlantic cargo ferries,880.0,592.75,2,N
703898,2025-11-27,EU Direct (Dublin-Cherbourg),Atlantic Cargo Ferries,2172.0,1482.51,3,Y
700395,2025-06-21,UK Landbridge (Dublin-Holyhead),Nordic Freight Lines,683.0,271.14,1,Y
702615,2024-12-14,UK Landbridge (Dublin-Holyhead),Celtic Sealink,3209.0,1356.9,1,Y
705728,2024-11-17,EU Direct (Rosslare-Dunkirk),Atlantic Cargo Ferries,287.0,175.95,2,N
704479,2025-07-02,EU Direct (Dublin-Cherbourg),atlantic cargo ferries,1240.0,797.45,2,Y
705213,2025-09-16,EU Direct (Rosslare-Dunkirk), Nordic Freight Lines ,2747.0,1440.38,2,Y
704751,2025-09-28,EU Direct (Rosslare-Dunkirk),Atlantic Cargo Ferries,2822.0,1683.54,2,Y
702987,2025-12-16,EU Direct (Dublin-Cherbourg),Celtic Sealink,2593.0,1555.57,1,Y
705465,2024-08-31,EU Direct (Rosslare-Dunkirk),Nordic Freight Lines,1078.0,561.97,2,Y
703264,2025-09-04,EU Direct (Dublin-Cherbourg),Celtic Sealink,2754.0,1575.35,2,Y
704771,2025-06-11,EU Direct (Rosslare-Dunkirk),Atlantic Cargo Ferries,2385.0,1572.73,2,Y
702748,2024-12-21,UK Landbridge (Dublin-Holyhead),Celtic Sealink,1881.0,809.5,1,Y
703937,2025-07-31,EU Direct (Dublin-Cherbourg),Atlantic Cargo Ferries,1825.0,1281.66,2,Y
703086,2025-06-17,EU Direct (Dublin-Cherbourg),Atlantic Cargo Ferries,2353.0,1441.13,3,Y
702426,2025-08-24,UK Landbridge (Dublin-Holyhead),Celtic Sealink,1137.0,456.5,1,Y
700842,2024-07-30,UK Landbridge (Dublin-Holyhead),Celtic Sealink,2296.0,889.42,1,N
703170,2024-03-04,EU Direct (Dublin-Cherbourg),Atlantic Cargo Ferries,1628.0,1084.08,2,Y
704357,2024-04-11,EU Direct (Dublin-Cherbourg),Atlantic Cargo Ferries,3066.0,2023.05,3,Y
701101,2025-11-22,UK Landbridge (Dublin-Holyhead),Nordic Freight Lines,2496.0,929.54,1,N
700643,2025-05-06,UK Landbridge (Dublin-Holyhead),Celtic Sealink,180.0,75.93,1,Y
703796,2025-12-22,EU Direct (Dublin-Cherbourg), Celtic Sealink ,50,28.65,2,Y
705006,2024-06-26,EU Direct (Rosslare-Dunkirk),Nordic Freight Lines,1594.0,771.19,1,Y
703347,2025-11-23,EU Direct (Dublin-Cherbourg),Celtic Sealink,3035.0,1792.07,2,Y
704398,2024-03-06,EU Direct (Dublin-Cherbourg),Celtic Sealink,789.0,465.74,1,Y
704410,2025-05-07,EU Direct (Dublin-Cherbourg),Atlantic Cargo Ferries,1079.0,721.6,2,Y
702252,2024-09-19,UK Landbridge (Dublin-Holyhead),Celtic Sealink,2430.0,1032.73,1,Y
704718,2024-09-08,EU Direct (Rosslare-Dunkirk),Nordic Freight Lines,1382.0,659.02,2,Y
701387,2025-07-01,UK Landbridge (Dublin-Holyhead),CELTIC SEALINK,1049.0,452.79,1,Y
705130,2025-09-26,EU Direct (Rosslare-Dunkirk),nordic freight lines,948.0,467.09,2,Y
701105,2025-05-09,UK Landbridge (Dublin-Holyhead),Celtic Sealink,1174.0,470.38,1,Y
705127,2024-02-14,EU Direct (Rosslare-Dunkirk),Atlantic Cargo Ferries,559.0,360.84,3,Y
702955,2024-06-15,EU Direct (Dublin-Cherbourg),Celtic Sealink,1751.0,1069.77,2,Y
701885,2024-09-28,UK Landbridge (Dublin-Holyhead),Nordic Freight Lines,1392.0,507.32,1,Y
702702,2025-01-30,UK Landbridge (Dublin-Holyhead),Celtic Sealink,2054.0,827.79,1,Y
702013,2024-06-04,UK Landbridge (Dublin-Holyhead), Nordic Freight Lines ,1581.0,641.62,1,N
701613,2025-07-27,UK Landbridge (Dublin-Holyhead),Nordic Freight Lines,1018.0,382.4,2,Y
701879,2025-05-07,UK Landbridge (Dublin-Holyhead),CELTIC SEALINK,1717.0,697.49,2,Y
702414,2024-01-30,UK Landbridge (Dublin-Holyhead),Nordic Freight Lines,735.0,263.55,1,Y
701669,2024-09-10,UK Landbridge (Dublin-Holyhead),nordic freight lines,811.0,316.83,1,Y
703672,2025-06-25,EU Direct (Dublin-Cherbourg),Atlantic Cargo Ferries,286.0,185.64,2,Y
703492,2025-01-17,EU Direct (Dublin-Cherbourg),Atlantic Cargo Ferries,1980.0,1359.54,2,Y
704483,2025-11-17,EU Direct (Dublin-Cherbourg),atlantic cargo ferries,1768.0,1079.02,2,Y
703497,2024-09-10,EU Direct (Dublin-Cherbourg),Atlantic Cargo Ferries,1966.0,1342.61,2,Y
702646,2025-03-23,UK Landbridge (Dublin-Holyhead),Celtic Sealink,2412.0,1001.19,2,Y
700228,2025-01-21,UK Landbridge (Dublin-Holyhead),Nordic Freight Lines,2231.0,851.93,2,Y
703080,2025-08-12,EU Direct (Dublin-Cherbourg),Celtic Sealink,1943.0,1146.04,3,Y
702155,2024-10-16,UK Landbridge (Dublin-Holyhead),Celtic Sealink,3335.0,1488.4,1,Y
700758,2025-11-17,UK Landbridge (Dublin-Holyhead),Nordic Freight Lines,1571.0,610.89,1,Y
704617,2024-01-07,EU Direct (Dublin-Cherbourg),Celtic Sealink,2009.0,1138.66,2,N
702727,2025-12-12,UK Landbridge (Dublin-Holyhead),Nordic Freight Lines,1748.0,654.12,1,Y
701301,2025-06-25,UK Landbridge (Dublin-Holyhead),Celtic Sealink,1022.0,401.36,1,Y
703014,2025-12-26,EU Direct (Dublin-Cherbourg),Atlantic Cargo Ferries,2917.0,1965.65,2,Y
703915,2025-12-13,EU Direct (Dublin-Cherbourg),Celtic Sealink,1012.0,598.66,2,Y
704873,2025-10-21,EU Direct (Rosslare-Dunkirk),Atlantic Cargo Ferries,3958.0,2621.1,3,Y
705771,2024-03-29,EU Direct (Rosslare-Dunkirk),NORDIC FREIGHT LINES,1706.0,796.46,3,Y
701089,2025-09-14,UK Landbridge (Dublin-Holyhead),celtic sealink,50,19.47,1,Y
704129,2024-05-01,EU Direct (Dublin-Cherbourg),Celtic Sealink,50,30.62,2,Y
701138,2025-11-22,UK Landbridge (Dublin-Holyhead),Nordic Freight Lines,1548.0,625.05,1,Y
704519,2024-05-12,EU Direct (Dublin-Cherbourg),Atlantic Cargo Ferries,1771.0,1149.79,2,Y
702927,2024-02-17,EU Direct (Dublin-Cherbourg),Celtic Sealink,-1228.0,688.42,1,Y
704468,2024-07-04,EU Direct (Dublin-Cherbourg),Atlantic Cargo Ferries,2403.0,1482.48,3,Y
701536,2025-07-30,UK Landbridge (Dublin-Holyhead),CELTIC SEALINK,960.0,389.31,1,Y
701798,2025-04-25,UK Landbridge (Dublin-Holyhead),Celtic Sealink,1528.0,618.94,1,Y
703815,2025-08-12,EU Direct (Dublin-Cherbourg),Celtic Sealink,2922.0,1596.0,2,Y
700223,2025-05-17,UK Landbridge (Dublin-Holyhead),Celtic Sealink,3003.0,1271.77,1,Y
704426,2025-02-17,EU Direct (Dublin-Cherbourg),Celtic Sealink,127.0,70.15,2,Y
703977,2025-06-24,EU Direct (Dublin-Cherbourg),Celtic Sealink,1260.0,724.3,2,Y
705622,2024-02-22,EU Direct (Rosslare-Dunkirk),Atlantic Cargo Ferries,3458.0,2030.33,2,Y
700830,2024-09-13,UK Landbridge (Dublin-Holyhead),Nordic Freight Lines,1462.0,600.84,1,Y
700434,2024-05-20,UK Landbridge (Dublin-Holyhead),Celtic Sealink,2084.0,815.54,1,Y
703410,2025-06-23,EU Direct (Dublin-Cherbourg),Atlantic Cargo Ferries,3183.0,2157.26,2,Y
704913,2024-02-06,EU Direct (Rosslare-Dunkirk),Nordic Freight Lines,583.0,295.38,2,Y
705946,2024-12-12,EU Direct (Rosslare-Dunkirk),Nordic Freight Lines,1279.0,590.01,2,Y
703722,2025-04-14,EU Direct (Dublin-Cherbourg),ATLANTIC CARGO FERRIES,1748.0,1194.77,3,Y
703603,2024-09-17,EU Direct (Dublin-Cherbourg),Atlantic Cargo Ferries,2787.0,1810.38,2,Y
704624,2025-05-30,EU Direct (Rosslare-Dunkirk),Nordic Freight Lines,2137.0,1040.37,2,Y
702157,2025-09-13,UK Landbridge (Dublin-Holyhead),Nordic Freight Lines,2386.0,906.02,1,Y
700373,2024-12-27,UK Landbridge (Dublin-Holyhead),Celtic Sealink,2420.0,1072.81,1,Y
703325,2024-08-12,EU Direct (Dublin-Cherbourg),Atlantic Cargo Ferries,606.0,428.63,1,Y
702837,2025-06-23,UK Landbridge (Dublin-Holyhead),Celtic Sealink,90.0,35.77,1,Y
702440,2024-10-25,UK Landbridge (Dublin-Holyhead),Celtic Sealink,804.0,363.6,1,Y
701275,2025-09-02,UK Landbridge (Dublin-Holyhead),Nordic Freight Lines,3663.0,1375.72,1,Y
705450,2024-08-28,EU Direct (Rosslare-Dunkirk),Nordic Freight Lines,3312.0,1601.75,2,Y
703256,2025-10-29,EU Direct (Dublin-Cherbourg),Atlantic Cargo Ferries,1682.0,1140.69,3,Y
702433,2025-11-03,UK Landbridge (Dublin-Holyhead),Nordic Freight Lines,704.0,275.04,1,N
705855,2025-02-05,EU Direct (Rosslare-Dunkirk),Atlantic Cargo Ferries,1583.0,978.9,1,Y
703239,2024-03-02,EU Direct (Dublin-Cherbourg),Atlantic Cargo Ferries,1334.0,895.43,2,Y
700807,2025-07-04,UK Landbridge (Dublin-Holyhead),Nordic Freight Lines,2300.0,909.97,1,Y
705053,2024-03-19,EU Direct (Rosslare-Dunkirk),Nordic Freight Lines,50,24.84,3,Y
700266,2024-06-24,UK Landbridge (Dublin-Holyhead),Nordic Freight Lines,2514.0,969.3,1,Y
704512,2024-03-13,EU Direct (Dublin-Cherbourg),Atlantic Cargo Ferries,1277.0,804.68,2,Y
700061,2025-07-17,UK Landbridge (Dublin-Holyhead), Nordic Freight Lines ,897.0,343.97,1,Y
704815,2024-10-07,EU Direct (Rosslare-Dunkirk),Nordic Freight Lines,933.0,493.19,2,Y
702285,2025-05-18,UK Landbridge (Dublin-Holyhead),Celtic Sealink,3014.0,1209.77,1,Y
705097,2024-08-02,EU Direct (Rosslare-Dunkirk),Atlantic Cargo Ferries,653.0,425.66,2,Y
703695,2025-09-22,EU Direct (Dublin-Cherbourg),Celtic Sealink,2462.0,1318.35,2,Y
703335,2025-12-15,EU Direct (Dublin-Cherbourg),Celtic Sealink,2850.0,1638.75,2,Y
704029,2024-12-27,EU Direct (Dublin-Cherbourg),Celtic Sealink,2416.0,1442.93,2,Y
703121,2024-02-21,EU Direct (Dublin-Cherbourg),Celtic Sealink,2580.0,1474.05,2,Y
701263,2024-02-06,UK Landbridge (Dublin-Holyhead),celtic sealink,2656.0,1082.15,1,Y
705554,2025-05-17,EU Direct (Rosslare-Dunkirk), Nordic Freight Lines ,2166.0,1132.4,2,Y
703317,2024-09-20,EU Direct (Dublin-Cherbourg),Celtic Sealink,1008.0,543.2,2,Y
701963,2024-11-04,UK Landbridge (Dublin-Holyhead),Celtic Sealink,585.0,234.41,1,Y
704009,2025-04-21,EU Direct (Dublin-Cherbourg),Atlantic Cargo Ferries,2890.0,1936.63,2,Y
703732,2024-02-13,EU Direct (Dublin-Cherbourg),Atlantic Cargo Ferries,1942.0,1188.39,2,Y
702133,2024-11-06,UK Landbridge (Dublin-Holyhead),Nordic Freight Lines,1009.0,373.97,2,Y
705890,2025-08-04,EU Direct (Rosslare-Dunkirk),Nordic Freight Lines,50,26.89,2,Y
703479,2024-01-31,EU Direct (Dublin-Cherbourg),ATLANTIC CARGO FERRIES,2476.0,1759.52,2,N
705635,2024-06-26,EU Direct (Rosslare-Dunkirk),Atlantic Cargo Ferries,1079.0,706.82,2,Y
701054,2024-09-07,UK Landbridge (Dublin-Holyhead), Celtic Sealink ,1224.0,484.71,1,Y
700759,2025-07-24,UK Landbridge (Dublin-Holyhead),Celtic Sealink,2916.0,1281.94,1,Y
704550,2024-06-25,EU Direct (Dublin-Cherbourg),Celtic Sealink,2057.0,1265.34,2,Y
704487,2025-12-07,EU Direct (Dublin-Cherbourg),Celtic Sealink,1599.0,877.28,2,Y
700499,2025-10-19,UK Landbridge (Dublin-Holyhead),Celtic Sealink,50,21.11,1,Y
704147,2024-12-23,EU Direct (Dublin-Cherbourg), Atlantic Cargo Ferries ,2242.0,1519.85,3,Y
703932,2025-01-08,EU Direct (Dublin-Cherbourg),Atlantic Cargo Ferries,1695.0,1114.31,2,Y
704208,2025-11-27,EU Direct (Dublin-Cherbourg),Atlantic Cargo Ferries,2033.0,1429.82,2,Y
704450,2025-12-24,EU Direct (Dublin-Cherbourg),Celtic Sealink,3361.0,1892.15,2,N
704880,2025-11-04,EU Direct (Rosslare-Dunkirk),Nordic Freight Lines,3109.0,1611.7,2,Y
704180,2025-11-25,EU Direct (Dublin-Cherbourg),Atlantic Cargo Ferries,3069.0,2022.39,2,Y
703430,2024-06-06,EU Direct (Dublin-Cherbourg),Atlantic Cargo Ferries,719.0,468.87,1,Y
704779,2025-10-30,EU Direct (Rosslare-Dunkirk),Nordic Freight Lines,1162.0,589.52,2,Y
704964,2025-09-24,EU Direct (Rosslare-Dunkirk), Atlantic Cargo Ferries ,2413.0,1550.29,1,Y
703922,2025-07-20,EU Direct (Dublin-Cherbourg),Atlantic Cargo Ferries,1795.0,1094.07,3,Y
704667,2025-12-04,EU Direct (Rosslare-Dunkirk),atlantic cargo ferries,2346.0,1556.61,2,N
703404,2024-09-29,EU Direct (Dublin-Cherbourg),Celtic Sealink,585.0,342.54,2,Y
704574,2024-05-26,EU Direct (Dublin-Cherbourg),Atlantic Cargo Ferries,1639.0,1020.95,2,Y
700739,2025-06-14,UK Landbridge (Dublin-Holyhead),Celtic Sealink,1121.0,437.87,1,Y
701449,2024-02-04,UK Landbridge (Dublin-Holyhead),Nordic Freight Lines,1507.0,546.06,1,Y
700264,2024-09-13,UK Landbridge (Dublin-Holyhead),Nordic Freight Lines,1240.0,463.05,1,Y
702516,2024-01-06,UK Landbridge (Dublin-Holyhead),Nordic Freight Lines,1967.0,738.58,1,Y
702005,2025-08-10,UK Landbridge (Dublin-Holyhead),Nordic Freight Lines,1686.0,649.22,1,Y
705817,2024-06-08,EU Direct (Rosslare-Dunkirk),Atlantic Cargo Ferries,1848.0,1163.47,2,Y
703789,2025-06-03,EU Direct (Dublin-Cherbourg),Atlantic Cargo Ferries,1597.0,1106.04,1,Y
705209,2024-12-23,EU Direct (Rosslare-Dunkirk),Atlantic Cargo Ferries,2132.0,1310.18,3,Y
702275,2024-06-12,UK Landbridge (Dublin-Holyhead),Nordic Freight Lines,2215.0,899.29,1,Y
700538,2024-12-27,UK Landbridge (Dublin-Holyhead),NORDIC FREIGHT LINES,2507.0,898.89,1,Y
703854,2024-09-09,EU Direct (Dublin-Cherbourg),Celtic Sealink,2198.0,1332.88,2,Y
705804,2025-10-26,EU Direct (Rosslare-Dunkirk),Atlantic Cargo Ferries,253.0,146.26,2,Y
701792,2025-10-15,UK Landbridge (Dublin-Holyhead),Nordic Freight Lines,1275.0,525.71,1,Y
700671,2024-03-25,UK Landbridge (Dublin-Holyhead),Celtic Sealink,1425.0,588.44,1,Y
700098,2025-01-03,UK Landbridge (Dublin-Holyhead),Celtic Sealink,2242.0,966.9,1,Y
704616,2024-02-22,EU Direct (Dublin-Cherbourg),Atlantic Cargo Ferries,1709.0,1134.06,,Y
705363,2025-06-28,EU Direct (Rosslare-Dunkirk),Nordic Freight Lines,1879.0,1000.44,2,Y
704431,2024-10-22,EU Direct (Dublin-Cherbourg),Atlantic Cargo Ferries,989.0,654.0,2,Y
700273,2024-02-15,UK Landbridge (Dublin-Holyhead),Celtic Sealink,1969.0,828.54,1,Y
700691,2025-10-22,UK Landbridge (Dublin-Holyhead),Celtic Sealink,3430.0,1439.52,1,Y
702597,2025-09-03,UK Landbridge (Dublin-Holyhead),Nordic Freight Lines,1246.0,499.97,1,Y
705825,2025-02-13,EU Direct (Rosslare-Dunkirk),Nordic Freight Lines,1832.0,925.32,2,N
703718,2024-07-05,EU Direct (Dublin-Cherbourg),Celtic Sealink,1882.0,1147.54,2,Y
701325,2024-04-09,UK Landbridge (Dublin-Holyhead),Celtic Sealink,50,22.52,1,Y
701868,2025-07-06,UK Landbridge (Dublin-Holyhead),Nordic Freight Lines,2488.0,882.81,1,Y
701719,2025-08-04,UK Landbridge (Dublin-Holyhead),Celtic Sealink,2131.0,863.58,1,Y
704669,2024-06-22,EU Direct (Rosslare-Dunkirk),Atlantic Cargo Ferries,1972.0,1199.82,2,Y
703107,2024-04-14,EU Direct (Dublin-Cherbourg),Atlantic Cargo Ferries,829.0,527.9,2,Y
701788,2024-04-11,UK Landbridge (Dublin-Holyhead),Nordic Freight Lines,2121.0,818.2,1,Y
703588,2025-04-09,EU Direct (Dublin-Cherbourg),Celtic Sealink,2257.0,1329.64,1,Y
705763,2025-02-24,EU Direct (Rosslare-Dunkirk),Atlantic Cargo Ferries,2621.0,1735.16,2,Y
702142,2024-08-16,UK Landbridge (Dublin-Holyhead),Nordic Freight Lines,1797.0,688.48,2,Y
703208,2025-08-08,EU Direct (Dublin-Cherbourg),Atlantic Cargo Ferries,2800.0,1912.04,3,Y
701752,2025-12-15,UK Landbridge (Dublin-Holyhead),Nordic Freight Lines,50,18.17,1,Y
700311,2025-12-09,UK Landbridge (Dublin-Holyhead),Nordic Freight Lines,1665.0,668.61,1,Y
703822,2024-01-16,EU Direct (Dublin-Cherbourg),Atlantic Cargo Ferries,2864.0,2031.8,2,Y
702090,2025-04-15,UK Landbridge (Dublin-Holyhead),Celtic Sealink,2457.0,998.55,1,Y
700057,2025-03-18,UK Landbridge (Dublin-Holyhead),Nordic Freight Lines,1888.0,747.3,1,Y
702535,2025-01-30,UK Landbridge (Dublin-Holyhead),Celtic Sealink,1438.0,648.42,1,Y
703220,2024-05-14,EU Direct (Dublin-Cherbourg),Celtic Sealink,1235.0,692.0,2,Y
703804,2025-10-21,EU Direct (Dublin-Cherbourg),Celtic Sealink,2165.0,1189.31,3,Y
704040,2025-04-11,EU Direct (Dublin-Cherbourg),atlantic cargo ferries,2341.0,1599.67,3,Y
702145,2025-07-12,UK Landbridge (Dublin-Holyhead),Nordic Freight Lines,2014.0,827.46,,Y
700973,2025-06-13,UK Landbridge (Dublin-Holyhead),Nordic Freight Lines,2774.0,1045.99,,Y
700774,2025-05-12,UK Landbridge (Dublin-Holyhead),Celtic Sealink,3613.0,1633.03,1,Y
701635,2025-11-27,UK Landbridge (Dublin-Holyhead),Celtic Sealink,857.0,354.16,1,Y
701757,2024-12-31,UK Landbridge (Dublin-Holyhead),Celtic Sealink,3128.0,1214.35,1,Y
703257,2025-09-07,EU Direct (Dublin-Cherbourg),Atlantic Cargo Ferries,1423.0,908.65,,Y
700157,2025-04-25,UK Landbridge (Dublin-Holyhead),Nordic Freight Lines,1439.0,512.35,1,Y
702534,2025-06-22,UK Landbridge (Dublin-Holyhead),Nordic Freight Lines,2777.0,1032.34,1,Y
700305,2025-03-17,UK Landbridge (Dublin-Holyhead),Nordic Freight Lines,2057.0,797.84,1,Y
705982,2025-08-29,EU Direct (Rosslare-Dunkirk),NORDIC FREIGHT LINES,211.0,97.42,2,Y
701163,2025-05-06,UK Landbridge (Dublin-Holyhead),Nordic Freight Lines,1587.0,638.69,1,Y
700136,2024-04-27,UK Landbridge (Dublin-Holyhead),Celtic Sealink,2775.0,1173.56,1,Y
701548,2025-01-07,UK Landbridge (Dublin-Holyhead),Nordic Freight Lines,305.0,114.7,2,Y
703237,2025-07-04,EU Direct (Dublin-Cherbourg),Atlantic Cargo Ferries,722.0,510.72,2,Y
702349,2025-06-22,UK Landbridge (Dublin-Holyhead),Nordic Freight Lines,3459.0,1269.32,1,Y
704448,2025-01-05,EU Direct (Dublin-Cherbourg),Celtic Sealink,494.0,299.02,2,Y
705784,2024-08-14,EU Direct (Rosslare-Dunkirk),Atlantic Cargo Ferries,1534.0,937.88,2,N
704801,2025-01-03,EU Direct (Rosslare-Dunkirk),Nordic Freight Lines,2501.0,1309.63,2,Y
701133,2024-05-09,UK Landbridge (Dublin-Holyhead),Celtic Sealink,2026.0,835.67,1,Y
704091,2024-04-22,EU Direct (Dublin-Cherbourg),Atlantic Cargo Ferries,1827.0,1211.8,2,Y
705321,2024-02-24,EU Direct (Rosslare-Dunkirk),Nordic Freight Lines,1450.0,712.75,2,Y
700088,2024-03-04,UK Landbridge (Dublin-Holyhead),Celtic Sealink,1803.0,754.97,1,Y
704244,2025-08-02,EU Direct (Dublin-Cherbourg),Atlantic Cargo Ferries,1453.0,990.64,2,Y
705969,2024-10-28,EU Direct (Rosslare-Dunkirk),Atlantic Cargo Ferries,1340.0,881.15,2,Y
704142,2025-02-18,EU Direct (Dublin-Cherbourg),ATLANTIC CARGO FERRIES,3413.0,2077.78,2,Y
701566,2025-05-31,UK Landbridge (Dublin-Holyhead),Nordic Freight Lines,3212.0,1249.4,1,Y
702003,2024-03-18,UK Landbridge (Dublin-Holyhead),Nordic Freight Lines,2506.0,1007.82,1,Y
701557,2024-11-28,UK Landbridge (Dublin-Holyhead),Nordic Freight Lines,1989.0,727.99,1,Y
702626,2024-08-10,UK Landbridge (Dublin-Holyhead),Nordic Freight Lines,1455.0,564.97,2,Y
701309,2025-07-29,UK Landbridge (Dublin-Holyhead),Celtic Sealink,844.0,375.45,1,Y
700787,2025-10-17,UK Landbridge (Dublin-Holyhead),Nordic Freight Lines,1909.0,734.97,1,Y
701467,2025-06-25,UK Landbridge (Dublin-Holyhead),Nordic Freight Lines,1884.0,700.05,1,Y
704884,2025-08-14,EU Direct (Rosslare-Dunkirk),Atlantic Cargo Ferries,1164.0,688.2,2,Y
703171,2024-06-12,EU Direct (Dublin-Cherbourg),Atlantic Cargo Ferries,2326.0,1456.39,2,Y
702467,2024-05-02,UK Landbridge (Dublin-Holyhead),Celtic Sealink,725.0,312.52,1,Y
703991,2025-02-19,EU Direct (Dublin-Cherbourg),Celtic Sealink,1700.0,907.31,3,Y
705798,2025-10-23,EU Direct (Rosslare-Dunkirk),Atlantic Cargo Ferries,1362.0,865.3,2,Y
704891,2025-10-09,EU Direct (Rosslare-Dunkirk),Atlantic Cargo Ferries,1038.0,615.79,2,Y
703879,2024-03-19,EU Direct (Dublin-Cherbourg),Atlantic Cargo Ferries,1047.0,637.54,2,Y
704075,2024-07-12,EU Direct (Dublin-Cherbourg),Celtic Sealink,1772.0,1094.72,2,Y
702131,2025-03-22,UK Landbridge (Dublin-Holyhead),Celtic Sealink,2178.0,882.59,1,Y
700091,2025-05-09,UK Landbridge (Dublin-Holyhead),Celtic Sealink,2391.0,958.82,1,Y
701695,2024-10-09,UK Landbridge (Dublin-Holyhead),Nordic Freight Lines,1177.0,417.97,2,Y
705736,2024-01-18,EU Direct (Rosslare-Dunkirk),Atlantic Cargo Ferries,779.0,501.5,2,Y
705154,2024-07-06,EU Direct (Rosslare-Dunkirk),Nordic Freight Lines,912.0,420.5,3,Y
705460,2025-11-06,EU Direct (Rosslare-Dunkirk),Nordic Freight Lines,2326.0,1075.96,2,Y
700003,2025-10-31,UK Landbridge (Dublin-Holyhead),Nordic Freight Lines,1709.0,666.05,1,Y
702029,2025-01-04,UK Landbridge (Dublin-Holyhead),Nordic Freight Lines,3609.0,1465.15,2,Y
701373,2025-09-27,UK Landbridge (Dublin-Holyhead), Celtic Sealink ,794.0,351.53,1,Y
703599,2024-12-19,EU Direct (Dublin-Cherbourg),Atlantic Cargo Ferries,1649.0,1058.06,2,Y
705108,2025-07-11,EU Direct (Rosslare-Dunkirk),Nordic Freight Lines,1325.0,678.77,3,Y
703738,2025-02-28,EU Direct (Dublin-Cherbourg),Celtic Sealink,1351.0,827.81,3,Y
700095,2024-12-26,UK Landbridge (Dublin-Holyhead),Celtic Sealink,1622.0,637.33,2,Y
701327,2024-11-24,UK Landbridge (Dublin-Holyhead),Nordic Freight Lines,1518.0,581.23,1,Y
705550,2024-10-17,EU Direct (Rosslare-Dunkirk),Atlantic Cargo Ferries,1937.0,1177.41,2,Y
705531,2024-11-16,EU Direct (Rosslare-Dunkirk),Nordic Freight Lines,803.0,415.9,2,Y
701457,2025-12-31,UK Landbridge (Dublin-Holyhead),Celtic Sealink,1659.0,745.69,1,Y
700964,2025-05-17,UK Landbridge (Dublin-Holyhead),Celtic Sealink,3754.0,1554.51,1,Y
704513,2024-12-01,EU Direct (Dublin-Cherbourg),Atlantic Cargo Ferries,1003.0,652.94,2,Y
701915,2025-10-02,UK Landbridge (Dublin-Holyhead),Nordic Freight Lines,656.0,240.5,1,Y
701152,2024-06-13,UK Landbridge (Dublin-Holyhead),Nordic Freight Lines,2695.0,1052.57,1,Y
705178,2025-03-04,EU Direct (Rosslare-Dunkirk),Nordic Freight Lines,831.0,402.53,2,Y
704124,2024-01-04,EU Direct (Dublin-Cherbourg),Celtic Sealink,1714.0,1015.33,1,Y
703380,2025-08-06,EU Direct (Dublin-Cherbourg),Atlantic Cargo Ferries,1600.0,980.77,2,Y
701016,2024-11-22,UK Landbridge (Dublin-Holyhead),Celtic Sealink,1740.0,704.51,1,Y
704666,2024-11-23,EU Direct (Rosslare-Dunkirk),Nordic Freight Lines,724.0,384.36,2,Y
701471,2025-06-01,UK Landbridge (Dublin-Holyhead),Celtic Sealink,2417.0,967.68,1,Y
705220,2024-07-14,EU Direct (Rosslare-Dunkirk),Nordic Freight Lines,2028.0,956.99,2,Y
702253,2024-01-17,UK Landbridge (Dublin-Holyhead),Celtic Sealink,1170.0,491.51,1,Y
703931,2024-06-17,EU Direct (Dublin-Cherbourg),Celtic Sealink,3623.0,2116.32,2,Y
700832,2025-02-12,UK Landbridge (Dublin-Holyhead),Celtic Sealink,1910.0,804.55,1,Y
705505,2024-07-05,EU Direct (Rosslare-Dunkirk),NORDIC FREIGHT LINES,2372.0,1217.87,2,Y
701645,2025-02-15,UK Landbridge (Dublin-Holyhead),Celtic Sealink,2493.0,993.67,1,Y
703581,2024-06-20,EU Direct (Dublin-Cherbourg),Celtic Sealink,1350.0,767.06,2,Y
701746,2025-12-10,UK Landbridge (Dublin-Holyhead), Celtic Sealink ,2000.0,786.46,1,N
704191,2025-03-23,EU Direct (Dublin-Cherbourg),Atlantic Cargo Ferries,2836.0,1918.89,2,Y
701311,2025-06-11,UK Landbridge (Dublin-Holyhead),nordic freight lines,2413.0,912.63,1,Y
703419,2025-03-25,EU Direct (Dublin-Cherbourg),Celtic Sealink,3479.0,2048.45,2,Y
702604,2024-03-11,UK Landbridge (Dublin-Holyhead),Nordic Freight Lines,50,18.75,1,Y
705687,2024-05-03,EU Direct (Rosslare-Dunkirk),atlantic cargo ferries,1752.0,1181.99,2,N
703079,2024-08-10,EU Direct (Dublin-Cherbourg),Celtic Sealink,367.0,214.33,1,Y
700006,2025-07-30,UK Landbridge (Dublin-Holyhead),Celtic Sealink,-1893.0,839.15,1,Y
704514,2025-03-27,EU Direct (Dublin-Cherbourg),Celtic Sealink,2408.0,1413.53,2,Y
702141,2025-08-07,UK Landbridge (Dublin-Holyhead),Celtic Sealink,2539.0,994.21,1,Y
704223,2025-02-14,EU Direct (Dublin-Cherbourg),Celtic Sealink,1514.0,922.2,2,Y
702950,2025-05-13,EU Direct (Dublin-Cherbourg),Atlantic Cargo Ferries,2690.0,1848.65,2,Y
700008,2024-11-14,UK Landbridge (Dublin-Holyhead),Celtic Sealink,649.0,283.83,2,Y
702167,2024-06-09,UK Landbridge (Dublin-Holyhead),Celtic Sealink,2898.0,1168.04,1,Y
705807,2024-03-06,EU Direct (Rosslare-Dunkirk),Nordic Freight Lines,3360.0,1623.99,2,Y
701742,2024-10-31,UK Landbridge (Dublin-Holyhead),Nordic Freight Lines,2591.0,976.96,1,Y
704998,2025-04-16,EU Direct (Rosslare-Dunkirk),Atlantic Cargo Ferries,3014.0,1870.71,3,Y
701305,2024-10-18,UK Landbridge (Dublin-Holyhead),Nordic Freight Lines,1688.0,667.87,1,Y
705144,2025-06-20,EU Direct (Rosslare-Dunkirk),Atlantic Cargo Ferries,65.0,41.69,2,Y
700437,2024-06-06,UK Landbridge (Dublin-Holyhead),Nordic Freight Lines,1295.0,482.57,1,Y
704917,2024-01-30,EU Direct (Rosslare-Dunkirk),ATLANTIC CARGO FERRIES,844.0,564.59,2,Y
700827,2024-07-04,UK Landbridge (Dublin-Holyhead),Nordic Freight Lines,2204.0,855.07,1,Y
702984,2025-05-13,EU Direct (Dublin-Cherbourg),Celtic Sealink,1993.0,1080.62,2,Y
702781,2025-04-21,UK Landbridge (Dublin-Holyhead),Nordic Freight Lines,813.0,323.71,2,Y
700960,2025-12-10,UK Landbridge (Dublin-Holyhead),nordic freight lines,1247.0,443.57,1,Y
704237,2024-11-10,EU Direct (Dublin-Cherbourg),Celtic Sealink,1130.0,636.91,2,Y
701446,2025-03-16,UK Landbridge (Dublin-Holyhead),Celtic Sealink,1450.0,577.83,1,Y
703104,2025-09-02,EU Direct (Dublin-Cherbourg),Atlantic Cargo Ferries,551.0,372.1,2,Y
703330,2024-08-19,EU Direct (Dublin-Cherbourg),Celtic Sealink,1714.0,1072.81,3,Y
702939,2025-02-14,EU Direct (Dublin-Cherbourg),Atlantic Cargo Ferries,2552.0,1707.13,2,Y
704279,2024-07-01,EU Direct (Dublin-Cherbourg),Celtic Sealink,1607.0,908.06,2,Y
704371,2024-10-01,EU Direct (Dublin-Cherbourg),Celtic Sealink,452.0,251.98,2,Y
701505,2025-07-23,UK Landbridge (Dublin-Holyhead),Celtic Sealink,2213.0,986.07,1,Y
704336,2025-06-26,EU Direct (Dublin-Cherbourg),Atlantic Cargo Ferries,1916.0,1259.08,1,Y
701882,2025-11-28,UK Landbridge (Dublin-Holyhead),Nordic Freight Lines,2201.0,780.4,1,Y
700724,2024-10-28,UK Landbridge (Dublin-Holyhead),Nordic Freight Lines,2213.0,795.64,1,Y
702700,2025-08-22,UK Landbridge (Dublin-Holyhead),Celtic Sealink,2379.0,986.94,1,Y
705899,2024-02-05,EU Direct (Rosslare-Dunkirk),Nordic Freight Lines,1561.0,824.41,2,Y
705304,2024-02-26,EU Direct (Rosslare-Dunkirk),Atlantic Cargo Ferries,236.0,139.49,3,Y
705522,2024-02-19,EU Direct (Rosslare-Dunkirk),Nordic Freight Lines,1129.0,546.75,2,Y
700471,2025-07-18,UK Landbridge (Dublin-Holyhead),Nordic Freight Lines,1566.0,608.55,1,Y
702610,2024-04-25,UK Landbridge (Dublin-Holyhead),Nordic Freight Lines,1347.0,541.05,1,Y
700458,2025-02-07,UK Landbridge (Dublin-Holyhead),Nordic Freight Lines,840.0,322.22,1,Y
704823,2025-05-11,EU Direct (Rosslare-Dunkirk), Nordic Freight Lines ,1228.0,659.7,2,Y
703151,2025-12-26,EU Direct (Dublin-Cherbourg),Atlantic Cargo Ferries,2979.0,2002.26,1,Y
700969,2024-08-11,UK Landbridge (Dublin-Holyhead),Celtic Sealink,1495.0,658.9,1,Y
701198,2024-03-12,UK Landbridge (Dublin-Holyhead),NORDIC FREIGHT LINES,3988.0,1604.24,,Y
700961,2024-04-30,UK Landbridge (Dublin-Holyhead),Nordic Freight Lines,2818.0,1138.67,1,Y
701740,2025-01-31,UK Landbridge (Dublin-Holyhead),Nordic Freight Lines,2521.0,948.25,1,Y
700106,2024-11-10,UK Landbridge (Dublin-Holyhead),Nordic Freight Lines,1551.0,581.18,1,Y
701908,2024-06-05,UK Landbridge (Dublin-Holyhead),Nordic Freight Lines,1249.0,454.5,1,Y
703282,2024-11-06,EU Direct (Dublin-Cherbourg),Celtic Sealink,1782.0,1114.22,2,Y
700971,2025-10-26,UK Landbridge (Dublin-Holyhead),Celtic Sealink,1640.0,718.04,1,Y
703689,2024-05-25,EU Direct (Dublin-Cherbourg),Atlantic Cargo Ferries,373.0,258.54,2,Y
704990,2025-04-10,EU Direct (Rosslare-Dunkirk),Atlantic Cargo Ferries,2326.0,1430.64,2,Y
701469,2024-11-01,UK Landbridge (Dublin-Holyhead),Celtic Sealink,574.0,223.31,1,Y
700544,2024-08-05,UK Landbridge (Dublin-Holyhead),Celtic Sealink,2652.0,1130.24,1,Y
704376,2024-08-05,EU Direct (Dublin-Cherbourg),celtic sealink,2483.0,1448.57,2,Y
704969,2024-05-23,EU Direct (Rosslare-Dunkirk),Atlantic Cargo Ferries,50,33.57,2,Y
705845,2025-12-17,EU Direct (Rosslare-Dunkirk),Nordic Freight Lines,1702.0,901.27,2,Y
703154,2025-02-07,EU Direct (Dublin-Cherbourg),Celtic Sealink,1691.0,910.68,2,Y
704127,2025-06-18,EU Direct (Dublin-Cherbourg),Atlantic Cargo Ferries,2363.0,1476.44,2,Y
702162,2025-05-03,UK Landbridge (Dublin-Holyhead),Nordic Freight Lines,1344.0,508.83,1,Y
704295,2024-01-23,EU Direct (Dublin-Cherbourg),ATLANTIC CARGO FERRIES,1607.0,1069.25,1,Y
705566,2024-12-06,EU Direct (Rosslare-Dunkirk),Nordic Freight Lines,1872.0,897.26,2,N
702680,2024-02-12,UK Landbridge (Dublin-Holyhead),Celtic Sealink,1719.0,747.39,1,N
700849,2024-01-20,UK Landbridge (Dublin-Holyhead),Celtic Sealink,2082.0,911.21,1,Y
702423,2025-10-24,UK Landbridge (Dublin-Holyhead),Celtic Sealink,1804.0,712.84,1,Y
705221,2025-09-11,EU Direct (Rosslare-Dunkirk),Atlantic Cargo Ferries,3021.0,1875.83,2,N
701767,2024-05-16,UK Landbridge (Dublin-Holyhead),nordic freight lines,1688.0,652.51,1,Y
704686,2024-10-14,EU Direct (Rosslare-Dunkirk),Atlantic Cargo Ferries,932.0,603.03,2,N
704071,2025-08-30,EU Direct (Dublin-Cherbourg),Atlantic Cargo Ferries,913.0,593.92,2,Y
703011,2024-07-02,EU Direct (Dublin-Cherbourg),ATLANTIC CARGO FERRIES,2170.0,1323.79,1,Y
704042,2025-07-28,EU Direct (Dublin-Cherbourg),Celtic Sealink,1999.0,1118.88,3,Y
704677,2025-09-29,EU Direct (Rosslare-Dunkirk),Nordic Freight Lines,1940.0,1045.75,2,Y
702396,2024-06-24,UK Landbridge (Dublin-Holyhead),Nordic Freight Lines,1602.0,574.87,1,N
705417,2024-04-15,EU Direct (Rosslare-Dunkirk),Nordic Freight Lines,1589.0,804.9,2,Y
704027,2025-09-04,EU Direct (Dublin-Cherbourg),Celtic Sealink,821.0,474.21,2,Y
702621,2024-09-15,UK Landbridge (Dublin-Holyhead), Nordic Freight Lines ,1135.0,433.85,1,Y
702832,2024-02-19,UK Landbridge (Dublin-Holyhead),Celtic Sealink,879.0,341.21,1,Y
705744,2024-09-10,EU Direct (Rosslare-Dunkirk),Nordic Freight Lines,1576.0,777.15,2,Y
702255,2024-11-23,UK Landbridge (Dublin-Holyhead),Celtic Sealink,2876.0,1145.55,1,Y
704141,2025-01-29,EU Direct (Dublin-Cherbourg),Celtic Sealink,2969.0,1849.3,2,Y
701704,2024-11-06,UK Landbridge (Dublin-Holyhead),Celtic Sealink,50,21.28,1,Y
701040,2024-01-25,UK Landbridge (Dublin-Holyhead),Nordic Freight Lines,3122.0,1272.29,1,Y
705722,2025-06-12,EU Direct (Rosslare-Dunkirk),Nordic Freight Lines,2774.0,1397.95,2,Y
700605,2025-05-15,UK Landbridge (Dublin-Holyhead),Celtic Sealink,1003.0,419.88,1,N
703518,2024-05-31,EU Direct (Dublin-Cherbourg),Atlantic Cargo Ferries,1951.0,1240.56,2,N
705967,2025-01-08,EU Direct (Rosslare-Dunkirk),Nordic Freight Lines,479.0,229.12,2,Y
701180,2025-06-12,UK Landbridge (Dublin-Holyhead),Nordic Freight Lines,2246.0,790.62,2,Y
701562,2025-04-25,UK Landbridge (Dublin-Holyhead),Celtic Sealink,824.0,363.89,1,Y
704202,2024-07-24,EU Direct (Dublin-Cherbourg),Atlantic Cargo Ferries,2451.0,1620.55,2,Y
704391,2025-03-10,EU Direct (Dublin-Cherbourg),Atlantic Cargo Ferries,2111.0,1291.87,2,Y
702770,2025-03-02,UK Landbridge (Dublin-Holyhead),Celtic Sealink,879.0,361.76,1,Y
700388,2024-04-25,UK Landbridge (Dublin-Holyhead),Nordic Freight Lines,1729.0,701.36,1,Y
703471,2024-02-09,EU Direct (Dublin-Cherbourg),Celtic Sealink,1576.0,921.68,3,Y
700393,2024-05-12,UK Landbridge (Dublin-Holyhead),CELTIC SEALINK,2319.0,1009.96,1,Y
700492,2024-02-23,UK Landbridge (Dublin-Holyhead),Nordic Freight Lines,1457.0,571.69,1,Y
701108,2025-07-27,UK Landbridge (Dublin-Holyhead),Nordic Freight Lines,872.0,356.48,1,Y
705669,2024-07-15,EU Direct (Rosslare-Dunkirk),ATLANTIC CARGO FERRIES,1611.0,954.28,1,Y
704383,2025-06-06,EU Direct (Dublin-Cherbourg),Atlantic Cargo Ferries,320.0,228.41,2,Y
703847,2025-09-19,EU Direct (Dublin-Cherbourg),Atlantic Cargo Ferries,50,32.92,1,Y
704763,2025-12-22,EU Direct (Rosslare-Dunkirk),nordic freight lines,2751.0,1322.5,2,Y
700749,2024-08-10,UK Landbridge (Dublin-Holyhead), Nordic Freight Lines ,1799.0,726.82,1,Y
702327,2025-09-20,UK Landbridge (Dublin-Holyhead),Nordic Freight Lines,4008.0,1464.48,2,Y
701655,2024-12-05,UK Landbridge (Dublin-Holyhead),Celtic Sealink,2535.0,1102.17,1,Y
701777,2025-05-28,UK Landbridge (Dublin-Holyhead),Nordic Freight Lines,2129.0,799.75,1,Y
701253,2024-10-24,UK Landbridge (Dublin-Holyhead),Nordic Freight Lines,2128.0,810.18,1,Y
700525,2024-01-26,UK Landbridge (Dublin-Holyhead),Nordic Freight Lines,4398.0,1572.11,1,Y
702647,2024-03-11,UK Landbridge (Dublin-Holyhead),Nordic Freight Lines,1279.0,523.98,1,Y
705701,2024-02-10,EU Direct (Rosslare-Dunkirk),Atlantic Cargo Ferries,1613.0,1015.55,2,N
701228,2024-07-31,UK Landbridge (Dublin-Holyhead),nordic freight lines,1820.0,747.95,2,Y
705102,2025-09-14,EU Direct (Rosslare-Dunkirk),Atlantic Cargo Ferries,1934.0,1146.51,3,Y
700493,2024-09-05,UK Landbridge (Dublin-Holyhead),Nordic Freight Lines,1694.0,694.85,1,Y
705540,2024-10-07,EU Direct (Rosslare-Dunkirk),Atlantic Cargo Ferries,4455.0,2731.42,2,Y
702353,2025-11-13,UK Landbridge (Dublin-Holyhead),Celtic Sealink,2785.0,1114.09,1,Y
700575,2024-02-17,UK Landbridge (Dublin-Holyhead),Celtic Sealink,1006.0,452.82,1,Y
702791,2024-09-30,UK Landbridge (Dublin-Holyhead),Celtic Sealink,886.0,384.88,2,Y
701937,2024-06-17,UK Landbridge (Dublin-Holyhead),Celtic Sealink,3046.0,1318.52,2,Y
705241,2024-02-27,EU Direct (Rosslare-Dunkirk),Atlantic Cargo Ferries,1156.0,755.05,2,Y
705762,2025-11-25,EU Direct (Rosslare-Dunkirk),Atlantic Cargo Ferries,952.0,567.05,1,N
701377,2025-08-04,UK Landbridge (Dublin-Holyhead),Nordic Freight Lines,2776.0,1038.62,1,Y
702490,2024-10-21,UK Landbridge (Dublin-Holyhead),Celtic Sealink,2004.0,822.21,1,Y
701170,2024-04-01,UK Landbridge (Dublin-Holyhead),Nordic Freight Lines,1332.0,500.34,1,Y
703902,2025-07-19,EU Direct (Dublin-Cherbourg),Atlantic Cargo Ferries,1661.0,1182.53,2,Y
702309,2025-01-04,UK Landbridge (Dublin-Holyhead),Nordic Freight Lines,1504.0,554.11,1,Y
701690,2025-01-06,UK Landbridge (Dublin-Holyhead),Celtic Sealink,626.0,246.05,1,Y
701227,2024-12-25,UK Landbridge (Dublin-Holyhead),Celtic Sealink,1026.0,465.27,1,Y
703055,2024-06-02,EU Direct (Dublin-Cherbourg),Atlantic Cargo Ferries,1832.0,1177.19,2,Y
705422,2024-10-13,EU Direct (Rosslare-Dunkirk),Atlantic Cargo Ferries,3991.0,2442.78,1,N
704365,2025-12-12,EU Direct (Dublin-Cherbourg),Atlantic Cargo Ferries,1295.0,921.07,2,Y
704989,2025-05-19,EU Direct (Rosslare-Dunkirk),Nordic Freight Lines,1199.0,584.96,2,Y
703864,2025-12-06,EU Direct (Dublin-Cherbourg),ATLANTIC CARGO FERRIES,1741.0,1221.86,2,Y
705437,2025-05-14,EU Direct (Rosslare-Dunkirk),Atlantic Cargo Ferries,1345.0,787.9,2,Y
702508,2025-02-09,UK Landbridge (Dublin-Holyhead),Nordic Freight Lines,1848.0,727.56,1,Y
705610,2025-07-15,EU Direct (Rosslare-Dunkirk),Nordic Freight Lines,2090.0,1003.9,2,Y
704385,2025-02-14,EU Direct (Dublin-Cherbourg),Celtic Sealink,1518.0,824.92,2,Y
705336,2024-04-07,EU Direct (Rosslare-Dunkirk),Atlantic Cargo Ferries,2150.0,1264.43,2,Y
705933,2025-06-27,EU Direct (Rosslare-Dunkirk),Atlantic Cargo Ferries,1277.0,801.81,2,Y
702666,2024-10-01,UK Landbridge (Dublin-Holyhead),Nordic Freight Lines,2599.0,1039.72,1,Y
705330,2024-01-22,EU Direct (Rosslare-Dunkirk),ATLANTIC CARGO FERRIES,3096.0,1874.51,2,Y
705206,2024-04-13,EU Direct (Rosslare-Dunkirk),Atlantic Cargo Ferries,2101.0,1295.04,3,Y
702661,2025-04-17,UK Landbridge (Dublin-Holyhead),Celtic Sealink,1923.0,771.86,1,Y
702244,2025-04-02,UK Landbridge (Dublin-Holyhead),Celtic Sealink,298.0,132.23,2,Y
704062,2024-08-02,EU Direct (Dublin-Cherbourg),celtic sealink,2298.0,1385.46,2,Y
704599,2024-06-05,EU Direct (Dublin-Cherbourg),Celtic Sealink,1104.0,678.78,2,Y
702235,2024-11-28,UK Landbridge (Dublin-Holyhead),Celtic Sealink,791.0,322.13,1,Y
705482,2024-02-18,EU Direct (Rosslare-Dunkirk),Nordic Freight Lines,2596.0,1229.62,2,Y
705983,2025-04-17,EU Direct (Rosslare-Dunkirk),Atlantic Cargo Ferries,307.0,207.24,2,Y
705364,2024-11-24,EU Direct (Rosslare-Dunkirk),Atlantic Cargo Ferries,845.0,551.98,3,Y
703553,2024-02-03,EU Direct (Dublin-Cherbourg),Atlantic Cargo Ferries,1143.0,803.01,2,Y
704203,2025-08-23,EU Direct (Dublin-Cherbourg),Celtic Sealink,1499.0,914.38,1,Y
702194,2024-03-16,UK Landbridge (Dublin-Holyhead),Nordic Freight Lines,2955.0,1173.34,1,Y
701512,2025-10-02,UK Landbridge (Dublin-Holyhead),Nordic Freight Lines,3497.0,1353.39,1,Y
704732,2025-01-01,EU Direct (Rosslare-Dunkirk),Nordic Freight Lines,2397.0,1193.24,2,Y
